age,tenure_months,monthly_charge,num_products,support_calls,satisfaction_score,churn
45.960569836134795,12.545771353215146,96.70948334235041,1,1,7.357099309242104,1
38.340828385945784,1.638945133765218,85.10302223971294,1,1,2.250268688996578,1
47.77226245720831,10.295279935185135,127.59096880261973,1,2,7.044041270221533,0
58.2763582768963,2.82374171707374,33.0138944215069,3,2,4.913596999247326,1
37.19015950331997,39.63565704181153,101.48083099466997,2,2,5.614387825385175,0
37.19035651660983,70.81271964148797,98.66102176001819,1,2,3.3209641528699256,1
58.9505537860887,1.8015512095789386,45.665529049324135,1,0,4.296765519626584,1
49.20921674983491,74.48774961764846,95.17833341182899,2,1,7.932250651060622,0
34.366307368780575,17.744437185330266,78.40362407565573,3,1,6.065726747960427,1
46.51072052303158,8.545312230686449,64.3130935011648,1,3,5.234443196580883,1
34.43898768625046,1.91943899374973,49.40161282570001,1,1,5.76702329473793,1
34.411242957156915,16.665515922513446,52.02226371377036,3,5,6.978423649328603,1
42.90354725879241,37.97723736474283,121.24530239464815,1,3,6.880988992326675,1
18.0,29.469068586807595,70.01707047393707,1,3,5.8499459992063985,1
19.300986009843605,1.236749507905115,89.55325003828648,4,2,8.185918221793337,0
33.25254964910833,1.8166997773980595,50.227515458311174,2,1,7.940925273813332,1
27.846026555986914,12.375022349186104,50.50367634445903,1,3,6.8267440582607914,1
43.77096799114329,8.399270625121176,97.04962023124855,1,2,6.109223565820141,1
29.103711093745467,6.347186201581429,36.260594711211695,1,0,7.314642190239078,1
23.052355583976503,7.917604282932279,59.619655802368214,1,3,6.628534843602367,1
57.587785227058646,39.04812074776118,70.8506852768058,3,1,8.121600143611895,0
37.29068439416157,63.55902226904227,72.78431504600131,2,1,7.799122753476615,0
40.81033845625509,12.464795620260807,65.5226678745961,2,2,3.963492197164543,1
22.903021765438517,56.77540963782937,79.89549452739807,3,1,3.8280736585165873,1
33.467407305697805,9.30874713737399,87.32139389544528,2,0,4.5975009111918475,1
41.33107107651839,15.530349263748581,88.36593863648325,1,3,7.952277380133842,1
26.188077070932366,6.149300903346926,45.354904783304335,2,3,2.847382006457509,1
44.508376220148065,24.55138708731707,62.89612255178007,3,3,6.789514778215986,1
32.79233572097434,92.69601523143173,99.86907154692344,3,1,6.7250861821859225,1
36.49967500248068,22.201483819442302,92.36617968934681,1,2,8.325296117372385,1
32.77952065324724,10.62905828656042,35.678513712973405,2,0,6.360677381327775,1
62.22733821410725,25.046534843411614,78.78699750880504,2,1,3.3135812188321987,1
39.83803330314479,3.147788262055456,20.54436876562974,3,1,4.081290078703754,1
27.307468852529198,52.683802455991355,71.17337255150925,1,1,3.6360089562043507,0
49.870538945238266,16.78402037287763,117.44417541864942,2,1,4.924112067333719,1
25.349876200347733,14.319729885746444,46.302682068275345,3,0,5.634196865152147,0
42.50636314005706,21.15750625295905,49.14192386271045,2,4,3.669116947557886,1
18.0,23.526073275643846,89.10074453932148,2,3,8.941323981304578,1
24.061767413218835,1.7875676941359595,31.429962119758855,1,3,3.349437256095118,1
42.36233483042948,27.54352150858512,54.18112425287402,1,5,8.692206847724961,1
48.86159895994493,6.647562381396251,84.91102843954381,1,3,8.37032606287868,1
42.05641937427965,30.038348670468807,54.14285380776492,3,3,7.796605099378071,1
38.612220611341115,41.49553713556126,64.1007503197257,1,2,4.612466785006499,1
36.386755652928535,39.10629470389151,88.60464275787587,2,1,6.684901758353803,1
22.257736115590873,19.29794167379766,80.53865208841403,2,1,3.445257732898764,1
31.3618694992635,17.623756321119124,76.67045990738505,1,2,7.821814070067498,1
34.47233474848255,3.7001432391420215,61.52194301824903,2,0,5.852030436927462,0
52.68546671462699,35.83666818329828,79.25152788172389,2,2,5.181359570826629,0
44.12341947482154,7.599438458606556,66.90668299750608,3,4,3.5525103066874615,1
18.843518135647194,16.477434501593343,81.44514024814461,2,2,1.0449877627419664,1
43.88900763273754,8.02699191992981,57.57669937205054,2,3,3.922918285928488,1
35.3790126350042,3.4481326777751082,65.43577564051147,1,0,8.225596391225814,1
31.876935996328495,23.83338176342214,45.25105518619965,3,0,5.194333143050392,0
47.34011546609042,1.3407302334219928,69.1248097498441,1,2,5.661342285769905,1
52.371994269951415,33.14135827003393,49.724978409278876,3,3,7.311108716576905,1
51.175361429394385,9.170878381293516,42.148838745950165,1,2,9.61133775623253,0
29.929389721328338,1.0,76.4665286963847,3,0,8.650009309891278,1
36.28945148978543,17.175765907306683,75.31849439644151,2,1,4.055329992367624,1
43.97516117684277,1.1516398166700523,89.57184337371432,3,1,2.114858857125187,1
51.70654152546831,7.756754637834713,59.22186076062252,1,2,10.0,0
34.24990914585652,29.460058214239755,80.20132117091889,2,1,10.0,0
37.772092280034194,1.5537793118118428,83.76993930684158,2,1,6.376907192858566,1
26.72398031192766,43.88293354115487,81.11934519578986,3,2,3.459023508836357,1
25.64552051103195,1.0,49.358657929946446,1,2,7.926453067787879,1
49.750309868730376,6.802948154195892,73.73408705677973,4,1,5.78403262797478,1
56.274880342849876,32.4133643114665,79.10350740136653,3,0,5.774037753786779,1
39.13587854103599,9.124617482873994,70.17946167269855,1,1,7.788917686210258,0
52.04239477470429,2.579169185851044,17.838058540722884,3,2,6.668749493746597,1
44.33963230057161,10.719664021555392,74.012240599337,2,2,3.6283701779701096,1
32.25856294473851,7.565991323730145,125.31327598493105,2,1,5.350516129836052,1
44.336747266100964,44.3922272912887,60.999018281075436,1,0,7.322305857322693,0
58.45643879759163,9.022261087052154,51.798072553616976,2,3,7.020504444810037,0
39.57008753068058,37.33385178555241,79.33371399278495,2,4,6.524033148716952,1
58.77572386976807,53.38658178489668,77.8094552616643,2,0,7.866845908951729,0
18.0,13.652128141039112,99.81837913541037,2,2,5.27656602436547,1
49.86283005250269,57.77553775586872,38.553296102277805,2,6,6.3573395504381445,1
41.044564818858056,11.369265853428384,88.28450631437481,2,1,0.0,1
36.41191179440959,79.83400685204919,84.76055153128658,1,3,5.100699612314372,1
41.101129318426025,2.244725803496676,66.44633657648635,3,1,7.527805817151289,1
18.0,27.878727471839717,78.46718294804225,2,0,5.219211065765715,1
37.36393734594986,16.340428037547678,95.73643703995893,1,1,5.067545216565776,1
44.28535085814096,11.770783530300314,91.80788450071125,1,2,3.917094096450363,1
57.73472853689819,24.038608017727867,41.424517198156785,2,1,8.00673178545829,0
33.78075738071623,29.205915423242985,90.5039546688871,3,2,7.096926547081141,1
30.29807676528175,1.0,68.38278487418704,1,1,7.650829195646169,1
33.97891547698556,4.383967736909016,71.82185245038788,2,3,2.547572076084221,0
50.98482541242489,29.96240475044799,71.82992477504236,1,2,5.6790999134687326,1
43.94501331591621,26.346453244019337,66.2439252800435,2,2,5.439777984499988,0
33.64287755479553,81.18703058497299,99.79268742767663,4,3,5.438856586802895,1
46.15920919736027,34.35479658616177,67.9070510037697,3,0,4.767944912564088,0
41.16493059217648,72.2713701210451,42.01134679042078,1,2,5.307791456439969,0
51.623739886394674,29.099452869050097,60.16175360075678,2,2,7.699289565413304,0
31.57536287347177,8.493509976078355,74.46736792026189,1,2,2.1742972933043414,1
36.06805424082678,2.672145077088862,100.73036960742627,2,5,9.554589536060908,1
35.29470216241411,36.538861826747535,85.07736712372083,3,2,6.967682250052923,1
22.437820622414577,24.7978511388486,48.7366180313239,3,0,5.915336208679575,1
43.55344332477491,1.1852557068370078,132.1297479169723,1,2,7.813668292745852,1
43.13266326615867,10.71278300898617,76.61938277444949,3,4,3.09633050966313,1
40.06136147970953,75.40585230105874,101.88476844997537,2,0,4.670598189697972,1
37.18495439949824,16.65479505572041,66.20713916056927,1,1,5.757849135218892,1
23.01555109539503,13.606041001741177,83.33398111763623,2,3,8.731120740864355,1
34.95225612681569,14.686444729199973,90.98671261296012,2,1,5.907006837746884,1
35.887425801678766,5.623417422062299,100.45486779385641,2,0,6.900109342370293,1
30.372672769340575,11.039650861420084,96.43420763445562,2,1,4.8208420081277445,1
38.06457146000789,11.081738026848896,91.80492500182444,2,1,6.973684137934982,1
44.84861028177446,1.2906081776663476,62.12283172014728,1,2,9.354479185948914,1
62.63423081452636,35.019743318713196,55.70634895109846,3,0,7.991053383348229,0
42.09493375398207,12.929242143930475,78.31518775810494,2,1,5.837088024444241,1
43.090604688673174,41.44758815478955,93.32820180852673,1,1,7.350981694530939,0
39.106649010805995,45.58662450573257,64.43198248058482,3,2,7.155033909214423,1
18.0,5.7179914644975,96.62929914285967,3,4,7.013175343394551,1
39.6818334946094,25.70534216331143,106.3154186371545,3,2,8.223906721720818,1
40.72276251929232,15.340628586257836,47.0919770231645,1,0,8.208955407674933,0
69.55890534982343,50.91769294325664,49.076982405093005,1,2,5.745682806250231,1
37.69166842262653,5.832373127191134,66.4906235273666,2,1,7.283758122955538,0
43.61856810800335,27.182970681202676,77.69031670472991,1,1,5.233810157680413,1
39.58345876353708,22.460671148234162,56.885824655823725,3,0,4.153855207368845,1
25.975863548565616,8.399644689363816,103.80506697167861,1,1,5.4610124885920275,1
53.71387377418024,3.525077819536501,80.60167153796128,1,1,5.847443696520835,1
49.02319639224129,25.30843592605028,70.98617620601848,2,1,2.676838021644016,1
49.49238336451656,32.200650090851305,34.10226190328681,1,2,7.720665118833441,0
29.087350542463135,9.102064575844242,37.10460458931232,3,1,0.465349154795204,1
56.833531731233194,24.843985504331954,77.02523125704516,2,1,10.0,0
23.177787246492628,12.065837293952818,16.685109346129096,1,3,9.003758267592637,0
47.04228512560324,29.975860099986015,95.3159352411018,1,2,5.477982551655373,1
66.28546750971975,5.331915016945704,66.046153890692,2,1,6.018852721127547,0
28.113564098431738,53.021553486551795,150.0,1,4,6.605943747174567,1
33.204427244766734,8.13236382563085,127.69790626540276,2,1,4.821679224022116,1
41.19581638105169,11.004655564520135,65.46377326881208,2,1,6.385238295173873,0
33.95829215060561,1.436342948248946,67.34157493671712,2,1,5.712000044596678,1
21.392038827206406,2.8376250325610726,94.88953785005074,3,0,5.811454565538068,1
40.82275569767233,17.409242111721746,112.57931524795094,3,1,6.362922126961277,1
27.25235543528674,7.47404321341739,29.04927356409958,3,0,3.3729444032920113,1
45.68310916762218,43.31338818592815,25.340613366132835,1,1,6.079139448267297,1
28.96690918919436,1.0,54.44912986114046,1,1,6.326895493234955,1
58.59921286021047,11.437815735712972,84.5684395793466,1,3,6.257699242711829,0
30.600960491965154,9.876038672199432,82.42183976268993,3,2,5.568338489127691,1
36.13526180553189,1.0,96.74428637459626,4,0,8.275715551938744,0
49.76220660843604,3.1874357593101292,40.0075617908673,3,1,5.2926948902368975,1
25.229628202792536,12.811821731417892,15.0,1,2,6.454651813646381,0
42.72951921524955,16.29545326161581,91.45035488255364,3,2,8.594595067851092,0
55.685713051389136,12.432021197753325,49.295093175869134,2,6,5.841247719959376,1
20.71020118526527,18.16847130031974,19.537803390284054,1,1,6.428926534935103,1
42.21560630238765,21.700641311124404,73.62659364898454,2,2,5.8072307273702055,1
43.11859353098108,1.0,89.82939220546693,1,4,8.474739587127198,1
49.381874461327726,14.971168079198854,66.94857169696807,2,0,5.484550876827409,1
25.156591469463017,79.45013330423131,58.55379034543777,1,0,8.566709154576412,0
24.154520642988686,17.566922918035814,66.01594419635234,2,1,5.792824210705871,1
46.263298787402775,27.162797117373515,60.73543093998043,2,3,4.281080553103966,1
43.56381607879823,8.970445912557128,36.298822201495824,3,0,7.358746341148242,1
43.00591420415052,35.692371136103944,52.13298307523921,2,0,5.390664332488688,0
44.15737851396371,35.57902623575232,83.03199762534535,2,1,7.241001798198326,1
31.83970334105811,17.680150228866157,78.0419635344125,3,0,0.5411912301525321,1
42.78704436593204,89.52666202886027,74.20149514917051,3,1,6.010410523789893,1
43.516869679584175,3.2198497748249975,45.121287953665515,1,2,5.080789402485039,1
31.427782983683585,1.0,65.46242094660832,2,2,3.873482626937444,0
62.38929413373708,35.28873801503478,15.573373838928632,1,2,4.893517996320401,1
45.68599505094145,39.50091139358271,74.46191659713475,1,2,4.852593711414697,1
25.704358033568216,3.073653285083296,105.72144269533919,2,0,5.904028410298838,0
47.878643303605955,7.408273544352836,33.14669669894736,3,1,3.2653470774300883,1
28.303819957272143,1.0,55.35180816705612,1,0,6.632547560519427,1
49.44501524490943,8.331869180439758,78.22766946775324,3,2,8.732429570411576,1
53.903146948088846,35.60233085107469,101.3210658606871,3,2,6.561856993895653,1
30.151812179779476,17.51350261372968,58.794384592496264,3,2,7.617977218458018,1
51.56051355093186,10.268576234240198,52.693741768352595,1,1,8.18912490922759,0
44.95337112323798,11.15520151582477,20.77692143959792,3,3,8.472979024368353,0
49.86472191993388,1.0,72.58595323270266,1,2,9.74027738564261,0
62.76151579184737,8.55336057386897,121.0519010035936,2,2,5.00159600344814,1
37.05534260796556,24.954122077452418,76.9339615491169,1,3,4.5630320296777676,1
30.955166027710124,87.77197090284432,69.44302552040716,1,2,7.56693129664947,0
29.32582684449372,45.06515996699259,78.05205776917464,2,0,7.4165324393148,0
30.210276580414742,1.0,69.72269990128495,2,1,7.5513505992313785,0
39.07477948703075,54.91904998133421,49.674640693496755,1,1,9.778564908500504,1
44.09382369779973,36.69054457704366,90.58199789194263,1,1,6.022739817596988,1
43.320289591960226,36.38013236037599,75.64403807779387,2,0,6.852313119292369,1
49.92619898843229,14.699554868554703,70.44033129834143,1,0,4.03922349703305,1
40.156022702534884,12.180159023884697,45.61584931804375,3,0,10.0,0
57.442408925887804,8.660375279575513,102.58769829836898,1,2,5.326910157581778,1
36.82411800114453,1.6308525752225007,86.61756863332775,1,5,5.38356814367834,1
72.64202999907542,6.21781561039266,56.17697906581745,1,2,5.306500217983515,0
47.50800817318007,6.795931404022399,95.04562134204843,2,1,4.710208282711324,1
29.71410932300461,15.883149229424806,57.56072904036982,1,2,4.541125902304701,0
27.14929002326665,33.02697318256118,50.44991268722407,1,1,4.95259143422095,0
45.78966898291822,15.410222126775718,51.00742206299282,4,3,3.2684081438981107,0
37.31844657608979,1.430037361499618,25.72328617279772,2,0,4.429364159473524,1
48.568005929105105,75.96224170552216,81.78855951045514,1,0,9.897926222895238,1
45.67885149488254,68.63709989644904,24.221378041541243,2,0,7.471310287282737,1
39.12605304811753,36.91198165747002,39.28890421835594,3,1,7.851808353455436,1
29.83847538317914,113.94346760063864,18.110299773036672,1,2,8.35441757483383,0
21.821833303769623,18.871698639510953,67.84825768022768,1,0,9.66826912872478,0
34.641820575195744,78.9743059147896,66.2419884932032,3,1,2.457154897112312,1
50.27678553188167,1.8867804827800758,61.832594670340896,2,0,3.540233769426919,1
42.56912492956245,10.924869591510644,43.93555763323559,2,0,4.392552678210629,1
25.051134655456146,6.129223905566185,40.694156164084,1,2,5.060540407020804,1
42.078171110214186,5.230762189255397,81.60924658866435,1,1,5.398861218829502,1
44.62380855674604,3.64216769690604,56.236201707287805,2,2,5.106044894387918,0
29.393710765586405,23.374943337407544,77.90895803840363,1,2,6.4386178262641085,1
41.84470127134634,36.483702986955834,47.86878284689443,2,1,6.070590781490432,0
40.698504621352,20.72297574469984,74.52656856927706,2,1,4.554330409643501,1
26.284356426032524,3.814848376027804,102.58195093290159,1,1,1.6489024460248602,1
44.2934483241794,39.999920299551704,84.65414500981959,3,1,4.014262589242604,0
46.72941431641881,24.251447717217527,59.68965454458799,3,0,4.901522693374849,0
52.996614918103326,11.79105107466674,76.42997425889818,2,3,5.505841126384561,1
52.645624624418836,26.91018376960963,63.983370636744674,1,0,3.740665081378926,1
23.46796758451491,7.223440670369211,70.19700461736821,1,2,5.0183870670071595,1
28.74609952101853,10.161924827855108,61.85972369628741,2,1,3.7380252230288273,1
46.18042320650392,59.87484964710491,65.89161985286522,1,5,5.748361296903334,1
46.1654314109465,8.236827189371136,75.30233382685438,4,1,3.8538173432747693,1
46.18057223567257,15.23654729111746,45.16603251045123,1,2,4.3021906872590705,1
75.0,53.00541130228201,44.603029325250546,2,1,3.382631738021722,1
46.850686128318,29.521143644249573,35.28643615421972,1,1,5.6929986088604325,1
53.62678768216719,1.541328299377746,29.99322238740725,2,1,4.2671044600952035,1
51.448021161918426,3.8244255217117384,39.567932694488015,1,1,7.813568533350859,1
47.81669501566957,1.0,73.98656267010323,2,1,6.811700533385798,0
36.216769064315855,23.921920963235795,47.6803121127029,1,0,5.860296263632714,1
49.10763064591921,14.246778888245611,82.8403616057774,3,1,4.405029005312423,1
30.72609742554914,3.460507214162484,70.86784371881404,1,1,6.761040610632605,1
37.15817671911989,76.04444023956533,20.787394664048655,3,2,7.381401778697274,0
34.175637426050756,18.103172511083105,86.37438960554225,3,0,6.285376824403261,1
40.98248967263587,6.646347127420913,90.26996613979274,1,2,9.20740371093386,0
67.77590280008211,16.664521249260375,45.153433129128665,3,2,6.919274636149632,1
18.0,27.31796463055815,80.50478857237479,1,1,7.827214435136068,1
48.23512228449416,1.9032512344812194,48.58754406477003,4,1,6.267130831071956,0
20.64740954572418,7.708204238042229,72.44175941870839,2,3,7.351328906513953,1
34.3368176105268,39.47727125642045,38.38753982612586,1,3,4.40643753466165,1
53.067407163608394,14.773577317376333,25.172338686635584,1,1,5.083203273574412,1
40.77136022914555,18.982323062539283,60.429570259675785,1,2,6.69872710696476,1
27.067062664848326,13.60971640325547,66.9067763431291,4,0,6.684198963114763,1
31.41635548888038,1.0774250136037686,60.058007659634896,1,3,7.015223645886495,1
48.15517298721611,4.349325538204647,40.399236044436016,2,1,8.200785784557459,1
31.23560041939436,14.154325618134626,60.002523446721575,2,2,3.150057656369176,1
42.5975030749837,5.632603397976576,76.73236881451835,3,0,4.051094904779408,1
40.54686207884576,1.2305092688670443,68.87767424693658,1,1,6.459145282148507,1
32.1807958287302,44.53574511329834,74.56252576498034,2,1,4.551272736393079,1
65.72732907190391,95.36402647668575,53.24711998864417,2,2,10.0,0
47.60702826781613,37.81744647762582,99.29294786790399,2,1,7.031439238340272,0
18.0,46.14423845446748,40.595666586130484,1,1,5.843338302139686,0
42.23745177723313,6.649001345021072,82.18900742716797,1,3,4.969061453832282,1
32.058562422779346,77.63218451661092,99.54727732399904,1,2,5.039675433613911,1
50.22920001755469,5.263393124193078,82.02270231872238,2,1,6.060281322630355,1
30.48975113880759,72.59388763684925,64.93689432337925,1,3,6.223963865242515,1
38.62316270239721,120.0,56.79257383342552,2,2,5.086601710612974,0
46.05984734776548,29.851986760432368,95.9021912761564,1,0,5.453695506960196,1
50.389062330041455,95.3018373462347,34.425626868458174,3,0,8.688569150469192,0
25.596443115330686,20.22960870142575,45.74689349050891,3,1,8.769009925302068,0
35.985985169908616,7.211665739815668,60.061055862706965,2,1,6.504067959869754,1
34.30065626606853,13.787240231827429,100.94134393779996,1,1,3.3174805455265246,1
32.160049209115456,21.607710330278827,79.4941909010224,1,1,7.077006313278087,1
61.185450883373164,1.821352853132253,45.798856037243866,1,1,9.108564883222051,0
44.85978053153147,23.370470481478826,62.24230736537741,1,1,8.739562203924757,0
24.86939254797946,95.34528498900931,54.64192139759264,2,3,7.468851705619334,1
51.014343364657314,5.060494586768009,52.25527519416163,2,1,8.844845910571642,0
65.4658743641516,37.75397846774988,94.47223896391948,3,2,6.106768544958044,1
52.38958312661376,57.23681373483018,35.70642176841236,1,0,7.25620593966741,0
21.767560408551837,69.0501368614199,110.21952139335934,2,0,4.63844886734964,1
34.189191125604985,77.33452066675676,90.70574225461557,2,0,6.584530912311425,0
55.20293379023947,17.688353329366905,97.27154176509245,2,3,8.659068487941049,1
31.507966412574632,90.85773083662454,58.426512199368545,1,2,4.821153177026218,1
45.32583313775474,33.983309369380166,66.25148202302226,2,1,4.277113141071427,0
49.29560864115204,4.23228418754055,34.1712046368822,2,0,6.194977878047394,1
28.876834341063002,15.551587971319687,56.88343982332992,2,0,5.546675592552001,0
39.2856957272584,30.408558694110045,82.34137119107876,3,2,7.298295442140841,1
18.0,6.819410399515101,102.4015765445349,1,2,5.093480948105915,1
27.70734830398852,24.56067725907247,42.32107957993871,1,0,9.436879231205427,0
36.96918218328208,26.36192989245511,60.86235157536835,2,2,3.4206478040778885,1
25.026601816421806,4.26174105116423,66.21751949418694,2,2,8.507469572439469,1
59.588935647179625,19.982529305007787,35.10526994518787,1,1,4.470301543383794,1
22.838303464472407,35.4425911689935,84.78373104396,3,1,2.4080345308319533,1
34.7194661596362,16.582582683838464,51.90024170643477,4,2,6.475750312697735,0
41.5688869274331,1.0,65.1152412205744,3,3,5.490784027972233,1
57.29527946879338,1.0,58.70126570220306,1,3,3.7807812641939385,1
22.769654185846726,10.599748603682562,50.26653735700814,3,2,2.637246216569472,1
53.957965025859515,62.55158824925764,69.82387536298613,2,2,5.983278425457087,1
40.122796732235045,6.231546503134007,64.60976053579944,2,2,7.951673783247635,1
28.22189618742459,24.14678700132528,60.70355294303336,2,2,7.169906986172888,1
45.54524169115925,6.027030713532233,51.78845945799143,3,4,6.113413297678531,1
42.38871634688164,9.314912845117338,77.98811676957389,2,0,6.95769514643547,1
32.79739747409447,45.21964084209901,111.34043171230712,1,1,5.945571735244286,1
40.83762501988023,31.32300733503353,73.49718082097819,2,1,3.1405515139392577,1
35.37623683765888,2.4062789528800557,94.90295537277822,2,0,3.1582120295531135,1
41.362208143014975,13.436264418724285,35.244451871163434,1,1,5.593662942030642,1
47.94556809425256,1.0,73.94403598234423,3,3,5.678693427267851,1
59.03220179374422,15.735354111259337,42.56579202572334,2,2,7.70196535701353,1
25.146214014077813,26.063862405493094,33.07687681170246,2,0,7.514608447549494,1
65.5964004958752,3.027198082487002,51.51571481352409,1,3,7.210266031517898,1
18.0,8.182104775848828,99.79748336033933,2,3,5.439434573845639,1
38.178578859573,12.173435622788407,93.75039571674114,1,1,3.238695659779721,1
47.05980647781492,60.47720563913064,76.07511805136,1,4,6.824142274132048,1
43.37190241282039,119.97494582165642,31.68248600275173,2,1,7.050338626524336,0
32.527605762152874,1.1028254923603857,65.09298371530159,2,3,1.2229370750446282,1
37.5025329957127,34.351797127213786,77.5425002225434,2,2,4.331323626834674,1
34.083988784094004,11.154619783331736,74.38840573946494,1,3,4.617891245212208,1
32.92762291666946,11.960022645220153,23.90516041298136,2,1,6.236700402246872,1
50.19522516425229,33.684034823888204,47.7420537995032,1,1,4.393279134468612,1
44.284185831580565,60.149999828092135,68.39805589628209,4,0,5.92373086235072,1
31.68508485687215,72.34749087809294,83.40727273792974,2,1,5.578930119294016,1
50.79519850519901,20.65615064269113,15.09680447250134,2,4,5.6817010569245445,1
43.68759425051931,10.603176015585937,65.94690061300354,1,1,4.567211412598508,1
49.75434542606752,37.17706342985037,73.5762192469738,1,2,4.722029891866645,1
47.555546103083344,6.936435414690548,91.24029971290533,4,2,3.8394658804386146,1
30.05205986893513,19.926788182842564,87.32143960593592,1,1,6.760134881147664,1
33.27782751763637,10.657641885039686,84.56428297022013,2,3,7.142205257182736,1
48.967523261479144,25.654795751707052,50.001487332451646,2,1,4.458764099749322,0
47.32444318520158,6.599084853324232,22.29994657191731,1,0,9.041280192034089,1
39.74918087243022,5.104549614826622,60.17368107346498,3,5,5.370797105115902,1
41.407928599705386,60.09494356295248,95.040795630214,2,1,9.060371247593121,1
55.3319787494611,2.576798848891003,104.8363631881108,1,1,4.7157456523367935,1
32.90114333397004,16.923229401835624,87.76372755744464,1,1,1.946844446801129,1
46.565168574040456,5.989326453372603,80.73352057004335,1,1,6.804395649824703,1
37.57368817079327,1.0,79.49099120964914,3,1,6.497090210237975,1
37.38782556127336,1.0,56.097031330980485,2,0,6.068787590615166,0
53.185322223846285,4.623377842999845,66.7484926611595,1,2,4.7155350431120215,1
49.904996187856355,48.37634356489734,111.72673814565827,1,2,5.930855549028362,0
49.762115632007664,7.9668649600331864,46.436049855203095,2,1,4.977481084260946,1
55.665745685851945,72.11899470085822,110.3694697677463,2,3,5.395300867336498,1
40.25204609959311,20.91289558017273,61.94929613769854,2,1,7.68326451153015,1
48.18343565553957,13.770974635562105,103.13580272737696,1,0,6.368434459060187,1
36.27679892087853,20.825090428658477,34.829624762561544,1,3,7.219902774663955,1
43.8899962298613,17.45074461588208,84.64760502911622,2,3,5.5362629867484205,1
38.438283347587785,34.128728845184355,51.58074660130945,4,0,5.3159653083904495,0
41.16395157991262,7.967444361569434,34.618320201895315,1,1,3.693034938222713,1
47.14188430524296,10.451684940543037,75.46335106027364,2,2,5.259926774863606,1
30.181351801198332,53.88494945713249,95.23679471489922,2,1,0.0,1
65.10864730822553,70.25426680665961,48.87646403516259,2,0,4.8195560673887305,0
27.927791422003576,53.53934950073537,32.524600988539966,1,0,5.836251645618322,0
25.429736646547212,13.050621443939857,67.70388089162613,3,2,7.127347308540312,1
53.89733048200081,36.37897179723665,67.81411678057047,2,3,5.462644244950086,1
49.499952327555235,15.52570829788036,83.70799068886247,2,0,6.695347084489999,1
47.489437804625865,16.517734798736868,93.7398642841122,1,0,1.640422677219509,1
47.54014611117136,5.496260801185082,68.51462046818764,1,1,5.886326295586101,1
39.853038725837024,21.46461032577586,116.38758286985657,1,3,2.640994414173193,1
29.232947542170024,4.943085059383939,75.6058686133823,2,0,3.5833929686813346,1
40.909654698324715,9.66757606975004,61.33933734982751,1,5,5.6256689042722785,1
31.87405946185466,46.349516286968516,29.710816022429306,2,1,8.55252797574711,1
51.70143680101302,5.568663837914474,63.43351199209581,1,1,6.742413526940117,1
38.23531142197434,1.7716064880726305,61.59032636472159,2,3,6.036461994274235,0
30.09403363848986,1.7160997696549112,94.00761990703676,2,1,5.960939221065796,1
36.14336990016408,67.8377350388051,81.56209060167136,1,0,4.572742213591066,1
44.95517745130749,16.97003362837919,40.51577195918457,1,1,4.912033173254633,1
33.23530536635231,12.63928199523993,74.30635966027594,1,1,6.854752090941594,1
30.133355253202822,39.968784999883994,86.78827929322634,2,1,3.2292789631110113,1
42.924246537902945,43.363871973143276,108.20078398469582,2,2,7.1861081005660425,1
42.93959885330467,9.690074977509303,92.18759918535149,1,1,5.222985865762294,1
33.916681895546446,28.390146651992374,89.02116635778694,2,0,7.651114149739131,1
34.347540332580124,35.38967359342229,71.5021498653791,1,2,7.922186914464167,1
42.784599248291634,25.516772936333293,79.70780013558624,1,1,2.65383197498852,1
22.62298790203211,3.9455340246731834,101.23762251765396,1,2,4.836838473545564,1
23.11043470748134,50.07675078580675,36.68056506300876,3,2,4.288944624118752,0
31.378669344970767,18.58949665370217,61.2640168195761,1,1,2.374544069853714,1
37.438634179457836,7.966653646570649,50.68578128109398,1,1,3.934933447581179,1
43.73089078717606,13.290771868506436,79.4788279681531,1,0,10.0,1
57.70427460339462,1.0,100.7555543912697,1,2,7.219019792424881,1
50.29191547842423,3.283514780319936,55.075642831973155,2,1,9.834575937211508,0
38.080737640438876,34.81197776429137,15.0,1,4,7.658196880036671,1
39.771805505167734,1.0,59.694481374388246,1,1,4.5163136779830495,1
27.969647624346294,12.931767605118505,92.83684330043516,2,3,5.236457606651914,0
39.77784236809132,17.741098582412953,83.44074757374699,1,1,7.176872360480615,0
36.53609633295834,1.348405659755926,80.7046561952644,2,2,6.875012406946072,1
43.872622724057074,86.75562087069062,63.000167453138005,2,2,4.845315968583332,1
30.073228677372125,6.152288284394707,38.02423159450534,1,4,2.980013658841586,1
46.23215817089407,8.704588227220084,82.88235804061168,2,1,10.0,0
58.39286695603093,8.695752593375007,49.14295474913438,1,0,5.717700655314388,1
38.69487821851771,6.285744725409472,124.60241833451141,2,3,5.3485222136347605,1
44.820540665187295,1.0,84.2626802088629,2,6,6.2266689278106035,1
48.281727900533355,31.3658297057925,55.48379243615122,1,1,5.514542821377943,1
35.185354337369965,81.75784365366597,54.71536881528429,2,0,6.245457815410967,0
42.689109781725,6.095544730661064,67.6763948346603,3,1,8.573894572232838,1
40.15110880938154,26.107497443054093,64.01245194945625,4,1,5.750903040627152,0
41.17211318258598,32.50545459073498,97.92084438824885,2,0,3.674579121344477,1
30.723882593734402,45.28025347288883,74.66040424360116,2,1,5.676712411042778,1
40.29412209110731,13.182493905293413,51.709206527286796,1,1,5.071196437180179,0
45.9759794949454,8.66089780942438,117.26101712889457,1,4,8.847797874493702,1
57.4137232935405,9.443518063551249,71.23270828800557,2,4,8.342238129475142,0
51.51124991302248,29.926908863818156,89.22099189922241,1,2,6.215050000861598,1
65.83818949013867,40.729554015121266,54.794337313881016,3,0,3.442528290361487,1
30.791829245343408,4.810107159399356,79.07789069361309,1,1,3.5482154731201083,1
50.46784764064814,11.124725759202729,77.77774977857987,1,1,6.030246523169107,0
42.20010406886022,55.73226598024878,22.758767697596177,1,2,6.672645938642562,1
66.27763519861207,39.4434808495049,120.381877761516,3,0,5.25075436134789,1
30.300420575738183,100.56742892837703,102.26611152306367,2,5,5.039660831585532,1
29.923337893830688,33.68240251968098,60.07011709635031,2,2,4.814401533642706,0
32.80728825467173,11.989154949207945,42.44325648860361,1,2,5.953212079512108,1
18.0,21.43572055919899,78.6890403450888,3,1,1.23447529585387,1
33.69093973983087,25.963133289910182,72.16744248535991,1,1,3.7973467424605802,1
30.890408061355625,1.9609093309159467,78.89172371408074,3,0,4.745898309105299,0
41.804725437714495,18.872469272457852,74.78943490485224,2,3,8.41500638990384,1
44.101071709325915,29.652842960563866,82.65602473264815,1,4,4.3723727161421415,1
62.514050070590635,4.394578327510672,106.18264248479517,2,2,6.360936283662413,1
51.405086058232605,36.40807934337868,84.20258012821616,2,1,6.453085501861992,0
33.077156132051165,21.03657521152663,43.75861252725147,1,3,8.595833011321524,1
29.219023943819707,72.98845226665233,104.0640713178113,3,1,8.5251548139283,0
45.903030058078066,1.0403618525307001,111.01536408720719,2,2,5.8849940624101675,1
24.157201515752295,7.399886467426512,148.8014183628021,1,1,5.049030517621114,0
61.977505190252245,22.08439188389385,41.91264916901005,1,0,4.672333794348619,1
54.15328144865545,8.442541658511246,76.07205032875687,2,0,5.517873555068438,1
34.36989217474354,30.077943844530218,17.947532420275316,2,3,5.1319332913528,1
19.442385650909472,34.151526357836346,83.82872890948023,2,2,7.107254818716464,1
56.246468489984956,2.595838704926258,56.29499254583068,2,0,6.840619634970409,0
38.62552185696858,17.309933845081822,118.08614487062383,2,3,7.183602382290031,1
54.853795743681545,17.066118599755573,50.63462574953545,4,1,8.518567422872337,0
20.866868094467595,11.061467428494161,27.770424050818455,2,1,9.725738242800354,1
32.807499724554724,64.84660401041221,58.21840648243701,3,1,6.249326786815113,0
40.0629243966182,42.177472323073964,20.61280571957156,1,1,8.198927542791306,1
40.5637671251769,28.673129801961114,88.77748636268275,1,2,5.2966796323315695,1
34.59921434224908,30.06974889181319,18.372923843591984,1,0,8.370013967166031,1
47.47419918816998,14.864861861502622,70.71143952957897,2,0,8.123018314351688,1
27.188554847408867,60.91771381708891,18.054704503595083,3,1,8.016831939885982,0
38.291446179744476,28.466829920021016,61.99255488658395,1,1,6.1881396823830475,1
41.443547580542784,31.333597856526794,111.08445389511334,1,1,4.663283672018222,0
46.173266008704985,47.47834250091773,79.01619728589488,3,1,3.210943124269047,1
48.53937853706668,7.687293046290588,48.41265987587665,1,3,5.919925584957801,1
26.50429489794557,39.490380842990376,69.2199127765229,2,2,9.066025084498365,0
21.59062995117253,5.213086365576798,70.45042180111116,2,2,5.380310197271854,1
55.33212186278211,10.167413859984347,81.81575864608514,3,0,7.570253170920109,1
43.9877681437551,9.813279270485468,35.82854091797934,1,0,7.687902801037862,1
31.018161561321357,92.18130293406277,84.81418184618326,1,2,5.432627558145654,1
58.613823706270274,46.60031223293862,15.0,2,0,8.632689675039039,0
41.3880956115143,28.989119183637314,54.25288619090474,3,2,0.18267851103899257,1
54.151566208765914,31.163794162085143,57.793153938711384,2,3,3.55449944252365,1
40.81022177692131,19.816861912419142,85.83317065178096,1,3,4.16873540728308,1
64.72897509858385,70.54021273222084,70.56577131692173,2,1,4.3605699542652205,1
61.06409010931846,16.45662099170534,34.860923653592835,3,2,6.672525902371791,1
37.01243021825112,11.4929079763721,45.37517185457462,3,1,6.580075606107804,1
51.65885141145226,4.271362270563642,74.96700023868517,4,3,6.787981144350016,1
47.744511395021775,37.02577722919487,68.02331645338609,1,2,7.192162988264974,1
56.42357869038818,31.822302767332857,55.52189725910634,1,1,4.099790861708701,1
28.420918473038746,11.642036228378021,57.979155262200514,2,2,3.563647866385362,1
48.232617519981275,1.0,87.40419992898222,3,0,6.792639364015725,1
52.70109384219505,43.832023586655396,57.057685678269635,1,1,4.739535852707122,1
18.89512616292263,1.0,67.79771889927316,1,0,2.859049909264059,1
25.8008978480107,29.19316993584571,124.24841470201358,3,0,7.9426885690829625,1
18.0,84.36396379055549,34.40793407790192,1,2,8.790203813004595,0
36.767117986665305,13.815623799287014,23.703931710633533,1,3,9.114321779397319,1
48.610507069551545,6.428272345168965,89.58974161996517,2,2,6.374015442949441,1
58.02828462515234,29.288226338875155,53.03392346764742,2,2,7.251864191945805,0
40.8891373650373,40.775270424223805,62.04406180643449,2,0,8.739736446723821,1
59.5433865468555,18.974552716533612,50.471090546722145,1,1,4.717168419953132,1
23.438782501421304,81.89561367367399,63.50499648081219,2,0,8.221355368108185,0
19.559410727738143,1.2732333130214792,109.96345280240854,2,1,6.550792468286417,1
39.33342761324057,16.86683205428577,90.05321146545299,2,3,7.8274233046851815,1
44.60878538727169,30.419021936394675,91.55558779717443,2,1,6.3721860417518705,1
39.60766302287088,47.6436838183363,34.59432360518386,1,0,8.592513419496004,1
18.0,4.741045443838917,41.22115658617827,1,1,6.447047525083073,1
38.93055952584654,38.62692771369702,15.0,1,0,3.032041881065165,1
24.34636599394176,19.308998097595918,49.76547947293115,1,0,8.903853264629443,1
48.03607058596046,12.122356644066702,93.91757965964146,2,1,4.104938518055776,1
44.39917895316218,3.389647442747825,82.92366289370928,3,0,8.506116420487828,0
28.721442564071737,48.11216905450212,64.4621684261969,2,2,5.819514237119356,1
33.83359699195968,4.106699133031464,69.44249290704867,3,0,8.352021970395413,0
27.28943773733258,8.898150677338379,52.77786143561486,1,4,8.26953722973353,1
39.24785083272194,8.2213065726653,75.1189720600446,2,1,6.860285948630743,1
51.46170784601486,49.22778248880744,89.14695698701537,1,3,7.017070635254262,0
28.171287443973476,26.805293897427106,29.602830314738178,1,0,6.845257234385132,0
46.04855818621413,38.23154539945538,77.4911921959337,1,3,1.9723504874378444,1
33.63690857953071,6.91934717263743,93.31087177386668,2,1,6.236660437796404,1
30.48552601285187,23.53184579943759,59.62249277591576,4,2,3.76787164785621,1
38.715635680545304,20.35293029094086,87.51751530301459,1,3,6.342374287491326,1
27.57709213096751,42.92991058063002,140.36636111181383,1,2,3.714114907233569,1
33.35620833583381,56.76929042904178,67.3914301753277,3,0,3.63009611754785,0
25.625465288933817,1.0,79.83267625013309,1,1,9.209869003507803,1
63.57670159499667,26.902056021348862,51.54857290846521,3,2,8.13889477624838,1
40.423162623660744,1.2774620171093458,74.53127906505127,2,2,5.991714830111691,1
31.60329390408897,19.10339057687735,81.5067906245576,3,1,6.369537300498048,1
42.56775892881066,8.139880093677263,74.87105850675346,2,0,5.504167948513983,0
38.652063403710045,8.793671148707084,44.50761700727858,2,2,7.139752751959046,1
37.34836480560132,10.448276392298812,75.15904428313627,2,3,4.64789126690239,1
47.3700004005211,23.30378412331827,106.55489846794092,2,5,7.987480525735915,1
49.090092520567666,9.756975234788015,81.21589411286318,2,1,5.493826317971778,0
33.63398622867367,31.665122495826445,94.04967972679603,1,1,5.1603060083375425,0
33.09018111226384,12.4415970905719,64.07470074968431,2,1,6.043426036969685,1
36.699379634180275,1.699236153926131,88.74750598559277,2,1,4.817706340148779,1
18.0,36.752775566000004,76.98169595541314,3,4,6.657364698992966,1
21.81770725361737,8.076813430841131,46.2272317578192,2,1,4.9252748213732005,1
56.4024912093343,13.607637903862628,77.96302511997186,2,3,6.937047205637672,1
59.7396125620154,27.75822688876382,45.20758341399224,1,0,8.432013077822953,0
37.01156752532346,9.699605008571947,54.1779931278802,2,1,4.5613566263836525,1
46.918683556669194,1.397992891773554,74.73320768230936,2,1,5.738849085409657,1
43.73500185452243,11.238691028451537,77.4311068345031,3,1,6.922661426070843,0
75.0,69.37070998003277,40.26918837307177,3,1,5.128285290037186,0
53.434898937214925,24.635535856106692,96.3496442795719,1,3,6.92864112165333,1
38.4649889022308,26.715719248680998,84.30015695751182,3,0,7.11079772130348,1
28.53351471279489,24.010544561667324,52.381789109727904,1,3,8.166523552588608,1
20.72264415690913,5.325228430290542,31.560380088770614,1,2,4.788019907830176,1
42.44156363040668,13.004607492261414,66.37738552296422,2,1,4.1144495195390505,1
30.92379105658836,33.36145531436817,58.851407153470994,1,3,5.384845220872513,1
22.93295548482791,2.5652909293047275,72.82851142632558,2,1,4.064495320905801,1
32.24112538908968,7.81262999143908,60.92208347111084,1,2,7.128996408094994,1
27.02142395662726,7.761713791394447,19.813578481374755,1,1,3.6764973996471775,1
60.24569962087078,13.576012417103541,60.29132654247104,2,0,10.0,0
50.579677083393406,94.33517119871175,62.359522223292174,2,1,8.591855723147502,0
39.90432830420059,1.6773326039069518,85.84152561935147,3,1,6.025151539200628,1
57.75932966668031,17.550397648942734,52.54500813472376,2,0,7.7347889859959515,0
40.92841969177142,4.744235056212272,111.96686683431415,2,1,2.726396271378417,1
29.664589584060835,84.70482204541857,22.20898623370607,1,1,10.0,0
58.277488927235886,2.88606060373302,102.77918744506562,1,3,4.819570775599021,1
46.46692052421591,12.40428904271373,64.39202572804739,1,1,5.759005172201281,1
27.553046148082522,32.13532517682499,91.48962180858891,2,1,2.2881334256231267,0
37.7159358629967,29.262495568875742,71.99503710146833,2,1,6.972574609481789,1
29.492580959382913,13.186627752477833,98.48888840063674,2,1,3.7873116858457823,1
23.40640322842797,10.21079349436369,60.31595088617972,2,1,6.203311523132059,1
51.1141305703797,12.164499634419023,42.534489370554695,2,3,4.911451134150924,1
62.912999685641566,7.365614118480945,105.51260718177659,1,3,3.844512130139313,1
23.217189114170306,5.5159690289120995,67.16298385294647,1,1,4.391276996474765,1
46.75563084028685,15.834940604841123,75.53896184060527,3,2,6.451576068171042,1
32.192289170538075,7.504900942894443,100.86879785111988,2,2,3.437018054262351,1
34.15449539482365,8.134117551209131,44.20111894763913,3,5,4.502376657952846,1
32.89127290913357,25.66353358519642,84.88727244098143,1,2,7.326546762528956,1
29.632110763842206,83.01488566335158,55.25263108842773,4,2,10.0,0
40.582259535337926,22.210207846624016,66.69576610889071,1,2,6.95517763910601,0
30.028598603067547,1.9224911726386822,71.80697413460722,1,2,4.1654767156454255,0
43.24548190935806,1.886224187725226,32.4944534638266,4,4,5.265771659855378,1
39.39714268661036,72.59063177837832,50.52907392948913,1,1,6.063178012305157,0
37.13262343760309,8.467490753240627,103.77682231032848,2,1,5.301150098728585,1
29.109236055500826,2.3180322316993625,92.15477971461989,1,0,7.806116333473866,0
33.07874403318001,21.933721146211777,68.43401056681913,2,6,6.434946966028449,1
49.06469470990908,23.453579311214014,76.07808646282233,3,0,7.815704769819741,0
46.01100625149257,25.093422739755162,62.64393735908856,1,3,5.371112419404741,1
28.269337062417385,7.4677967200695825,103.91458464569956,2,1,8.651000439442512,1
41.19198766515071,1.0,64.9911855551459,1,1,5.667028831436908,1
49.01664548046147,80.46831458899112,75.7960523033712,2,0,4.057620261724017,1
19.96713662654354,6.93296422846238,98.65075360355164,1,1,10.0,1
46.52032230855922,27.050229658707863,50.56571287885234,1,1,2.3500445060777664,1
32.04851489264984,29.431685386801828,108.96972961242236,1,1,4.522522549390144,1
46.84718402311791,22.599061396603673,31.73846475641558,1,2,4.745944296339211,1
30.8408901214898,9.006868763618142,110.74105327781996,3,3,10.0,0
18.341414792025773,7.589126184781583,60.683110401200636,1,0,9.613717768293023,0
20.469490745402048,21.851480717288613,63.932531304367956,1,2,8.987856287284394,1
40.577019359936585,48.255106019855766,22.749745720426425,2,2,5.338682675247337,0
43.11667002065778,70.37884706262152,58.630132065557675,1,2,10.0,0
29.148200498747098,2.6866594837782514,44.004836724327895,2,1,6.736704007681943,1
47.663109505328485,4.0371803247143285,54.808841365663184,4,1,7.954526740606244,0
20.061759252772482,69.49531823277405,66.56722585527801,2,0,6.3593907622124135,0
39.2070424162322,32.01205473140934,93.94479036182264,3,3,5.901066857353497,1
25.467805602850518,51.492685592266724,75.19008378501564,2,1,5.496442652147241,1
32.17796670637409,5.434554493199809,77.69191633502784,1,1,5.580720013161676,1
40.56878405579697,21.257454414353013,42.61201527886094,2,4,7.216983297356157,1
29.67503961659257,28.986688453705952,47.981147759931744,2,2,6.734399597550776,1
35.3853334692421,27.354815672380262,114.9681254587828,2,6,5.937057259592632,1
52.07551371057329,12.588117876094643,51.619974130918834,3,1,9.019047985397709,0
33.07729756572222,1.0,111.4052063014324,2,1,0.06649386251853873,1
50.0283053447817,20.98780202617611,63.92347002797834,3,2,7.01977449584239,1
26.443517744108583,7.003824777084349,70.0571984035876,3,2,7.435477413317958,1
46.357650134983395,14.359184960344809,96.75912900574825,2,1,8.293925736510339,1
57.298823447894804,75.84382222801304,101.79731054846641,2,2,5.870257117893278,1
18.0,12.221258663273092,67.22968599302281,1,3,6.415840134767915,1
30.43725693435428,43.952214564346605,60.29392366196153,4,2,7.971896766629443,1
46.92486552616648,5.014102348111117,68.60198878694467,2,0,8.98233280856036,0
37.56345536748409,26.787518747111342,78.44893820580296,1,1,5.398928029642463,1
44.4537504804557,90.54152341645595,92.28259217174389,1,1,6.53395156625512,1
32.75217775941015,2.579188234095063,70.10574647485379,2,1,9.357147928697515,1
41.0390774496748,1.0,85.47215745057883,1,0,1.7519458482422978,1
38.13187317529505,13.642184563801653,110.95899330677352,1,1,4.61997480037083,1
54.01338473991769,2.3327998977266398,79.53274030661962,2,2,8.931671957205927,1
43.053050119614554,33.11646126949827,77.79132140011946,1,1,8.185075667216607,1
44.051231944902426,59.035397589511575,32.0272293727483,2,1,7.044890421853388,0
35.05747640653039,13.660758137309706,15.0,1,1,5.102806253781759,1
34.14872531113008,7.184773979887662,79.70939323075422,1,2,4.236363002029162,1
34.80930174616455,13.676976780800292,67.62939421797819,2,0,4.817568761515252,1
44.73342570853956,30.84853804694543,57.130433127131454,2,0,9.096016441637385,0
34.94818623015684,1.0,76.08825510465861,1,0,4.743114621689307,1
43.477298282756955,21.366414534947474,68.4899067700773,1,2,6.202845928479316,1
64.90480958374526,22.8020298684515,98.19450626584747,2,1,4.492584710276508,1
50.453496441180306,24.36600579247603,72.15277170647445,1,2,7.6855480601980535,1
36.08771761398591,6.6504245526336385,51.32691787324581,1,0,4.922547439307118,1
54.41456706596734,30.046747983176076,94.75415597398222,1,1,5.804812219691171,1
35.10309552374138,2.300182934540064,64.57172312634493,3,2,2.633235733914349,1
18.0,5.333565302145562,83.16341709180767,3,3,2.7732635275901205,1
27.902964268991152,50.3855942827325,58.06473234517999,3,3,6.015346386643013,1
18.0,32.212193007487905,53.75432786256409,2,2,3.349685689604476,1
35.78183819150429,1.0,72.10420575464241,2,0,10.0,0
40.22102055027462,6.852466235608339,70.32071608859212,2,1,1.876953775775501,1
60.117247747303395,5.791578582203344,81.99567588417082,2,3,4.399649402671792,1
43.923128485169954,7.579581942462667,63.28385616725644,1,2,6.033401734535101,1
37.37079365429363,6.8264091469709385,24.09100540574007,2,0,5.269734124408431,1
49.95286697420187,1.5495976877595528,59.180652910290284,3,2,3.791709086672162,1
18.0,14.741425328211252,89.8454616785954,2,4,4.084144321009464,1
42.827374697302794,31.668213520782494,62.56559801892234,1,3,4.018691845001523,1
49.2503823266436,22.398318376678017,63.8404149371363,1,1,5.426556610359874,1
22.256965050641902,26.817665623275527,94.65941264764842,2,3,9.903858179034847,1
53.72504851848315,2.031155923876679,52.200669318526934,2,0,6.15587459311642,1
44.06195688993297,72.62399895921634,31.42991954392751,3,3,8.365800978775049,0
35.01654503319038,43.75678975579894,65.98422201186264,1,1,7.013952691656283,1
47.59338239327542,39.245255987716746,57.89565121878157,3,1,8.227724795964441,0
67.24831429365275,41.55633728771354,45.84384200616865,2,4,0.4000713948128283,1
42.18239506070194,64.77002863671322,65.61553860253274,3,2,5.391083957703541,0
42.978647035604034,18.859669628400844,82.28764118116959,2,5,8.614270846301427,1
34.48766920551707,5.363907259184329,69.7677859608046,2,3,4.856528354501332,1
29.801867566422498,23.01973096314188,77.67452681715595,2,2,9.524946329739224,0
49.964029798530945,32.59723646963605,115.33519246288557,2,0,8.967780307535524,1
29.726994089093594,32.13829277696161,61.4280284610609,4,2,5.061738567745075,0
40.85879484663271,17.687820988721164,76.95871586611673,1,2,4.993672961907286,1
34.2681106388186,1.7019545660888897,57.269665935021635,1,1,3.9727883152910626,1
45.7477579089567,11.131286178151067,48.84100700282568,3,3,4.740811536272405,1
44.00394526344338,60.84857900887839,55.377308664555756,2,1,3.5348218716621695,1
52.45047933109479,21.07559307295396,58.031035711957784,2,0,6.857622360866011,0
33.87980321374304,18.549819312837272,78.98689493867813,2,3,3.087907013307133,1
36.761500776479544,7.515394766060732,128.72689466751893,1,4,7.207466032380443,1
28.254835410612312,11.029834885275532,52.09891409310399,3,1,7.256157393800497,0
34.66848087908666,54.17031504141614,59.58436735961344,2,1,2.677591189632155,1
44.52760591653823,26.352038825905566,68.4219246722188,1,3,9.09963721265668,1
49.083863399744224,37.15876303379905,79.89497121774367,1,0,7.0272185888304435,1
28.934016109868494,14.538459514111164,76.58877029886962,3,1,7.499396042889738,1
50.435271041267924,23.878095776520524,102.10239484870293,1,5,4.482669596914455,1
56.26765430565941,6.852700876712117,15.0,3,0,7.244758236946238,0
44.96121883868441,29.336238734495623,15.0,1,2,8.252786899444132,0
62.52154975069679,13.390069471736695,57.60304569974627,2,0,5.802783201990645,1
30.714529610757126,14.024986077695406,97.43250468859272,3,1,10.0,0
25.064143560262995,25.14930674527689,30.858799209860095,2,4,6.088129269825876,1
18.655357013148656,66.07839713063372,15.0,2,4,8.281571600904948,0
57.952531737870196,1.5875179942151778,84.27948515548022,2,0,6.58601761451731,0
47.85238787624869,41.79607596497164,76.09143059256786,1,7,7.171043065713736,1
39.33298394907454,8.300458755507254,42.744789830014255,1,2,2.6573354647304557,1
43.359623515837846,14.084211101469513,45.36150998197675,4,2,6.742107476430727,0
26.494131432419483,1.0,45.75640700913314,3,1,4.530049797485468,1
69.34902375540192,8.596091005671331,72.7633829368485,2,3,4.307203388444624,1
41.55065418370273,16.762165475223103,54.34211809542482,1,0,9.488206368931957,0
41.31273753525871,1.38757566835092,82.35159797438799,1,1,5.572459503875303,1
48.7091994867843,16.21188848553539,15.0,1,0,3.9933963380490067,1
45.772110780840556,62.85149882698988,48.57870337180502,2,1,5.28173674378225,1
42.68660829134958,2.6729041701797898,41.84865097722374,3,0,3.3990995421561725,1
30.514306534656257,34.69902508173123,63.59148304068769,2,0,8.86776893639254,0
45.65762028563195,12.649808659135802,56.54880603774654,3,0,4.60863851166697,1
62.5842939577004,25.553148218882953,89.94609449739417,1,3,7.058599867887338,1
56.14504055385973,7.234196901949565,23.516580708498566,1,1,8.71221342842065,1
59.11823951967276,4.1699788894843985,71.1372869082688,1,2,4.999694637570541,1
33.86541188282578,4.197702483077254,83.95841058029264,2,1,7.064044864545572,0
28.124742156897028,1.7543953584161205,116.41618591404887,1,1,3.93982789019114,1
38.49055695880422,4.9286636082645385,57.95585072266312,4,1,10.0,0
40.668698947464335,26.191134330871968,78.11146510881292,1,1,7.872760269233244,1
53.13029822165139,51.22685165419668,24.903430185940877,3,1,5.614787122478388,0
19.690424443422167,40.38442950387378,15.0,2,5,4.454332538222072,1
58.354603833527364,27.73461867927497,91.1193593945425,4,0,5.772006894320747,1
38.10390521705213,2.8084601714551556,69.86099265879824,2,1,5.320032555296962,1
34.87742716063096,8.192316515626313,99.46281724496058,3,1,9.905889107999013,1
27.85474749687799,8.898811913183126,35.66492777575627,1,2,3.5489305555701955,1
20.141719937610766,6.9029920631088455,82.99755348821881,2,1,6.269602846580407,0
49.878047007542975,17.36683338281584,116.72044601359633,3,1,5.96332386673258,1
40.87981560626085,18.405829990556256,80.49264020893165,1,3,5.765179399310261,0
24.520469203107353,10.594397710014185,76.91453763977621,1,1,5.7827666901233155,1
24.459054735236606,10.47910677083597,70.21390202060874,2,0,5.7678583797590335,1
35.97058360851846,42.3239100234501,30.727963571852193,3,1,7.746132132664199,0
60.02825830347271,37.37486439045788,103.88932339275871,2,1,7.21796889298487,0
36.884903783636744,8.82898382296089,54.728559004873354,2,3,6.837823222745573,0
21.962284562582724,58.82282516406799,82.61208140957542,1,1,0.0,1
37.05108323096867,73.28831025230411,30.924142335718663,1,2,6.599589748326328,1
36.727317163027955,9.495059274906966,40.51350838730549,3,2,2.688721279659835,1
18.0,10.502731370980475,105.87718498055588,1,0,7.292640326271651,1
39.348461601786255,16.907506938500642,61.31744277605392,2,2,8.94899473514103,1
37.22878563749586,67.97442250755248,106.33188690106361,3,0,4.1475217748228985,0
48.35447637776102,50.16127466142689,68.04423352353706,1,0,5.476438555314586,1
62.18747313934414,2.5972292595373023,23.952555676053564,2,1,4.801288589894006,1
53.51878035457309,11.970792005617144,92.30168999329301,1,2,8.470863551513602,1
36.773335713342036,19.34465835523617,55.25269205610981,2,3,6.190055770544146,1
26.721689095099954,16.786363986817637,87.46722033792608,1,2,9.456658761132667,1
70.88031763899832,5.172039840196259,70.63027168850205,2,1,6.8275084058947755,1
40.71062120817386,46.984721686940475,31.422044301428244,1,1,6.484900361271639,1
40.167151502955356,27.118071316513362,74.10736913426423,2,2,6.136413565205673,1
39.71049895467996,43.67024439118658,124.90557855381998,2,0,7.635984198514674,1
42.37701712921426,46.97580016333028,82.32466146286149,1,2,2.5246276035093134,1
38.267675056912694,33.113743372074026,68.56205617486343,2,3,6.1706879110410195,1
33.116055917437166,13.881836333713853,96.88358504892244,1,2,5.859907112544071,1
33.437692705115296,22.632275026249197,75.26671163007776,2,2,7.450837654315532,1
39.60696075740802,4.194923737759282,75.23835575656986,1,0,5.624596788251926,0
33.47890274639482,26.874499493989365,42.70937069602243,2,0,3.92253113167466,0
31.44585060787403,4.740976545453652,75.84620064473997,1,2,6.014701349839398,0
41.27716273230276,28.416130888859428,95.88608541042362,2,0,3.8343189422633133,1
36.940273390949734,6.260232746641551,49.098446197499385,1,5,2.149475574825029,1
58.04791586299226,3.001310936307908,105.61239553117369,2,0,7.454244962970986,0
18.0,4.335943654633164,67.70734939637185,1,0,7.158123145389341,1
53.09808222306954,1.0,47.80576221153648,3,2,6.934181887987149,1
54.953022309971544,30.443385884310338,94.94080192300612,3,2,8.605856843891623,0
18.0,31.638380903611232,62.830144106543266,1,0,4.66993621939215,1
35.88774887103581,17.36325539104923,88.9878721871527,2,1,3.13777171445749,1
35.5427096080505,4.223450084178118,62.706034193536574,1,2,5.859940446383911,1
23.109859663386146,2.0940600365765016,68.50434641175241,1,2,5.304999400588179,1
30.6661997489095,1.0,82.33900510835728,2,2,4.315408566459863,0
26.673089854410055,4.34927942676163,77.27242643975015,2,1,5.840301693024408,1
61.02724532108347,53.16198977159124,20.111705488706534,2,4,4.77678970759083,1
51.228140717769534,6.635065275884051,41.968906497640205,1,4,2.3279894332863376,1
55.258661139929906,10.49702099042625,93.23524961977039,1,0,5.117646618412479,1
48.66006476851882,2.6716236338632013,66.69658527746132,1,1,3.7272496665922854,1
26.45137874539325,6.035838351880393,56.90671743071446,2,0,6.463296143221846,0
33.70575680464272,17.576520024459946,36.03564961856314,2,1,4.68793048351869,0
45.872494734735014,22.460705463881755,43.00659196810379,2,2,8.223262948282104,1
25.334466293296657,6.756102718170887,19.455034000951315,1,3,9.207732134535732,1
48.555981162068655,1.4271771069043568,67.46798203246168,1,0,7.358762746023812,1
37.11609522210238,11.90378364056102,55.039060485473826,1,1,2.89794763603336,0
35.50215030940483,6.40412740284134,45.83530272536712,1,4,9.010391997758079,1
48.5315196184419,5.949351107328551,68.29691437080118,1,2,9.15144090074753,1
45.33115973783248,77.17084227614417,79.09926577131846,3,2,6.037581022615882,0
35.66840601017104,22.989493155623922,122.32994830524862,3,4,8.645852320671064,1
53.91195764037098,19.533867646342685,32.20291451091966,2,1,4.896649723906644,1
27.027240068801234,12.899262565871403,98.98452608251304,2,2,2.267508130300821,1
47.39122728333116,13.44644602712333,94.3275390253768,1,2,4.479431122756813,1
47.11721509562061,18.683955048475593,50.52268151558249,3,3,9.458601732089512,1
36.28544272823212,28.61141800617132,75.08089886465078,1,0,3.017840152777053,0
43.913596266905415,29.067652040041104,58.55916876655962,3,1,5.999042563862989,1
24.986637083376365,4.520940389429464,74.64221451046848,2,1,6.068287786680425,0
51.08832423048281,16.640945043434012,107.72827533511376,1,2,4.974051512064376,1
37.78117436268413,12.742969600177734,85.14015581578282,3,0,5.11295680032577,1
33.72732375377153,49.062783678398844,82.71520933083605,1,2,6.144498268472406,1
52.58811071004267,23.95426962536904,59.24226700113394,2,2,4.875675316130545,1
31.54787571348689,18.248751084173495,32.89858337689162,2,1,3.155883005664138,1
23.098464443637283,2.9427277630465647,64.7882947364898,1,2,6.430063885886912,0
21.320449917713155,22.33165749918566,100.16520387159788,2,2,8.146733164889945,0
47.272119416147675,2.9918646913283458,31.82080358525881,2,1,7.739145037306843,1
24.6348477700446,9.87100594484953,43.62276579558262,2,2,4.380529065220377,1
61.057530183812375,3.699191334418206,73.1566934058517,1,1,3.4975441692446485,1
18.0,28.269471319590924,45.38363037881844,3,2,5.4316242356904425,1
60.35747641948046,5.543745405106714,50.186913822119685,1,0,9.135583019591328,0
42.53220960643142,11.936379111880436,59.41003545679557,1,0,7.291196157919091,1
38.83944265755529,54.24581090129112,35.859564895246265,1,0,7.407929353588467,0
33.460970958292606,5.485287329523685,45.64695384459079,1,0,7.77971390357099,1
44.78963337222485,17.013130307879255,87.58569791968272,1,1,6.841533125037173,1
39.54838357090182,13.043332959221772,37.3157554442259,4,3,6.2412170952271575,1
53.23962258419826,1.0,30.053196637629057,1,1,7.324613793295936,1
41.37073178394448,37.77284722694218,54.249375511652644,1,2,4.907667791563961,1
41.80362113754253,1.7170874767049282,88.29888756274615,1,0,3.1710739772673584,1
35.63665345343373,15.430536349620581,65.07695480007776,2,1,7.445993869248646,1
39.316652515347194,19.740559702383667,58.38547304710954,3,2,8.47547621149845,0
43.69362122670471,23.760203305538205,71.10896993789018,1,0,3.7635361212879372,1
19.477979288120494,28.00268630537255,26.3573141785087,1,2,7.6438429648318005,1
23.821774934731444,7.009315126127868,82.36764134437581,1,2,9.36153142677638,0
48.91916912827258,1.0,79.5858757850911,1,0,5.9955075964857585,1
42.050385257535304,30.848177423745565,59.76728814760697,1,1,4.3639956305165075,1
37.79219996376785,18.411141908944664,95.14811279491042,2,2,6.2460373470535115,0
40.22120719678472,43.406563471509244,41.81259752617403,1,3,4.898932063598597,1
44.170980464340055,41.3409949279547,98.19772483133923,2,2,4.7665397800871965,0
33.52288383628766,44.48613927523011,73.86234163988128,1,1,6.866368134543086,0
30.660343295172247,15.930532823958465,61.58618525304566,3,0,2.7925410499402092,1
42.350143061172176,9.74178719608772,69.50315911579222,3,0,3.1121421550155457,1
28.259526668619614,37.6342902199663,67.31838085472646,2,2,6.038581760747886,1
44.89903306857366,14.404624944774493,100.50707241044293,1,1,5.955382922175137,1
19.568996749145917,4.863781793170297,43.08302181322466,1,1,6.687109154079872,1
52.34986764790772,46.340217052162956,50.93701902133505,2,1,9.750450776966776,0
45.67116978895652,51.403839956032755,95.907572301812,2,1,6.209028072151642,1
43.07235681176651,15.07055222410818,55.11162662040352,2,1,7.196344300669589,1
51.79229180734617,1.8892389525109885,92.51332693328979,3,0,4.048934128770736,1
59.98569333355092,11.777732880843589,112.48589957521773,3,3,7.535875327033074,1
52.17244078021756,39.05482841398652,59.955124326459156,1,2,4.947218269778644,1
18.0,55.691630963994406,87.03405816438263,2,2,6.142841665162186,1
24.645076399171582,5.4598542868820426,41.15769296650354,1,1,5.782302749861676,1
32.50217706765186,1.6637230944872337,88.86833245169524,1,0,8.065948469828061,1
40.313092602530006,50.36218086729943,74.98559964966918,2,2,3.380046891250001,1
46.21190824562947,11.839710898671022,81.82595705400539,1,2,1.433522730769921,1
31.291074242158412,18.728743654491254,53.86069819911512,3,2,5.573134605824151,1
42.24120117372494,82.65787489270107,28.472914610820688,1,3,6.937062513810249,1
30.93540481176013,1.6532077766190563,82.58130161873763,2,3,6.304538751615,1
32.66178636409662,25.08067060763399,18.414921188013636,2,1,8.464408474827822,1
23.120066837821334,1.8478775541629993,62.06623769393663,2,0,6.874745348359337,1
28.921201046669147,11.29810071353284,93.52954666049925,1,0,4.872303336280281,0
23.779784732603996,39.08867685893155,74.7974433968259,3,4,1.3491596917206392,1
28.289520964272008,13.637500422708479,118.70856611974533,2,2,5.525375531609564,1
52.64370155929407,120.0,95.62772881454434,2,2,8.055918004515597,1
28.607213334016684,19.652276293384972,53.65254029186059,1,2,5.215904434665771,1
71.5885847780487,9.296951781471538,70.68283449628596,2,1,6.056640527355529,1
45.91981481057067,5.96649828008808,68.8157324363891,3,0,6.842720508613417,1
42.218033484338484,10.358017413609161,30.44558091634682,2,4,3.9694152515003682,1
29.699706637825436,11.18555124705015,46.490027087891164,3,3,7.246471793277635,1
48.4037185529079,1.708524150303481,55.980977325503495,2,4,9.27424358000341,1
33.092346085146715,11.072635535297314,19.09448742860158,1,2,5.654373296213187,1
41.464117775744334,14.977589195195552,71.18733670629108,1,2,3.7418711563353964,1
70.72101445922553,30.786995468470103,63.77320388367398,1,1,5.866797945956052,0
38.8472812033042,25.66167524100739,28.177652467210642,2,2,1.5512317827822626,1
53.791279915428106,29.607048657760004,80.10532163193331,3,1,6.673806527953232,1
31.56188289848935,1.0,87.896818617274,1,4,6.904548755297157,1
39.58013811403646,5.891407407128232,75.67586197162223,2,2,9.351272587691124,0
61.24960762762612,26.01061827530969,61.898295619775745,2,4,5.61201041486675,1
32.47639530654679,15.879069825840588,84.78605379379637,2,1,6.81697067629294,1
61.74938269596315,1.0,87.00550901191727,1,1,4.277423795228198,1
48.493023225465706,39.17201989179372,77.6850892429922,1,0,5.287145758949842,1
33.25039868926879,35.567201495613055,49.38469373913098,1,0,2.949629126675604,1
47.58889286866625,19.08002114789364,76.91501913777952,1,0,5.610420757433529,1
51.67065339552076,1.6506007194342696,99.88701627063698,1,3,5.38938169296287,1
47.46171954660636,34.911303741839504,55.084273534706746,1,2,6.598399532177792,1
21.157303361314522,21.033162350201234,122.44848347831078,2,2,4.7528062393347215,1
31.274353890101576,36.55383940860674,56.859226650365386,1,2,6.166690701950184,0
37.02977637338194,33.439364661769034,70.81017533350341,4,0,5.333239888784669,0
39.10679885079944,38.98948962844634,53.1878600998416,1,0,5.337001223400971,1
47.44806517060813,17.515869608421067,75.58177089800652,1,1,6.16072465192606,1
42.132412011199044,3.628807384426178,26.44445768411812,1,1,6.08104588463402,1
23.975867695478783,26.69223084705846,56.34895502958197,1,2,7.522348078103277,1
44.56237421207156,23.251958566446824,42.69696999128582,3,1,5.75871393174033,0
47.32702894340588,32.53866051908151,73.38345869730728,1,1,5.300229301753994,0
46.71748537517248,4.468469334324292,94.86118438772269,3,0,5.638385109825547,1
52.96936870665546,5.205172667060085,86.15015467786378,3,3,4.570671766318015,1
50.00706585458685,53.06411386035501,15.0,2,2,5.280177812866657,1
45.51016095074124,33.26893341290904,121.051741323197,2,3,10.0,1
39.15801146249623,57.322880734693456,77.38199851552172,2,2,4.174642478608266,1
20.0684687978081,34.122667262946734,50.58752148767499,1,1,5.442687332241381,1
45.15541862959103,21.820899983450765,73.92819797477352,2,1,5.225022673460619,0
42.49225224595733,25.480805053414212,74.40474556256731,1,3,5.505656775511201,1
43.258946046344484,52.785077044791684,53.32878207621091,1,3,5.33752138224321,1
24.679017090156286,20.751924844896852,74.94791668355188,2,0,6.5584802024419995,1
27.02732151510085,24.017670910353743,54.81319280949232,2,2,2.5796497972164114,1
52.637834239994845,4.084026560413029,59.890950182749435,3,2,8.074342945064009,1
39.52533815372014,15.415303339600552,52.84302160612289,1,0,7.265165599284394,1
48.178008368471495,30.244327220914286,34.18321775650868,3,2,3.5142568278737305,1
40.339820513565535,7.584070726319653,73.6459117553846,1,3,1.4618454540951973,1
40.35707367394894,5.423166101563023,84.63248591290845,1,1,4.045855707717198,1
51.259405671711974,9.039005207407182,82.8720899019093,1,2,5.514667077145755,1
33.80746326139151,6.6339193952242965,90.49813131588085,2,3,10.0,1
41.1534493232918,5.807046647821199,78.1085052503717,1,2,7.086513929948547,1
34.45269653553949,13.275020834794468,56.68186254457741,2,1,2.384820701637085,1
34.78604527081221,57.221110962453324,90.99159661077972,3,1,4.620688990198112,1
36.28993451837633,16.97681038940717,36.062061503951625,2,2,5.893575127454033,1
42.665605259604554,4.9957653706622045,47.483215437187994,2,3,6.507367108596194,0
34.25501654003827,1.9222884213227136,45.894998214418884,3,1,3.370502279379154,1
55.06907350688225,28.589792276492318,97.00140147848276,2,2,5.730019544045877,1
29.264712373365953,11.581443758635846,93.5697128535019,2,2,4.564721724778918,1
37.75754027006369,41.400538586918536,82.18263092612487,1,2,3.792482874795367,1
34.7232273007099,25.856922716562337,96.79824663029493,3,3,6.519191293397908,1
57.3637346122448,38.17966961299975,48.017930439700294,2,2,7.547754346885645,0
42.358657318138896,7.617122684504926,78.7148779965245,1,2,7.682082553923239,1
52.38213447362362,28.29171619685797,66.8706392904209,1,1,7.1487727022677525,1
22.173275523556335,7.35862517120834,91.17205259712284,3,0,5.005260933719474,1
43.20460319043111,67.15211182442529,67.11939418619507,1,0,7.429099522927012,0
50.675569547481246,24.27912447177019,60.37642778974797,4,1,6.618108876208575,0
40.98740787130509,9.415670172860628,83.52271296402475,1,5,6.267883765904027,1
52.78576450078421,7.537014876392357,91.90422917978083,3,3,4.7766137565964035,0
33.79253859879553,5.084774839024696,53.29137012882995,1,4,5.006247745316943,1
56.912169282226955,28.470408258179532,68.4731082161906,2,1,6.147773872249108,0
67.586777483431,5.923585524900489,43.538984158958684,3,1,10.0,0
35.64593727472409,21.710815131099512,15.0,2,2,6.60248496018278,0
34.653969743190736,7.377320184218377,75.01149078534323,2,0,4.777622995499428,1
57.44061372541241,26.030820201880374,85.2226339063658,1,1,4.335221110061115,1
58.95486574876855,40.48976916695123,76.55167022716813,1,1,5.016466774687594,1
33.72567967416078,36.12459867441322,21.260957056140825,1,1,10.0,0
34.95775819484972,34.33607697903648,61.22876424808814,2,1,5.201486708108076,1
36.61858469367391,4.989915175966404,15.0,1,2,7.81374106922057,1
23.866593867588676,2.220899256121915,104.24252769135461,1,3,5.248143509057288,1
28.97617664218962,28.811400567772345,42.84863544704785,2,0,6.5223690825592575,0
27.950310798975185,11.025970193274695,101.3850902364974,2,1,7.583490548017444,0
30.78642921875046,13.589846391390854,93.64674109210364,2,2,4.856194300380152,1
39.583781351358624,1.0,47.48524118659846,1,1,4.717776691694461,1
42.81057679043825,7.212789376277939,41.68037621830638,1,2,9.31773938891066,0
58.606005913768925,1.0,78.75925540965845,3,1,7.969185789791593,1
28.01975151113451,50.724029374482946,48.89189907042322,1,3,7.581344637381457,0
51.81186878171901,6.693988391878694,72.5621160539552,3,3,7.574552586245828,0
37.43213386929389,19.558725692532093,57.92931022982704,3,2,6.919150976622131,0
39.40643548417081,1.0,25.471039638359166,3,0,10.0,0
48.097833905999245,26.379710630748196,15.0,1,1,6.087816603754313,1
26.527335741252415,9.36298558637593,75.66710621236493,3,3,7.154524734401839,1
44.58891695420861,54.76777187186322,55.96105634173436,3,1,3.098174142811975,1
41.99742649855667,52.56749335688979,56.17275457714669,2,1,4.350078626817519,1
45.90941516809779,9.443357437011263,87.39659597734463,1,1,3.598362000329919,1
43.470023726893814,55.49377233146831,99.33605691581113,1,2,8.548127167032298,1
69.46360167893073,120.0,63.18638196595477,1,2,0.8949196959585004,1
32.347120188984206,41.88833649461428,61.485032327253464,2,3,5.1953799544945545,1
33.62803653997819,44.72401180444872,82.5035758278471,2,1,0.012586794678754565,1
32.522313682902826,6.872670238102435,36.076610757510615,1,2,4.33742420903622,1
33.33427457007694,20.63231516425597,75.57882636869243,2,1,5.018102100536267,1
32.35135447232179,1.6709857741752263,83.79714929555385,1,2,8.769742187588088,1
54.26819837329062,2.3935118843533125,87.00575521044073,2,2,6.793255878442914,0
57.04605097587826,120.0,21.58118243743838,3,2,4.333716953342067,1
33.15104447500629,9.491377425830143,50.96611825477648,1,0,8.131927439463652,0
30.011733122749256,33.09735042309869,48.043418679413335,1,1,6.035664509059515,1
45.65698667663685,39.439946825558266,72.49717386023032,1,0,6.075133717414505,1
33.37332346862834,46.850210763439804,82.0186144941996,2,1,3.594656984456016,1
47.59518181306613,120.0,107.41776018614954,2,3,4.019972572193721,0
42.435076250215594,6.63378831351833,57.62586299079817,3,2,4.349805400108951,1
21.811070620033217,1.0,57.560687542269655,1,1,6.09292254630838,1
58.57006241596074,12.711703346193186,98.74180047196867,4,2,6.15577145396135,1
61.55053207714626,3.3445150937749535,77.41442346325763,1,2,9.088185327048091,1
32.646535714187365,1.0,101.69128777969934,2,2,6.7701103358756685,1
35.34758128076819,10.726901820607988,77.2182000752459,1,0,0.584868612655784,1
43.43038468869886,36.750379304593466,41.07208453216823,3,1,6.525283975743381,0
44.0134814798443,20.0430520992779,36.67179113055484,2,1,3.0999672876649345,1
47.902531272073965,9.002349099705993,31.21219377352677,2,1,4.068058150776928,1
64.1224544651962,25.495330750791997,86.55129586896183,3,1,4.37566105654734,0
37.87663327007141,6.335741241402118,99.7149205771752,1,0,4.673323352975396,0
30.420433065538553,1.0,116.23405353465952,1,0,3.249701215919394,1
23.448169263825672,34.690127912037845,91.077633308081,3,1,6.406964006904575,1
31.228839520696972,23.459594015735185,99.07096443837465,1,1,3.1783954298180817,1
39.60247632551444,34.48216670182612,55.49959168365788,1,0,6.713335214499693,1
61.53469436221345,1.0,41.08960458140358,2,3,10.0,1
33.78866441156595,43.553742256629604,91.25198331043883,2,2,3.3412818821318724,1
42.68545541966678,23.192111061935037,80.44201880598501,1,2,5.430979391321555,1
39.80292524712698,19.88945246578205,72.68610935852232,1,1,0.9530852749750602,1
54.26071928137701,23.515213854052462,79.68428701582475,1,0,5.398129414059734,0
70.32318911048347,47.95898680639728,78.07963706145514,2,2,7.285434305262967,0
33.62957472495615,21.219695056606675,102.09542149633904,3,0,7.441278462714534,1
34.126726689781336,20.874382583611656,102.37463962042389,4,1,6.154727460568194,1
52.52993052482886,112.21205305888927,83.60550880850867,2,1,7.778526849517951,0
48.182697875515736,33.92601667487279,91.1450718140732,1,2,10.0,0
62.1604879088324,14.014151720030142,82.8515638106194,3,1,9.4246093748752,0
47.00713822391157,29.49452490374923,58.470756699134526,2,0,4.954958141180726,0
35.688494910555285,11.832854281154606,88.9141168728285,1,2,3.097792027066523,1
47.08785796830771,6.237729388900187,35.13762327851846,3,0,5.187697166852393,1
53.30444296699489,21.802829602051947,96.34728880739708,3,2,4.106034468765303,1
49.84578617436837,63.20691609878962,40.13692650584912,2,2,6.902695095729265,0
46.08728837328757,63.529017740773476,77.14508216986832,2,0,3.6376129211410038,1
52.80009627506985,10.041753690486312,48.87115103934603,1,2,5.854355134819316,1
54.03154708534807,18.002236619689743,83.83472457686067,1,1,7.676028109072621,1
56.58590789245032,5.70708571650152,69.15186935180228,2,1,5.798608254365646,1
47.784518651075715,120.0,30.131101045916694,1,0,4.107372354504407,0
37.994583036197746,95.2689914957835,80.51749077546197,2,4,8.349628115171384,0
41.76056423719987,25.162081197266303,55.551980579182235,3,2,2.2420381104923455,1
54.47810759810028,39.16212968895783,92.02866802033422,3,3,5.344409888245074,1
30.196771948153167,30.13482248603491,70.03314221836018,2,2,5.91667995323733,1
44.424079706474814,21.583941928536436,79.88552463470096,3,3,6.031817316799263,1
35.27993425207167,1.315769433407219,46.06077612461971,3,2,6.360992112156162,1
40.34493787521781,14.556892290970845,55.266694214315955,2,0,7.220879639618986,0
55.341422351287584,26.95854674253916,58.53403409747288,1,2,5.929185121909298,1
42.29318881623884,27.16200420234319,91.41756200606389,1,1,5.263883435712638,1
40.55723857787378,11.208103707512349,111.93442719513723,1,1,5.184821310680609,1
23.681726308240968,68.20837787883715,49.870706206428096,1,3,4.776968395923291,1
48.95504279232665,4.395608131753403,96.921203616442,1,0,7.5750866486537305,1
47.7458101736929,16.652791956435355,15.758064556857448,1,3,4.706943041046971,1
65.95905667966552,28.17692621139537,40.14526497269277,2,2,7.693542218016489,1
36.30666118056399,28.667298677033244,46.030538595330626,3,1,6.037998164519742,1
42.62980393196727,25.102583303569727,36.18728276398194,1,2,4.957490386287741,1
42.992604204529066,7.7275497350744065,30.4102902553105,2,2,7.23681443148827,1
58.92943935716169,4.076341535302975,80.32497280344494,2,2,4.545092150553764,1
38.85645361135658,24.25049969981735,64.64830755680346,1,0,7.276368081456425,1
43.34825830924407,21.949141019055382,79.48513494012775,3,1,6.42545224238357,0
47.29475811659847,4.743981447517769,87.26181715303782,2,0,4.807350621816159,1
42.2393094778763,29.31004113164373,76.64042482931333,1,1,7.0572696306691185,1
34.64279662539366,14.574842766906702,86.44407940375935,3,3,7.093179451377278,1
42.32907991477969,26.44558704746916,68.26169284394327,1,1,8.315039211619915,0
52.883580998317264,43.59023138214697,40.32516529235639,2,3,7.932294024818592,0
27.681816407067277,4.464058493335228,96.4453545205199,1,0,6.982548041452565,1
41.595636089762515,1.0,55.27219668047182,3,1,3.7448180975824736,0
31.59855022072992,36.24136504970174,46.610092530939355,2,1,10.0,0
54.34055954709811,22.57999218526175,65.55205310489005,2,4,3.1927675778563795,1
21.721757142594704,28.866530181072026,47.179727017587176,1,4,7.8985263485646175,1
33.29293783274094,43.7067848964026,59.564240450264194,2,1,6.862567633772597,1
44.52654250077425,38.966214930708844,78.60134803908666,3,1,3.6517152550377707,1
58.786288350812086,77.81155707619659,78.70854348115317,2,3,5.7513981222430015,0
39.210996867124145,18.425539686630316,47.55424833935926,2,1,5.842494227510719,0
33.337605679681616,16.089579727862443,57.807365676281385,2,1,8.611165431621046,0
62.57388483328708,12.335421932986574,96.8583251192561,3,2,4.573378199439577,1
22.623833195005073,4.004898923055308,82.41000294334853,2,1,5.476109987151292,1
18.0,20.401244621307644,121.87662598371355,3,2,1.327860789957474,1
45.28017340063999,7.784721112622604,99.50320434353819,3,0,9.469525586247155,1
33.97534930776867,61.012981965624036,98.60732671399848,2,1,3.8590635139598577,1
27.74520619443144,21.003041426674734,35.303286238604954,1,1,6.65382172847835,1
48.50027736759224,21.565187849584383,89.09650879083557,2,0,5.797184340556272,0
42.925608565254386,10.521315939976176,68.67232995757723,3,1,5.80399806643332,1
33.23105643115926,1.2813490727800525,56.225454911543764,1,1,7.6197239697417505,1
24.636347215949268,1.0,74.20038351331321,2,0,9.34252492060727,1
50.469487939361734,13.211856487521741,93.63028836528709,3,3,6.502987339883983,1
47.80241413550393,2.120551916802164,82.52078977510529,1,2,7.310156035261052,1
38.809889634647405,22.405351603512617,48.0381549664485,2,2,6.657783073454082,1
62.15964395257199,51.08171923755479,88.56147283981551,1,2,8.035062847861253,1
27.15898280408617,51.47648508364354,54.060311448100904,1,1,5.074167241027346,1
21.693697948903136,25.8241434746258,75.41707797410716,3,2,8.150781108832827,1
31.69710316142507,5.69478793942443,62.41624831307165,1,2,8.220999731294768,0
39.452967803734026,47.7060293916989,64.52834370660936,1,3,8.16507401736582,1
42.9200733918723,52.13704259185258,89.15607437601274,3,1,4.679704265327048,0
37.10516730572404,5.255262168173062,43.995157004602554,1,3,5.663324731525618,1
44.22466475817156,32.093343805671374,118.62987685692332,4,1,6.47893397756087,1
24.98152690971467,8.102405785849625,24.472848267637595,4,2,3.2583159103419885,1
57.32517524887911,38.9454573460318,55.05830791862857,1,1,9.189840416172029,0
39.01418585928917,120.0,79.25529724854353,1,0,5.9754469329956486,1
53.407549979057535,1.0,84.60785416088275,2,2,6.567855775209443,1
44.11270415653245,54.63803302749676,67.48810698570738,2,2,4.8459911205455946,1
45.48103862984541,23.388733306981514,68.56523242496144,1,0,3.3462448812659544,1
46.837207362786444,87.02858068129626,80.26375213319041,2,3,4.791940229050458,1
45.37250272020778,15.012151728321452,64.223263063558,1,0,6.438408375267177,0
47.71267311841053,45.11654571188814,104.82953144837265,3,0,7.346857625507387,0
55.94983036158918,1.5462128166164244,90.98372785579005,1,2,6.32358308120544,1
42.35825403641764,9.801310813704816,91.82060877514087,1,4,6.693448032483901,1
48.508045091062144,1.6648272873965915,45.846081915739575,1,1,5.325947250637247,1
38.92317166855328,88.86479655833925,68.01528938985743,4,3,6.992497132490856,1
57.281406585393675,40.75503727417751,62.48835128198241,2,3,8.965665732771814,0
31.883292375288764,45.941967716811355,44.85996560776336,3,2,7.409578884877973,0
61.61128519492979,66.72144642703121,79.00410459864418,1,1,7.619083776505881,0
39.51810459226788,2.1346636724957015,56.55885605550459,1,3,6.588032798613262,1
22.83069877458342,11.690524289304525,86.38509574625593,1,4,2.9936898608007962,1
41.53725297892947,1.7684183125641848,43.24521092764171,2,2,3.9106669387375135,1
31.82738011030143,5.681442331320305,112.97601532104552,2,2,6.909751601327686,1
50.08772258786469,6.25299448743379,47.591683535198456,2,3,5.978121896079828,1
32.16851224837131,15.196684372079233,75.4825584300109,1,0,6.879685772945656,1
34.64579880142264,7.505833161589976,89.79648275970169,3,1,9.352846835688148,1
18.0,2.5547494077675195,55.73398924499718,1,1,7.452071998458667,1
34.57232416901108,4.399472481455081,91.31171608582376,4,1,8.517772411485643,0
18.0,3.823652061910904,39.2704100549896,1,2,6.18936277894146,1
20.99316611817132,86.75440399198183,106.30294247956401,2,4,4.38556864503112,1
49.12497587373157,34.180147303237305,70.35373162414396,1,2,5.884267681571318,1
49.42960190380999,82.43022746842298,55.08971480077801,2,2,4.390496372561724,1
45.10549074141958,13.904524455534034,62.52045568931414,2,0,9.116589913544896,0
28.396286282449445,7.829775186772501,90.22298173481798,2,4,7.580782153070939,1
39.42746372629624,38.42256257564328,55.388617703739044,2,2,7.041024993256559,0
39.95676953091318,9.47764732920644,51.266057764430556,2,1,8.471886404456207,1
26.099623729689487,8.53906648781109,64.46158506040655,2,0,1.9598871709535493,0
58.04077962120581,6.35099056771624,40.5759471807508,3,2,7.176275902685319,0
50.52834748690806,3.3334354763261205,115.5135976985454,1,4,3.3787084313912548,1
37.34842991404403,7.112083962149621,55.84013521963192,2,0,5.985488603068678,0
40.32263006793437,10.536019660107959,90.79041965451009,2,0,5.376584815065571,1
42.50059369537063,26.900163152378653,75.23675209119432,1,2,7.323473224193895,1
18.0,1.5505845255279391,45.38664873795079,2,0,6.456374577921911,1
37.033871409752834,5.672741646596196,69.85113226968177,1,1,8.690234347223576,1
31.816189024026418,39.73453511415357,89.6000694827687,1,2,4.796205678134773,1
27.980559881261016,3.813700898986389,65.29346662284233,1,1,7.418228779266568,1
36.626796485368544,10.068751067221418,99.8278236462757,1,1,6.324446433797664,1
61.572238322194266,47.998972368881816,95.5378848195466,2,0,2.729419459856895,1
47.690114335204115,4.03992639244077,92.97287136645824,2,0,4.162767082953935,1
33.14585212260644,2.072660732136951,58.50858069317508,4,0,5.700243932955663,1
46.8709933762739,15.904600404896197,43.00393880546282,2,0,8.224584899783455,0
56.79226523903203,8.64329702226694,54.66030986593014,1,2,6.927446115114229,1
51.095604194953225,19.89016783875052,74.90602351666801,3,5,3.6649983522385714,1
40.71556443904209,39.08749579615508,83.64466783830889,3,2,5.719367543905681,1
32.23675866753311,3.540303915233255,15.71071488098881,2,1,10.0,0
48.37867976336308,20.85999459687271,69.79716995970624,2,4,6.222446669681716,1
44.721824625061,16.90142024947663,73.95223063307961,4,0,5.345348849855209,0
50.74231864033278,3.7338467234725803,63.06139359211121,2,1,6.983479281512441,1
47.622061620183636,23.47589058604568,102.28184597539698,3,0,7.52678615916394,1
52.59463258383202,7.673042269709867,80.54450185627178,1,2,5.087663305039882,1
33.57717746127318,16.058570632679736,102.75479770202242,1,0,7.0051495487428745,1
55.80872878761191,2.0605099658425923,64.6009869912442,2,0,5.342221006658382,1
42.371195256308795,14.769988116143798,93.43693731267312,2,4,7.438655203658877,1
64.90313047150319,8.782832710913128,110.876659863188,3,3,6.339386315942567,1
31.729746182925187,41.474775867467564,102.79233623181653,4,2,6.963935654105784,1
60.83156563798299,1.4079945058948076,42.696460164281675,1,3,4.4816329076649914,1
42.374929401551775,13.015891288681733,63.65809806144048,1,1,4.357427231854281,1
32.18298395662662,14.718853919748085,61.370882363755086,3,1,7.890994609318789,0
34.19336999134814,30.98415065262808,82.23136337690819,2,0,5.841207237229012,1
36.155832301668156,20.495789269555853,87.15883887536333,1,0,6.570069484198723,1
45.089991356823,26.40601539883687,49.02768314935659,2,1,5.387209145826961,1
46.27402585642599,36.019309052160686,71.69596284792344,2,1,7.797453548027288,1
33.11559995273705,47.567364003788036,19.50181669609659,3,0,4.784380039940684,1
39.707744892868206,9.040708225575937,106.04862514504725,2,1,5.728797520198234,1
65.70724430334236,18.533748838017765,57.19064398308266,1,2,7.571985625406263,0
60.73051804120854,43.99817237375127,71.39659849611242,4,0,8.345935398328532,0
45.235884036088386,109.24167900685742,62.25875715029847,2,2,4.952481417946633,1
40.456041738018406,52.86994881297073,98.65068937533538,2,1,9.919367963911766,1
41.44037592061913,11.14481194081869,15.0,1,2,6.626483387387233,1
47.362215672765004,5.210877039564313,69.58474144185227,2,1,3.9141434763825247,1
27.726489217619132,16.131699814559415,67.35453106255756,1,2,6.738104097179936,1
36.91148155091986,32.48176649433768,58.65909031020793,1,0,5.234001571033085,1
19.976991113468927,16.28147225604333,113.15566364089082,2,1,6.868136974366354,1
44.79067747126335,15.841495152179775,47.81676352860572,1,1,5.914287504679324,1
47.76635127643289,43.71797540663676,89.29490443089153,2,4,6.14854738038029,0
34.201762452407515,10.763589994955876,78.90631971765208,1,1,4.176813246827708,0
58.887841159480395,47.15153573530662,101.53798131338789,2,2,7.98012246143272,1
25.290812043971904,12.533562289476032,53.32027288056237,1,1,3.6877452656979357,1
22.427501437482157,9.548253170085076,51.67577752190603,1,1,3.7824702091900098,1
42.693421822719664,14.52282781804111,97.40174768693497,1,1,6.734720698294973,1
52.565179631345856,34.49674436512814,80.63303270825276,3,3,9.20568849435594,1
60.207132297494425,3.232253364955514,31.376566333081037,3,1,5.294813805871185,1
34.49338884557272,5.24826140549338,56.51737463841824,1,1,7.401944645407932,0
52.94417000117555,72.60130829852514,79.65956634620153,3,0,8.14668035372709,0
39.537898365991516,4.6312315740233085,90.94410553866473,2,1,7.629368874588138,1
37.92847240071016,20.128768352961323,53.01923367017612,4,1,5.377583421652637,0
50.60391924984007,20.780872226357495,15.0,1,2,3.817906565611851,1
47.827874540961034,16.14260340754877,83.08057964342584,2,2,1.58490486865729,1
21.08329411618901,24.838083293343402,39.491982751400606,1,1,5.474319001075213,0
57.71848419671075,6.267354192444429,19.566530046939718,1,3,8.356174737124348,1
56.56109624976942,19.306593997990767,15.0,4,0,3.751668030476132,0
32.49324758188565,11.17178483347396,90.34952150494352,2,0,7.400419695037531,1
44.749642401248906,26.009410290587596,73.21543626012416,1,1,4.099694939896255,1
45.92836223539287,3.6539190629050973,64.3585904821937,1,3,6.212145152773677,1
43.12808518988689,20.30430382170151,104.72560907406904,2,1,7.415583228310036,1
33.396338153854956,4.917574684096777,85.93311707557682,2,4,4.681009126323144,1
31.94051958474338,7.838908946523391,110.4075010680479,1,0,6.340969361393828,1
39.69335114810266,5.923406968068134,35.181613195825086,4,1,5.169817326549342,1
54.07274823111238,4.846023551510817,69.13623440115092,1,2,7.410297317876354,1
46.52320185513319,41.92896384248438,29.58216562629964,1,0,6.470634336969274,0
35.55262801496673,8.075107953376529,64.26544170361332,3,0,6.113015348858535,1
49.26038452778013,62.8558300569729,63.78460365583307,1,0,9.116699920283956,0
18.0,84.09868167485237,85.66534093157676,1,0,7.324612284736604,0
53.785188404465245,20.32573681148433,71.13909702854745,2,0,4.619296267747422,1
19.123434654662805,3.703648089125487,85.5851784569979,3,1,5.828272198404476,0
35.650708703162415,11.262745914115957,87.58600332847236,1,2,5.848202429840678,1
26.563961264486274,38.35591272521489,123.87321693457855,3,3,6.160639145250424,1
24.463822291349132,10.98965549636804,62.11758361784689,3,3,10.0,0
53.92992144854223,2.1849181825008372,46.47443248334052,1,3,6.7417037854219934,1
34.3875855842573,19.52880236133499,76.15209038291022,2,2,1.9281948597904481,1
44.15804658076859,44.7626436779552,49.94299932151141,1,1,4.91440205656607,1
39.43695305344979,38.14258806940536,107.0490192109134,2,2,2.135255825008383,1
45.72448992667746,4.620507949248408,62.91954902636918,3,1,5.34040348590832,0
40.92186269272307,26.8098128025554,55.860590803150245,4,1,2.025379540547143,1
24.604093309737166,5.978593438762988,58.21710697122205,1,1,4.256819057863144,1
51.95520183336568,5.907983114681864,87.96043558679102,2,2,2.9585569407317602,1
34.07492100206425,49.729035929696586,66.05632541921287,2,1,6.768320355934955,0
21.321017216082986,6.8937785638111695,53.95832949674044,1,0,6.0010787252577575,1
34.86261806840905,7.332073338395772,111.63379794058827,1,0,6.605924614997463,1
58.00911748761173,1.0,48.59575398345625,1,2,5.790897222862947,1
50.20266090536192,49.089132798929334,70.88915185082485,2,0,3.2114044995911644,1
35.81617438710569,37.75394339675,86.30765379025576,2,1,7.02704273850947,0
35.80890754817885,23.689418686142083,29.21662223957317,1,1,9.844449120538906,0
36.14037938539141,33.29659157567514,82.00651253514812,3,2,6.818425157213094,1
64.92097580273008,3.9583660256791156,43.62230811298876,3,3,5.148150801364868,0
44.58322542677864,14.714075851802292,90.56956952085007,2,1,3.14386564778911,1
45.16049976629284,10.383855803624225,45.93372470202559,1,1,4.183866058480069,0
52.363401448382106,2.363264246260982,87.31922579622152,2,0,6.906079313144118,1
42.86546990831816,15.978861792991227,97.64582665736782,1,4,8.14623605359875,1
36.89149425015156,60.84041471294225,91.53591314082013,1,0,6.521732349443952,1
37.643801810980264,1.0,76.28291620595256,2,2,7.599774579411967,1
39.14078488703123,8.269201281692615,64.21747642675751,1,0,7.415356488054486,0
39.5533331618819,5.582746297993914,55.5895105916289,1,0,7.013068782771835,1
48.73155452364376,6.528028816726655,106.7758672704276,1,4,4.683052809477488,1
40.62335062968759,57.3768307772318,52.51261949580892,1,4,6.347847023950305,0
48.79168092658695,15.149798382184109,44.0733481607501,1,4,4.303244392235723,1
39.03140103869701,15.070087095869773,86.63422337582075,4,1,6.034857905916204,1
40.94362228379309,34.30842592569276,50.09657992033762,1,3,6.661727062133824,0
18.0,4.027629362695164,46.24841256334682,1,3,9.35756761477371,1
50.995932096429776,16.0319238501715,33.90989344575588,1,0,3.3805360512647358,1
44.15786171077591,13.490231480435739,57.92725401348706,3,0,6.963015261982611,1
51.976121318315826,21.80633112098176,67.93212440258768,2,3,8.96247318324719,1
18.0,120.0,76.07729319151747,1,1,7.517695531677592,1
65.06049645736873,35.214785363346564,93.78265610748709,3,4,7.665890885650083,0
38.324924462137915,12.174594572744303,83.17244809164484,1,2,7.175389803735625,1
53.2981938008502,42.183975341484185,65.2281945111705,1,0,8.596668979550834,0
27.52112887449363,4.492401416668033,65.045108090507,1,0,3.825043663775264,1
47.353286860750835,1.0,82.75393672287959,1,1,3.228146668059507,1
27.359013241916127,5.4892688119427095,101.81425407321424,1,1,5.987331719069488,1
32.51477247165034,9.9873409999754,73.15785498708,2,1,1.6776757928565802,1
62.968376246401434,17.14885944265345,58.271728644739774,1,1,8.461291608356023,1
37.71181119083984,22.91633834257712,45.17834997286136,2,0,8.441430390990883,1
42.609194478156674,57.952765195006364,33.86986838969436,1,1,5.1332988898309475,1
50.44081276826505,17.113247821433706,86.65674180108807,1,1,5.258458806678981,1
45.94818265567125,16.696841517502865,84.44946309098893,2,2,5.855305049698657,1
41.805026861722915,1.2371790461656473,84.43408812766654,3,0,6.104041300879239,1
44.379532029594706,1.0,66.7835138411986,1,3,6.254347838388571,1
68.84098702285931,19.226129216075254,105.17336864729377,2,3,7.116464213756606,1
39.308574435596974,13.837711122501556,57.89703763537956,1,0,5.654747293983044,1
42.41318856057961,43.85932818971552,93.88173093018014,1,2,7.886386606955588,1
52.60785275209135,4.203905856109428,69.03142762526143,1,5,6.891895554250606,1
53.2663111954958,1.0,54.79123088301656,1,2,4.786073108254729,1
54.24436366672456,14.306179956585066,84.81325768294403,1,0,8.670225335608194,0
47.664762664350214,6.5069915664929585,80.24090296709984,1,3,3.283486027755026,1
26.283941047234197,1.2212988948167707,78.92431898167315,3,0,5.815668378357047,1
59.60117838761315,30.948587330642056,72.03196055140496,1,1,7.933834802150936,0
26.243855283775744,2.839807382667607,69.05267295707922,2,2,4.553853790175711,1
43.631625582868395,22.495411741598392,129.70929982176096,1,0,6.619111293534303,1
30.948689799767706,7.919114813069976,99.60641612990432,2,1,7.086679193998096,0
39.23033984088409,4.573213991344139,88.07067237463781,2,2,4.278952264037522,1
43.94514892364177,11.463242681872027,72.7949789550847,1,1,5.85504456081193,1
43.856286585403275,38.80063316437988,95.17893001491673,1,0,5.68699233958158,1
45.063049050823416,11.94562363785013,82.9498694097863,2,1,4.896524296335414,1
59.364535228703765,33.345064958206954,70.65511881935089,3,3,10.0,1
45.44241161816776,3.2180955573871968,62.410891868352124,1,3,4.473787293109049,1
37.070120376512214,35.56317135165273,67.9770665584328,1,0,8.009860588135766,1
51.56904601946029,6.4898367857308035,15.0,3,5,5.2143979662377165,1
54.27364586709569,27.15169961882535,75.26502098244104,1,4,3.8267276222294364,1
25.26870621835609,20.020980999606284,57.78809799724101,2,2,6.205628486310138,0
47.168800838198294,63.5307780630835,109.81674995707209,1,0,7.298186768775001,0
48.414072907730784,11.757998687197528,70.48360177029386,1,1,7.841019150131357,1
36.429237959680094,1.642937234454724,40.275914511625956,2,0,9.124530221310138,1
56.50848175973943,1.0,68.75299614679706,2,1,10.0,1
38.19933295560968,42.08751484508221,43.846972873437394,1,1,6.501028407511194,1
41.50691744165851,17.853217859365458,81.83518539281167,2,3,4.673815652349225,1
37.92313810859356,35.8257633668442,77.27368410848713,3,1,6.905748653589782,1
40.18694857097761,6.411093053856744,93.9459907777067,2,0,5.467574099187017,1
26.844698957257577,10.157949774396545,50.227955207635866,1,1,7.851932259704459,1
22.719389408868466,1.0,70.85020240570367,2,2,3.4056714072685565,1
59.13406075869967,78.16554470032635,35.87445511433412,2,0,10.0,0
29.836463820180064,26.45334042749728,87.53736954811787,3,2,7.712096189551025,0
28.103291806524314,64.94708076963929,82.97177951100305,2,0,2.631991964407671,1
18.0,7.405449412829567,82.39512552568927,1,1,4.581942195370056,1
32.332459027725974,22.68884277028547,70.04047578392353,2,1,7.632162088227878,1
24.12292247911002,27.234183280350173,80.36932226971977,2,3,8.352688112342909,1
59.70418192163643,9.169573811155956,110.10847770771491,1,1,3.4555247455360734,1
52.11780507211161,45.230248029796684,62.87264357394965,2,1,7.426051700865898,0
31.742195857867316,70.5723476443562,73.46612959275211,1,2,2.1053202546761534,1
67.0292296641317,51.877538338497416,42.846842520464755,2,4,5.821328269057908,0
51.78118584389913,32.24379641723211,48.29347596004169,1,2,8.224093684206412,1
36.10202339789653,7.799735375918534,72.44533232733268,2,1,4.896968539794039,1
18.0,7.938026221648412,97.59833866754768,3,1,2.986155401723973,1
67.4913108710889,79.35896364029833,63.59297939371069,3,0,6.292429592755118,0
23.325130398836848,1.0,64.10208676719691,3,2,4.790562266729044,1
20.2552150365173,30.214968442183398,59.827868887390636,4,2,7.259116732131671,1
52.270845184115686,29.400315599218473,56.631083228891924,1,2,4.229347135563879,1
69.27702887607127,23.39248635879188,77.37428639272053,2,1,4.454726220693799,1
56.61127382212622,110.7867471700313,32.568558870533884,2,2,1.957995358247513,1
46.76690944062832,8.97098922445891,102.02348941666818,3,2,6.339889422102965,1
47.137052099983435,9.971347542096819,53.364442546763485,1,2,5.678190123446803,1
50.240986705363696,1.973506801077932,88.04758713595353,4,1,3.623230658519858,0
49.10714307744118,14.035864626239988,38.2500350651531,2,3,6.387597427534184,1
43.37429708763251,7.260552598058794,86.72100326365546,3,3,8.054140601288278,1
41.250413247422514,10.095840517745557,86.79861519536243,1,1,5.568864113162101,1
39.24888246520573,43.18123095008463,79.60505180014741,1,3,6.536333899643948,0
30.952424933599886,65.7803996076236,45.13928695500519,3,2,6.546622499170328,1
36.63189907759871,4.931209088748169,76.23870473995193,1,4,3.591340345642079,1
19.684518229655374,11.184620199092066,40.423595381640276,3,2,10.0,0
38.819924478463,63.3572530104978,63.680918622595364,1,3,5.058300339755432,1
28.13690671418899,1.531227627124112,95.73532752388314,2,1,7.312232403720541,1
26.75692819341075,2.3257928788893123,89.91754817676855,1,3,7.538430554458099,1
42.158729813841745,4.264356610945555,70.37957356351083,2,1,5.720809745768497,1
56.70402743613519,21.70545279288891,45.62983560192895,2,3,7.21359005011927,1
51.019799272027754,3.913792724545892,86.13969280435484,1,0,6.4916384436327785,1
21.153992756521877,82.66581959408106,70.48453094245063,1,0,3.164720485545188,0
28.12446236115595,14.205148442066129,15.0,1,1,5.335454597499823,1
51.289254255858594,16.70850525638374,89.56574565791296,2,2,4.774898195291876,1
28.210151277540284,6.797682922969126,69.3941791532577,2,1,5.076509917307746,1
37.3044022000357,15.280601106529847,100.0612811995768,2,0,3.3919936443267242,0
46.60062518829462,26.02689339353845,42.61823702892988,2,2,8.25286743349206,0
28.379866541636375,33.3843366976202,15.0,2,0,9.203985309226827,0
41.26450607375152,33.64530330319852,76.97709645862963,1,3,7.956005951996818,1
23.991694060981548,20.699807314513265,77.28909191704932,1,2,8.541058448294287,1
32.78358827258543,56.33188281020176,27.7332093098387,1,2,5.3107303259836875,1
43.837383209710445,40.81200689121995,45.53751135333484,4,1,4.7274863300279275,0
20.884075197619968,33.95740459492194,138.88044359299755,3,0,4.4428259063765765,1
45.28569685552479,1.373071693156964,62.35973464615492,1,0,7.288129845914446,1
39.764346412879824,1.0,88.2739744094054,2,1,6.4541261062882995,1
46.62987945300577,5.731799062327745,53.73350431579041,3,2,5.8455565768031486,1
42.68696960877594,26.14145395193595,17.742427528671087,2,4,8.590297088390686,1
56.36968515968613,12.711946722506543,65.74354383010237,1,3,6.8098827076306865,1
41.50269403177489,12.356258862723589,63.35988599284737,1,3,4.3226847249588305,1
34.84713350649697,51.821695468042435,60.00304403329071,2,2,4.63818234172861,1
41.46757003638741,54.22007534474149,67.13397911234019,4,1,7.363986598508291,0
46.51957634843666,57.571766595786556,76.60670679114091,2,0,8.083465705309195,1
40.58632084390845,9.040798464501187,66.24707621865484,1,2,7.103360464511939,0
40.48710029444659,28.19027141161157,38.399845801315905,1,0,9.793777495744163,0
31.576099746318935,7.606811659449427,82.15461978904847,3,4,9.270014331462837,1
32.04518898938862,5.075380685069126,21.26570611693942,3,2,6.882071669701526,1
23.168736738403677,4.898791075654348,18.74106356789499,2,0,4.322838681036996,0
60.994920918243274,10.049134045854467,88.4795123675392,2,0,3.3800249765364647,1
25.07364117530458,13.48906967169573,82.67550680338393,1,1,5.22523650997057,1
31.685137626449112,42.661340310994156,68.5651158731491,3,1,7.506426892832314,0
31.37911281316963,3.0650309219959126,35.1137873811232,3,2,9.653294158623876,0
50.7390925233333,31.86589610369301,52.30222648314812,1,0,6.834894068821599,1
36.46060386049567,18.19495074110567,63.4313313078374,2,0,8.337445588462472,1
54.972904872084804,8.150414510688183,30.102650785647164,1,1,5.509385027624395,1
31.918112509073577,16.293323751420644,51.52428354941918,1,2,7.2455382504551,1
43.347929946685625,8.558212557637102,86.308258454417,1,1,7.646713658954345,1
29.97583536088291,21.757038746412384,105.68263410723041,1,3,2.0408114482949435,1
65.74178953328067,13.653251618869739,59.514131183536236,1,1,5.173122395246979,0
25.748818971645846,4.3106847892395255,88.91220885790246,2,1,7.89940076855574,0
43.71784852272433,2.974992493653655,22.14849823531332,2,3,6.54893667127313,1
47.605322571185184,18.988598292945703,86.48628102784029,2,2,3.606969903698134,1
44.96558916941798,55.84827197394013,49.90128963181297,1,2,1.1397552485452875,1
37.7765480934675,10.116719758069808,77.68364041769925,1,1,5.268438509395987,0
38.44215160319889,31.692168531955836,63.80618954400727,2,3,5.856828614212242,1
40.52573766374932,25.79712481132738,103.01035024459586,1,2,4.232154100343309,1
38.235975980458136,64.36136457536973,48.139108791502046,1,2,6.286169874055989,0
51.566549401538914,41.286322323743676,85.69015743904578,3,2,7.012773494465789,0
66.52627601909622,20.06655177653762,63.01231341758666,2,1,7.3413743414524655,1
33.310098579906,25.682730045693468,66.0423630497584,3,2,1.2881621501353555,0
23.562364245051064,54.8778851950904,65.40365267101976,2,1,3.3714298043837596,1
38.94061541978494,12.240574068678914,48.85817238764717,1,0,5.390754703290529,1
70.95651205185183,9.496918861240623,69.64752585233322,2,2,7.144346262074927,1
30.35590518436323,1.0,68.43379444695447,1,1,6.978468027100071,1
59.669401665328806,42.044930368213855,76.03100621016823,2,4,6.943739895753351,1
60.132409768917285,38.744483425500434,72.11262864232157,1,2,5.233164116062136,1
33.35694109950406,2.6477344651170154,89.94986374030591,3,1,5.3447331253800785,1
46.8277969502233,20.64110391165311,93.08771540118421,1,0,4.543341463156518,1
59.54075947754246,14.966087358797726,43.734416954304976,3,0,7.536388256211696,0
35.45046710815016,3.0328202277433673,91.71931251476927,3,2,4.159022424520844,1
37.55703567877166,94.58029853370005,40.34158932225364,2,1,7.7000727903791395,0
33.01982903261627,5.800421561188777,84.69639720344338,2,1,6.415706476275292,1
27.822919231685596,1.670426556513907,85.49346961757172,2,2,5.909911043089693,0
32.20866945920791,21.68379461102902,22.2170777084374,3,0,4.686579200447067,1
25.31271679885292,32.22538047597745,72.32448116323525,2,4,3.2889162776717473,1
40.40900161911071,1.0,58.28759716599211,3,1,4.704694487243909,1
30.7603212272963,25.801082529840738,51.030868551615626,2,0,5.3399862627502275,1
42.80543094148897,18.237860260519593,103.77130826747513,3,2,1.261951376837497,1
21.32925224555647,2.61587759224052,53.65802148406453,2,0,5.605289689330672,1
43.97056278657348,4.545000635113398,49.840576772048756,2,0,7.8487147360520115,1
50.002347539307095,20.142484693305192,71.89237350012733,3,0,7.134435810867745,1
18.0,8.435640615046328,87.13974365746041,3,0,5.007588248516985,0
44.48867883817086,66.85743124761488,66.45878534974683,2,4,6.0938725968304555,1
54.7320279096795,40.987777929728466,99.1592636417313,1,2,4.887670861156001,1
25.484307775705535,98.60343210890882,83.27439154910226,2,4,6.297521466671392,1
60.07086864205244,7.21584910690522,15.544717006714244,4,1,9.080215647488064,0
45.02822811239254,83.93730794696157,56.763325912324795,3,2,7.936997605249752,1
31.539857730899094,13.542862759514037,55.95394751620752,3,1,7.041588611385506,0
39.33077106810753,10.247350686689135,81.98402383573556,1,0,5.014230175232563,1
46.69992295026067,1.2398708451241176,15.0,2,1,7.499876785889677,0
40.91206469694894,1.3010000818815715,133.72524271794305,2,2,2.626246097253894,1
46.46507190935643,28.264609006984895,83.27565237235525,3,2,5.495293036018219,0
28.951916883047605,14.696598709051656,73.72192009794227,1,2,7.1674228396479,1
42.03232988843293,6.164581632867632,99.53919291047866,3,1,7.480842428095503,1
23.035426037140237,22.844183660578523,128.59135132031562,2,1,7.339768980431482,1
38.6652872638156,6.996004235438752,91.76866611471007,1,2,6.589661378419389,0
29.153108302422524,20.685065410097547,93.72032741179049,1,0,5.608550041832234,1
31.173640688922802,10.681236802055578,73.26725061160955,1,0,7.0759519396529775,1
54.83311810252525,41.63352834911188,66.46185616582629,2,1,4.094277918827399,1
53.095721447131226,41.24816367015881,58.10511389987747,1,2,4.3106454734135005,1
47.30965745088612,15.5722564018027,49.34720020713645,1,3,6.123469352920593,1
26.892246823929053,10.369053095515598,52.824647507512566,3,2,6.346395285417495,1
36.203098603662376,10.807075316951575,36.23610089142542,1,1,2.348769642870707,1
54.5571723997502,39.32224042476286,68.10321373287442,1,2,6.910292761899037,1
41.700602963678854,9.546337479111637,27.88331056934033,2,1,7.545456755838787,1
67.83195447978034,5.628777014592842,74.77291310359277,2,3,5.845429525067409,1
44.71981407273246,2.123775881488356,69.09173479894146,3,1,10.0,0
42.30458939788038,15.087798295460226,73.6733824596672,2,0,4.634129787369628,1
36.29060242956999,15.792842075156315,56.94671074950019,3,1,5.2778256732262605,1
41.60249085738739,44.11865023470367,146.92150925451259,2,0,5.209866187745582,1
38.17036196343347,6.00121665573089,104.00289750450781,1,3,5.847624777417965,1
48.49730412026308,11.511261814336159,38.88643749788193,1,1,5.342550374067418,0
51.48042780153501,39.65700879279005,75.82170218567245,2,2,3.1863789107902565,1
30.568126473904606,41.64323981162776,54.79984642656691,1,1,4.906903407527049,1
24.025204557306665,11.652019542521035,44.63800683231465,2,4,5.804758608451848,1
18.0,14.749566591274045,36.498198221901625,2,0,8.457144164123996,0
46.095895922950525,8.673123018015286,80.80541726898134,1,0,10.0,1
26.759600725913515,64.7145846095497,52.965494123260655,1,2,8.67094779570131,1
18.0,3.0310411825936066,94.1956506006301,1,1,4.449241940654787,1
44.66294325437157,65.143466513807,94.84455536326098,2,2,4.608380778747669,1
69.91599420919349,27.63817281360002,104.34785963028624,2,1,5.681342844981298,1
39.92714906152128,18.200956728799518,48.69033084814741,2,1,9.569117777707172,1
50.0618892934197,1.0,81.88414026730025,1,0,5.6691518956362135,1
40.98195230257078,15.491838363532771,85.81135541605752,2,2,3.3449850189251387,1
38.81332416170629,12.571757670976073,58.145545622400874,3,1,4.99764572609393,1
51.028917795853225,4.219329778878498,50.70570106517812,1,0,7.514112003638834,1
36.51670546973618,25.639320933967298,110.23801664439932,2,2,7.379880553792174,0
43.20870776886284,85.09624170631291,75.68739689330134,4,2,5.5995666670166875,1
43.86037367435216,19.823220888845363,85.89919376779345,1,1,7.366829347120062,1
31.982914556283415,30.10561863659605,49.44809970430181,2,1,1.4536555949063361,1
51.90450819443827,1.7017415840716104,39.517888336945155,1,2,6.207658470065395,1
37.9004829196551,12.977107745832363,55.76375563769724,2,1,7.72137084273726,1
30.931058086085862,2.968891795119892,66.89946531525007,1,1,4.334273449690929,1
46.43811812284484,22.77127603939903,43.39449982956628,4,2,4.327322927007424,1
29.218384218507552,66.92227286170998,69.75387978374043,2,0,2.2671036944730494,1
40.33817388842954,26.017248081192633,27.7873702982875,3,3,9.179791189621389,1
39.89057204026956,1.917904443218956,41.99881443825319,2,2,4.559692045956867,1
53.030746789978934,10.51170202555927,86.77278120692188,2,1,6.482086555724224,1
45.696378794559436,19.19959105008719,85.09476300694735,2,3,7.207834082966749,1
39.69967649505827,12.38846943309282,60.20308086532834,3,5,9.024135898282907,1
49.813195590403446,43.04700651855136,44.555892273076175,4,1,5.692204452028729,0
56.682490588207756,40.454944329172335,44.314911211849726,2,1,4.921140412443163,0
46.69372367622235,22.711548455284756,60.66829385146715,3,2,6.346135297141107,0
40.12423143812057,11.220945125166676,86.11296229113228,2,2,8.568160553084574,1
24.257965211798087,7.075744103285505,93.20614228360812,2,0,5.659654937198432,0
27.21863604309553,2.685814320848664,57.58670661295078,2,0,4.090261836831847,1
36.337303547743986,10.520312268321797,41.162689350380404,1,4,2.9184843833692753,1
32.685853574088604,12.792585570856794,76.69609094665833,1,1,3.5574052307895494,1
37.75634436417465,27.035169240599586,49.41162573435376,1,0,7.728782994813329,1
40.67979909876529,25.76188736775003,57.04368402846994,2,0,5.358751047386377,1
46.35631305228077,1.7444874907183472,103.13190226092594,1,2,4.784958180158579,1
39.15401466329091,12.070932801184972,90.6778857141442,2,2,4.568065553632115,1
45.83801972591442,4.814943490507012,73.94935780628629,4,3,6.170091720400364,1
40.773692977721446,4.093588062813625,38.20202497218193,1,1,5.521089812468833,1
18.0,42.149081801271265,75.28491418676647,2,2,5.453735712561495,1
28.72797527417495,1.0276561111443494,96.56643226968816,1,2,8.698647855621479,1
38.27094933134062,13.039663974398074,60.60915835586161,1,2,9.076032563723267,1
25.48366308590671,4.420023520550829,103.77785224966789,3,0,2.779956654182007,1
47.19914475995445,50.752740461748466,102.31863223795517,2,1,6.655185462285916,1
58.36900998812437,19.542647164970738,111.59332080358683,3,2,4.446275802757215,1
54.6251422203678,6.315825787201948,77.63107816328382,1,0,5.503497772277813,1
37.438685548837505,16.752325838731398,84.6847924951503,2,0,6.618556770253389,1
57.88871364219942,31.556485547351883,105.35468220827724,1,3,5.574560166138161,1
41.78400948642534,76.14958443825606,81.18484842672439,1,2,6.4609197612552665,1
35.95496834658353,5.976799755678809,57.46914730524468,1,2,7.345940412063835,1
32.639168037508725,52.15566229214798,58.786429086803466,1,1,6.58915360108064,1
36.37036376214246,65.34525542308953,75.96387384434348,1,1,4.706327391664753,1
35.34187817750525,59.56698089000855,37.73596445134453,1,0,4.741600786059353,1
42.04499466850585,24.215851068816377,66.41852711589519,4,3,3.120589406763929,1
41.92688777259838,23.850424152900754,97.41367795575634,1,1,4.292159404958563,1
40.03655224184097,12.388585133959984,15.218653720867977,1,0,9.924136723797057,0
45.2432580369562,33.5023724475757,108.36205254486288,1,3,4.415992851809511,1
54.28775529743609,18.18671068613436,98.059355467579,2,1,3.6132423751123603,1
51.394649625295884,27.155043215570053,58.50588460423809,1,2,6.639855723689546,1
22.181224378601158,13.426011345665785,83.58477069679523,3,1,5.7792704814162805,1
18.0,31.557388699695267,70.07869317265816,4,0,5.6088135263015495,0
51.21183893487128,41.75889495342491,100.74975921096708,1,2,8.81809193282418,1
23.597455619014948,3.8000413159125004,94.56707856924854,2,0,7.09825335111673,0
37.3028151772878,42.944176566699824,34.99823192042477,1,1,4.940014136593049,1
25.958643687287687,18.65216716060309,84.68156033660442,2,1,5.15104816481644,1
18.376234749039764,44.69224935443841,64.8593036589188,2,1,4.99482697218863,1
46.49755273845746,13.545725402344406,72.0708142629525,1,1,7.749479243160514,1
49.10986192363176,11.435745432657324,51.79570247575461,1,1,5.383704741093725,1
33.081875191279366,59.179650673712615,113.70342672802089,2,0,2.413692995091699,0
18.0,6.941815497388859,96.0015454975644,2,5,5.903360642531311,1
33.44506662097021,44.62227020020755,51.50572090067582,1,0,2.925947997744142,1
44.70164806483056,15.880521203991448,36.63473482724419,2,0,10.0,0
22.253061174710453,17.321833397227326,60.3581842255538,2,3,4.068664172305538,1
42.20031903734987,8.852310234935594,80.86256615228264,3,1,5.676270469284539,0
39.81628180992406,20.425682427049566,76.00514609865557,1,3,6.516405469402274,1
46.95149799521306,9.440532490559685,101.32832061920608,3,2,5.42268367864154,1
41.43496442096984,1.0,89.7479930545213,2,2,5.419939197067615,1
28.323172709421335,7.618855561236275,94.23922564382266,1,1,6.843654572321754,1
54.358858019973894,1.0,78.17138501526094,2,2,9.052431917592557,0
38.09764512367636,91.99130304368458,35.26753174472525,2,0,7.535018163634595,0
39.672345525880814,80.97569405940345,65.10753672132746,3,1,8.957027757147085,0
28.800784491121647,12.066805054528555,96.50224349771663,1,0,3.906761783812996,1
34.68061298570188,31.27962187396045,68.71192678688385,2,1,6.634725266510722,0
29.38236743167719,10.184435660571376,82.57725921559367,1,0,6.310492104116559,1
37.924647280918926,26.687537293174515,62.03129211884667,4,1,6.702182583353469,0
60.54050176170812,39.28712411364822,44.254703786453874,1,1,8.752463941271145,0
23.537186284823726,70.38899405964474,66.91639839884724,4,3,5.558421700415892,1
20.637263225479106,12.268307506759568,77.72618607581634,3,0,5.188993266891824,1
57.654043929923304,36.701569499556406,53.60780701346391,1,0,7.067961594837328,0
37.48811587417761,7.419570633972626,64.10721887858328,3,2,2.443594544868305,1
31.971127136081,111.33516574151011,46.513418950350434,4,1,5.526295901755644,1
52.47885624875292,1.0,97.98112293910239,1,4,5.731604621429094,1
32.73261352315763,22.203645420094695,62.63860606029915,2,0,4.159282767386149,0
61.912116562563234,25.856585299315483,106.31888862815458,2,1,8.114118022713154,1
48.13511045607123,27.957554834335212,108.2186962635227,1,2,3.8755193653134317,1
34.14506310225157,3.0785735752801484,67.97385088195641,1,4,5.728253903272408,1
65.88769855918605,66.94086013413678,44.788781686316256,1,3,6.586314450645936,0
32.73142092395994,4.797480098792778,17.852553056666572,1,1,8.706903122952237,1
48.905144464111686,23.396548861296907,33.19907317433021,2,1,5.978887130238293,0
43.591510964877905,6.045555093649983,35.6541293775335,1,2,7.872307188256421,1
55.62089547278558,8.808902847334018,104.46174068653761,3,0,7.401190794554255,1
58.73813436072223,18.97604628347455,72.89561468067365,2,1,6.246915112338285,0
40.3840497887892,12.957597886543002,79.74011310229969,1,0,3.820973183453089,1
30.9589855558458,4.190927899390411,15.0,2,1,3.1308382781913022,1
45.5196657152694,4.499001858506118,40.050839269568456,2,0,6.213010802838373,0
31.867415562974728,12.996807338708049,92.17699441115718,4,4,4.914606252194773,0
64.16064697031948,33.9806168129695,77.16935280956466,1,1,7.838522183362583,1
41.63842397299285,54.778462229234954,66.31986803286007,1,5,7.491713036197155,1
35.616141384254696,2.109079039190626,84.12105896500306,3,1,5.6307780111259005,1
42.216163670378904,11.985544433200017,110.89494515339538,3,0,3.6845741521174613,1
23.834484525643642,2.5352016352499196,64.47393841157374,2,2,7.021471099214547,1
28.34063153787218,1.0,71.73424506645173,3,1,3.9641011077296993,1
54.404966895333104,26.01305831516735,74.81492296828263,1,2,4.48307215413827,1
32.11726865234325,22.13839591090926,129.80274088184981,2,3,4.0411685235696915,1
27.437068207816726,4.270897076458491,17.516093389524357,1,2,5.722997956120093,1
46.439833030327435,6.391891100830696,87.08057536972021,1,0,8.340384668141123,1
54.228449855955965,1.0,67.12994378102341,3,1,5.989918259552943,1
48.6274397279808,43.23575737850723,84.16929315460449,1,2,5.113562615144609,1
51.9525722296698,88.2379021110101,53.56568615013189,2,0,2.9487701399095116,0
30.91845893716647,3.493372071047781,68.77587422853874,3,0,7.104249169459686,0
22.938271999097875,6.318779130680993,87.78526448663737,1,4,4.439190788142745,1
58.01600382346584,48.673455195053215,147.82275502609602,4,1,6.235035238316193,1
36.12784193389437,62.639458781037966,90.20090473505178,4,2,5.2915627681667186,1
36.990003802539434,13.058038518805903,48.79836004923729,2,2,7.676354439198875,0
55.938329702188696,1.2467698347501601,59.40600794943242,1,0,5.685527215942896,1
46.67476011280792,1.0,58.66464729040365,1,2,5.882147290953897,1
45.47065326497929,20.47675810447496,25.108920684249625,2,3,6.9714942949109195,1
65.98002813881301,11.977288808852666,61.747745207464064,1,2,10.0,1
32.27778123543828,1.0,88.32072704554362,1,2,7.7768938607171085,1
51.13408153697485,21.006587946474376,38.144197023080125,4,0,5.822787787302781,1
40.68415749876502,1.0,96.2120662762648,1,0,6.006395981230577,1
43.223107346359086,37.15706213261243,82.19437052710845,2,3,4.9502810793511305,1
58.34162111695038,8.781772244933574,51.644166950724056,1,1,4.100008592960609,1
46.09402907547548,1.0,66.46175906655381,2,1,4.894498425867356,1
46.459552948595594,21.302092813715234,109.95804519102583,3,1,4.4557020725761145,1
52.87008804771763,12.167369820397468,88.33869533764664,1,2,7.3067367675917705,1
35.620567245485375,87.4082794879196,70.21959137245369,1,3,3.857610284262028,1
29.929483991931924,18.85675746676627,64.0579170759754,2,2,8.666421122760088,1
27.462289671747598,7.725926002480332,71.91522676129149,2,1,7.504092767237659,1
18.0,29.662590625610868,57.20591105144241,2,0,6.041003458735337,1
64.67448555928387,7.602160210288843,17.38126235702463,1,0,6.000637222930137,1
26.7614996113398,56.30267015393184,121.05444776336827,1,1,4.8854373807708935,1
37.34495651697074,11.269413143345151,73.88312497998504,4,2,6.540168822695528,1
36.67824040133295,19.157175747505942,79.95368162806344,3,2,8.176184926417179,1
43.68888037370921,1.2455218466354965,68.55230625307728,2,2,4.593687075488372,1
49.78884655047156,13.328090901994862,51.6220799818853,3,0,2.933215822162539,1
50.32568186031695,42.862981699309444,65.35188797628074,2,3,7.406436509713488,1
33.003070737172735,39.31412339691654,30.015130945142218,2,2,6.648731948487601,0
37.99453943456306,6.09632056966452,126.9271624513326,1,3,3.759602397117641,1
43.3909594058596,6.150853668944741,39.1372000394401,2,1,4.533217258171764,1
37.01570648579744,40.79853341218448,44.200842903820515,2,2,4.281791451899719,1
59.28814691223991,63.959232316386895,58.99351989033999,1,1,4.550935461931502,1
45.89169941965902,2.4052613487300825,102.20189312130944,2,2,5.352634491917625,1
48.81853343259781,14.35064696587735,70.36272498156636,3,1,5.466905391438505,1
47.95457522400895,9.87997705485256,39.09660509923844,2,2,4.69841268986308,1
54.0816862898239,49.092737094033374,101.35845901893349,2,0,4.483672361000144,1
42.17225870444448,2.093289519971233,88.27501566963704,3,0,5.542431312161237,1
24.43801662452984,5.691566253392666,83.46087393041131,1,2,6.335383069719122,1
44.7962554210317,33.50920262909146,87.89335602927102,2,0,5.367406927270311,0
32.18371727449805,1.2637480554090004,129.85904751456127,3,0,8.317334046682603,1
33.65659981900292,16.27987886855106,124.62737237590281,2,2,7.0161754288415725,1
47.03636822506112,14.00611568214648,52.832116424917615,1,1,2.8183082862826083,1
54.85939685720363,9.769635859054501,110.59712482027881,1,6,7.0474555308277065,1
40.25525892083274,12.043683692905866,79.57920474397251,3,1,7.211087965171165,0
43.70599615118756,18.11750835553115,82.47739540344374,2,1,5.130530063751618,1
60.426579335622854,4.22358050563964,27.693229208916783,3,0,3.009604825393689,1
42.88903815386282,20.366938878436525,65.7403558652951,2,1,6.016133518822272,1
71.22019737016474,39.28740612233756,49.67941024158588,2,1,5.984582697035512,1
46.78611574757853,34.266890912292,90.70147037233274,3,4,3.7567075269336105,1
18.87084689013019,4.010822649837335,96.77701251007012,2,0,3.097561567480129,1
49.04009945325439,3.879272215625093,18.137841224592215,1,1,5.824892907093121,1
44.573900618593335,7.4931120167636465,69.44912839989324,2,0,5.533845615898356,1
55.47703304899295,10.751226577767742,98.04653761985631,3,1,5.165469269355213,1
48.0781762152395,12.600444085293457,65.33302594216387,1,1,5.833178530506877,1
38.338528192194715,27.32372479572363,88.22659112505912,1,0,3.7944472523593618,1
25.308421164527612,1.4004040685131014,78.7791366906771,1,0,5.130358774267772,1
37.4917209125677,1.0,78.54150579881566,3,0,7.066650061228695,1
29.793754549488398,11.938399377911374,63.217125548292564,1,2,5.300059839297423,0
33.03371860234333,28.669508580793945,39.58547989660726,2,1,2.656055056414896,0
47.062940853047316,5.159309152957054,41.96174631437431,2,1,5.054615444552857,0
60.03885405221688,24.620138856912632,87.73381286138293,2,2,3.859683072986279,0
44.73605835787578,7.2209489693335875,70.48645638797208,2,4,6.534272592923461,1
25.649403255577788,52.13549895529026,66.53719388481939,1,2,6.637674806760851,1
45.33523201864169,54.24930023973894,59.402748941941184,2,0,2.682450749827938,0
54.359577839747814,8.467368278106695,62.37027886298121,3,1,7.518025941164378,0
32.68260514816741,6.272559658350148,96.17279486220349,3,1,3.775627397442883,1
38.391793999924985,12.71628744367207,61.61889795329933,1,4,9.118364580964702,1
40.176258336750365,6.6032770708408925,36.473382167460784,3,0,5.902447470998767,1
30.58122024301312,26.78190263563061,88.59129438850434,2,1,3.5072130029216755,1
47.77936520612631,41.97772317987301,64.87808340338206,3,1,3.716027858614637,1
38.54862221670662,26.833845448525928,70.78489663831941,2,2,6.6961905835746895,0
45.03438932688433,41.742346716638394,110.18945765998777,2,1,5.217400220203245,0
29.3500938663748,12.139802024204867,69.48598606623732,3,5,5.806692180763719,1
34.75050039611907,4.079481903301429,77.22959182796814,3,2,9.225560465394079,1
48.668576293933256,32.14136565772542,40.52691271754187,2,0,4.60151187154185,0
35.52600217489879,10.728691005494248,64.50826369122599,1,1,6.119925715391413,0
60.72356621480086,26.700505060829656,85.23815113021503,1,2,8.839688974746107,1
35.20436577262477,7.574237914403893,31.11565665396894,1,1,6.5410269509328005,1
42.69621670902263,2.0332575000945186,75.02112732789274,1,1,2.786794529283988,1
51.19108998247708,117.69163753362099,72.51977681612016,1,1,7.010778023464273,1
22.979611204803618,4.0761975927504395,71.03218638968599,3,0,3.6739942844331117,1
18.87029425623069,107.00547948045067,95.92897246645609,1,0,8.813615057465931,0
21.692124225158864,90.82816121058008,78.36096287121303,2,0,4.354264790004044,1
55.15100924112619,37.89591621748503,106.9517974589111,1,3,10.0,1
33.377702249290635,25.850734310184635,45.16026211014909,1,0,8.934751976655356,1
70.69839142801902,20.69502822118382,73.3981141804587,1,1,4.406774860744043,0
33.22902881611134,48.25616562323802,72.11166965974869,1,2,6.040027610003221,0
42.21461563836444,8.200829140661089,43.268637656123,3,1,7.507288563266927,0
58.50531943081451,15.132305866833814,93.90737505228365,3,1,7.567320948453416,1
64.07311465790947,23.18351927223012,128.11683264632046,1,1,6.884672519952394,1
64.73804291963677,12.711660868917622,69.57484813790423,2,1,8.50431807393222,0
54.50039476711771,13.385253188543064,82.62552720684417,2,1,5.754062106731261,1
52.28875030973755,9.621660810039824,72.11296189538318,3,2,5.266564662847934,1
47.110323390414194,19.935476800166263,52.1603832523206,3,2,5.306272024150779,1
49.34033291399965,45.62298061446393,24.480993054949593,2,1,7.716746463944254,1
33.3857714040576,5.401340426457262,52.35566292261587,2,1,6.730362080605293,1
30.181613398932313,65.39240038644603,35.201040476206714,3,2,6.582567331380512,1
39.959506511068575,28.03786203307776,112.60255195147795,1,1,7.590468498514364,1
37.95778452970086,41.59560752184375,67.12225765191903,2,2,1.89789518429229,1
34.5612634080727,19.496647121080574,61.352016773820736,3,1,6.620137647750301,1
48.356649369480586,36.28639992920887,92.22884561969515,2,3,6.437137777747432,1
51.46366250284613,1.0,41.9562224286028,2,2,9.33761616260141,1
41.06088263550217,40.94018461343917,50.82839904988619,2,1,2.942824035472666,1
57.73036097266314,1.0,71.70180673121553,1,2,9.114373264753516,0
26.29973063039794,52.955705651641466,95.71922478558702,2,4,6.150818257849331,1
37.676086488643385,115.76803081275435,82.54212612921971,2,0,6.97797906132009,0
31.39813215276634,8.357654437099164,76.20812856289706,2,3,9.351837575218752,1
18.0,5.667015615534984,71.95294338090041,2,1,7.121522536011146,1
39.00783176988761,34.79321257601181,80.00589638816938,3,3,6.800736578925122,1
38.539029899400596,7.001408561931772,75.04132262823137,1,0,6.4845823716046365,1
58.161396918905574,48.15972007062233,44.25069313057661,2,0,5.033043730011246,1
47.56974021465733,2.6045747945755817,71.15198054082879,2,1,5.943021750979214,1
27.70975810804954,3.2309674059994493,43.15778352705618,2,4,4.5689744677545026,1
62.24911079601026,92.89142204832856,72.02706357252059,1,2,5.910866201149036,1
54.65240434630424,26.888732222276094,57.98380146279396,2,3,1.3281386058898068,1
46.98517244162339,45.03793281300902,133.48454056957155,3,2,6.858079135135097,1
37.28219081380202,9.409189590821624,69.0026404062072,2,4,5.756525492432749,1
28.486729159318244,27.08414239156012,34.89401084346028,3,5,5.327592526666471,1
35.533518687147364,21.64795033453642,66.64549473307689,4,2,6.439516167880287,0
53.064983436450234,22.18073294727259,82.9839686409472,1,1,3.1328721540691187,1
62.61503567121531,27.537112815364747,111.83409865381309,1,2,9.858539993242566,0
58.51892233926627,20.556277934692368,55.26369000153204,4,2,5.7944650770248005,0
34.13380693856471,13.451407283826653,30.439300649409,4,1,5.708311134055621,0
26.564590800531867,7.748570797897563,90.42092528577453,1,3,4.069207579734155,1
41.690634962934446,35.12464292695202,35.48503235250872,1,2,6.047892764898522,1
18.77872761324578,6.156850658377612,59.09611396231287,1,3,8.77391978054656,1
43.87801257021738,28.29135606768046,63.55948786222515,4,0,8.071832418864068,1
38.22876896441598,6.376859990967686,68.25916366749729,1,1,7.708875502281112,1
34.407561977581096,23.56104225720459,87.2291114268584,2,1,7.092797903334543,1
20.863563192798456,32.99220466455242,52.909142942840305,3,1,5.282914944874781,1
46.163201278836596,5.923532563202614,63.15676869583098,1,1,3.099673665926596,1
33.607589924057066,1.4835620953081956,69.64324117626529,2,0,5.59792245626673,1
25.960997971476544,3.3691665354392946,73.7399489379697,1,1,5.5282570709326455,0
18.0,22.353520138371984,72.44567936769806,3,3,8.097588879342482,1
39.66982113939236,45.44246768090612,80.9001443805645,1,4,6.618780884919641,1
61.26701916003693,1.1049746389836614,91.09598774104343,2,1,9.224623055807097,1
59.93511057457444,31.795866598869633,79.8158528912742,2,0,8.394977080076348,1
34.514844920964734,10.020369382373215,81.33963808773046,1,1,5.087008780991809,1
32.773455275658634,15.62640975921062,30.444420831338057,1,0,2.4097416067602633,1
45.62529107290028,63.43438043413808,71.25569247914201,2,1,8.771150467882961,0
28.019374729740502,9.682186770581529,81.98768870004021,1,2,8.718770446461487,1
43.62150279783359,15.026844325133922,88.22352986426125,3,3,3.267576818195548,1
49.19296334061629,1.0,52.69123064415514,3,2,9.018480039655001,0
54.723198686611696,2.042900632676438,53.524018127783876,2,0,6.764234341185036,0
38.798151082240565,7.180887514945195,55.64748311791004,2,0,6.321370996251306,0
37.55591499787641,1.0,83.41034749728358,2,1,9.229566508494655,1
29.46420895892127,23.95143111229355,95.84702637310522,3,1,8.68937034646123,0
30.07743575152168,13.339682999749726,59.81349731770996,2,4,7.3026619039904075,1
37.28225329718168,19.065465497607015,92.69905784067622,1,1,6.946434131623966,1
44.408386081794134,4.606663934547351,73.08699522911485,1,2,7.232788581060718,0
50.963015514799,8.421129081334628,66.89285557093909,2,0,5.199885132234948,1
30.361852591835863,26.16292461956909,64.71539425455077,2,3,5.889797100535358,0
57.91226282751426,80.66625806158817,88.66528411505394,2,1,4.195365690810915,0
36.74651678748918,1.2415703928835145,78.13944541967675,1,1,5.3339204485221625,1
39.743592467818765,53.05859656344283,126.89563569119093,2,2,5.266732242662134,1
31.03345985022612,20.642454993653274,48.6943839250669,1,3,4.729389260756671,1
18.0,19.91828574549927,82.9525425507494,1,0,6.273493005296926,0
50.6085447563326,16.64890574872413,56.76997475471218,2,3,5.3520382985988455,1
48.8421267651092,1.7260652267774703,48.26782532528391,1,4,7.004469440703948,1
36.62406931458144,2.2602086607541474,69.7283215741257,2,5,2.7553587734124694,1
40.803888606698465,22.045760381082072,73.43381198517591,1,0,5.773290411785401,1
46.191270612449195,10.0072531356528,142.9543388765023,2,0,6.263103280354992,0
21.249449717361486,59.811590778829185,65.39635460791995,2,0,5.378741520326239,0
33.651367871844464,12.524894994569907,41.74553176288291,1,0,5.655214600381537,0
49.53117615546192,3.7115001012166493,76.82526793735964,1,1,2.8295079785402852,1
24.948526921969005,30.102720862021833,18.133999061340795,3,1,6.712954209338984,1
43.52269518599955,8.33339104693675,67.70108043489336,2,0,7.295211965134141,0
23.721018344519138,17.890346068562053,70.40063205737901,2,0,6.987074588407534,1
45.597159789202315,28.722593386967894,89.86500957363029,1,2,8.077454118884365,1
39.572302212430195,55.32551277370306,94.34055623569617,2,3,6.403059211565004,1
20.618418209133885,37.707283866883394,57.410759527307064,2,3,6.9573623613018745,1
53.97687225348606,27.07504299882239,66.23464963425168,2,0,6.312181476913705,1
31.184901078423408,27.318927232299032,50.846979234733226,2,4,7.375101439184988,1
30.276970755827428,70.01704138341933,41.798436129807655,1,2,2.845540727735756,1
42.40683036677132,8.417450220568343,77.74736948451586,1,1,4.212838064043979,1
53.783648193144586,1.0,38.16036128508502,3,0,9.173799314066182,0
27.810138172259236,7.617403543783948,59.63432748570342,3,2,1.0791283558075895,1
40.740158198175656,5.898279536389816,45.12065100251907,1,1,5.719644140349312,1
45.145798003966874,26.021282641416956,83.7420796572565,2,2,8.344549919216137,1
48.31726728715773,24.10402265016846,115.0357524816622,1,3,5.813478668916471,1
42.1172986633267,21.60183252024153,37.46030042991672,1,2,5.189977857098605,0
35.595665931000134,1.0,23.67453792756077,1,4,6.258843353630601,1
30.068917352215365,31.31562734454066,66.87782786624831,1,2,5.293759639995107,1
41.0337265965565,9.380826912347633,70.39244489894396,2,0,6.061698985513878,1
27.134331856172718,26.251005419715625,75.46648266893244,2,2,4.63323792695974,1
18.0,19.51762398684451,58.84198711914138,1,0,8.217348839911448,0
45.23871764989201,10.071883056056024,64.98401752936421,1,3,8.846529842131321,0
50.84721809303434,3.468864657005578,79.18776026351506,3,0,5.733219355776755,1
18.0,2.3802825434136157,96.01077231612098,1,1,3.2270211586175135,1
27.88323154348075,42.74228008708873,21.123780742042932,2,0,4.9523136593732096,0
47.429851132062375,60.14150150198846,60.77651402421344,1,2,5.632022679794072,1
64.68994563654039,25.181201450765514,75.34521984852658,2,0,7.011077753806417,1
40.2495244921049,2.6204039310341782,47.0505973847316,1,1,3.983973553658644,1
31.263964705250388,12.3410409421992,113.2792407941825,1,0,4.461675362715699,1
37.80524270674192,31.329891105851768,54.114752994281574,1,1,7.021352275717614,0
56.49851702977821,36.31953360697366,68.96768282481793,1,3,7.8778176640791155,1
32.24842985050557,3.019466994690974,83.90055242105727,2,2,4.756811909658632,1
30.409695920196956,1.0,55.21788027995264,2,0,3.333565892098008,1
34.20707773381561,29.88649838046284,23.835673804889574,1,1,10.0,0
28.56005670089545,10.583585297949162,59.28363682708667,1,2,7.566608474177427,1
41.472043791937544,7.048202488000248,95.73601389817601,2,1,5.465992476465937,0
59.496141501634725,1.0,61.577621830371534,2,1,7.738062551061679,0
43.87695127739235,18.652317256325986,48.83914246352553,4,1,5.751086740571155,1
36.97175797448455,45.7157071740307,93.14180523756804,2,0,7.734313778200373,0
36.498264773013474,75.87248567456938,61.730627599423684,2,1,6.318786395552444,0
21.241710295640114,20.01895790627987,57.24597965874457,2,0,6.182543796335146,0
50.59731732576591,17.33991215813462,73.73640224158274,3,0,5.772836263538423,1
39.06595363584638,2.133428138182323,89.26875524046969,3,2,3.1052373330738203,1
37.834241036912495,19.10414262608073,129.54283829331365,1,1,9.87618979878628,0
75.0,11.472049389794405,90.68090269143558,1,2,4.116932159464513,1
43.58503490038824,22.422958860939953,98.9959991597086,1,2,3.279952847378811,1
30.978507398857786,11.813053062268294,57.35084502530361,2,1,5.574280234487265,1
34.88370884553348,6.595932159921475,44.35329735076309,2,2,4.077056372978987,1
53.781348510361056,2.3947671865181066,71.55828374047807,2,0,5.8965744188794575,0
41.35924492645317,9.077217331501405,72.6792478814899,1,0,7.3755276971235375,1
22.7406642601916,2.4393476492019133,43.03718146588507,2,5,7.990605801058446,1
51.03074721490244,4.672172988189367,65.61763675239968,3,0,7.629461443243363,0
31.982270973532074,104.85610748534137,79.98294004297827,1,0,5.38873589042864,1
62.47957331461055,14.092158132193173,79.009834875452,2,1,6.099183655323172,1
52.96057678857578,18.216312417650418,82.60719633460681,2,0,6.815758101794982,1
34.632137252094985,49.64280950700835,77.27411825343607,3,0,2.484425152115855,0
55.372196340821354,120.0,57.32478351824861,3,0,7.141169400239719,0
40.81426612632884,20.97562842672342,57.15248433377892,2,1,3.085401424832337,1
50.23328410146664,40.17208373328093,40.0262150501531,2,2,10.0,1
45.8167938075337,9.502135732231165,114.61937597962736,3,0,5.190969830716609,0
29.843720140109518,8.757946778883955,70.33625911548232,2,1,5.630249645610817,0
32.27740201219046,12.36820821490781,64.3786736051287,1,1,4.460585801524289,1
52.35952981097394,26.790945606131263,46.780197963688536,3,2,4.74005993628862,1
35.98269601472151,27.51136498455446,143.39144755819444,1,1,10.0,0
35.15621844109604,9.088464994976725,43.16679919442761,1,1,7.880739377246595,1
28.538529047807764,3.4310030052226663,59.278801859848166,3,3,2.9015951097043233,1
45.08318878712153,24.017992916043028,80.39592090715152,2,1,9.008425801370459,1
64.75029903091774,3.2961508820447842,85.00532414360694,2,0,8.386484550282862,0
27.189605028948726,20.73402546306702,93.94830138039211,1,0,5.437575075423423,0
40.2906334800731,28.37480370105558,115.19021269423158,1,0,6.6133938840596755,1
56.94664666498515,28.94431694027751,82.6539413865178,1,2,5.970111841157851,1
39.04430330505142,33.6067236134163,43.59923000083331,1,5,9.945159808893864,1
45.42846155499681,49.49908530956276,63.57637187195546,2,4,4.407419622015819,0
27.25127766223744,16.63356402846375,77.69580931284712,1,1,6.2920212195514535,0
45.13968516649178,31.446160087778658,121.7056510376456,2,0,5.143709338014391,1
37.754268819945416,23.16982512777511,35.05486303939257,1,3,3.1339191907642916,1
51.82875994815836,4.957953335962038,100.06441263063068,4,3,10.0,0
54.248632618777016,1.0,74.49785923866042,1,2,3.6368668417951753,1
71.07476370422336,8.035956558611538,90.94576338073702,1,0,6.440258374975552,0
46.95559807856291,14.046013318968798,67.4501320841017,1,1,2.518598787239329,1
43.909555798986,23.039926688983485,48.93918424684184,2,1,5.201858921513813,1
42.332611618928034,45.52437339975218,88.7718194850333,2,2,6.843937642866915,1
35.76200448627174,5.243080183381062,86.36077567764053,2,4,4.350532040995274,1
44.06180612154029,3.2198381140779473,94.30142414349305,2,1,7.17360370147131,1
36.45518307833164,79.43745083963947,69.66738411553412,1,1,5.461917816223835,0
42.02153171523537,2.744138450585968,55.00444941700377,2,1,8.320165024797227,1
55.811170427295515,15.624693149082422,31.03032512440396,2,2,8.723521826680447,1
27.921489216644307,21.140065555774594,90.48433170348517,1,2,4.826510478539976,1
53.67854273354855,18.708507207271822,80.59723706109965,1,3,6.153465718785914,1
55.80538080807838,2.159037381511327,45.85543417840102,1,0,6.3669084529444655,1
38.583177676107056,1.409220902087097,56.535658167584394,1,0,7.238698590869397,1
18.0,2.675324377231476,58.331029701213986,2,3,6.028763992488532,1
32.70613615486681,21.141452834253197,32.92538920043955,1,0,6.380421918685684,1
55.56393455873331,18.86445811590972,49.55794008487166,1,2,5.513187050409761,0
39.725583252413415,6.38963459726711,41.65424107984114,1,1,6.230479733944037,0
28.00837321246107,24.37169625980131,59.688024702801584,4,1,8.595880387070265,0
33.94270094526139,41.16416423631764,51.53256254176093,3,1,7.292166482423709,1
50.08744031805463,1.019234362714421,29.324876978331282,1,1,7.402511278886738,1
46.56080281841655,16.545937067702795,120.56475576423703,1,0,7.4461406482711565,1
37.13281480996367,28.05506339762381,101.31351827573077,1,2,5.692382444237929,1
35.598107058223746,6.978465666757409,50.52451446200036,2,3,6.637654087159061,1
35.298902211474136,8.828119594516863,76.81053491634025,1,3,3.8296526433285107,1
28.93107778601797,22.823526577867174,80.43662724553238,2,1,8.537615312633914,1
59.3845082736333,54.771558931870885,99.77714636933692,2,2,0.43407913531355913,1
36.13215436946392,39.84800395293113,49.53487433349804,3,2,5.82570321532915,1
54.60590224990596,20.999553167275927,97.30266959956066,1,2,8.281791954300548,1
58.25579262306942,31.443716021109402,56.302367394826625,3,1,3.272264132741317,1
51.97973077777552,10.892417872492778,36.60343989578467,3,3,6.799559835233702,1
34.82055624738342,24.584084954271475,88.10341398286243,1,1,4.638467106841946,1
44.84476108403931,15.06478934750831,102.2689606030607,1,1,5.262393469622262,1
39.709652723309006,5.055412573058724,134.6977243382671,1,1,7.891881921278875,1
29.15557767123846,29.034813656529117,40.00686837274466,1,1,6.3961138517703,1
43.89231138065924,19.51146588019967,87.47299212701972,1,3,1.9312882642312745,1
25.851522506082368,10.659255371670032,59.754968905161675,2,1,4.047148920536803,0
54.252152661538766,58.150495549645655,89.58396776310079,2,3,7.950671469777519,1
34.42459243241928,1.0,33.23776121921873,3,4,6.897885436385995,1
42.41391587047407,9.1071783869599,38.4307556075359,1,1,9.496271145048569,0
43.399454458553706,1.4055175938629085,50.6031294208379,4,2,9.365295188026595,1
36.89314031555107,34.91256467223445,71.9741011417021,1,0,5.315509739706417,0
47.040325617703296,29.064538602656306,53.972968336541115,3,3,10.0,0
34.301156120529704,9.659948229637681,86.47635859783549,1,1,6.0489593397038215,1
50.45556756948693,27.023325090486303,95.67236545644786,1,2,4.074662931181949,1
23.848243837039018,12.097851751404697,84.9894385311339,3,1,4.732720268178845,0
41.516554954556945,33.87906537068953,110.4696909915217,1,2,1.4865497894211623,1
63.26714798869942,14.531345723132937,80.39566573638358,2,1,9.214038016498563,0
27.996024104733102,12.756100125183881,39.57758224149582,2,4,9.189523978087728,0
31.86706035370178,65.5013153168225,104.08441283845849,2,1,3.968985122373358,1
46.16689419590698,6.932517434994114,54.87109410985006,2,1,5.544231423236188,0
42.15498138327518,3.0802041999387453,92.76046249213925,2,1,6.191215088225155,1
44.20756119128271,21.08103437826288,109.34335541387766,1,2,4.0792938957157725,1
45.87024556177196,83.62088099443672,81.41720026825998,2,0,2.489795937457677,1
47.616657622741236,11.389361299611219,32.59602967088376,3,1,5.579284792446177,0
53.31639810347468,1.5370685850743606,47.04469583725521,1,2,5.357841141081506,1
44.91782388314215,9.947120935071858,103.06861167212838,1,1,5.22317751802245,1
37.10490814457749,16.92195407481769,65.77193285892959,2,1,6.445432125201929,0
48.070884414432776,4.239487324640262,71.98933837355415,2,3,8.859039317051984,1
62.798583218742586,25.75784327520327,88.97061040409024,2,1,5.393814560616548,0
38.408395043409115,120.0,87.40807155200808,1,1,6.340885997442726,1
28.305648343952303,14.42411270909022,76.96999530963652,2,1,7.453741047489872,0
53.284968031443675,10.514021002485581,64.78329071948835,1,4,7.108285853025498,1
38.555426032556824,12.287998185070112,62.183288856691064,2,0,4.771152951104316,1
18.0,2.935987702673636,91.44747063228357,3,2,6.192754246228072,1
50.16906012580506,51.550141353902035,83.83923827669483,1,4,7.095079640338106,1
33.576061768552925,12.860290833624223,63.56749998455526,2,0,3.7432973249784447,1
38.91360061235007,11.756114315859412,97.05280782482852,4,2,8.527078021593017,1
43.98376396682818,25.869578737842616,66.7741471217554,2,1,8.863177810428223,0
42.2859961573488,14.002949100872407,48.70844564164017,3,0,4.5544394891110125,0
48.51342180566847,25.074902090384235,51.02573252741638,2,1,6.3873400366963375,0
34.77416355316188,1.5219646826577384,45.53147909225585,3,0,7.284556513342063,1
46.157269578112995,40.33253546421147,63.18974958490782,1,1,4.908771687342495,1
36.885439868993,67.72428968604947,100.84310695840483,1,1,6.963227691376189,1
48.86572577065004,25.111220719346207,49.87262047423728,1,0,6.326511252584331,0
47.38440980815664,74.19583175348214,74.71189402545258,2,2,3.0641636447223983,1
28.774735575464856,3.940930237540363,53.58276635931467,3,0,6.918322631957116,1
53.03178539410039,15.575277722350272,63.492273968214064,1,3,3.7997151674579284,1
33.56843865863142,22.099627162991627,32.2489697003687,2,1,7.878405703324095,1
49.69669357937374,20.91945635400392,64.48654427108656,2,2,4.657577849732222,0
44.40744776081609,12.318357476446984,65.15736550487595,2,1,5.67742913267771,1
62.05820412154147,9.902813706488324,83.50719860089238,1,0,8.74455782689315,1
37.31840821153777,3.254835974929076,75.58202283138426,2,0,6.99276329305769,1
35.80819844658163,11.931765255856348,40.04019687619887,1,0,3.8410521608509094,0
39.76696472934721,4.26062524217134,97.10495610108856,1,2,3.9701668584018326,1
36.3618426059887,31.81523135171679,75.25757600554988,4,4,4.80139442275255,1
49.5993028233046,5.621846373608679,74.95983792943717,1,4,6.789288166713332,1
20.604272698760944,1.448407111486421,69.77044116537152,1,1,6.716599629865536,1
27.355810970243752,19.290711663105224,57.0560638194445,3,1,4.313795390674262,1
27.186364941049682,21.70645473840653,75.44505849371815,1,2,3.665581028771282,1
51.40369110368291,49.321104884984095,81.88971089821456,2,2,6.563166810171668,1
60.527360470983105,20.64815115405321,26.32760771636113,1,3,5.636279868419676,1
38.74660937755034,10.172506578545434,56.530979066347605,1,3,10.0,0
37.974139321719875,38.99068474510457,63.626325739910264,1,2,6.073207313126158,1
40.84062595735818,18.651246309712604,76.40426514235695,1,1,9.628505655400549,0
53.94253963129829,1.9823907710818527,99.83277514817814,2,3,3.65923280379132,1
28.871762389713112,20.024795353790484,50.70647963508044,2,2,2.8535741208765857,1
42.86042779281742,57.268039270162895,57.55095382955395,2,0,3.759829734948931,1
51.70237155738916,12.112771366289085,57.18664723383625,3,3,8.378259562906933,1
46.013130039278145,8.434555601578554,49.96181024738646,1,2,9.512203179387068,0
42.27497939918492,3.716767239111082,61.320337622193435,2,3,4.435641092094732,1
52.0125531108057,3.9413037893992025,89.27005549969928,2,1,5.078867940480885,1
18.0,13.60783273428763,43.654112615891364,3,1,3.6620381795750006,1
48.13450383437089,21.733156810634,80.69535987882259,1,1,2.3767203057632256,1
32.151091802470916,2.0172180342616812,27.452444249541614,2,0,7.43682339555326,0
18.032405237722518,67.34991023922942,55.96655008894485,3,0,6.446040605924326,0
46.134431194299765,33.769022268889174,61.762767494550346,1,3,6.020975965347751,0
56.483902541955494,21.201539781401728,111.87149182285162,3,0,3.19988692567324,1
38.3506178244677,42.30754733872513,63.1299423811828,1,1,9.279913363657322,0
51.43449456643526,2.006031025933012,15.0,2,4,4.9932865239010535,1
59.347339095863745,15.548778940655671,20.02777732846875,3,2,7.067252849632951,1
55.77897344300857,23.868095981877246,70.85073965866702,2,1,3.090877189510551,1
59.67957435245671,42.337535782450175,85.34427139474772,2,3,5.618949620759925,1
48.9055298928627,36.720579388525195,79.38639644068132,1,2,6.582748912477168,1
40.90520366681911,7.786604219529144,74.18925264502475,3,1,6.654150436106615,1
20.776410257233977,67.87653288954712,99.05648993764167,2,0,6.30929708647325,1
37.04725014244062,3.186817491653433,56.51021948157171,1,0,6.9890449840975455,1
29.8810408562057,49.932265497179394,92.37276390067063,2,3,3.7389590879340777,1
66.05131260997376,84.92162904388239,29.19962787433957,2,3,6.39474521087932,1
37.88937025081196,4.679655280349825,47.376304176548345,1,1,6.227515366960555,1
41.47845768141383,30.728924029281885,24.823965126704593,1,3,6.463345368390121,1
46.61782451248561,1.0,63.12886748325519,1,1,6.144690434638363,1
40.52322935646944,12.477714156960271,68.84346956834143,2,1,3.453574452173205,1
60.34061248516903,17.430140941396033,72.85253730566299,2,4,3.3644004957820526,1
32.52820765918658,20.856912026779817,71.54708382217838,2,1,1.5714636282308971,1
42.335289462846916,65.94941231708515,46.8111667297068,3,2,7.6350690196905955,0
31.09035297162342,26.772150080351654,65.2439788896696,3,1,7.655315019470398,0
24.15972986535153,15.753290178175625,32.56383328485629,2,1,7.68710058244424,1
32.65877090913658,39.81653597608907,104.08072437830626,1,2,6.613579924922903,1
39.55555843541906,72.15470109374644,62.40934817754997,2,2,1.7337615645637783,1
34.84837330579288,1.0,57.77784702390772,2,1,3.946579016429468,1
31.69094824151373,97.12249667831611,109.72350821110207,2,2,6.340830835186224,1
23.124190435937994,2.161662966223301,38.94383666126927,2,1,6.271036005583591,1
39.00273312845566,40.418165490691294,41.86032214920077,1,1,5.554503573695958,1
21.943355511627974,7.895258620478176,42.59449187828587,3,1,6.737834405816494,1
49.12067156427523,3.402493553376164,68.30321545751295,1,2,6.023303415370491,1
40.98927703521404,13.909457813971372,80.79079074093994,2,1,6.2415409311027235,1
22.509382006420832,24.784862105371133,88.49188670294583,1,1,4.721869334335968,1
36.28949107540164,11.509733148742834,134.2998829373742,3,1,7.964021972243181,1
30.974123132913,1.3466537229155646,15.0,1,2,5.138456782639232,1
43.830094125030165,21.958667702748873,85.21838972811042,1,1,3.3387018339587473,1
56.08540535227773,55.845872468020744,56.07173568569422,1,2,4.458001974362543,0
18.0,11.597648865820274,55.339621277780665,1,0,5.30306761727604,1
41.38031294976901,5.8504994401133015,54.50569679365306,1,3,7.988005576737693,1
38.078406453200316,14.026356536927167,47.28075822980067,2,1,5.915464003130414,1
48.05608091740559,1.1897115789636448,112.1131208650863,2,2,5.627703562068702,1
42.55835953885227,41.22026174891851,91.05743317534757,1,0,3.5026731504747453,1
30.97636801913417,42.01585401884672,70.57989946393437,1,0,7.570965179659153,0
36.17135277200058,21.28159330709852,103.77539381217501,3,2,4.696095691953229,1
30.44768971835813,10.453632522270967,32.18677586752811,2,1,5.799944282117329,1
52.91208566318318,38.60052770104275,36.732371716726846,2,0,8.96036615376373,0
40.25573978406331,19.415470294649378,15.550806695132806,2,1,7.017526662098609,1
62.81428822903609,41.95946457837423,52.51463649691782,1,3,2.7434919045696513,1
39.27207023422455,23.956865972733137,74.04246316761882,1,2,2.4609795272950556,1
31.499118797074445,36.82453982948868,72.57146444830835,1,0,5.871379099761508,1
21.835427288646073,21.90491166225348,73.733547776497,3,1,3.57451877025039,1
18.36232388492866,12.832229979093086,34.723579223347954,4,0,7.297093495265996,0
20.990368683934122,76.05113859436675,90.07886856535055,2,2,6.084526129929959,0
43.2055198121378,18.6948740198479,75.99068795597495,1,0,6.330769538047726,0
46.1047002787592,22.29830805556439,88.32635703664997,1,2,4.586513636715294,1
21.025711575614398,5.9780816049857375,22.680945560248702,1,2,9.482767310573411,1
50.74045976891338,23.581588778455544,77.78727146994474,2,1,10.0,0
34.203267379798724,20.34517911609294,40.305869002061826,1,2,5.442830552486571,0
41.76151614382659,4.904853616068382,60.066918686215956,3,1,6.706078496830002,0
59.34664753906509,1.4744698086899173,83.35912246590958,1,0,6.194834686128625,1
50.762071790386386,22.25397246376421,72.27734015639783,3,1,5.4806262731178625,1
36.77763222513001,34.62288911811891,48.71150050551703,3,3,4.335859064534406,0
29.305693295016553,17.785934178818202,70.15682890461046,3,1,3.8300640250390456,0
18.0,6.172371069045937,31.711617118908926,2,2,3.7288054689489516,1
31.37016016909096,26.356279510279425,98.7566848974574,2,0,6.810480051098291,0
37.46643713406767,2.003916858497158,64.86789951259372,2,0,4.96065104359273,1
28.153845674185792,13.994360182363295,97.96374860638315,2,4,0.8434142997189396,1
38.42491639489234,4.280867678386728,56.836707822598925,2,2,6.8897164411966445,1
40.92222259550522,4.8936874773386885,56.91060028983543,4,2,5.923477435071688,0
37.301728218303055,5.424362561607985,50.89533033405384,2,3,8.693346002802292,1
32.19996903011848,11.733901754201472,91.90434829232689,3,2,6.746244794182019,1
42.02385606360073,1.2601144964885624,52.2642210667881,3,1,3.0426528073794055,0
45.30328779483291,12.171714507498223,86.1148858103794,1,3,1.5406467185400379,1
26.91521107068585,17.20417341926608,60.438690058267746,1,1,4.561055231324126,1
56.93118855695524,15.846762794598163,20.600917502709507,2,0,4.749785158612695,0
38.81694241258886,11.58087355138527,55.74214830533835,2,1,7.886318402000334,0
40.22619547533817,43.85428651173956,40.52229464092879,3,2,5.982258135420853,1
48.49857307907868,3.7688635070653547,70.84756809205844,2,2,8.267376996197019,1
42.798593575162016,16.91054570773844,40.23980660813774,2,2,3.3503338885947307,1
51.43763960695894,1.5371876517277692,93.14937751786542,2,0,7.930528768760896,1
43.44548998242189,1.771539145054119,67.72310349117431,1,0,7.441978306861839,1
32.65075150431475,20.47202581018198,65.56010013103153,2,2,1.9635317771376073,0
44.33804230247322,20.03407678659571,86.39730344468957,3,2,8.645235682521545,0
26.27528551215206,50.4962152183429,94.09767335189656,1,3,6.186916983532705,1
41.30271646931828,19.587831265533953,69.4975312057587,2,2,6.784089007737012,0
39.60124011226647,77.12795844690054,50.71999251126773,2,2,4.270207775143154,1
37.502597712729525,1.1980894429900621,25.650759597196767,1,2,8.550494025843944,0
38.45754986273283,2.4755826880411105,52.8487560741205,1,1,3.6282953415222603,1
18.0,1.0815902678401212,54.56969383380096,4,1,7.664184036747892,0
33.41530110710846,4.917766010664493,72.67643632480741,1,2,7.641214951817343,1
41.11413881369338,18.703049259342258,61.37132797154932,1,0,4.051665143655556,1
41.91827670396881,24.89401364371607,87.19832430128571,1,4,9.966747198845148,0
27.667898308888503,1.119764571215145,54.675418218232764,2,0,6.463056960435038,0
55.18849409037641,70.03757521762292,68.57397082867645,2,1,7.307785220542049,1
29.605901821425988,44.30897956262098,99.59968607992224,2,3,2.9457584093284885,1
51.63348640632084,8.444335309451034,78.54563034887417,1,1,10.0,0
45.126332342460216,1.9279017551668542,68.49906145778588,3,0,3.5508861195498205,1
32.245272281874364,4.468644746009743,54.95138895162057,1,0,8.04977286553186,0
61.303730711314145,3.2581452598760947,54.169215082125575,1,2,4.010456564136609,1
25.67635801892224,3.157726045474414,48.73466867620131,2,0,4.762022394304635,1
51.029850083320014,17.543452167301744,56.47482835542752,1,2,7.5775080877708945,1
52.00698781651574,6.771854412713026,88.89164596860786,3,0,8.055105427350314,1
31.952557491080263,10.641231023251269,64.45279321769328,3,4,3.457431501771796,1
56.70958360077195,109.36531421348681,36.25567326546922,1,0,8.180944338113989,0
36.999441824812564,27.672192451722694,114.20423232649458,3,1,8.089960990266388,1
43.464323551358284,71.41321537391426,77.99912977862908,3,3,4.124093182310215,1
43.12386206525465,3.6912013322028256,34.826414987170764,3,2,9.19729518718222,1
38.388295102353425,11.555820826248693,58.95377681897941,1,2,3.086284743503924,1
49.72969927791738,19.41788373856773,72.77215957071044,2,2,4.750454834444769,1
49.521864646626554,1.9167349767149906,112.61480233243444,1,2,6.958005248183977,1
19.01761632114183,1.0,42.297188543528264,3,1,4.292867430594788,1
55.65208291453783,26.639511706700716,94.40101798389867,1,0,6.5276381713586815,1
20.050096143571906,24.64123863854592,104.98716067430857,2,1,6.48215215760659,1
52.39055445209989,12.69529446527965,54.28364237313575,1,1,5.625851460154559,1
53.520461641931,16.143525757021727,63.06215952849416,1,1,7.664801077181119,1
26.908402837417622,12.885623630168947,44.09226881565574,2,1,5.543278414684722,1
35.07022854454498,1.0,64.91347147299238,3,1,6.4630821376276115,1
26.731543978168773,9.804652820610844,69.08525064142673,2,1,8.292943754975806,0
37.420947636535175,4.677576698513002,86.49124995205926,3,3,7.5813724200516805,1
36.3035885897711,2.486667496791062,97.25458677551117,1,2,7.572034581628417,1
49.355926387232074,75.3617920719356,51.29759838445882,2,6,3.7016407955664397,1
55.7237049534353,21.952591781140367,20.81687339435014,2,4,7.049585151002644,1
56.74820572947947,31.304854509492188,69.46888051809395,1,1,4.243002418060991,1
33.253983681060376,9.092822251777793,77.33843824921601,2,1,3.4371700404439474,1
37.489337515065664,11.987253726411126,76.23544219212604,2,1,5.856587307430063,1
19.798741693348596,6.489543308271629,61.8331688122739,2,2,4.191409626696821,1
30.329559202045736,2.4478730313163473,73.11880249159836,2,1,7.581235437679954,1
51.57821959716949,4.734496932572047,107.88612020880619,2,7,7.6290709193906485,1
59.38699388257878,38.330034103916226,79.54335422406274,1,0,2.194747527137116,1
25.187813537440935,27.163060425872377,60.66578937492289,1,3,4.34339492084622,1
32.89042889016527,19.000947820050754,57.495054572600104,2,1,3.0804266561640024,1
39.68313091649288,15.468677218979309,65.75369105805673,1,1,5.074741446814219,1
43.36193390583528,61.359113978580666,110.918499045766,1,1,6.910351339737649,0
30.284757760940245,1.8123799094066606,65.41748226184507,2,1,5.515423803643223,1
45.08873253356908,7.904133075849375,69.5051413869823,2,1,4.820481518665729,1
34.31392783514901,10.336495458517907,57.94216072659243,1,1,8.600353053626279,0
39.82657274946065,36.6051694401107,97.47458393604911,2,1,1.390285654807423,1
46.55541097604439,117.47528438002783,118.99593136861688,2,0,8.47374378703645,0
40.07706723773126,6.607667793078876,81.26532623578471,1,2,4.911423413689029,1
34.763369313681174,49.773972274684695,72.06932259463565,3,1,5.843781979774421,1
38.68468235289003,42.61504475742382,70.91957082935588,2,1,4.945273324559783,1
38.93964448953598,6.106806714068528,15.0,2,0,9.085776211078237,0
35.55986764141447,12.233133015657035,88.62877160712043,2,1,3.538043006389481,1
36.89444724799477,12.649882485879209,73.35416039989609,1,0,6.023472739443871,1
59.183766046056604,91.84305255514562,80.70855126651813,2,3,7.054877303719993,1
46.731033375294864,4.788941166970464,52.21344514790738,1,4,2.777994464229665,1
36.454236183650075,38.52567853966002,60.38857802557271,3,1,4.160203659107693,1
48.36345285412882,9.762120262437483,59.72437658742068,3,0,5.703642933003541,0
35.99416612292788,31.501488708863825,95.54057460182597,2,1,4.2266699306312505,1
54.0774956510397,13.073907565085204,60.53100408492267,1,2,4.3688164575617,1
44.43570630637713,20.726468346739686,122.06650805274495,1,0,5.300274673847126,1
38.71237427194925,42.898546893663436,80.77156047537594,1,0,7.299162663292346,0
45.37260310972333,39.13165670480515,38.10793350010671,2,2,5.314564446243711,1
21.14948617517801,48.31388549823238,66.78634266870108,1,2,8.156852388945893,0
26.478790373082337,1.475241260734132,53.708121946089605,2,2,4.004484434681291,0
25.672899923211336,28.267671425419746,15.140438254499394,1,1,3.496155479053095,1
41.71531713716448,3.6193970786831886,109.98677350284473,4,2,9.852690811442269,1
60.7901799938211,12.901048156820735,87.5785635555001,1,2,4.684083744668977,1
66.7756017543116,19.08901801080376,83.33018294748281,3,2,3.3781759858556804,1
47.656613217289085,12.369645283549293,74.1350915074926,3,1,2.5158921164563393,0
46.01013369933348,17.595851841783585,35.44956078268906,2,2,8.150206907617878,1
18.38730719016713,120.0,57.90957151111408,2,1,5.317390970679882,0
33.48791440319174,3.4866488001498115,91.04451936960032,2,3,5.492580529867203,1
30.546594977101133,27.008023164054876,43.71949925543743,2,1,5.6815965768267205,1
32.549828820986605,12.10038434459487,15.0,1,2,8.025885769339563,1
37.98227417698253,3.425462504401004,64.32234980547685,1,0,5.640940332048159,1
34.334913067634474,4.148415928167675,66.45606114931154,2,0,10.0,0
18.0,71.55117744525201,73.38908541036773,2,3,6.267521148108458,0
48.97492307341041,50.806756256291955,88.2129660878634,2,3,8.123569533916642,0
27.127083691122323,57.01456979766667,85.94014530578022,1,0,7.610479715808814,1
42.870962369333796,114.5172611672283,76.46924513109803,1,1,5.9271053594839245,1
64.88899203699968,5.606212468463033,99.88828470216774,1,1,4.826058027959073,1
28.96738490096292,10.540472099277212,32.02575547966713,1,3,6.663927857133107,1
18.0,26.551172267207672,82.61454536193476,1,1,7.020197462414546,1
36.56794933743867,15.870381888316576,85.66345908342356,1,1,4.854827903746946,1
53.211515619982855,13.006904560084159,39.010942847994016,1,1,6.3326777319013114,1
63.50016945064713,10.628952344466246,32.428234782940265,3,3,8.472409956519192,1
25.245404866570997,21.62068679731202,51.351446838109965,1,4,10.0,0
45.96039067883826,20.56952132350193,53.4614639371177,2,0,7.708738640698843,1
34.41627451863936,4.226169879404261,88.83548658756077,1,1,9.725519372760564,1
38.72861974835037,15.315993231738227,54.636530407722624,3,1,4.7412515775870885,0
71.73212016420442,19.35006406769226,48.5912870429699,2,0,7.4037645041185876,0
21.96435605925816,20.271302217916325,54.70915658263602,1,0,8.677039017162544,0
43.04487593793488,5.660592718997761,97.9658083538553,2,2,4.207333334056008,1
45.6123180611852,32.54035573580593,70.3260843594238,1,1,5.028819775909982,1
53.029435899272165,1.0,65.51872436607721,2,2,9.4758095236705,0
41.17579784165075,10.517863369907776,67.24986253247371,1,2,4.04980228842612,1
43.696606474049226,36.36227482383491,102.30150835816306,4,1,3.3177399346885785,1
35.300217190938504,19.916819325041338,51.270706834918954,2,1,9.055963147279023,1
43.22952329494129,7.264252382741709,102.8877072735026,1,0,8.393526449960877,1
35.881692694031074,28.494955370747338,75.2624074730376,2,1,6.864240487967539,1
47.45886267827261,20.11009997171864,65.98951545061631,1,0,5.908578490708345,0
35.56467596747639,38.17992390532311,132.52251244835702,3,2,5.122950988790036,1
44.52520472682624,31.874891993723086,43.609012755035096,2,6,6.563897747618102,1
39.64884623578026,22.605247231756767,61.15785601082485,2,2,9.1596139148031,0
53.512603009266016,16.0746656702439,39.1892190209,1,1,6.477132252284152,1
39.38327531693817,3.4302333234056115,93.81154926340423,3,1,10.0,0
18.723610381517425,7.269794225584566,112.22972334129197,2,5,4.20411602871954,1
55.1430580085679,13.036217919081157,111.74806953511597,1,0,5.960638491343461,0
29.131212389648574,21.948971567315777,100.59871882865012,1,4,5.253882664672169,1
32.154803936214165,17.302697153431456,65.05948830510086,1,1,3.8297169136753344,1
32.852064471478094,8.158477603989228,60.86897556275384,4,0,5.6938325339806894,1
56.49325711804981,1.0,28.22075568764837,1,0,6.83465860332088,0
18.0,16.455690485273653,120.89683837954482,2,0,7.04846035990406,1
75.0,8.072367077956391,81.7244519537117,1,1,10.0,1
52.672681708792624,31.837162411193376,57.70107737826292,1,2,6.928934939447119,0
42.678866969549915,1.0,103.20142222467419,2,0,8.300273607359232,1
39.34127199260456,21.097486374904037,45.68088708099998,4,1,6.132188492597952,0
43.42664889829188,68.11891769216216,80.16555085556685,2,0,9.35611120090519,0
46.253469140552056,4.599746616404216,65.68427164272913,3,0,10.0,0
47.74258703140068,15.311888933927227,85.96692849700753,2,1,7.062170261951899,1
46.667253592041384,2.3009887204513584,68.41066152034696,1,2,4.014681969096838,1
41.074968175062985,23.58358418554743,33.7268027222194,1,2,4.902389954445663,1
37.631938956312084,19.19255777255809,71.88940931675094,2,1,6.563868606410324,0
38.18472059615786,12.556259240910405,96.22160354688405,4,0,6.912996070501292,1
37.66110063576783,17.68421022469918,69.26958985365037,3,4,7.396850268768744,1
53.60524116240477,54.45372634634117,89.37787803972715,1,4,6.9203953624600825,1
47.122680667370346,5.244530987173112,43.86176285814867,1,1,6.0139698325118776,1
18.0,1.0,69.34348016825369,1,1,4.727603117595743,1
47.87080931835713,47.473827979422495,54.38723862278557,3,1,6.802276522528459,0
42.3368343366253,20.655838290349656,88.67452100261775,3,1,9.709974714961312,1
39.77549492264923,53.11869263047211,70.7872890565499,3,2,8.039857210855509,1
35.33777856293337,21.808387301288118,87.25184190841532,1,0,7.069407899272396,1
53.48935263983216,39.87790580006501,97.19276065394665,2,1,8.059133847645501,1
51.37031754547429,13.477104852882567,87.29046437803471,2,1,5.257871942198295,1
30.72546798611669,33.25762183603962,76.82796085734111,1,0,4.983469707833359,1
44.884627445494424,58.61577371688145,45.04469353721487,2,0,4.504429791268036,1
28.34011918550457,20.374066154275354,69.93034723332747,1,3,5.749426754461124,1
23.444582022532835,4.785813554550565,56.67273994960417,1,2,5.155988206581839,1
32.47939330492042,7.513559931055865,61.39840108239434,3,1,8.416549481304278,0
50.34872166859311,5.314816946575072,60.63664623124373,3,0,5.0493531646356224,1
51.43750054451304,6.804004771549245,45.501860630443886,2,0,4.394556567550167,1
46.157025041167515,8.781171069953697,21.066535271650253,2,0,9.885154357661264,0
48.70114944217597,19.439560473784056,53.29642379180583,1,1,5.097249537837313,1
46.1941394453795,21.2810787120873,74.83448629810398,2,0,6.307056914500702,0
32.30222085732457,13.34392564040901,36.29557386431274,3,1,6.902645649486823,1
45.183070536087286,22.93453144757938,70.3920559117906,3,0,3.7266137621583697,0
49.60491430273218,2.042278836890453,117.50671060777412,2,1,8.47096753900614,1
49.051495957762896,2.205194871672361,95.57641388130598,1,2,7.274238080822455,1
54.26696045769572,4.524868321278972,111.08853772801322,1,1,9.116768023761564,1
48.49964616641277,17.519327092194924,79.77819692331815,2,3,4.641556125563799,1
44.217378490498994,5.779001195326099,99.18774557466115,1,4,6.19825158495232,1
52.84180285979713,7.993828191905074,51.900881738305316,3,3,6.07871150998839,1
39.68174488901128,12.272331680653618,53.891493324450394,1,1,6.527776988700044,1
29.417504185267386,40.09443511804386,15.0,1,1,3.090770502845678,0
38.04319643267483,1.0,99.65363685105747,1,2,6.221672757384445,1
31.06116826232261,25.153173558481228,108.50809949549715,4,2,3.1470721771525096,1
