model,query_path,query_class,best_same_similarity,best_wrong_similarity,margin_same_minus_wrong,best_same_rank,best_same_gallery_path
Baseline,/home/emily/MMIP/week5/quiz1/data/query/airplane/00000.png,airplane,0.8114218711853027,0.8175078630447388,-0.006085991859436035,2,/home/emily/MMIP/week5/quiz1/data/gallery/airplane/00113.png
Baseline,/home/emily/MMIP/week5/quiz1/data/query/airplane/00001.png,airplane,0.86133873462677,0.8268513679504395,0.034487366676330566,1,/home/emily/MMIP/week5/quiz1/data/gallery/airplane/00707.png
Baseline,/home/emily/MMIP/week5/quiz1/data/query/airplane/00002.png,airplane,0.9209808707237244,0.812468409538269,0.10851246118545532,1,/home/emily/MMIP/week5/quiz1/data/gallery/airplane/00376.png
Baseline,/home/emily/MMIP/week5/quiz1/data/query/airplane/00003.png,airplane,0.838371753692627,0.7804112434387207,0.05796051025390625,1,/home/emily/MMIP/week5/quiz1/data/gallery/airplane/00682.png
Baseline,/home/emily/MMIP/week5/quiz1/data/query/airplane/00004.png,airplane,0.8516762256622314,0.8411352038383484,0.010541021823883057,1,/home/emily/MMIP/week5/quiz1/data/gallery/airplane/00419.png
Baseline,/home/emily/MMIP/week5/quiz1/data/query/airplane/00005.png,airplane,0.7730563879013062,0.7969779968261719,-0.023921608924865723,4,/home/emily/MMIP/week5/quiz1/data/gallery/airplane/00847.png
Baseline,/home/emily/MMIP/week5/quiz1/data/query/airplane/00006.png,airplane,0.8640899658203125,0.8762975931167603,-0.012207627296447754,11,/home/emily/MMIP/week5/quiz1/data/gallery/airplane/00359.png
Baseline,/home/emily/MMIP/week5/quiz1/data/query/airplane/00007.png,airplane,0.9002703428268433,0.8854131698608398,0.014857172966003418,1,/home/emily/MMIP/week5/quiz1/data/gallery/airplane/00037.png
Baseline,/home/emily/MMIP/week5/quiz1/data/query/airplane/00008.png,airplane,0.7837925553321838,0.7452477216720581,0.03854483366012573,1,/home/emily/MMIP/week5/quiz1/data/gallery/airplane/00864.png
Baseline,/home/emily/MMIP/week5/quiz1/data/query/airplane/00009.png,airplane,0.878333330154419,0.7811335325241089,0.09719979763031006,1,/home/emily/MMIP/week5/quiz1/data/gallery/airplane/00476.png
Baseline,/home/emily/MMIP/week5/quiz1/data/query/airplane/00010.png,airplane,0.8838214874267578,0.8214753866195679,0.06234610080718994,1,/home/emily/MMIP/week5/quiz1/data/gallery/airplane/00752.png
Baseline,/home/emily/MMIP/week5/quiz1/data/query/airplane/00011.png,airplane,0.8647689819335938,0.8147993087768555,0.04996967315673828,1,/home/emily/MMIP/week5/quiz1/data/gallery/airplane/00450.png
Baseline,/home/emily/MMIP/week5/quiz1/data/query/airplane/00012.png,airplane,0.8388200998306274,0.8151282668113708,0.023691833019256592,1,/home/emily/MMIP/week5/quiz1/data/gallery/airplane/00425.png
Baseline,/home/emily/MMIP/week5/quiz1/data/query/airplane/00013.png,airplane,0.8519687652587891,0.8615525960922241,-0.009583830833435059,2,/home/emily/MMIP/week5/quiz1/data/gallery/airplane/00567.png
Baseline,/home/emily/MMIP/week5/quiz1/data/query/airplane/00014.png,airplane,0.8800610303878784,0.8148622512817383,0.06519877910614014,1,/home/emily/MMIP/week5/quiz1/data/gallery/airplane/00871.png
Baseline,/home/emily/MMIP/week5/quiz1/data/query/airplane/00015.png,airplane,0.8438747525215149,0.8382588624954224,0.005615890026092529,1,/home/emily/MMIP/week5/quiz1/data/gallery/airplane/00305.png
Baseline,/home/emily/MMIP/week5/quiz1/data/query/airplane/00016.png,airplane,0.8880754709243774,0.8614901304244995,0.02658534049987793,1,/home/emily/MMIP/week5/quiz1/data/gallery/airplane/00036.png
Baseline,/home/emily/MMIP/week5/quiz1/data/query/airplane/00017.png,airplane,0.8619290590286255,0.8166311979293823,0.045297861099243164,1,/home/emily/MMIP/week5/quiz1/data/gallery/airplane/00597.png
Baseline,/home/emily/MMIP/week5/quiz1/data/query/airplane/00018.png,airplane,0.8706452250480652,0.8740925788879395,-0.0034473538398742676,2,/home/emily/MMIP/week5/quiz1/data/gallery/airplane/00900.png
Baseline,/home/emily/MMIP/week5/quiz1/data/query/airplane/00019.png,airplane,0.8330085277557373,0.8576679229736328,-0.024659395217895508,5,/home/emily/MMIP/week5/quiz1/data/gallery/airplane/00316.png
Baseline,/home/emily/MMIP/week5/quiz1/data/query/airplane/00020.png,airplane,0.8534173965454102,0.8492951393127441,0.004122257232666016,1,/home/emily/MMIP/week5/quiz1/data/gallery/airplane/00571.png
Baseline,/home/emily/MMIP/week5/quiz1/data/query/airplane/00021.png,airplane,0.86344975233078,0.825806736946106,0.03764301538467407,1,/home/emily/MMIP/week5/quiz1/data/gallery/airplane/00424.png
Baseline,/home/emily/MMIP/week5/quiz1/data/query/airplane/00022.png,airplane,0.9004594087600708,0.8380069732666016,0.06245243549346924,1,/home/emily/MMIP/week5/quiz1/data/gallery/airplane/00500.png
Baseline,/home/emily/MMIP/week5/quiz1/data/query/airplane/00023.png,airplane,0.8392287492752075,0.8522472381591797,-0.013018488883972168,6,/home/emily/MMIP/week5/quiz1/data/gallery/airplane/00518.png
Baseline,/home/emily/MMIP/week5/quiz1/data/query/airplane/00024.png,airplane,0.8836047649383545,0.8351834416389465,0.04842132329940796,1,/home/emily/MMIP/week5/quiz1/data/gallery/airplane/00614.png
Baseline,/home/emily/MMIP/week5/quiz1/data/query/airplane/00025.png,airplane,0.8667465448379517,0.885378360748291,-0.018631815910339355,4,/home/emily/MMIP/week5/quiz1/data/gallery/airplane/00006.png
Baseline,/home/emily/MMIP/week5/quiz1/data/query/airplane/00026.png,airplane,0.8361227512359619,0.8237945437431335,0.01232820749282837,1,/home/emily/MMIP/week5/quiz1/data/gallery/airplane/00679.png
Baseline,/home/emily/MMIP/week5/quiz1/data/query/airplane/00027.png,airplane,0.8508999347686768,0.8426026105880737,0.008297324180603027,1,/home/emily/MMIP/week5/quiz1/data/gallery/airplane/00563.png
Baseline,/home/emily/MMIP/week5/quiz1/data/query/airplane/00028.png,airplane,0.84763103723526,0.8646036386489868,-0.016972601413726807,5,/home/emily/MMIP/week5/quiz1/data/gallery/airplane/00954.png
Baseline,/home/emily/MMIP/week5/quiz1/data/query/airplane/00029.png,airplane,0.7973939180374146,0.7835673689842224,0.013826549053192139,1,/home/emily/MMIP/week5/quiz1/data/gallery/airplane/00545.png
Baseline,/home/emily/MMIP/week5/quiz1/data/query/airplane/00030.png,airplane,0.8289294242858887,0.8135707378387451,0.015358686447143555,1,/home/emily/MMIP/week5/quiz1/data/gallery/airplane/00922.png
Baseline,/home/emily/MMIP/week5/quiz1/data/query/airplane/00031.png,airplane,0.8347358703613281,0.8331153392791748,0.0016205310821533203,1,/home/emily/MMIP/week5/quiz1/data/gallery/airplane/00442.png
Baseline,/home/emily/MMIP/week5/quiz1/data/query/airplane/00032.png,airplane,0.8250855207443237,0.8401814699172974,-0.015095949172973633,7,/home/emily/MMIP/week5/quiz1/data/gallery/airplane/00710.png
Baseline,/home/emily/MMIP/week5/quiz1/data/query/airplane/00033.png,airplane,0.785561203956604,0.7999483346939087,-0.014387130737304688,5,/home/emily/MMIP/week5/quiz1/data/gallery/airplane/00983.png
Baseline,/home/emily/MMIP/week5/quiz1/data/query/airplane/00034.png,airplane,0.8551251888275146,0.8000373244285583,0.0550878643989563,1,/home/emily/MMIP/week5/quiz1/data/gallery/airplane/00879.png
Baseline,/home/emily/MMIP/week5/quiz1/data/query/airplane/00035.png,airplane,0.8638490438461304,0.8105049133300781,0.053344130516052246,1,/home/emily/MMIP/week5/quiz1/data/gallery/airplane/00725.png
Baseline,/home/emily/MMIP/week5/quiz1/data/query/airplane/00036.png,airplane,0.7654521465301514,0.755591630935669,0.009860515594482422,1,/home/emily/MMIP/week5/quiz1/data/gallery/airplane/00601.png
Baseline,/home/emily/MMIP/week5/quiz1/data/query/airplane/00037.png,airplane,0.8384811878204346,0.8146917223930359,0.02378946542739868,1,/home/emily/MMIP/week5/quiz1/data/gallery/airplane/00879.png
Baseline,/home/emily/MMIP/week5/quiz1/data/query/airplane/00038.png,airplane,0.8270225524902344,0.8010279536247253,0.025994598865509033,1,/home/emily/MMIP/week5/quiz1/data/gallery/airplane/00655.png
Baseline,/home/emily/MMIP/week5/quiz1/data/query/airplane/00039.png,airplane,0.8465045094490051,0.875606894493103,-0.0291023850440979,18,/home/emily/MMIP/week5/quiz1/data/gallery/airplane/00119.png
Baseline,/home/emily/MMIP/week5/quiz1/data/query/airplane/00040.png,airplane,0.872249960899353,0.7951593399047852,0.07709062099456787,1,/home/emily/MMIP/week5/quiz1/data/gallery/airplane/00943.png
Baseline,/home/emily/MMIP/week5/quiz1/data/query/airplane/00041.png,airplane,0.8516615629196167,0.8268023133277893,0.024859249591827393,1,/home/emily/MMIP/week5/quiz1/data/gallery/airplane/00687.png
Baseline,/home/emily/MMIP/week5/quiz1/data/query/airplane/00042.png,airplane,0.7907649278640747,0.8108178377151489,-0.02005290985107422,7,/home/emily/MMIP/week5/quiz1/data/gallery/airplane/00696.png
Baseline,/home/emily/MMIP/week5/quiz1/data/query/airplane/00043.png,airplane,0.8805847764015198,0.8142070770263672,0.06637769937515259,1,/home/emily/MMIP/week5/quiz1/data/gallery/airplane/00786.png
Baseline,/home/emily/MMIP/week5/quiz1/data/query/airplane/00044.png,airplane,0.8755996823310852,0.8726789951324463,0.002920687198638916,1,/home/emily/MMIP/week5/quiz1/data/gallery/airplane/00030.png
Baseline,/home/emily/MMIP/week5/quiz1/data/query/airplane/00045.png,airplane,0.8927518129348755,0.8467012047767639,0.04605060815811157,1,/home/emily/MMIP/week5/quiz1/data/gallery/airplane/00842.png
Baseline,/home/emily/MMIP/week5/quiz1/data/query/airplane/00046.png,airplane,0.8528233766555786,0.8600871562957764,-0.007263779640197754,2,/home/emily/MMIP/week5/quiz1/data/gallery/airplane/00068.png
Baseline,/home/emily/MMIP/week5/quiz1/data/query/airplane/00047.png,airplane,0.861881673336029,0.876625657081604,-0.014743983745574951,5,/home/emily/MMIP/week5/quiz1/data/gallery/airplane/00006.png
Baseline,/home/emily/MMIP/week5/quiz1/data/query/airplane/00048.png,airplane,0.8013010621070862,0.8019008040428162,-0.0005997419357299805,2,/home/emily/MMIP/week5/quiz1/data/gallery/airplane/00319.png
Baseline,/home/emily/MMIP/week5/quiz1/data/query/airplane/00049.png,airplane,0.8530513048171997,0.857392430305481,-0.00434112548828125,3,/home/emily/MMIP/week5/quiz1/data/gallery/airplane/00153.png
Baseline,/home/emily/MMIP/week5/quiz1/data/query/airplane/00050.png,airplane,0.9054972529411316,0.8662471771240234,0.039250075817108154,1,/home/emily/MMIP/week5/quiz1/data/gallery/airplane/00249.png
Baseline,/home/emily/MMIP/week5/quiz1/data/query/airplane/00051.png,airplane,0.864307165145874,0.838333010673523,0.025974154472351074,1,/home/emily/MMIP/week5/quiz1/data/gallery/airplane/00414.png
Baseline,/home/emily/MMIP/week5/quiz1/data/query/airplane/00052.png,airplane,0.9066205024719238,0.8972912430763245,0.009329259395599365,1,/home/emily/MMIP/week5/quiz1/data/gallery/airplane/00206.png
Baseline,/home/emily/MMIP/week5/quiz1/data/query/airplane/00053.png,airplane,0.8260382413864136,0.7984945178031921,0.027543723583221436,1,/home/emily/MMIP/week5/quiz1/data/gallery/airplane/00905.png
Baseline,/home/emily/MMIP/week5/quiz1/data/query/airplane/00054.png,airplane,0.8714596033096313,0.8406738042831421,0.030785799026489258,1,/home/emily/MMIP/week5/quiz1/data/gallery/airplane/00893.png
Baseline,/home/emily/MMIP/week5/quiz1/data/query/airplane/00055.png,airplane,0.8684624433517456,0.8418428301811218,0.02661961317062378,1,/home/emily/MMIP/week5/quiz1/data/gallery/airplane/00652.png
Baseline,/home/emily/MMIP/week5/quiz1/data/query/airplane/00056.png,airplane,0.9018857479095459,0.8142576217651367,0.08762812614440918,1,/home/emily/MMIP/week5/quiz1/data/gallery/airplane/00376.png
Baseline,/home/emily/MMIP/week5/quiz1/data/query/airplane/00057.png,airplane,0.8779265880584717,0.87911057472229,-0.0011839866638183594,2,/home/emily/MMIP/week5/quiz1/data/gallery/airplane/00216.png
Baseline,/home/emily/MMIP/week5/quiz1/data/query/airplane/00058.png,airplane,0.8748563528060913,0.8698650598526001,0.004991292953491211,1,/home/emily/MMIP/week5/quiz1/data/gallery/airplane/00710.png
Baseline,/home/emily/MMIP/week5/quiz1/data/query/airplane/00059.png,airplane,0.8608813285827637,0.8579105138778687,0.0029708147048950195,1,/home/emily/MMIP/week5/quiz1/data/gallery/airplane/00176.png
Baseline,/home/emily/MMIP/week5/quiz1/data/query/airplane/00060.png,airplane,0.8627325296401978,0.8246129751205444,0.03811955451965332,1,/home/emily/MMIP/week5/quiz1/data/gallery/airplane/00191.png
Baseline,/home/emily/MMIP/week5/quiz1/data/query/airplane/00061.png,airplane,0.8386061787605286,0.8152110576629639,0.023395121097564697,1,/home/emily/MMIP/week5/quiz1/data/gallery/airplane/00707.png
Baseline,/home/emily/MMIP/week5/quiz1/data/query/airplane/00062.png,airplane,0.8904469013214111,0.8686171174049377,0.02182978391647339,1,/home/emily/MMIP/week5/quiz1/data/gallery/airplane/00359.png
Baseline,/home/emily/MMIP/week5/quiz1/data/query/airplane/00063.png,airplane,0.8913550972938538,0.8603660464286804,0.03098905086517334,1,/home/emily/MMIP/week5/quiz1/data/gallery/airplane/00571.png
Baseline,/home/emily/MMIP/week5/quiz1/data/query/airplane/00064.png,airplane,0.8503127098083496,0.8725796341896057,-0.022266924381256104,17,/home/emily/MMIP/week5/quiz1/data/gallery/airplane/00406.png
Baseline,/home/emily/MMIP/week5/quiz1/data/query/airplane/00065.png,airplane,0.8412880301475525,0.8338989019393921,0.0073891282081604,1,/home/emily/MMIP/week5/quiz1/data/gallery/airplane/00903.png
Baseline,/home/emily/MMIP/week5/quiz1/data/query/airplane/00066.png,airplane,0.8940234184265137,0.8175472021102905,0.07647621631622314,1,/home/emily/MMIP/week5/quiz1/data/gallery/airplane/00526.png
Baseline,/home/emily/MMIP/week5/quiz1/data/query/airplane/00067.png,airplane,0.8653587698936462,0.8332871198654175,0.03207165002822876,1,/home/emily/MMIP/week5/quiz1/data/gallery/airplane/00891.png
Baseline,/home/emily/MMIP/week5/quiz1/data/query/airplane/00068.png,airplane,0.8543541431427002,0.8187202215194702,0.03563392162322998,1,/home/emily/MMIP/week5/quiz1/data/gallery/airplane/00364.png
Baseline,/home/emily/MMIP/week5/quiz1/data/query/airplane/00069.png,airplane,0.893915057182312,0.8808267116546631,0.013088345527648926,1,/home/emily/MMIP/week5/quiz1/data/gallery/airplane/00993.png
Baseline,/home/emily/MMIP/week5/quiz1/data/query/airplane/00070.png,airplane,0.8174837231636047,0.8174540996551514,2.962350845336914e-05,1,/home/emily/MMIP/week5/quiz1/data/gallery/airplane/00451.png
Baseline,/home/emily/MMIP/week5/quiz1/data/query/airplane/00071.png,airplane,0.8462315797805786,0.8248512744903564,0.021380305290222168,1,/home/emily/MMIP/week5/quiz1/data/gallery/airplane/00194.png
Baseline,/home/emily/MMIP/week5/quiz1/data/query/airplane/00072.png,airplane,0.8536728620529175,0.8447266221046448,0.008946239948272705,1,/home/emily/MMIP/week5/quiz1/data/gallery/airplane/00676.png
Baseline,/home/emily/MMIP/week5/quiz1/data/query/airplane/00073.png,airplane,0.8493994474411011,0.8448598384857178,0.004539608955383301,1,/home/emily/MMIP/week5/quiz1/data/gallery/airplane/00466.png
Baseline,/home/emily/MMIP/week5/quiz1/data/query/airplane/00074.png,airplane,0.8622175455093384,0.8240000009536743,0.03821754455566406,1,/home/emily/MMIP/week5/quiz1/data/gallery/airplane/00517.png
Baseline,/home/emily/MMIP/week5/quiz1/data/query/airplane/00075.png,airplane,0.8790297508239746,0.8812323808670044,-0.002202630043029785,2,/home/emily/MMIP/week5/quiz1/data/gallery/airplane/00011.png
Baseline,/home/emily/MMIP/week5/quiz1/data/query/airplane/00076.png,airplane,0.8708281517028809,0.8337205648422241,0.03710758686065674,1,/home/emily/MMIP/week5/quiz1/data/gallery/airplane/00901.png
Baseline,/home/emily/MMIP/week5/quiz1/data/query/airplane/00077.png,airplane,0.8077150583267212,0.7837231159210205,0.023991942405700684,1,/home/emily/MMIP/week5/quiz1/data/gallery/airplane/00600.png
Baseline,/home/emily/MMIP/week5/quiz1/data/query/airplane/00078.png,airplane,0.8575039505958557,0.8496062755584717,0.007897675037384033,1,/home/emily/MMIP/week5/quiz1/data/gallery/airplane/00176.png
Baseline,/home/emily/MMIP/week5/quiz1/data/query/airplane/00079.png,airplane,0.8995580673217773,0.8170433640480042,0.0825147032737732,1,/home/emily/MMIP/week5/quiz1/data/gallery/airplane/00879.png
Baseline,/home/emily/MMIP/week5/quiz1/data/query/airplane/00080.png,airplane,0.8709949254989624,0.8866724967956543,-0.015677571296691895,2,/home/emily/MMIP/week5/quiz1/data/gallery/airplane/00005.png
Baseline,/home/emily/MMIP/week5/quiz1/data/query/airplane/00081.png,airplane,0.8632628917694092,0.8449828624725342,0.018280029296875,1,/home/emily/MMIP/week5/quiz1/data/gallery/airplane/00587.png
Baseline,/home/emily/MMIP/week5/quiz1/data/query/airplane/00082.png,airplane,0.8692108392715454,0.8516718149185181,0.017539024353027344,1,/home/emily/MMIP/week5/quiz1/data/gallery/airplane/00607.png
Baseline,/home/emily/MMIP/week5/quiz1/data/query/airplane/00083.png,airplane,0.8635995388031006,0.877144992351532,-0.013545453548431396,4,/home/emily/MMIP/week5/quiz1/data/gallery/airplane/00401.png
Baseline,/home/emily/MMIP/week5/quiz1/data/query/airplane/00084.png,airplane,0.912427544593811,0.8369877338409424,0.07543981075286865,1,/home/emily/MMIP/week5/quiz1/data/gallery/airplane/00337.png
Baseline,/home/emily/MMIP/week5/quiz1/data/query/airplane/00085.png,airplane,0.7994962930679321,0.7523730397224426,0.0471232533454895,1,/home/emily/MMIP/week5/quiz1/data/gallery/airplane/00054.png
Baseline,/home/emily/MMIP/week5/quiz1/data/query/airplane/00086.png,airplane,0.8709054589271545,0.8256505727767944,0.04525488615036011,1,/home/emily/MMIP/week5/quiz1/data/gallery/airplane/00154.png
Baseline,/home/emily/MMIP/week5/quiz1/data/query/airplane/00087.png,airplane,0.8633956909179688,0.8166539669036865,0.04674172401428223,1,/home/emily/MMIP/week5/quiz1/data/gallery/airplane/00965.png
Baseline,/home/emily/MMIP/week5/quiz1/data/query/airplane/00088.png,airplane,0.8368829488754272,0.808293342590332,0.028589606285095215,1,/home/emily/MMIP/week5/quiz1/data/gallery/airplane/00597.png
Baseline,/home/emily/MMIP/week5/quiz1/data/query/airplane/00089.png,airplane,0.8632381558418274,0.8497557640075684,0.013482391834259033,1,/home/emily/MMIP/week5/quiz1/data/gallery/airplane/00514.png
Baseline,/home/emily/MMIP/week5/quiz1/data/query/airplane/00090.png,airplane,0.8735413551330566,0.8472335338592529,0.02630782127380371,1,/home/emily/MMIP/week5/quiz1/data/gallery/airplane/00464.png
Baseline,/home/emily/MMIP/week5/quiz1/data/query/airplane/00091.png,airplane,0.7592771053314209,0.8377942442893982,-0.0785171389579773,11,/home/emily/MMIP/week5/quiz1/data/gallery/airplane/00656.png
Baseline,/home/emily/MMIP/week5/quiz1/data/query/airplane/00092.png,airplane,0.8492883443832397,0.8345692157745361,0.014719128608703613,1,/home/emily/MMIP/week5/quiz1/data/gallery/airplane/00446.png
Baseline,/home/emily/MMIP/week5/quiz1/data/query/airplane/00093.png,airplane,0.8503789901733398,0.814620316028595,0.03575867414474487,1,/home/emily/MMIP/week5/quiz1/data/gallery/airplane/00209.png
Baseline,/home/emily/MMIP/week5/quiz1/data/query/airplane/00094.png,airplane,0.8247299194335938,0.8176310062408447,0.0070989131927490234,1,/home/emily/MMIP/week5/quiz1/data/gallery/airplane/00732.png
Baseline,/home/emily/MMIP/week5/quiz1/data/query/airplane/00095.png,airplane,0.8675677180290222,0.8325223326683044,0.03504538536071777,1,/home/emily/MMIP/week5/quiz1/data/gallery/airplane/00138.png
Baseline,/home/emily/MMIP/week5/quiz1/data/query/airplane/00096.png,airplane,0.8883588314056396,0.8740051984786987,0.014353632926940918,1,/home/emily/MMIP/week5/quiz1/data/gallery/airplane/00193.png
Baseline,/home/emily/MMIP/week5/quiz1/data/query/airplane/00097.png,airplane,0.8792118430137634,0.8765801191329956,0.0026317238807678223,1,/home/emily/MMIP/week5/quiz1/data/gallery/airplane/00197.png
Baseline,/home/emily/MMIP/week5/quiz1/data/query/airplane/00098.png,airplane,0.8922777771949768,0.8546042442321777,0.03767353296279907,1,/home/emily/MMIP/week5/quiz1/data/gallery/airplane/00068.png
Baseline,/home/emily/MMIP/week5/quiz1/data/query/airplane/00099.png,airplane,0.8069247007369995,0.8207789659500122,-0.013854265213012695,11,/home/emily/MMIP/week5/quiz1/data/gallery/airplane/00917.png
Baseline,/home/emily/MMIP/week5/quiz1/data/query/automobile/00000.png,automobile,0.8640000224113464,0.8506600260734558,0.013339996337890625,1,/home/emily/MMIP/week5/quiz1/data/gallery/automobile/00688.png
Baseline,/home/emily/MMIP/week5/quiz1/data/query/automobile/00001.png,automobile,0.8888993263244629,0.8887805938720703,0.00011873245239257812,1,/home/emily/MMIP/week5/quiz1/data/gallery/automobile/00602.png
Baseline,/home/emily/MMIP/week5/quiz1/data/query/automobile/00002.png,automobile,0.8774688243865967,0.8848581314086914,-0.0073893070220947266,3,/home/emily/MMIP/week5/quiz1/data/gallery/automobile/00602.png
Baseline,/home/emily/MMIP/week5/quiz1/data/query/automobile/00003.png,automobile,0.8835858106613159,0.8650176525115967,0.01856815814971924,1,/home/emily/MMIP/week5/quiz1/data/gallery/automobile/00352.png
Baseline,/home/emily/MMIP/week5/quiz1/data/query/automobile/00004.png,automobile,0.8322047591209412,0.827702522277832,0.004502236843109131,1,/home/emily/MMIP/week5/quiz1/data/gallery/automobile/00494.png
Baseline,/home/emily/MMIP/week5/quiz1/data/query/automobile/00005.png,automobile,0.9352453947067261,0.850287675857544,0.08495771884918213,1,/home/emily/MMIP/week5/quiz1/data/gallery/automobile/00985.png
Baseline,/home/emily/MMIP/week5/quiz1/data/query/automobile/00006.png,automobile,0.8997137546539307,0.8697798252105713,0.029933929443359375,1,/home/emily/MMIP/week5/quiz1/data/gallery/automobile/00962.png
Baseline,/home/emily/MMIP/week5/quiz1/data/query/automobile/00007.png,automobile,0.8840845823287964,0.8495646715164185,0.03451991081237793,1,/home/emily/MMIP/week5/quiz1/data/gallery/automobile/00107.png
Baseline,/home/emily/MMIP/week5/quiz1/data/query/automobile/00008.png,automobile,0.9181215763092041,0.8751659393310547,0.042955636978149414,1,/home/emily/MMIP/week5/quiz1/data/gallery/automobile/00660.png
Baseline,/home/emily/MMIP/week5/quiz1/data/query/automobile/00009.png,automobile,0.8858934640884399,0.8716118335723877,0.014281630516052246,1,/home/emily/MMIP/week5/quiz1/data/gallery/automobile/00498.png
Baseline,/home/emily/MMIP/week5/quiz1/data/query/automobile/00010.png,automobile,0.9645260572433472,0.8724663257598877,0.09205973148345947,1,/home/emily/MMIP/week5/quiz1/data/gallery/automobile/00797.png
Baseline,/home/emily/MMIP/week5/quiz1/data/query/automobile/00011.png,automobile,0.8654075860977173,0.8678547143936157,-0.0024471282958984375,2,/home/emily/MMIP/week5/quiz1/data/gallery/automobile/00389.png
Baseline,/home/emily/MMIP/week5/quiz1/data/query/automobile/00012.png,automobile,0.9018852710723877,0.8671227693557739,0.03476250171661377,1,/home/emily/MMIP/week5/quiz1/data/gallery/automobile/00186.png
Baseline,/home/emily/MMIP/week5/quiz1/data/query/automobile/00013.png,automobile,0.8859927654266357,0.8629599809646606,0.023032784461975098,1,/home/emily/MMIP/week5/quiz1/data/gallery/automobile/00482.png
Baseline,/home/emily/MMIP/week5/quiz1/data/query/automobile/00014.png,automobile,0.8424161672592163,0.8692134022712708,-0.026797235012054443,2,/home/emily/MMIP/week5/quiz1/data/gallery/automobile/00287.png
Baseline,/home/emily/MMIP/week5/quiz1/data/query/automobile/00015.png,automobile,0.883696436882019,0.8516533374786377,0.03204309940338135,1,/home/emily/MMIP/week5/quiz1/data/gallery/automobile/00664.png
Baseline,/home/emily/MMIP/week5/quiz1/data/query/automobile/00016.png,automobile,0.9016743898391724,0.8915535807609558,0.010120809078216553,1,/home/emily/MMIP/week5/quiz1/data/gallery/automobile/00522.png
Baseline,/home/emily/MMIP/week5/quiz1/data/query/automobile/00017.png,automobile,0.903127908706665,0.8639849424362183,0.03914296627044678,1,/home/emily/MMIP/week5/quiz1/data/gallery/automobile/00962.png
Baseline,/home/emily/MMIP/week5/quiz1/data/query/automobile/00018.png,automobile,0.8920595645904541,0.8893823623657227,0.0026772022247314453,1,/home/emily/MMIP/week5/quiz1/data/gallery/automobile/00172.png
Baseline,/home/emily/MMIP/week5/quiz1/data/query/automobile/00019.png,automobile,0.8976666331291199,0.8344243168830872,0.06324231624603271,1,/home/emily/MMIP/week5/quiz1/data/gallery/automobile/00889.png
Baseline,/home/emily/MMIP/week5/quiz1/data/query/automobile/00020.png,automobile,0.9040016531944275,0.8571991920471191,0.04680246114730835,1,/home/emily/MMIP/week5/quiz1/data/gallery/automobile/00863.png
Baseline,/home/emily/MMIP/week5/quiz1/data/query/automobile/00021.png,automobile,0.905188262462616,0.8918538093566895,0.013334453105926514,1,/home/emily/MMIP/week5/quiz1/data/gallery/automobile/00186.png
Baseline,/home/emily/MMIP/week5/quiz1/data/query/automobile/00022.png,automobile,0.8498382568359375,0.8513394594192505,-0.0015012025833129883,2,/home/emily/MMIP/week5/quiz1/data/gallery/automobile/00276.png
Baseline,/home/emily/MMIP/week5/quiz1/data/query/automobile/00023.png,automobile,0.885568380355835,0.8550444841384888,0.03052389621734619,1,/home/emily/MMIP/week5/quiz1/data/gallery/automobile/00811.png
Baseline,/home/emily/MMIP/week5/quiz1/data/query/automobile/00024.png,automobile,0.863728404045105,0.8670951128005981,-0.003366708755493164,2,/home/emily/MMIP/week5/quiz1/data/gallery/automobile/00144.png
Baseline,/home/emily/MMIP/week5/quiz1/data/query/automobile/00025.png,automobile,0.9071820974349976,0.8763372898101807,0.030844807624816895,1,/home/emily/MMIP/week5/quiz1/data/gallery/automobile/00758.png
Baseline,/home/emily/MMIP/week5/quiz1/data/query/automobile/00026.png,automobile,0.8594352006912231,0.8544350862503052,0.005000114440917969,1,/home/emily/MMIP/week5/quiz1/data/gallery/automobile/00677.png
Baseline,/home/emily/MMIP/week5/quiz1/data/query/automobile/00027.png,automobile,0.9284560680389404,0.8674155473709106,0.061040520668029785,1,/home/emily/MMIP/week5/quiz1/data/gallery/automobile/00807.png
Baseline,/home/emily/MMIP/week5/quiz1/data/query/automobile/00028.png,automobile,0.9017339944839478,0.8700864315032959,0.031647562980651855,1,/home/emily/MMIP/week5/quiz1/data/gallery/automobile/00426.png
Baseline,/home/emily/MMIP/week5/quiz1/data/query/automobile/00029.png,automobile,0.8959163427352905,0.8907821178436279,0.005134224891662598,1,/home/emily/MMIP/week5/quiz1/data/gallery/automobile/00186.png
Baseline,/home/emily/MMIP/week5/quiz1/data/query/automobile/00030.png,automobile,0.9054468870162964,0.853373646736145,0.05207324028015137,1,/home/emily/MMIP/week5/quiz1/data/gallery/automobile/00093.png
Baseline,/home/emily/MMIP/week5/quiz1/data/query/automobile/00031.png,automobile,0.8740143179893494,0.8738011121749878,0.00021320581436157227,1,/home/emily/MMIP/week5/quiz1/data/gallery/automobile/00006.png
Baseline,/home/emily/MMIP/week5/quiz1/data/query/automobile/00032.png,automobile,0.8762568235397339,0.8412438631057739,0.03501296043395996,1,/home/emily/MMIP/week5/quiz1/data/gallery/automobile/00848.png
Baseline,/home/emily/MMIP/week5/quiz1/data/query/automobile/00033.png,automobile,0.9031330347061157,0.8718688488006592,0.03126418590545654,1,/home/emily/MMIP/week5/quiz1/data/gallery/automobile/00430.png
Baseline,/home/emily/MMIP/week5/quiz1/data/query/automobile/00034.png,automobile,0.8893462419509888,0.8973101377487183,-0.007963895797729492,2,/home/emily/MMIP/week5/quiz1/data/gallery/automobile/00920.png
Baseline,/home/emily/MMIP/week5/quiz1/data/query/automobile/00035.png,automobile,0.9320653676986694,0.8815988898277283,0.05046647787094116,1,/home/emily/MMIP/week5/quiz1/data/gallery/automobile/00433.png
Baseline,/home/emily/MMIP/week5/quiz1/data/query/automobile/00036.png,automobile,0.9232656955718994,0.8436579704284668,0.07960772514343262,1,/home/emily/MMIP/week5/quiz1/data/gallery/automobile/00167.png
Baseline,/home/emily/MMIP/week5/quiz1/data/query/automobile/00037.png,automobile,0.8878300189971924,0.8642902374267578,0.02353978157043457,1,/home/emily/MMIP/week5/quiz1/data/gallery/automobile/00313.png
Baseline,/home/emily/MMIP/week5/quiz1/data/query/automobile/00038.png,automobile,0.9013879299163818,0.8601443767547607,0.041243553161621094,1,/home/emily/MMIP/week5/quiz1/data/gallery/automobile/00933.png
Baseline,/home/emily/MMIP/week5/quiz1/data/query/automobile/00039.png,automobile,0.9055012464523315,0.8879795670509338,0.017521679401397705,1,/home/emily/MMIP/week5/quiz1/data/gallery/automobile/00516.png
Baseline,/home/emily/MMIP/week5/quiz1/data/query/automobile/00040.png,automobile,0.9013001322746277,0.856573224067688,0.0447269082069397,1,/home/emily/MMIP/week5/quiz1/data/gallery/automobile/00625.png
Baseline,/home/emily/MMIP/week5/quiz1/data/query/automobile/00041.png,automobile,0.9228466749191284,0.8898075819015503,0.033039093017578125,1,/home/emily/MMIP/week5/quiz1/data/gallery/automobile/00914.png
Baseline,/home/emily/MMIP/week5/quiz1/data/query/automobile/00042.png,automobile,0.9067919850349426,0.9018324613571167,0.004959523677825928,1,/home/emily/MMIP/week5/quiz1/data/gallery/automobile/00886.png
Baseline,/home/emily/MMIP/week5/quiz1/data/query/automobile/00043.png,automobile,0.9617446660995483,0.8495292663574219,0.11221539974212646,1,/home/emily/MMIP/week5/quiz1/data/gallery/automobile/00068.png
Baseline,/home/emily/MMIP/week5/quiz1/data/query/automobile/00044.png,automobile,0.9044374227523804,0.885606586933136,0.018830835819244385,1,/home/emily/MMIP/week5/quiz1/data/gallery/automobile/00436.png
Baseline,/home/emily/MMIP/week5/quiz1/data/query/automobile/00045.png,automobile,0.8559707403182983,0.8624489307403564,-0.0064781904220581055,2,/home/emily/MMIP/week5/quiz1/data/gallery/automobile/00403.png
Baseline,/home/emily/MMIP/week5/quiz1/data/query/automobile/00046.png,automobile,0.9285650253295898,0.9042288064956665,0.02433621883392334,1,/home/emily/MMIP/week5/quiz1/data/gallery/automobile/00130.png
Baseline,/home/emily/MMIP/week5/quiz1/data/query/automobile/00047.png,automobile,0.9114222526550293,0.8594262003898621,0.051996052265167236,1,/home/emily/MMIP/week5/quiz1/data/gallery/automobile/00024.png
Baseline,/home/emily/MMIP/week5/quiz1/data/query/automobile/00048.png,automobile,0.9198278784751892,0.8981260061264038,0.0217018723487854,1,/home/emily/MMIP/week5/quiz1/data/gallery/automobile/00040.png
Baseline,/home/emily/MMIP/week5/quiz1/data/query/automobile/00049.png,automobile,0.86765456199646,0.8708644509315491,-0.0032098889350891113,2,/home/emily/MMIP/week5/quiz1/data/gallery/automobile/00531.png
Baseline,/home/emily/MMIP/week5/quiz1/data/query/automobile/00050.png,automobile,0.9138215780258179,0.8478571176528931,0.0659644603729248,1,/home/emily/MMIP/week5/quiz1/data/gallery/automobile/00569.png
Baseline,/home/emily/MMIP/week5/quiz1/data/query/automobile/00051.png,automobile,0.964453935623169,0.8644809722900391,0.09997296333312988,1,/home/emily/MMIP/week5/quiz1/data/gallery/automobile/00896.png
Baseline,/home/emily/MMIP/week5/quiz1/data/query/automobile/00052.png,automobile,0.8984792232513428,0.860906720161438,0.037572503089904785,1,/home/emily/MMIP/week5/quiz1/data/gallery/automobile/00005.png
Baseline,/home/emily/MMIP/week5/quiz1/data/query/automobile/00053.png,automobile,0.8782186508178711,0.8398456573486328,0.03837299346923828,1,/home/emily/MMIP/week5/quiz1/data/gallery/automobile/00036.png
Baseline,/home/emily/MMIP/week5/quiz1/data/query/automobile/00054.png,automobile,0.8942434787750244,0.8823980689048767,0.011845409870147705,1,/home/emily/MMIP/week5/quiz1/data/gallery/automobile/00017.png
Baseline,/home/emily/MMIP/week5/quiz1/data/query/automobile/00055.png,automobile,0.900434672832489,0.8782490491867065,0.02218562364578247,1,/home/emily/MMIP/week5/quiz1/data/gallery/automobile/00301.png
Baseline,/home/emily/MMIP/week5/quiz1/data/query/automobile/00056.png,automobile,0.9266560077667236,0.8735570311546326,0.053098976612091064,1,/home/emily/MMIP/week5/quiz1/data/gallery/automobile/00848.png
Baseline,/home/emily/MMIP/week5/quiz1/data/query/automobile/00057.png,automobile,0.8915826082229614,0.890926718711853,0.0006558895111083984,1,/home/emily/MMIP/week5/quiz1/data/gallery/automobile/00004.png
Baseline,/home/emily/MMIP/week5/quiz1/data/query/automobile/00058.png,automobile,0.8984596729278564,0.9018136262893677,-0.0033539533615112305,2,/home/emily/MMIP/week5/quiz1/data/gallery/automobile/00454.png
Baseline,/home/emily/MMIP/week5/quiz1/data/query/automobile/00059.png,automobile,0.9110598564147949,0.8648563027381897,0.046203553676605225,1,/home/emily/MMIP/week5/quiz1/data/gallery/automobile/00921.png
Baseline,/home/emily/MMIP/week5/quiz1/data/query/automobile/00060.png,automobile,0.8471301198005676,0.8648253679275513,-0.017695248126983643,3,/home/emily/MMIP/week5/quiz1/data/gallery/automobile/00269.png
Baseline,/home/emily/MMIP/week5/quiz1/data/query/automobile/00061.png,automobile,0.9146600961685181,0.8941675424575806,0.0204925537109375,1,/home/emily/MMIP/week5/quiz1/data/gallery/automobile/00546.png
Baseline,/home/emily/MMIP/week5/quiz1/data/query/automobile/00062.png,automobile,0.9093261361122131,0.9076743721961975,0.001651763916015625,1,/home/emily/MMIP/week5/quiz1/data/gallery/automobile/00896.png
Baseline,/home/emily/MMIP/week5/quiz1/data/query/automobile/00063.png,automobile,0.8873401880264282,0.8866777420043945,0.0006624460220336914,1,/home/emily/MMIP/week5/quiz1/data/gallery/automobile/00657.png
Baseline,/home/emily/MMIP/week5/quiz1/data/query/automobile/00064.png,automobile,0.8859356641769409,0.838768482208252,0.047167181968688965,1,/home/emily/MMIP/week5/quiz1/data/gallery/automobile/00140.png
Baseline,/home/emily/MMIP/week5/quiz1/data/query/automobile/00065.png,automobile,0.8623694181442261,0.852663516998291,0.009705901145935059,1,/home/emily/MMIP/week5/quiz1/data/gallery/automobile/00516.png
Baseline,/home/emily/MMIP/week5/quiz1/data/query/automobile/00066.png,automobile,0.8596840500831604,0.8368780612945557,0.022805988788604736,1,/home/emily/MMIP/week5/quiz1/data/gallery/automobile/00033.png
Baseline,/home/emily/MMIP/week5/quiz1/data/query/automobile/00067.png,automobile,0.8806384801864624,0.8497259616851807,0.03091251850128174,1,/home/emily/MMIP/week5/quiz1/data/gallery/automobile/00729.png
Baseline,/home/emily/MMIP/week5/quiz1/data/query/automobile/00068.png,automobile,0.8816187977790833,0.896207332611084,-0.014588534832000732,8,/home/emily/MMIP/week5/quiz1/data/gallery/automobile/00286.png
Baseline,/home/emily/MMIP/week5/quiz1/data/query/automobile/00069.png,automobile,0.9011915922164917,0.8739770650863647,0.027214527130126953,1,/home/emily/MMIP/week5/quiz1/data/gallery/automobile/00516.png
Baseline,/home/emily/MMIP/week5/quiz1/data/query/automobile/00070.png,automobile,0.9089157581329346,0.8601174354553223,0.048798322677612305,1,/home/emily/MMIP/week5/quiz1/data/gallery/automobile/00313.png
Baseline,/home/emily/MMIP/week5/quiz1/data/query/automobile/00071.png,automobile,0.8754103779792786,0.8163565397262573,0.05905383825302124,1,/home/emily/MMIP/week5/quiz1/data/gallery/automobile/00640.png
Baseline,/home/emily/MMIP/week5/quiz1/data/query/automobile/00072.png,automobile,0.9024648070335388,0.8781068325042725,0.024357974529266357,1,/home/emily/MMIP/week5/quiz1/data/gallery/automobile/00561.png
Baseline,/home/emily/MMIP/week5/quiz1/data/query/automobile/00073.png,automobile,0.8931620121002197,0.8631616830825806,0.03000032901763916,1,/home/emily/MMIP/week5/quiz1/data/gallery/automobile/00918.png
Baseline,/home/emily/MMIP/week5/quiz1/data/query/automobile/00074.png,automobile,0.8957679271697998,0.8512402772903442,0.044527649879455566,1,/home/emily/MMIP/week5/quiz1/data/gallery/automobile/00837.png
Baseline,/home/emily/MMIP/week5/quiz1/data/query/automobile/00075.png,automobile,0.8803606033325195,0.8785351514816284,0.0018254518508911133,1,/home/emily/MMIP/week5/quiz1/data/gallery/automobile/00444.png
Baseline,/home/emily/MMIP/week5/quiz1/data/query/automobile/00076.png,automobile,0.8839403390884399,0.8712512254714966,0.01268911361694336,1,/home/emily/MMIP/week5/quiz1/data/gallery/automobile/00836.png
Baseline,/home/emily/MMIP/week5/quiz1/data/query/automobile/00077.png,automobile,0.9089144468307495,0.8483463525772095,0.06056809425354004,1,/home/emily/MMIP/week5/quiz1/data/gallery/automobile/00772.png
Baseline,/home/emily/MMIP/week5/quiz1/data/query/automobile/00078.png,automobile,0.8738443851470947,0.8702700138092041,0.003574371337890625,1,/home/emily/MMIP/week5/quiz1/data/gallery/automobile/00840.png
Baseline,/home/emily/MMIP/week5/quiz1/data/query/automobile/00079.png,automobile,0.8777698278427124,0.8606634140014648,0.01710641384124756,1,/home/emily/MMIP/week5/quiz1/data/gallery/automobile/00724.png
Baseline,/home/emily/MMIP/week5/quiz1/data/query/automobile/00080.png,automobile,0.8322613835334778,0.8559826612472534,-0.023721277713775635,9,/home/emily/MMIP/week5/quiz1/data/gallery/automobile/00572.png
Baseline,/home/emily/MMIP/week5/quiz1/data/query/automobile/00081.png,automobile,0.8611884117126465,0.834892213344574,0.02629619836807251,1,/home/emily/MMIP/week5/quiz1/data/gallery/automobile/00960.png
Baseline,/home/emily/MMIP/week5/quiz1/data/query/automobile/00082.png,automobile,0.8629911541938782,0.8748506307601929,-0.011859476566314697,7,/home/emily/MMIP/week5/quiz1/data/gallery/automobile/00269.png
Baseline,/home/emily/MMIP/week5/quiz1/data/query/automobile/00083.png,automobile,0.891236424446106,0.875967264175415,0.015269160270690918,1,/home/emily/MMIP/week5/quiz1/data/gallery/automobile/00679.png
Baseline,/home/emily/MMIP/week5/quiz1/data/query/automobile/00084.png,automobile,0.8609443306922913,0.8404409885406494,0.020503342151641846,1,/home/emily/MMIP/week5/quiz1/data/gallery/automobile/00137.png
Baseline,/home/emily/MMIP/week5/quiz1/data/query/automobile/00085.png,automobile,0.8615764379501343,0.8422476053237915,0.019328832626342773,1,/home/emily/MMIP/week5/quiz1/data/gallery/automobile/00580.png
Baseline,/home/emily/MMIP/week5/quiz1/data/query/automobile/00086.png,automobile,0.9138263463973999,0.882604718208313,0.031221628189086914,1,/home/emily/MMIP/week5/quiz1/data/gallery/automobile/00028.png
Baseline,/home/emily/MMIP/week5/quiz1/data/query/automobile/00087.png,automobile,0.8929563164710999,0.8765827417373657,0.01637357473373413,1,/home/emily/MMIP/week5/quiz1/data/gallery/automobile/00471.png
Baseline,/home/emily/MMIP/week5/quiz1/data/query/automobile/00088.png,automobile,0.8686797618865967,0.8667705059051514,0.0019092559814453125,1,/home/emily/MMIP/week5/quiz1/data/gallery/automobile/00603.png
Baseline,/home/emily/MMIP/week5/quiz1/data/query/automobile/00089.png,automobile,0.9030767679214478,0.8615728616714478,0.04150390625,1,/home/emily/MMIP/week5/quiz1/data/gallery/automobile/00681.png
Baseline,/home/emily/MMIP/week5/quiz1/data/query/automobile/00090.png,automobile,0.8893927931785583,0.8785785436630249,0.010814249515533447,1,/home/emily/MMIP/week5/quiz1/data/gallery/automobile/00201.png
Baseline,/home/emily/MMIP/week5/quiz1/data/query/automobile/00091.png,automobile,0.9032718539237976,0.8650127649307251,0.03825908899307251,1,/home/emily/MMIP/week5/quiz1/data/gallery/automobile/00599.png
Baseline,/home/emily/MMIP/week5/quiz1/data/query/automobile/00092.png,automobile,0.9188864827156067,0.8865031003952026,0.03238338232040405,1,/home/emily/MMIP/week5/quiz1/data/gallery/automobile/00426.png
Baseline,/home/emily/MMIP/week5/quiz1/data/query/automobile/00093.png,automobile,0.8924531936645508,0.8755500912666321,0.0169031023979187,1,/home/emily/MMIP/week5/quiz1/data/gallery/automobile/00639.png
Baseline,/home/emily/MMIP/week5/quiz1/data/query/automobile/00094.png,automobile,0.8473720550537109,0.8434845209121704,0.0038875341415405273,1,/home/emily/MMIP/week5/quiz1/data/gallery/automobile/00579.png
Baseline,/home/emily/MMIP/week5/quiz1/data/query/automobile/00095.png,automobile,0.8757805824279785,0.8544878363609314,0.02129274606704712,1,/home/emily/MMIP/week5/quiz1/data/gallery/automobile/00159.png
Baseline,/home/emily/MMIP/week5/quiz1/data/query/automobile/00096.png,automobile,0.8869011402130127,0.8589065670967102,0.02799457311630249,1,/home/emily/MMIP/week5/quiz1/data/gallery/automobile/00578.png
Baseline,/home/emily/MMIP/week5/quiz1/data/query/automobile/00097.png,automobile,0.9158258438110352,0.8946407437324524,0.021185100078582764,1,/home/emily/MMIP/week5/quiz1/data/gallery/automobile/00332.png
Baseline,/home/emily/MMIP/week5/quiz1/data/query/automobile/00098.png,automobile,0.8575677871704102,0.8786371946334839,-0.02106940746307373,3,/home/emily/MMIP/week5/quiz1/data/gallery/automobile/00770.png
Baseline,/home/emily/MMIP/week5/quiz1/data/query/automobile/00099.png,automobile,0.8837085962295532,0.8656027317047119,0.01810586452484131,1,/home/emily/MMIP/week5/quiz1/data/gallery/automobile/00137.png
Baseline,/home/emily/MMIP/week5/quiz1/data/query/bird/00000.png,bird,0.8240665793418884,0.8559718132019043,-0.03190523386001587,10,/home/emily/MMIP/week5/quiz1/data/gallery/bird/00789.png
Baseline,/home/emily/MMIP/week5/quiz1/data/query/bird/00001.png,bird,0.8328217267990112,0.8191673755645752,0.013654351234436035,1,/home/emily/MMIP/week5/quiz1/data/gallery/bird/00230.png
Baseline,/home/emily/MMIP/week5/quiz1/data/query/bird/00002.png,bird,0.9015759229660034,0.8921393156051636,0.009436607360839844,1,/home/emily/MMIP/week5/quiz1/data/gallery/bird/00205.png
Baseline,/home/emily/MMIP/week5/quiz1/data/query/bird/00003.png,bird,0.8244476914405823,0.8085764646530151,0.01587122678756714,1,/home/emily/MMIP/week5/quiz1/data/gallery/bird/00399.png
Baseline,/home/emily/MMIP/week5/quiz1/data/query/bird/00004.png,bird,0.8591405749320984,0.8720848560333252,-0.012944281101226807,3,/home/emily/MMIP/week5/quiz1/data/gallery/bird/00188.png
Baseline,/home/emily/MMIP/week5/quiz1/data/query/bird/00005.png,bird,0.8603731989860535,0.8262299299240112,0.034143269062042236,1,/home/emily/MMIP/week5/quiz1/data/gallery/bird/00098.png
Baseline,/home/emily/MMIP/week5/quiz1/data/query/bird/00006.png,bird,0.8377448320388794,0.8247038722038269,0.01304095983505249,1,/home/emily/MMIP/week5/quiz1/data/gallery/bird/00263.png
Baseline,/home/emily/MMIP/week5/quiz1/data/query/bird/00007.png,bird,0.8844671249389648,0.8451985120773315,0.0392686128616333,1,/home/emily/MMIP/week5/quiz1/data/gallery/bird/00425.png
Baseline,/home/emily/MMIP/week5/quiz1/data/query/bird/00008.png,bird,0.8328202962875366,0.817777156829834,0.015043139457702637,1,/home/emily/MMIP/week5/quiz1/data/gallery/bird/00406.png
Baseline,/home/emily/MMIP/week5/quiz1/data/query/bird/00009.png,bird,0.7834470272064209,0.8064221143722534,-0.02297508716583252,10,/home/emily/MMIP/week5/quiz1/data/gallery/bird/00111.png
Baseline,/home/emily/MMIP/week5/quiz1/data/query/bird/00010.png,bird,0.8528048992156982,0.8239284753799438,0.028876423835754395,1,/home/emily/MMIP/week5/quiz1/data/gallery/bird/00785.png
Baseline,/home/emily/MMIP/week5/quiz1/data/query/bird/00011.png,bird,0.8237112760543823,0.7977046966552734,0.026006579399108887,1,/home/emily/MMIP/week5/quiz1/data/gallery/bird/00635.png
Baseline,/home/emily/MMIP/week5/quiz1/data/query/bird/00012.png,bird,0.8821219205856323,0.8546215891838074,0.02750033140182495,1,/home/emily/MMIP/week5/quiz1/data/gallery/bird/00046.png
Baseline,/home/emily/MMIP/week5/quiz1/data/query/bird/00013.png,bird,0.877835750579834,0.8564727306365967,0.021363019943237305,1,/home/emily/MMIP/week5/quiz1/data/gallery/bird/00120.png
Baseline,/home/emily/MMIP/week5/quiz1/data/query/bird/00014.png,bird,0.8451378345489502,0.8627074956893921,-0.017569661140441895,4,/home/emily/MMIP/week5/quiz1/data/gallery/bird/00705.png
Baseline,/home/emily/MMIP/week5/quiz1/data/query/bird/00015.png,bird,0.8518645763397217,0.8292112350463867,0.02265334129333496,1,/home/emily/MMIP/week5/quiz1/data/gallery/bird/00861.png
Baseline,/home/emily/MMIP/week5/quiz1/data/query/bird/00016.png,bird,0.7986819744110107,0.8190165758132935,-0.020334601402282715,20,/home/emily/MMIP/week5/quiz1/data/gallery/bird/00943.png
Baseline,/home/emily/MMIP/week5/quiz1/data/query/bird/00017.png,bird,0.8160357475280762,0.8241754174232483,-0.00813966989517212,3,/home/emily/MMIP/week5/quiz1/data/gallery/bird/00233.png
Baseline,/home/emily/MMIP/week5/quiz1/data/query/bird/00018.png,bird,0.8518990278244019,0.8115968704223633,0.040302157402038574,1,/home/emily/MMIP/week5/quiz1/data/gallery/bird/00746.png
Baseline,/home/emily/MMIP/week5/quiz1/data/query/bird/00019.png,bird,0.8222396373748779,0.8393150568008423,-0.017075419425964355,6,/home/emily/MMIP/week5/quiz1/data/gallery/bird/00188.png
Baseline,/home/emily/MMIP/week5/quiz1/data/query/bird/00020.png,bird,0.8217597603797913,0.8496726751327515,-0.027912914752960205,6,/home/emily/MMIP/week5/quiz1/data/gallery/bird/00115.png
Baseline,/home/emily/MMIP/week5/quiz1/data/query/bird/00021.png,bird,0.9555319547653198,0.8685972690582275,0.08693468570709229,1,/home/emily/MMIP/week5/quiz1/data/gallery/bird/00740.png
Baseline,/home/emily/MMIP/week5/quiz1/data/query/bird/00022.png,bird,0.8143717050552368,0.815532922744751,-0.0011612176895141602,2,/home/emily/MMIP/week5/quiz1/data/gallery/bird/00806.png
Baseline,/home/emily/MMIP/week5/quiz1/data/query/bird/00023.png,bird,0.8298924565315247,0.8438974618911743,-0.014005005359649658,4,/home/emily/MMIP/week5/quiz1/data/gallery/bird/00627.png
Baseline,/home/emily/MMIP/week5/quiz1/data/query/bird/00024.png,bird,0.8426083922386169,0.8477887511253357,-0.00518035888671875,2,/home/emily/MMIP/week5/quiz1/data/gallery/bird/00849.png
Baseline,/home/emily/MMIP/week5/quiz1/data/query/bird/00025.png,bird,0.8520463705062866,0.8373867273330688,0.014659643173217773,1,/home/emily/MMIP/week5/quiz1/data/gallery/bird/00619.png
Baseline,/home/emily/MMIP/week5/quiz1/data/query/bird/00026.png,bird,0.8544830679893494,0.7883632183074951,0.06611984968185425,1,/home/emily/MMIP/week5/quiz1/data/gallery/bird/00819.png
Baseline,/home/emily/MMIP/week5/quiz1/data/query/bird/00027.png,bird,0.8487186431884766,0.8211419582366943,0.027576684951782227,1,/home/emily/MMIP/week5/quiz1/data/gallery/bird/00405.png
Baseline,/home/emily/MMIP/week5/quiz1/data/query/bird/00028.png,bird,0.8311607837677002,0.8256423473358154,0.005518436431884766,1,/home/emily/MMIP/week5/quiz1/data/gallery/bird/00021.png
Baseline,/home/emily/MMIP/week5/quiz1/data/query/bird/00029.png,bird,0.8265317678451538,0.839012086391449,-0.012480318546295166,5,/home/emily/MMIP/week5/quiz1/data/gallery/bird/00283.png
Baseline,/home/emily/MMIP/week5/quiz1/data/query/bird/00030.png,bird,0.7807590365409851,0.7998417615890503,-0.019082725048065186,7,/home/emily/MMIP/week5/quiz1/data/gallery/bird/00713.png
Baseline,/home/emily/MMIP/week5/quiz1/data/query/bird/00031.png,bird,0.9486221075057983,0.8625411987304688,0.08608090877532959,1,/home/emily/MMIP/week5/quiz1/data/gallery/bird/00626.png
Baseline,/home/emily/MMIP/week5/quiz1/data/query/bird/00032.png,bird,0.8414431810379028,0.8273546695709229,0.01408851146697998,1,/home/emily/MMIP/week5/quiz1/data/gallery/bird/00222.png
Baseline,/home/emily/MMIP/week5/quiz1/data/query/bird/00033.png,bird,0.8185164928436279,0.8426010608673096,-0.02408456802368164,19,/home/emily/MMIP/week5/quiz1/data/gallery/bird/00451.png
Baseline,/home/emily/MMIP/week5/quiz1/data/query/bird/00034.png,bird,0.8211157321929932,0.8178515434265137,0.003264188766479492,1,/home/emily/MMIP/week5/quiz1/data/gallery/bird/00143.png
Baseline,/home/emily/MMIP/week5/quiz1/data/query/bird/00035.png,bird,0.8224843144416809,0.8134968280792236,0.008987486362457275,1,/home/emily/MMIP/week5/quiz1/data/gallery/bird/00539.png
Baseline,/home/emily/MMIP/week5/quiz1/data/query/bird/00036.png,bird,0.8480314016342163,0.8483726978302002,-0.0003412961959838867,2,/home/emily/MMIP/week5/quiz1/data/gallery/bird/00524.png
Baseline,/home/emily/MMIP/week5/quiz1/data/query/bird/00037.png,bird,0.8340754508972168,0.834796130657196,-0.000720679759979248,2,/home/emily/MMIP/week5/quiz1/data/gallery/bird/00138.png
Baseline,/home/emily/MMIP/week5/quiz1/data/query/bird/00038.png,bird,0.8183877468109131,0.8388814926147461,-0.020493745803833008,7,/home/emily/MMIP/week5/quiz1/data/gallery/bird/00705.png
Baseline,/home/emily/MMIP/week5/quiz1/data/query/bird/00039.png,bird,0.8405730724334717,0.8511976599693298,-0.010624587535858154,4,/home/emily/MMIP/week5/quiz1/data/gallery/bird/00837.png
Baseline,/home/emily/MMIP/week5/quiz1/data/query/bird/00040.png,bird,0.8379644155502319,0.8330895304679871,0.004874885082244873,1,/home/emily/MMIP/week5/quiz1/data/gallery/bird/00950.png
Baseline,/home/emily/MMIP/week5/quiz1/data/query/bird/00041.png,bird,0.8340885043144226,0.8181328773498535,0.015955626964569092,1,/home/emily/MMIP/week5/quiz1/data/gallery/bird/00046.png
Baseline,/home/emily/MMIP/week5/quiz1/data/query/bird/00042.png,bird,0.8468268513679504,0.8198113441467285,0.027015507221221924,1,/home/emily/MMIP/week5/quiz1/data/gallery/bird/00900.png
Baseline,/home/emily/MMIP/week5/quiz1/data/query/bird/00043.png,bird,0.8598700761795044,0.820810079574585,0.039059996604919434,1,/home/emily/MMIP/week5/quiz1/data/gallery/bird/00220.png
Baseline,/home/emily/MMIP/week5/quiz1/data/query/bird/00044.png,bird,0.8448319435119629,0.8173642158508301,0.027467727661132812,1,/home/emily/MMIP/week5/quiz1/data/gallery/bird/00951.png
Baseline,/home/emily/MMIP/week5/quiz1/data/query/bird/00045.png,bird,0.8316673040390015,0.8179974555969238,0.013669848442077637,1,/home/emily/MMIP/week5/quiz1/data/gallery/bird/00156.png
Baseline,/home/emily/MMIP/week5/quiz1/data/query/bird/00046.png,bird,0.8602325916290283,0.8192332983016968,0.04099929332733154,1,/home/emily/MMIP/week5/quiz1/data/gallery/bird/00637.png
Baseline,/home/emily/MMIP/week5/quiz1/data/query/bird/00047.png,bird,0.8957873582839966,0.8863188028335571,0.009468555450439453,1,/home/emily/MMIP/week5/quiz1/data/gallery/bird/00999.png
Baseline,/home/emily/MMIP/week5/quiz1/data/query/bird/00048.png,bird,0.8708626627922058,0.8365373611450195,0.03432530164718628,1,/home/emily/MMIP/week5/quiz1/data/gallery/bird/00107.png
Baseline,/home/emily/MMIP/week5/quiz1/data/query/bird/00049.png,bird,0.8002760410308838,0.8070933818817139,-0.006817340850830078,2,/home/emily/MMIP/week5/quiz1/data/gallery/bird/00169.png
Baseline,/home/emily/MMIP/week5/quiz1/data/query/bird/00050.png,bird,0.8794054985046387,0.8487539887428284,0.030651509761810303,1,/home/emily/MMIP/week5/quiz1/data/gallery/bird/00980.png
Baseline,/home/emily/MMIP/week5/quiz1/data/query/bird/00051.png,bird,0.8631240129470825,0.8494110703468323,0.013712942600250244,1,/home/emily/MMIP/week5/quiz1/data/gallery/bird/00306.png
Baseline,/home/emily/MMIP/week5/quiz1/data/query/bird/00052.png,bird,0.8527315855026245,0.8364690542221069,0.016262531280517578,1,/home/emily/MMIP/week5/quiz1/data/gallery/bird/00917.png
Baseline,/home/emily/MMIP/week5/quiz1/data/query/bird/00053.png,bird,0.8499650955200195,0.7969610095024109,0.05300408601760864,1,/home/emily/MMIP/week5/quiz1/data/gallery/bird/00665.png
Baseline,/home/emily/MMIP/week5/quiz1/data/query/bird/00054.png,bird,0.8388753533363342,0.8617541790008545,-0.022878825664520264,2,/home/emily/MMIP/week5/quiz1/data/gallery/bird/00658.png
Baseline,/home/emily/MMIP/week5/quiz1/data/query/bird/00055.png,bird,0.8787796497344971,0.8761799335479736,0.0025997161865234375,1,/home/emily/MMIP/week5/quiz1/data/gallery/bird/00267.png
Baseline,/home/emily/MMIP/week5/quiz1/data/query/bird/00056.png,bird,0.8348190784454346,0.8435640335083008,-0.008744955062866211,2,/home/emily/MMIP/week5/quiz1/data/gallery/bird/00751.png
Baseline,/home/emily/MMIP/week5/quiz1/data/query/bird/00057.png,bird,0.8346232175827026,0.8211691379547119,0.013454079627990723,1,/home/emily/MMIP/week5/quiz1/data/gallery/bird/00105.png
Baseline,/home/emily/MMIP/week5/quiz1/data/query/bird/00058.png,bird,0.8566009998321533,0.780657172203064,0.07594382762908936,1,/home/emily/MMIP/week5/quiz1/data/gallery/bird/00113.png
Baseline,/home/emily/MMIP/week5/quiz1/data/query/bird/00059.png,bird,0.8079632520675659,0.8249859809875488,-0.01702272891998291,4,/home/emily/MMIP/week5/quiz1/data/gallery/bird/00216.png
Baseline,/home/emily/MMIP/week5/quiz1/data/query/bird/00060.png,bird,0.8138659000396729,0.7791521549224854,0.0347137451171875,1,/home/emily/MMIP/week5/quiz1/data/gallery/bird/00348.png
Baseline,/home/emily/MMIP/week5/quiz1/data/query/bird/00061.png,bird,0.8859917521476746,0.8145180344581604,0.07147371768951416,1,/home/emily/MMIP/week5/quiz1/data/gallery/bird/00277.png
Baseline,/home/emily/MMIP/week5/quiz1/data/query/bird/00062.png,bird,0.815258800983429,0.819431483745575,-0.004172682762145996,3,/home/emily/MMIP/week5/quiz1/data/gallery/bird/00585.png
Baseline,/home/emily/MMIP/week5/quiz1/data/query/bird/00063.png,bird,0.8151521682739258,0.8192603588104248,-0.0041081905364990234,2,/home/emily/MMIP/week5/quiz1/data/gallery/bird/00518.png
Baseline,/home/emily/MMIP/week5/quiz1/data/query/bird/00064.png,bird,0.8635509014129639,0.835923969745636,0.02762693166732788,1,/home/emily/MMIP/week5/quiz1/data/gallery/bird/00761.png
Baseline,/home/emily/MMIP/week5/quiz1/data/query/bird/00065.png,bird,0.8054285049438477,0.847115159034729,-0.04168665409088135,7,/home/emily/MMIP/week5/quiz1/data/gallery/bird/00698.png
Baseline,/home/emily/MMIP/week5/quiz1/data/query/bird/00066.png,bird,0.8053430318832397,0.8284194469451904,-0.023076415061950684,5,/home/emily/MMIP/week5/quiz1/data/gallery/bird/00579.png
Baseline,/home/emily/MMIP/week5/quiz1/data/query/bird/00067.png,bird,0.8490344285964966,0.8164106011390686,0.03262382745742798,1,/home/emily/MMIP/week5/quiz1/data/gallery/bird/00024.png
Baseline,/home/emily/MMIP/week5/quiz1/data/query/bird/00068.png,bird,0.8621649146080017,0.8190937042236328,0.043071210384368896,1,/home/emily/MMIP/week5/quiz1/data/gallery/bird/00064.png
Baseline,/home/emily/MMIP/week5/quiz1/data/query/bird/00069.png,bird,0.8519752025604248,0.8555089831352234,-0.003533780574798584,2,/home/emily/MMIP/week5/quiz1/data/gallery/bird/00850.png
Baseline,/home/emily/MMIP/week5/quiz1/data/query/bird/00070.png,bird,0.808108925819397,0.8381476402282715,-0.03003871440887451,3,/home/emily/MMIP/week5/quiz1/data/gallery/bird/00617.png
Baseline,/home/emily/MMIP/week5/quiz1/data/query/bird/00071.png,bird,0.8620481491088867,0.8116755485534668,0.05037260055541992,1,/home/emily/MMIP/week5/quiz1/data/gallery/bird/00721.png
Baseline,/home/emily/MMIP/week5/quiz1/data/query/bird/00072.png,bird,0.8582686185836792,0.8414841890335083,0.0167844295501709,1,/home/emily/MMIP/week5/quiz1/data/gallery/bird/00220.png
Baseline,/home/emily/MMIP/week5/quiz1/data/query/bird/00073.png,bird,0.857096791267395,0.8756058216094971,-0.01850903034210205,8,/home/emily/MMIP/week5/quiz1/data/gallery/bird/00625.png
Baseline,/home/emily/MMIP/week5/quiz1/data/query/bird/00074.png,bird,0.8573578000068665,0.8012112379074097,0.05614656209945679,1,/home/emily/MMIP/week5/quiz1/data/gallery/bird/00319.png
Baseline,/home/emily/MMIP/week5/quiz1/data/query/bird/00075.png,bird,0.8356423377990723,0.8430889248847961,-0.007446587085723877,2,/home/emily/MMIP/week5/quiz1/data/gallery/bird/00990.png
Baseline,/home/emily/MMIP/week5/quiz1/data/query/bird/00076.png,bird,0.821010172367096,0.8044878244400024,0.016522347927093506,1,/home/emily/MMIP/week5/quiz1/data/gallery/bird/00448.png
Baseline,/home/emily/MMIP/week5/quiz1/data/query/bird/00077.png,bird,0.8755756616592407,0.812944769859314,0.06263089179992676,1,/home/emily/MMIP/week5/quiz1/data/gallery/bird/00293.png
Baseline,/home/emily/MMIP/week5/quiz1/data/query/bird/00078.png,bird,0.8488962650299072,0.8701779842376709,-0.021281719207763672,6,/home/emily/MMIP/week5/quiz1/data/gallery/bird/00966.png
Baseline,/home/emily/MMIP/week5/quiz1/data/query/bird/00079.png,bird,0.8409105539321899,0.8343639969825745,0.0065465569496154785,1,/home/emily/MMIP/week5/quiz1/data/gallery/bird/00423.png
Baseline,/home/emily/MMIP/week5/quiz1/data/query/bird/00080.png,bird,0.8312125205993652,0.822895884513855,0.008316636085510254,1,/home/emily/MMIP/week5/quiz1/data/gallery/bird/00582.png
Baseline,/home/emily/MMIP/week5/quiz1/data/query/bird/00081.png,bird,0.8607220649719238,0.8137184381484985,0.04700362682342529,1,/home/emily/MMIP/week5/quiz1/data/gallery/bird/00319.png
Baseline,/home/emily/MMIP/week5/quiz1/data/query/bird/00082.png,bird,0.8627829551696777,0.8218404650688171,0.040942490100860596,1,/home/emily/MMIP/week5/quiz1/data/gallery/bird/00540.png
Baseline,/home/emily/MMIP/week5/quiz1/data/query/bird/00083.png,bird,0.8845553994178772,0.8743718862533569,0.010183513164520264,1,/home/emily/MMIP/week5/quiz1/data/gallery/bird/00279.png
Baseline,/home/emily/MMIP/week5/quiz1/data/query/bird/00084.png,bird,0.8489830493927002,0.8414102792739868,0.007572770118713379,1,/home/emily/MMIP/week5/quiz1/data/gallery/bird/00823.png
Baseline,/home/emily/MMIP/week5/quiz1/data/query/bird/00085.png,bird,0.8618529438972473,0.8591492176055908,0.002703726291656494,1,/home/emily/MMIP/week5/quiz1/data/gallery/bird/00892.png
Baseline,/home/emily/MMIP/week5/quiz1/data/query/bird/00086.png,bird,0.9193559288978577,0.8042133450508118,0.1151425838470459,1,/home/emily/MMIP/week5/quiz1/data/gallery/bird/00261.png
Baseline,/home/emily/MMIP/week5/quiz1/data/query/bird/00087.png,bird,0.8428561687469482,0.8506836891174316,-0.007827520370483398,2,/home/emily/MMIP/week5/quiz1/data/gallery/bird/00718.png
Baseline,/home/emily/MMIP/week5/quiz1/data/query/bird/00088.png,bird,0.8615691065788269,0.8287805318832397,0.03278857469558716,1,/home/emily/MMIP/week5/quiz1/data/gallery/bird/00583.png
Baseline,/home/emily/MMIP/week5/quiz1/data/query/bird/00089.png,bird,0.8546114563941956,0.8058393001556396,0.04877215623855591,1,/home/emily/MMIP/week5/quiz1/data/gallery/bird/00254.png
Baseline,/home/emily/MMIP/week5/quiz1/data/query/bird/00090.png,bird,0.9170376658439636,0.7683465480804443,0.1486911177635193,1,/home/emily/MMIP/week5/quiz1/data/gallery/bird/00114.png
Baseline,/home/emily/MMIP/week5/quiz1/data/query/bird/00091.png,bird,0.813332200050354,0.8279168605804443,-0.014584660530090332,9,/home/emily/MMIP/week5/quiz1/data/gallery/bird/00194.png
Baseline,/home/emily/MMIP/week5/quiz1/data/query/bird/00092.png,bird,0.8255523443222046,0.8256428241729736,-9.047985076904297e-05,2,/home/emily/MMIP/week5/quiz1/data/gallery/bird/00473.png
Baseline,/home/emily/MMIP/week5/quiz1/data/query/bird/00093.png,bird,0.8548064231872559,0.8436312675476074,0.011175155639648438,1,/home/emily/MMIP/week5/quiz1/data/gallery/bird/00434.png
Baseline,/home/emily/MMIP/week5/quiz1/data/query/bird/00094.png,bird,0.8179875612258911,0.8042365312576294,0.013751029968261719,1,/home/emily/MMIP/week5/quiz1/data/gallery/bird/00461.png
Baseline,/home/emily/MMIP/week5/quiz1/data/query/bird/00095.png,bird,0.850031852722168,0.8312660455703735,0.018765807151794434,1,/home/emily/MMIP/week5/quiz1/data/gallery/bird/00272.png
Baseline,/home/emily/MMIP/week5/quiz1/data/query/bird/00096.png,bird,0.9134055376052856,0.7767163515090942,0.1366891860961914,1,/home/emily/MMIP/week5/quiz1/data/gallery/bird/00891.png
Baseline,/home/emily/MMIP/week5/quiz1/data/query/bird/00097.png,bird,0.8363519310951233,0.8586527109146118,-0.022300779819488525,6,/home/emily/MMIP/week5/quiz1/data/gallery/bird/00984.png
Baseline,/home/emily/MMIP/week5/quiz1/data/query/bird/00098.png,bird,0.8539433479309082,0.8010817766189575,0.052861571311950684,1,/home/emily/MMIP/week5/quiz1/data/gallery/bird/00114.png
Baseline,/home/emily/MMIP/week5/quiz1/data/query/bird/00099.png,bird,0.8046982288360596,0.8071642518043518,-0.0024660229682922363,2,/home/emily/MMIP/week5/quiz1/data/gallery/bird/00674.png
Baseline,/home/emily/MMIP/week5/quiz1/data/query/cat/00000.png,cat,0.8749395608901978,0.844509482383728,0.030430078506469727,1,/home/emily/MMIP/week5/quiz1/data/gallery/cat/00386.png
Baseline,/home/emily/MMIP/week5/quiz1/data/query/cat/00001.png,cat,0.8570837378501892,0.8350284099578857,0.022055327892303467,1,/home/emily/MMIP/week5/quiz1/data/gallery/cat/00925.png
Baseline,/home/emily/MMIP/week5/quiz1/data/query/cat/00002.png,cat,0.8459575176239014,0.8610709309577942,-0.015113413333892822,2,/home/emily/MMIP/week5/quiz1/data/gallery/cat/00122.png
Baseline,/home/emily/MMIP/week5/quiz1/data/query/cat/00003.png,cat,0.8627174496650696,0.8363509178161621,0.02636653184890747,1,/home/emily/MMIP/week5/quiz1/data/gallery/cat/00420.png
Baseline,/home/emily/MMIP/week5/quiz1/data/query/cat/00004.png,cat,0.8504215478897095,0.8562619686126709,-0.005840420722961426,5,/home/emily/MMIP/week5/quiz1/data/gallery/cat/00258.png
Baseline,/home/emily/MMIP/week5/quiz1/data/query/cat/00005.png,cat,0.8259513974189758,0.83588707447052,-0.00993567705154419,2,/home/emily/MMIP/week5/quiz1/data/gallery/cat/00164.png
Baseline,/home/emily/MMIP/week5/quiz1/data/query/cat/00006.png,cat,0.8570946455001831,0.8530608415603638,0.004033803939819336,1,/home/emily/MMIP/week5/quiz1/data/gallery/cat/00070.png
Baseline,/home/emily/MMIP/week5/quiz1/data/query/cat/00007.png,cat,0.8451861143112183,0.8318688273429871,0.013317286968231201,1,/home/emily/MMIP/week5/quiz1/data/gallery/cat/00416.png
Baseline,/home/emily/MMIP/week5/quiz1/data/query/cat/00008.png,cat,0.8184812664985657,0.839279055595398,-0.020797789096832275,14,/home/emily/MMIP/week5/quiz1/data/gallery/cat/00374.png
Baseline,/home/emily/MMIP/week5/quiz1/data/query/cat/00009.png,cat,0.8446099758148193,0.8234414458274841,0.021168529987335205,1,/home/emily/MMIP/week5/quiz1/data/gallery/cat/00250.png
Baseline,/home/emily/MMIP/week5/quiz1/data/query/cat/00010.png,cat,0.849017858505249,0.8251630663871765,0.02385479211807251,1,/home/emily/MMIP/week5/quiz1/data/gallery/cat/00129.png
Baseline,/home/emily/MMIP/week5/quiz1/data/query/cat/00011.png,cat,0.8461764454841614,0.82570481300354,0.020471632480621338,1,/home/emily/MMIP/week5/quiz1/data/gallery/cat/00524.png
Baseline,/home/emily/MMIP/week5/quiz1/data/query/cat/00012.png,cat,0.8478715419769287,0.8392040729522705,0.008667469024658203,1,/home/emily/MMIP/week5/quiz1/data/gallery/cat/00228.png
Baseline,/home/emily/MMIP/week5/quiz1/data/query/cat/00013.png,cat,0.8162948489189148,0.8270730972290039,-0.010778248310089111,3,/home/emily/MMIP/week5/quiz1/data/gallery/cat/00158.png
Baseline,/home/emily/MMIP/week5/quiz1/data/query/cat/00014.png,cat,0.8551130294799805,0.8443081378936768,0.010804891586303711,1,/home/emily/MMIP/week5/quiz1/data/gallery/cat/00927.png
Baseline,/home/emily/MMIP/week5/quiz1/data/query/cat/00015.png,cat,0.8994044661521912,0.827614426612854,0.07179003953933716,1,/home/emily/MMIP/week5/quiz1/data/gallery/cat/00936.png
Baseline,/home/emily/MMIP/week5/quiz1/data/query/cat/00016.png,cat,0.8451436161994934,0.8435183763504028,0.0016252398490905762,1,/home/emily/MMIP/week5/quiz1/data/gallery/cat/00487.png
Baseline,/home/emily/MMIP/week5/quiz1/data/query/cat/00017.png,cat,0.8515632152557373,0.852730929851532,-0.0011677145957946777,2,/home/emily/MMIP/week5/quiz1/data/gallery/cat/00295.png
Baseline,/home/emily/MMIP/week5/quiz1/data/query/cat/00018.png,cat,0.8755204677581787,0.8667763471603394,0.008744120597839355,1,/home/emily/MMIP/week5/quiz1/data/gallery/cat/00714.png
Baseline,/home/emily/MMIP/week5/quiz1/data/query/cat/00019.png,cat,0.8465021848678589,0.829090416431427,0.017411768436431885,1,/home/emily/MMIP/week5/quiz1/data/gallery/cat/00719.png
Baseline,/home/emily/MMIP/week5/quiz1/data/query/cat/00020.png,cat,0.8773636817932129,0.8471294641494751,0.030234217643737793,1,/home/emily/MMIP/week5/quiz1/data/gallery/cat/00894.png
Baseline,/home/emily/MMIP/week5/quiz1/data/query/cat/00021.png,cat,0.8185316920280457,0.8181856870651245,0.0003460049629211426,1,/home/emily/MMIP/week5/quiz1/data/gallery/cat/00365.png
Baseline,/home/emily/MMIP/week5/quiz1/data/query/cat/00022.png,cat,0.8175654411315918,0.8329887390136719,-0.015423297882080078,2,/home/emily/MMIP/week5/quiz1/data/gallery/cat/00741.png
Baseline,/home/emily/MMIP/week5/quiz1/data/query/cat/00023.png,cat,0.8827754259109497,0.8605635166168213,0.022211909294128418,1,/home/emily/MMIP/week5/quiz1/data/gallery/cat/00634.png
Baseline,/home/emily/MMIP/week5/quiz1/data/query/cat/00024.png,cat,0.8430370092391968,0.8271631598472595,0.015873849391937256,1,/home/emily/MMIP/week5/quiz1/data/gallery/cat/00215.png
Baseline,/home/emily/MMIP/week5/quiz1/data/query/cat/00025.png,cat,0.8607667684555054,0.8191214799880981,0.04164528846740723,1,/home/emily/MMIP/week5/quiz1/data/gallery/cat/00323.png
Baseline,/home/emily/MMIP/week5/quiz1/data/query/cat/00026.png,cat,0.8146504759788513,0.8329750299453735,-0.018324553966522217,2,/home/emily/MMIP/week5/quiz1/data/gallery/cat/00889.png
Baseline,/home/emily/MMIP/week5/quiz1/data/query/cat/00027.png,cat,0.8449232578277588,0.856281578540802,-0.011358320713043213,4,/home/emily/MMIP/week5/quiz1/data/gallery/cat/00341.png
Baseline,/home/emily/MMIP/week5/quiz1/data/query/cat/00028.png,cat,0.8638374209403992,0.8456314206123352,0.018206000328063965,1,/home/emily/MMIP/week5/quiz1/data/gallery/cat/00687.png
Baseline,/home/emily/MMIP/week5/quiz1/data/query/cat/00029.png,cat,0.8316080570220947,0.8471782207489014,-0.01557016372680664,6,/home/emily/MMIP/week5/quiz1/data/gallery/cat/00009.png
Baseline,/home/emily/MMIP/week5/quiz1/data/query/cat/00030.png,cat,0.869863748550415,0.8345229625701904,0.03534078598022461,1,/home/emily/MMIP/week5/quiz1/data/gallery/cat/00394.png
Baseline,/home/emily/MMIP/week5/quiz1/data/query/cat/00031.png,cat,0.8311735391616821,0.8282079100608826,0.0029656291007995605,1,/home/emily/MMIP/week5/quiz1/data/gallery/cat/00338.png
Baseline,/home/emily/MMIP/week5/quiz1/data/query/cat/00032.png,cat,0.8512287735939026,0.8484793901443481,0.0027493834495544434,1,/home/emily/MMIP/week5/quiz1/data/gallery/cat/00289.png
Baseline,/home/emily/MMIP/week5/quiz1/data/query/cat/00033.png,cat,0.8572826385498047,0.8131104707717896,0.04417216777801514,1,/home/emily/MMIP/week5/quiz1/data/gallery/cat/00450.png
Baseline,/home/emily/MMIP/week5/quiz1/data/query/cat/00034.png,cat,0.8597614765167236,0.8586362600326538,0.0011252164840698242,1,/home/emily/MMIP/week5/quiz1/data/gallery/cat/00326.png
Baseline,/home/emily/MMIP/week5/quiz1/data/query/cat/00035.png,cat,0.8532568216323853,0.8454446792602539,0.007812142372131348,1,/home/emily/MMIP/week5/quiz1/data/gallery/cat/00655.png
Baseline,/home/emily/MMIP/week5/quiz1/data/query/cat/00036.png,cat,0.8362919092178345,0.8446069359779358,-0.008315026760101318,2,/home/emily/MMIP/week5/quiz1/data/gallery/cat/00190.png
Baseline,/home/emily/MMIP/week5/quiz1/data/query/cat/00037.png,cat,0.8423686623573303,0.8316532969474792,0.010715365409851074,1,/home/emily/MMIP/week5/quiz1/data/gallery/cat/00233.png
Baseline,/home/emily/MMIP/week5/quiz1/data/query/cat/00038.png,cat,0.8507863879203796,0.8267556428909302,0.024030745029449463,1,/home/emily/MMIP/week5/quiz1/data/gallery/cat/00306.png
Baseline,/home/emily/MMIP/week5/quiz1/data/query/cat/00039.png,cat,0.854080080986023,0.865465521812439,-0.011385440826416016,2,/home/emily/MMIP/week5/quiz1/data/gallery/cat/00701.png
Baseline,/home/emily/MMIP/week5/quiz1/data/query/cat/00040.png,cat,0.8154854774475098,0.8408220410346985,-0.02533656358718872,7,/home/emily/MMIP/week5/quiz1/data/gallery/cat/00793.png
Baseline,/home/emily/MMIP/week5/quiz1/data/query/cat/00041.png,cat,0.8540486097335815,0.8224129676818848,0.03163564205169678,1,/home/emily/MMIP/week5/quiz1/data/gallery/cat/00797.png
Baseline,/home/emily/MMIP/week5/quiz1/data/query/cat/00042.png,cat,0.8294329643249512,0.8498266339302063,-0.020393669605255127,3,/home/emily/MMIP/week5/quiz1/data/gallery/cat/00898.png
Baseline,/home/emily/MMIP/week5/quiz1/data/query/cat/00043.png,cat,0.8467260599136353,0.8207154273986816,0.026010632514953613,1,/home/emily/MMIP/week5/quiz1/data/gallery/cat/00602.png
Baseline,/home/emily/MMIP/week5/quiz1/data/query/cat/00044.png,cat,0.829184353351593,0.8371990919113159,-0.0080147385597229,2,/home/emily/MMIP/week5/quiz1/data/gallery/cat/00872.png
Baseline,/home/emily/MMIP/week5/quiz1/data/query/cat/00045.png,cat,0.8756322860717773,0.8895254135131836,-0.01389312744140625,2,/home/emily/MMIP/week5/quiz1/data/gallery/cat/00304.png
Baseline,/home/emily/MMIP/week5/quiz1/data/query/cat/00046.png,cat,0.8584222793579102,0.8430243730545044,0.015397906303405762,1,/home/emily/MMIP/week5/quiz1/data/gallery/cat/00592.png
Baseline,/home/emily/MMIP/week5/quiz1/data/query/cat/00047.png,cat,0.8562716245651245,0.8328732252120972,0.023398399353027344,1,/home/emily/MMIP/week5/quiz1/data/gallery/cat/00414.png
Baseline,/home/emily/MMIP/week5/quiz1/data/query/cat/00048.png,cat,0.8463922142982483,0.8439431190490723,0.0024490952491760254,1,/home/emily/MMIP/week5/quiz1/data/gallery/cat/00111.png
Baseline,/home/emily/MMIP/week5/quiz1/data/query/cat/00049.png,cat,0.8317549228668213,0.8084912896156311,0.023263633251190186,1,/home/emily/MMIP/week5/quiz1/data/gallery/cat/00454.png
Baseline,/home/emily/MMIP/week5/quiz1/data/query/cat/00050.png,cat,0.8444722890853882,0.8030903339385986,0.04138195514678955,1,/home/emily/MMIP/week5/quiz1/data/gallery/cat/00921.png
Baseline,/home/emily/MMIP/week5/quiz1/data/query/cat/00051.png,cat,0.8657269477844238,0.8421012759208679,0.023625671863555908,1,/home/emily/MMIP/week5/quiz1/data/gallery/cat/00460.png
Baseline,/home/emily/MMIP/week5/quiz1/data/query/cat/00052.png,cat,0.8404629230499268,0.8291540145874023,0.011308908462524414,1,/home/emily/MMIP/week5/quiz1/data/gallery/cat/00276.png
Baseline,/home/emily/MMIP/week5/quiz1/data/query/cat/00053.png,cat,0.8397753834724426,0.8716936111450195,-0.031918227672576904,6,/home/emily/MMIP/week5/quiz1/data/gallery/cat/00487.png
Baseline,/home/emily/MMIP/week5/quiz1/data/query/cat/00054.png,cat,0.841120719909668,0.8558454513549805,-0.0147247314453125,9,/home/emily/MMIP/week5/quiz1/data/gallery/cat/00701.png
Baseline,/home/emily/MMIP/week5/quiz1/data/query/cat/00055.png,cat,0.8827193975448608,0.8780189752578735,0.004700422286987305,1,/home/emily/MMIP/week5/quiz1/data/gallery/cat/00958.png
Baseline,/home/emily/MMIP/week5/quiz1/data/query/cat/00056.png,cat,0.8613935708999634,0.8279526233673096,0.03344094753265381,1,/home/emily/MMIP/week5/quiz1/data/gallery/cat/00305.png
Baseline,/home/emily/MMIP/week5/quiz1/data/query/cat/00057.png,cat,0.830044150352478,0.831707239151001,-0.0016630887985229492,2,/home/emily/MMIP/week5/quiz1/data/gallery/cat/00350.png
Baseline,/home/emily/MMIP/week5/quiz1/data/query/cat/00058.png,cat,0.8040521740913391,0.8374931812286377,-0.033441007137298584,20,/home/emily/MMIP/week5/quiz1/data/gallery/cat/00832.png
Baseline,/home/emily/MMIP/week5/quiz1/data/query/cat/00059.png,cat,0.8667222857475281,0.8367905616760254,0.029931724071502686,1,/home/emily/MMIP/week5/quiz1/data/gallery/cat/00313.png
Baseline,/home/emily/MMIP/week5/quiz1/data/query/cat/00060.png,cat,0.8171520233154297,0.8219709992408752,-0.004818975925445557,2,/home/emily/MMIP/week5/quiz1/data/gallery/cat/00001.png
Baseline,/home/emily/MMIP/week5/quiz1/data/query/cat/00061.png,cat,0.851184070110321,0.8190829753875732,0.0321010947227478,1,/home/emily/MMIP/week5/quiz1/data/gallery/cat/00462.png
Baseline,/home/emily/MMIP/week5/quiz1/data/query/cat/00062.png,cat,0.8123568296432495,0.8403781652450562,-0.02802133560180664,4,/home/emily/MMIP/week5/quiz1/data/gallery/cat/00300.png
Baseline,/home/emily/MMIP/week5/quiz1/data/query/cat/00063.png,cat,0.8632504940032959,0.887176513671875,-0.0239260196685791,5,/home/emily/MMIP/week5/quiz1/data/gallery/cat/00542.png
Baseline,/home/emily/MMIP/week5/quiz1/data/query/cat/00064.png,cat,0.849988579750061,0.8247972130775452,0.02519136667251587,1,/home/emily/MMIP/week5/quiz1/data/gallery/cat/00107.png
Baseline,/home/emily/MMIP/week5/quiz1/data/query/cat/00065.png,cat,0.8422025442123413,0.8134204149246216,0.028782129287719727,1,/home/emily/MMIP/week5/quiz1/data/gallery/cat/00576.png
Baseline,/home/emily/MMIP/week5/quiz1/data/query/cat/00066.png,cat,0.8565088510513306,0.8263614177703857,0.030147433280944824,1,/home/emily/MMIP/week5/quiz1/data/gallery/cat/00884.png
Baseline,/home/emily/MMIP/week5/quiz1/data/query/cat/00067.png,cat,0.8343756198883057,0.8278983235359192,0.006477296352386475,1,/home/emily/MMIP/week5/quiz1/data/gallery/cat/00113.png
Baseline,/home/emily/MMIP/week5/quiz1/data/query/cat/00068.png,cat,0.8649187088012695,0.8482816815376282,0.016637027263641357,1,/home/emily/MMIP/week5/quiz1/data/gallery/cat/00035.png
Baseline,/home/emily/MMIP/week5/quiz1/data/query/cat/00069.png,cat,0.8645626902580261,0.809524655342102,0.05503803491592407,1,/home/emily/MMIP/week5/quiz1/data/gallery/cat/00414.png
Baseline,/home/emily/MMIP/week5/quiz1/data/query/cat/00070.png,cat,0.8600901961326599,0.8410526514053345,0.01903754472732544,1,/home/emily/MMIP/week5/quiz1/data/gallery/cat/00138.png
Baseline,/home/emily/MMIP/week5/quiz1/data/query/cat/00071.png,cat,0.8688637018203735,0.8578439950942993,0.011019706726074219,1,/home/emily/MMIP/week5/quiz1/data/gallery/cat/00030.png
Baseline,/home/emily/MMIP/week5/quiz1/data/query/cat/00072.png,cat,0.8272811770439148,0.8362041711807251,-0.008922994136810303,2,/home/emily/MMIP/week5/quiz1/data/gallery/cat/00095.png
Baseline,/home/emily/MMIP/week5/quiz1/data/query/cat/00073.png,cat,0.8440428972244263,0.8642421960830688,-0.020199298858642578,4,/home/emily/MMIP/week5/quiz1/data/gallery/cat/00848.png
Baseline,/home/emily/MMIP/week5/quiz1/data/query/cat/00074.png,cat,0.7927864789962769,0.8034027218818665,-0.0106162428855896,5,/home/emily/MMIP/week5/quiz1/data/gallery/cat/00550.png
Baseline,/home/emily/MMIP/week5/quiz1/data/query/cat/00075.png,cat,0.8752611875534058,0.8274670243263245,0.0477941632270813,1,/home/emily/MMIP/week5/quiz1/data/gallery/cat/00380.png
Baseline,/home/emily/MMIP/week5/quiz1/data/query/cat/00076.png,cat,0.8415282368659973,0.8467493057250977,-0.005221068859100342,2,/home/emily/MMIP/week5/quiz1/data/gallery/cat/00857.png
Baseline,/home/emily/MMIP/week5/quiz1/data/query/cat/00077.png,cat,0.8263752460479736,0.8340930938720703,-0.00771784782409668,9,/home/emily/MMIP/week5/quiz1/data/gallery/cat/00574.png
Baseline,/home/emily/MMIP/week5/quiz1/data/query/cat/00078.png,cat,0.8209524154663086,0.8411169052124023,-0.02016448974609375,5,/home/emily/MMIP/week5/quiz1/data/gallery/cat/00327.png
Baseline,/home/emily/MMIP/week5/quiz1/data/query/cat/00079.png,cat,0.827756404876709,0.8238412141799927,0.003915190696716309,1,/home/emily/MMIP/week5/quiz1/data/gallery/cat/00656.png
Baseline,/home/emily/MMIP/week5/quiz1/data/query/cat/00080.png,cat,0.8410327434539795,0.8538216948509216,-0.012788951396942139,3,/home/emily/MMIP/week5/quiz1/data/gallery/cat/00341.png
Baseline,/home/emily/MMIP/week5/quiz1/data/query/cat/00081.png,cat,0.8407936096191406,0.8151739239692688,0.025619685649871826,1,/home/emily/MMIP/week5/quiz1/data/gallery/cat/00745.png
Baseline,/home/emily/MMIP/week5/quiz1/data/query/cat/00082.png,cat,0.7833356857299805,0.7930428981781006,-0.009707212448120117,6,/home/emily/MMIP/week5/quiz1/data/gallery/cat/00898.png
Baseline,/home/emily/MMIP/week5/quiz1/data/query/cat/00083.png,cat,0.80450439453125,0.813298225402832,-0.008793830871582031,4,/home/emily/MMIP/week5/quiz1/data/gallery/cat/00412.png
Baseline,/home/emily/MMIP/week5/quiz1/data/query/cat/00084.png,cat,0.8087283372879028,0.8571975231170654,-0.0484691858291626,39,/home/emily/MMIP/week5/quiz1/data/gallery/cat/00861.png
Baseline,/home/emily/MMIP/week5/quiz1/data/query/cat/00085.png,cat,0.8641369342803955,0.8575680255889893,0.00656890869140625,1,/home/emily/MMIP/week5/quiz1/data/gallery/cat/00745.png
Baseline,/home/emily/MMIP/week5/quiz1/data/query/cat/00086.png,cat,0.868895411491394,0.8503482937812805,0.018547117710113525,1,/home/emily/MMIP/week5/quiz1/data/gallery/cat/00700.png
Baseline,/home/emily/MMIP/week5/quiz1/data/query/cat/00087.png,cat,0.8181124925613403,0.8158449530601501,0.0022675395011901855,1,/home/emily/MMIP/week5/quiz1/data/gallery/cat/00454.png
Baseline,/home/emily/MMIP/week5/quiz1/data/query/cat/00088.png,cat,0.7980533242225647,0.8289575576782227,-0.03090423345565796,3,/home/emily/MMIP/week5/quiz1/data/gallery/cat/00291.png
Baseline,/home/emily/MMIP/week5/quiz1/data/query/cat/00089.png,cat,0.8274509906768799,0.821864128112793,0.005586862564086914,1,/home/emily/MMIP/week5/quiz1/data/gallery/cat/00127.png
Baseline,/home/emily/MMIP/week5/quiz1/data/query/cat/00090.png,cat,0.8128169775009155,0.826190710067749,-0.013373732566833496,6,/home/emily/MMIP/week5/quiz1/data/gallery/cat/00103.png
Baseline,/home/emily/MMIP/week5/quiz1/data/query/cat/00091.png,cat,0.8547777533531189,0.8389461040496826,0.01583164930343628,1,/home/emily/MMIP/week5/quiz1/data/gallery/cat/00790.png
Baseline,/home/emily/MMIP/week5/quiz1/data/query/cat/00092.png,cat,0.8134189248085022,0.7971290349960327,0.016289889812469482,1,/home/emily/MMIP/week5/quiz1/data/gallery/cat/00646.png
Baseline,/home/emily/MMIP/week5/quiz1/data/query/cat/00093.png,cat,0.8586164712905884,0.7838186025619507,0.0747978687286377,1,/home/emily/MMIP/week5/quiz1/data/gallery/cat/00494.png
Baseline,/home/emily/MMIP/week5/quiz1/data/query/cat/00094.png,cat,0.7946155071258545,0.7959021925926208,-0.0012866854667663574,2,/home/emily/MMIP/week5/quiz1/data/gallery/cat/00393.png
Baseline,/home/emily/MMIP/week5/quiz1/data/query/cat/00095.png,cat,0.8495228886604309,0.8415415287017822,0.007981359958648682,1,/home/emily/MMIP/week5/quiz1/data/gallery/cat/00894.png
Baseline,/home/emily/MMIP/week5/quiz1/data/query/cat/00096.png,cat,0.8368309736251831,0.837588906288147,-0.0007579326629638672,2,/home/emily/MMIP/week5/quiz1/data/gallery/cat/00945.png
Baseline,/home/emily/MMIP/week5/quiz1/data/query/cat/00097.png,cat,0.8206077814102173,0.8362735509872437,-0.015665769577026367,3,/home/emily/MMIP/week5/quiz1/data/gallery/cat/00100.png
Baseline,/home/emily/MMIP/week5/quiz1/data/query/cat/00098.png,cat,0.8570767641067505,0.8311098217964172,0.025966942310333252,1,/home/emily/MMIP/week5/quiz1/data/gallery/cat/00263.png
Baseline,/home/emily/MMIP/week5/quiz1/data/query/cat/00099.png,cat,0.8148377537727356,0.8098799586296082,0.004957795143127441,1,/home/emily/MMIP/week5/quiz1/data/gallery/cat/00497.png
Baseline,/home/emily/MMIP/week5/quiz1/data/query/deer/00000.png,deer,0.8680301904678345,0.8371812105178833,0.030848979949951172,1,/home/emily/MMIP/week5/quiz1/data/gallery/deer/00291.png
Baseline,/home/emily/MMIP/week5/quiz1/data/query/deer/00001.png,deer,0.8307876586914062,0.8461604118347168,-0.015372753143310547,6,/home/emily/MMIP/week5/quiz1/data/gallery/deer/00057.png
Baseline,/home/emily/MMIP/week5/quiz1/data/query/deer/00002.png,deer,0.8620114326477051,0.8212594389915466,0.04075199365615845,1,/home/emily/MMIP/week5/quiz1/data/gallery/deer/00865.png
Baseline,/home/emily/MMIP/week5/quiz1/data/query/deer/00003.png,deer,0.883833646774292,0.8592718839645386,0.024561762809753418,1,/home/emily/MMIP/week5/quiz1/data/gallery/deer/00257.png
Baseline,/home/emily/MMIP/week5/quiz1/data/query/deer/00004.png,deer,0.851280689239502,0.8431947231292725,0.008085966110229492,1,/home/emily/MMIP/week5/quiz1/data/gallery/deer/00026.png
Baseline,/home/emily/MMIP/week5/quiz1/data/query/deer/00005.png,deer,0.8218050599098206,0.8413972854614258,-0.019592225551605225,17,/home/emily/MMIP/week5/quiz1/data/gallery/deer/00722.png
Baseline,/home/emily/MMIP/week5/quiz1/data/query/deer/00006.png,deer,0.863220751285553,0.8544423580169678,0.008778393268585205,1,/home/emily/MMIP/week5/quiz1/data/gallery/deer/00949.png
Baseline,/home/emily/MMIP/week5/quiz1/data/query/deer/00007.png,deer,0.8724150061607361,0.8704742193222046,0.0019407868385314941,1,/home/emily/MMIP/week5/quiz1/data/gallery/deer/00481.png
Baseline,/home/emily/MMIP/week5/quiz1/data/query/deer/00008.png,deer,0.8607789874076843,0.8478158712387085,0.01296311616897583,1,/home/emily/MMIP/week5/quiz1/data/gallery/deer/00563.png
Baseline,/home/emily/MMIP/week5/quiz1/data/query/deer/00009.png,deer,0.8426231145858765,0.8595763444900513,-0.016953229904174805,11,/home/emily/MMIP/week5/quiz1/data/gallery/deer/00903.png
Baseline,/home/emily/MMIP/week5/quiz1/data/query/deer/00010.png,deer,0.8669908046722412,0.8645398616790771,0.0024509429931640625,1,/home/emily/MMIP/week5/quiz1/data/gallery/deer/00093.png
Baseline,/home/emily/MMIP/week5/quiz1/data/query/deer/00011.png,deer,0.9177323579788208,0.8500349521636963,0.06769740581512451,1,/home/emily/MMIP/week5/quiz1/data/gallery/deer/00476.png
Baseline,/home/emily/MMIP/week5/quiz1/data/query/deer/00012.png,deer,0.8976148366928101,0.911037266254425,-0.01342242956161499,2,/home/emily/MMIP/week5/quiz1/data/gallery/deer/00279.png
Baseline,/home/emily/MMIP/week5/quiz1/data/query/deer/00013.png,deer,0.8751944899559021,0.8591185808181763,0.01607590913772583,1,/home/emily/MMIP/week5/quiz1/data/gallery/deer/00925.png
Baseline,/home/emily/MMIP/week5/quiz1/data/query/deer/00014.png,deer,0.8312674164772034,0.8432511687278748,-0.011983752250671387,4,/home/emily/MMIP/week5/quiz1/data/gallery/deer/00475.png
Baseline,/home/emily/MMIP/week5/quiz1/data/query/deer/00015.png,deer,0.7650548219680786,0.8149881362915039,-0.04993331432342529,2,/home/emily/MMIP/week5/quiz1/data/gallery/deer/00035.png
Baseline,/home/emily/MMIP/week5/quiz1/data/query/deer/00016.png,deer,0.8619319200515747,0.834221601486206,0.027710318565368652,1,/home/emily/MMIP/week5/quiz1/data/gallery/deer/00392.png
Baseline,/home/emily/MMIP/week5/quiz1/data/query/deer/00017.png,deer,0.8646321296691895,0.859420895576477,0.005211234092712402,1,/home/emily/MMIP/week5/quiz1/data/gallery/deer/00102.png
Baseline,/home/emily/MMIP/week5/quiz1/data/query/deer/00018.png,deer,0.9095007181167603,0.8602182269096375,0.0492824912071228,1,/home/emily/MMIP/week5/quiz1/data/gallery/deer/00417.png
Baseline,/home/emily/MMIP/week5/quiz1/data/query/deer/00019.png,deer,0.9030678868293762,0.8663046956062317,0.03676319122314453,1,/home/emily/MMIP/week5/quiz1/data/gallery/deer/00500.png
Baseline,/home/emily/MMIP/week5/quiz1/data/query/deer/00020.png,deer,0.8611366152763367,0.8336830735206604,0.02745354175567627,1,/home/emily/MMIP/week5/quiz1/data/gallery/deer/00000.png
Baseline,/home/emily/MMIP/week5/quiz1/data/query/deer/00021.png,deer,0.8844695091247559,0.8728262186050415,0.011643290519714355,1,/home/emily/MMIP/week5/quiz1/data/gallery/deer/00477.png
Baseline,/home/emily/MMIP/week5/quiz1/data/query/deer/00022.png,deer,0.8635098934173584,0.8331491351127625,0.030360758304595947,1,/home/emily/MMIP/week5/quiz1/data/gallery/deer/00529.png
Baseline,/home/emily/MMIP/week5/quiz1/data/query/deer/00023.png,deer,0.8549736738204956,0.8719393610954285,-0.01696568727493286,2,/home/emily/MMIP/week5/quiz1/data/gallery/deer/00367.png
Baseline,/home/emily/MMIP/week5/quiz1/data/query/deer/00024.png,deer,0.835059404373169,0.864068865776062,-0.029009461402893066,6,/home/emily/MMIP/week5/quiz1/data/gallery/deer/00341.png
Baseline,/home/emily/MMIP/week5/quiz1/data/query/deer/00025.png,deer,0.8472456932067871,0.8480398058891296,-0.0007941126823425293,3,/home/emily/MMIP/week5/quiz1/data/gallery/deer/00345.png
Baseline,/home/emily/MMIP/week5/quiz1/data/query/deer/00026.png,deer,0.8439612984657288,0.8668975830078125,-0.02293628454208374,6,/home/emily/MMIP/week5/quiz1/data/gallery/deer/00480.png
Baseline,/home/emily/MMIP/week5/quiz1/data/query/deer/00027.png,deer,0.8478529453277588,0.8604280352592468,-0.012575089931488037,3,/home/emily/MMIP/week5/quiz1/data/gallery/deer/00026.png
Baseline,/home/emily/MMIP/week5/quiz1/data/query/deer/00028.png,deer,0.8696505427360535,0.8779149651527405,-0.008264422416687012,2,/home/emily/MMIP/week5/quiz1/data/gallery/deer/00587.png
Baseline,/home/emily/MMIP/week5/quiz1/data/query/deer/00029.png,deer,0.8337593674659729,0.8677561283111572,-0.033996760845184326,6,/home/emily/MMIP/week5/quiz1/data/gallery/deer/00294.png
Baseline,/home/emily/MMIP/week5/quiz1/data/query/deer/00030.png,deer,0.8582407236099243,0.8880948424339294,-0.029854118824005127,2,/home/emily/MMIP/week5/quiz1/data/gallery/deer/00874.png
Baseline,/home/emily/MMIP/week5/quiz1/data/query/deer/00031.png,deer,0.8514999747276306,0.8350977897644043,0.01640218496322632,1,/home/emily/MMIP/week5/quiz1/data/gallery/deer/00165.png
Baseline,/home/emily/MMIP/week5/quiz1/data/query/deer/00032.png,deer,0.8561750650405884,0.8511372804641724,0.005037784576416016,1,/home/emily/MMIP/week5/quiz1/data/gallery/deer/00225.png
Baseline,/home/emily/MMIP/week5/quiz1/data/query/deer/00033.png,deer,0.8542079925537109,0.852217435836792,0.0019905567169189453,1,/home/emily/MMIP/week5/quiz1/data/gallery/deer/00133.png
Baseline,/home/emily/MMIP/week5/quiz1/data/query/deer/00034.png,deer,0.8615953326225281,0.8719384670257568,-0.01034313440322876,2,/home/emily/MMIP/week5/quiz1/data/gallery/deer/00044.png
Baseline,/home/emily/MMIP/week5/quiz1/data/query/deer/00035.png,deer,0.8472872376441956,0.8683074712753296,-0.021020233631134033,5,/home/emily/MMIP/week5/quiz1/data/gallery/deer/00856.png
Baseline,/home/emily/MMIP/week5/quiz1/data/query/deer/00036.png,deer,0.8779098987579346,0.8703917264938354,0.007518172264099121,1,/home/emily/MMIP/week5/quiz1/data/gallery/deer/00327.png
Baseline,/home/emily/MMIP/week5/quiz1/data/query/deer/00037.png,deer,0.8763563632965088,0.8740684986114502,0.0022878646850585938,1,/home/emily/MMIP/week5/quiz1/data/gallery/deer/00628.png
Baseline,/home/emily/MMIP/week5/quiz1/data/query/deer/00038.png,deer,0.9605278372764587,0.8721309900283813,0.08839684724807739,1,/home/emily/MMIP/week5/quiz1/data/gallery/deer/00015.png
Baseline,/home/emily/MMIP/week5/quiz1/data/query/deer/00039.png,deer,0.8714215159416199,0.8583043813705444,0.01311713457107544,1,/home/emily/MMIP/week5/quiz1/data/gallery/deer/00147.png
Baseline,/home/emily/MMIP/week5/quiz1/data/query/deer/00040.png,deer,0.8479728102684021,0.8426473140716553,0.005325496196746826,1,/home/emily/MMIP/week5/quiz1/data/gallery/deer/00007.png
Baseline,/home/emily/MMIP/week5/quiz1/data/query/deer/00041.png,deer,0.8611207008361816,0.8678087592124939,-0.006688058376312256,7,/home/emily/MMIP/week5/quiz1/data/gallery/deer/00335.png
Baseline,/home/emily/MMIP/week5/quiz1/data/query/deer/00042.png,deer,0.8364453315734863,0.8498362302780151,-0.013390898704528809,3,/home/emily/MMIP/week5/quiz1/data/gallery/deer/00802.png
Baseline,/home/emily/MMIP/week5/quiz1/data/query/deer/00043.png,deer,0.9139832854270935,0.8575943112373352,0.0563889741897583,1,/home/emily/MMIP/week5/quiz1/data/gallery/deer/00124.png
Baseline,/home/emily/MMIP/week5/quiz1/data/query/deer/00044.png,deer,0.8344271183013916,0.8285152316093445,0.005911886692047119,1,/home/emily/MMIP/week5/quiz1/data/gallery/deer/00862.png
Baseline,/home/emily/MMIP/week5/quiz1/data/query/deer/00045.png,deer,0.8608909845352173,0.8391633033752441,0.021727681159973145,1,/home/emily/MMIP/week5/quiz1/data/gallery/deer/00166.png
Baseline,/home/emily/MMIP/week5/quiz1/data/query/deer/00046.png,deer,0.8655747175216675,0.8357611298561096,0.02981358766555786,1,/home/emily/MMIP/week5/quiz1/data/gallery/deer/00356.png
Baseline,/home/emily/MMIP/week5/quiz1/data/query/deer/00047.png,deer,0.8638583421707153,0.8481106758117676,0.015747666358947754,1,/home/emily/MMIP/week5/quiz1/data/gallery/deer/00223.png
Baseline,/home/emily/MMIP/week5/quiz1/data/query/deer/00048.png,deer,0.8760783076286316,0.8566946983337402,0.019383609294891357,1,/home/emily/MMIP/week5/quiz1/data/gallery/deer/00364.png
Baseline,/home/emily/MMIP/week5/quiz1/data/query/deer/00049.png,deer,0.8897891640663147,0.860019326210022,0.029769837856292725,1,/home/emily/MMIP/week5/quiz1/data/gallery/deer/00145.png
Baseline,/home/emily/MMIP/week5/quiz1/data/query/deer/00050.png,deer,0.7970579266548157,0.8234617114067078,-0.02640378475189209,9,/home/emily/MMIP/week5/quiz1/data/gallery/deer/00021.png
Baseline,/home/emily/MMIP/week5/quiz1/data/query/deer/00051.png,deer,0.8374506235122681,0.8482662439346313,-0.010815620422363281,3,/home/emily/MMIP/week5/quiz1/data/gallery/deer/00355.png
Baseline,/home/emily/MMIP/week5/quiz1/data/query/deer/00052.png,deer,0.9566890001296997,0.8804222941398621,0.07626670598983765,1,/home/emily/MMIP/week5/quiz1/data/gallery/deer/00520.png
Baseline,/home/emily/MMIP/week5/quiz1/data/query/deer/00053.png,deer,0.890872061252594,0.8978136777877808,-0.006941616535186768,2,/home/emily/MMIP/week5/quiz1/data/gallery/deer/00758.png
Baseline,/home/emily/MMIP/week5/quiz1/data/query/deer/00054.png,deer,0.9177708625793457,0.8609508275985718,0.056820034980773926,1,/home/emily/MMIP/week5/quiz1/data/gallery/deer/00632.png
Baseline,/home/emily/MMIP/week5/quiz1/data/query/deer/00055.png,deer,0.8800379037857056,0.878237247467041,0.0018006563186645508,1,/home/emily/MMIP/week5/quiz1/data/gallery/deer/00949.png
Baseline,/home/emily/MMIP/week5/quiz1/data/query/deer/00056.png,deer,0.8600908517837524,0.8687139749526978,-0.008623123168945312,3,/home/emily/MMIP/week5/quiz1/data/gallery/deer/00563.png
Baseline,/home/emily/MMIP/week5/quiz1/data/query/deer/00057.png,deer,0.8979260921478271,0.8845729827880859,0.013353109359741211,1,/home/emily/MMIP/week5/quiz1/data/gallery/deer/00439.png
Baseline,/home/emily/MMIP/week5/quiz1/data/query/deer/00058.png,deer,0.879267692565918,0.8941410183906555,-0.014873325824737549,2,/home/emily/MMIP/week5/quiz1/data/gallery/deer/00743.png
Baseline,/home/emily/MMIP/week5/quiz1/data/query/deer/00059.png,deer,0.8656085729598999,0.8455783128738403,0.02003026008605957,1,/home/emily/MMIP/week5/quiz1/data/gallery/deer/00811.png
Baseline,/home/emily/MMIP/week5/quiz1/data/query/deer/00060.png,deer,0.8777649402618408,0.8374104499816895,0.04035449028015137,1,/home/emily/MMIP/week5/quiz1/data/gallery/deer/00191.png
Baseline,/home/emily/MMIP/week5/quiz1/data/query/deer/00061.png,deer,0.866828441619873,0.8666517734527588,0.0001766681671142578,1,/home/emily/MMIP/week5/quiz1/data/gallery/deer/00646.png
Baseline,/home/emily/MMIP/week5/quiz1/data/query/deer/00062.png,deer,0.8703578114509583,0.8539856672286987,0.01637214422225952,1,/home/emily/MMIP/week5/quiz1/data/gallery/deer/00749.png
Baseline,/home/emily/MMIP/week5/quiz1/data/query/deer/00063.png,deer,0.8587144017219543,0.859208345413208,-0.0004939436912536621,2,/home/emily/MMIP/week5/quiz1/data/gallery/deer/00945.png
Baseline,/home/emily/MMIP/week5/quiz1/data/query/deer/00064.png,deer,0.9016017913818359,0.8709313869476318,0.0306704044342041,1,/home/emily/MMIP/week5/quiz1/data/gallery/deer/00696.png
Baseline,/home/emily/MMIP/week5/quiz1/data/query/deer/00065.png,deer,0.850957989692688,0.844569981098175,0.0063880085945129395,1,/home/emily/MMIP/week5/quiz1/data/gallery/deer/00944.png
Baseline,/home/emily/MMIP/week5/quiz1/data/query/deer/00066.png,deer,0.8391811847686768,0.8360040187835693,0.003177165985107422,1,/home/emily/MMIP/week5/quiz1/data/gallery/deer/00556.png
Baseline,/home/emily/MMIP/week5/quiz1/data/query/deer/00067.png,deer,0.8567599058151245,0.8493117094039917,0.0074481964111328125,1,/home/emily/MMIP/week5/quiz1/data/gallery/deer/00118.png
Baseline,/home/emily/MMIP/week5/quiz1/data/query/deer/00068.png,deer,0.8560358881950378,0.8459088802337646,0.010127007961273193,1,/home/emily/MMIP/week5/quiz1/data/gallery/deer/00344.png
Baseline,/home/emily/MMIP/week5/quiz1/data/query/deer/00069.png,deer,0.8653836250305176,0.8444309234619141,0.020952701568603516,1,/home/emily/MMIP/week5/quiz1/data/gallery/deer/00519.png
Baseline,/home/emily/MMIP/week5/quiz1/data/query/deer/00070.png,deer,0.8519179821014404,0.8530091047286987,-0.0010911226272583008,2,/home/emily/MMIP/week5/quiz1/data/gallery/deer/00396.png
Baseline,/home/emily/MMIP/week5/quiz1/data/query/deer/00071.png,deer,0.8235324621200562,0.8089802265167236,0.01455223560333252,1,/home/emily/MMIP/week5/quiz1/data/gallery/deer/00226.png
Baseline,/home/emily/MMIP/week5/quiz1/data/query/deer/00072.png,deer,0.8594664335250854,0.8646323680877686,-0.0051659345626831055,2,/home/emily/MMIP/week5/quiz1/data/gallery/deer/00477.png
Baseline,/home/emily/MMIP/week5/quiz1/data/query/deer/00073.png,deer,0.8561478853225708,0.8585846424102783,-0.0024367570877075195,2,/home/emily/MMIP/week5/quiz1/data/gallery/deer/00076.png
Baseline,/home/emily/MMIP/week5/quiz1/data/query/deer/00074.png,deer,0.8893827795982361,0.8623515367507935,0.027031242847442627,1,/home/emily/MMIP/week5/quiz1/data/gallery/deer/00939.png
Baseline,/home/emily/MMIP/week5/quiz1/data/query/deer/00075.png,deer,0.8785960674285889,0.8495686054229736,0.029027462005615234,1,/home/emily/MMIP/week5/quiz1/data/gallery/deer/00696.png
Baseline,/home/emily/MMIP/week5/quiz1/data/query/deer/00076.png,deer,0.8397531509399414,0.8223839998245239,0.01736915111541748,1,/home/emily/MMIP/week5/quiz1/data/gallery/deer/00118.png
Baseline,/home/emily/MMIP/week5/quiz1/data/query/deer/00077.png,deer,0.8979134559631348,0.8854624032974243,0.01245105266571045,1,/home/emily/MMIP/week5/quiz1/data/gallery/deer/00504.png
Baseline,/home/emily/MMIP/week5/quiz1/data/query/deer/00078.png,deer,0.8914446234703064,0.7800898551940918,0.1113547682762146,1,/home/emily/MMIP/week5/quiz1/data/gallery/deer/00141.png
Baseline,/home/emily/MMIP/week5/quiz1/data/query/deer/00079.png,deer,0.875074565410614,0.8570603132247925,0.018014252185821533,1,/home/emily/MMIP/week5/quiz1/data/gallery/deer/00777.png
Baseline,/home/emily/MMIP/week5/quiz1/data/query/deer/00080.png,deer,0.8655960559844971,0.8695170879364014,-0.003921031951904297,2,/home/emily/MMIP/week5/quiz1/data/gallery/deer/00053.png
Baseline,/home/emily/MMIP/week5/quiz1/data/query/deer/00081.png,deer,0.8828503489494324,0.8725185394287109,0.010331809520721436,1,/home/emily/MMIP/week5/quiz1/data/gallery/deer/00133.png
Baseline,/home/emily/MMIP/week5/quiz1/data/query/deer/00082.png,deer,0.8411311507225037,0.8405399322509766,0.0005912184715270996,1,/home/emily/MMIP/week5/quiz1/data/gallery/deer/00341.png
Baseline,/home/emily/MMIP/week5/quiz1/data/query/deer/00083.png,deer,0.860797643661499,0.8470090627670288,0.013788580894470215,1,/home/emily/MMIP/week5/quiz1/data/gallery/deer/00519.png
Baseline,/home/emily/MMIP/week5/quiz1/data/query/deer/00084.png,deer,0.9165316820144653,0.8615241050720215,0.05500757694244385,1,/home/emily/MMIP/week5/quiz1/data/gallery/deer/00829.png
Baseline,/home/emily/MMIP/week5/quiz1/data/query/deer/00085.png,deer,0.8650722503662109,0.8664686679840088,-0.0013964176177978516,2,/home/emily/MMIP/week5/quiz1/data/gallery/deer/00302.png
Baseline,/home/emily/MMIP/week5/quiz1/data/query/deer/00086.png,deer,0.8876839876174927,0.8532267808914185,0.03445720672607422,1,/home/emily/MMIP/week5/quiz1/data/gallery/deer/00349.png
Baseline,/home/emily/MMIP/week5/quiz1/data/query/deer/00087.png,deer,0.8593583106994629,0.8725493550300598,-0.013191044330596924,2,/home/emily/MMIP/week5/quiz1/data/gallery/deer/00671.png
Baseline,/home/emily/MMIP/week5/quiz1/data/query/deer/00088.png,deer,0.8695653080940247,0.8490954637527466,0.020469844341278076,1,/home/emily/MMIP/week5/quiz1/data/gallery/deer/00266.png
Baseline,/home/emily/MMIP/week5/quiz1/data/query/deer/00089.png,deer,0.8771547079086304,0.868506669998169,0.008648037910461426,1,/home/emily/MMIP/week5/quiz1/data/gallery/deer/00063.png
Baseline,/home/emily/MMIP/week5/quiz1/data/query/deer/00090.png,deer,0.855750560760498,0.8435523509979248,0.012198209762573242,1,/home/emily/MMIP/week5/quiz1/data/gallery/deer/00214.png
Baseline,/home/emily/MMIP/week5/quiz1/data/query/deer/00091.png,deer,0.89711594581604,0.8565134406089783,0.04060250520706177,1,/home/emily/MMIP/week5/quiz1/data/gallery/deer/00266.png
Baseline,/home/emily/MMIP/week5/quiz1/data/query/deer/00092.png,deer,0.7986791133880615,0.8438302278518677,-0.04515111446380615,8,/home/emily/MMIP/week5/quiz1/data/gallery/deer/00634.png
Baseline,/home/emily/MMIP/week5/quiz1/data/query/deer/00093.png,deer,0.8561532497406006,0.8446965217590332,0.011456727981567383,1,/home/emily/MMIP/week5/quiz1/data/gallery/deer/00507.png
Baseline,/home/emily/MMIP/week5/quiz1/data/query/deer/00094.png,deer,0.843352735042572,0.8317866325378418,0.011566102504730225,1,/home/emily/MMIP/week5/quiz1/data/gallery/deer/00054.png
Baseline,/home/emily/MMIP/week5/quiz1/data/query/deer/00095.png,deer,0.9052505493164062,0.8973006010055542,0.00794994831085205,1,/home/emily/MMIP/week5/quiz1/data/gallery/deer/00342.png
Baseline,/home/emily/MMIP/week5/quiz1/data/query/deer/00096.png,deer,0.8297526240348816,0.8273723125457764,0.0023803114891052246,1,/home/emily/MMIP/week5/quiz1/data/gallery/deer/00161.png
Baseline,/home/emily/MMIP/week5/quiz1/data/query/deer/00097.png,deer,0.9024229645729065,0.9096921682357788,-0.0072692036628723145,2,/home/emily/MMIP/week5/quiz1/data/gallery/deer/00765.png
Baseline,/home/emily/MMIP/week5/quiz1/data/query/deer/00098.png,deer,0.8849831819534302,0.8600585460662842,0.024924635887145996,1,/home/emily/MMIP/week5/quiz1/data/gallery/deer/00696.png
Baseline,/home/emily/MMIP/week5/quiz1/data/query/deer/00099.png,deer,0.820401668548584,0.8366473913192749,-0.016245722770690918,2,/home/emily/MMIP/week5/quiz1/data/gallery/deer/00639.png
Baseline,/home/emily/MMIP/week5/quiz1/data/query/dog/00000.png,dog,0.8368090987205505,0.8327206373214722,0.004088461399078369,1,/home/emily/MMIP/week5/quiz1/data/gallery/dog/00337.png
Baseline,/home/emily/MMIP/week5/quiz1/data/query/dog/00001.png,dog,0.85715252161026,0.8159151077270508,0.04123741388320923,1,/home/emily/MMIP/week5/quiz1/data/gallery/dog/00899.png
Baseline,/home/emily/MMIP/week5/quiz1/data/query/dog/00002.png,dog,0.8530380725860596,0.8208038210868835,0.032234251499176025,1,/home/emily/MMIP/week5/quiz1/data/gallery/dog/00358.png
Baseline,/home/emily/MMIP/week5/quiz1/data/query/dog/00003.png,dog,0.8650504946708679,0.8263919353485107,0.03865855932235718,1,/home/emily/MMIP/week5/quiz1/data/gallery/dog/00505.png
Baseline,/home/emily/MMIP/week5/quiz1/data/query/dog/00004.png,dog,0.8467313647270203,0.8399776220321655,0.006753742694854736,1,/home/emily/MMIP/week5/quiz1/data/gallery/dog/00301.png
Baseline,/home/emily/MMIP/week5/quiz1/data/query/dog/00005.png,dog,0.8849949836730957,0.8247978687286377,0.06019711494445801,1,/home/emily/MMIP/week5/quiz1/data/gallery/dog/00819.png
Baseline,/home/emily/MMIP/week5/quiz1/data/query/dog/00006.png,dog,0.8323125243186951,0.8218413591384888,0.010471165180206299,1,/home/emily/MMIP/week5/quiz1/data/gallery/dog/00622.png
Baseline,/home/emily/MMIP/week5/quiz1/data/query/dog/00007.png,dog,0.8581303358078003,0.8417550921440125,0.016375243663787842,1,/home/emily/MMIP/week5/quiz1/data/gallery/dog/00638.png
Baseline,/home/emily/MMIP/week5/quiz1/data/query/dog/00008.png,dog,0.8296511769294739,0.8299890160560608,-0.00033783912658691406,2,/home/emily/MMIP/week5/quiz1/data/gallery/dog/00736.png
Baseline,/home/emily/MMIP/week5/quiz1/data/query/dog/00009.png,dog,0.8313590288162231,0.8149042725563049,0.016454756259918213,1,/home/emily/MMIP/week5/quiz1/data/gallery/dog/00064.png
Baseline,/home/emily/MMIP/week5/quiz1/data/query/dog/00010.png,dog,0.9083527326583862,0.8171187043190002,0.09123402833938599,1,/home/emily/MMIP/week5/quiz1/data/gallery/dog/00959.png
Baseline,/home/emily/MMIP/week5/quiz1/data/query/dog/00011.png,dog,0.8334081768989563,0.8211475014686584,0.012260675430297852,1,/home/emily/MMIP/week5/quiz1/data/gallery/dog/00096.png
Baseline,/home/emily/MMIP/week5/quiz1/data/query/dog/00012.png,dog,0.8456089496612549,0.8643515110015869,-0.01874256134033203,4,/home/emily/MMIP/week5/quiz1/data/gallery/dog/00305.png
Baseline,/home/emily/MMIP/week5/quiz1/data/query/dog/00013.png,dog,0.8390300273895264,0.8080518245697021,0.03097820281982422,1,/home/emily/MMIP/week5/quiz1/data/gallery/dog/00817.png
Baseline,/home/emily/MMIP/week5/quiz1/data/query/dog/00014.png,dog,0.8395878672599792,0.8019067049026489,0.03768116235733032,1,/home/emily/MMIP/week5/quiz1/data/gallery/dog/00713.png
Baseline,/home/emily/MMIP/week5/quiz1/data/query/dog/00015.png,dog,0.8323687314987183,0.8634978532791138,-0.031129121780395508,4,/home/emily/MMIP/week5/quiz1/data/gallery/dog/00495.png
Baseline,/home/emily/MMIP/week5/quiz1/data/query/dog/00016.png,dog,0.9082315564155579,0.8157385587692261,0.09249299764633179,1,/home/emily/MMIP/week5/quiz1/data/gallery/dog/00797.png
Baseline,/home/emily/MMIP/week5/quiz1/data/query/dog/00017.png,dog,0.8416114449501038,0.8225644826889038,0.01904696226119995,1,/home/emily/MMIP/week5/quiz1/data/gallery/dog/00038.png
Baseline,/home/emily/MMIP/week5/quiz1/data/query/dog/00018.png,dog,0.8821419477462769,0.867751955986023,0.014389991760253906,1,/home/emily/MMIP/week5/quiz1/data/gallery/dog/00169.png
Baseline,/home/emily/MMIP/week5/quiz1/data/query/dog/00019.png,dog,0.8498560190200806,0.8534369468688965,-0.003580927848815918,3,/home/emily/MMIP/week5/quiz1/data/gallery/dog/00173.png
Baseline,/home/emily/MMIP/week5/quiz1/data/query/dog/00020.png,dog,0.8606218695640564,0.8118826746940613,0.04873919486999512,1,/home/emily/MMIP/week5/quiz1/data/gallery/dog/00091.png
Baseline,/home/emily/MMIP/week5/quiz1/data/query/dog/00021.png,dog,0.8463054895401001,0.8135521411895752,0.0327533483505249,1,/home/emily/MMIP/week5/quiz1/data/gallery/dog/00598.png
Baseline,/home/emily/MMIP/week5/quiz1/data/query/dog/00022.png,dog,0.8183296918869019,0.8336827754974365,-0.015353083610534668,3,/home/emily/MMIP/week5/quiz1/data/gallery/dog/00136.png
Baseline,/home/emily/MMIP/week5/quiz1/data/query/dog/00023.png,dog,0.8518925309181213,0.8271382451057434,0.02475428581237793,1,/home/emily/MMIP/week5/quiz1/data/gallery/dog/00830.png
Baseline,/home/emily/MMIP/week5/quiz1/data/query/dog/00024.png,dog,0.8800324201583862,0.826656699180603,0.0533757209777832,1,/home/emily/MMIP/week5/quiz1/data/gallery/dog/00151.png
Baseline,/home/emily/MMIP/week5/quiz1/data/query/dog/00025.png,dog,0.8646703958511353,0.8256677389144897,0.03900265693664551,1,/home/emily/MMIP/week5/quiz1/data/gallery/dog/00973.png
Baseline,/home/emily/MMIP/week5/quiz1/data/query/dog/00026.png,dog,0.8299145698547363,0.8112345933914185,0.01867997646331787,1,/home/emily/MMIP/week5/quiz1/data/gallery/dog/00638.png
Baseline,/home/emily/MMIP/week5/quiz1/data/query/dog/00027.png,dog,0.8474228978157043,0.8340999484062195,0.013322949409484863,1,/home/emily/MMIP/week5/quiz1/data/gallery/dog/00854.png
Baseline,/home/emily/MMIP/week5/quiz1/data/query/dog/00028.png,dog,0.8410552740097046,0.8434062004089355,-0.002350926399230957,2,/home/emily/MMIP/week5/quiz1/data/gallery/dog/00560.png
Baseline,/home/emily/MMIP/week5/quiz1/data/query/dog/00029.png,dog,0.862473726272583,0.8294492959976196,0.03302443027496338,1,/home/emily/MMIP/week5/quiz1/data/gallery/dog/00717.png
Baseline,/home/emily/MMIP/week5/quiz1/data/query/dog/00030.png,dog,0.8612542152404785,0.8347227573394775,0.026531457901000977,1,/home/emily/MMIP/week5/quiz1/data/gallery/dog/00455.png
Baseline,/home/emily/MMIP/week5/quiz1/data/query/dog/00031.png,dog,0.8690776824951172,0.8558364510536194,0.013241231441497803,1,/home/emily/MMIP/week5/quiz1/data/gallery/dog/00114.png
Baseline,/home/emily/MMIP/week5/quiz1/data/query/dog/00032.png,dog,0.842578113079071,0.8122936487197876,0.030284464359283447,1,/home/emily/MMIP/week5/quiz1/data/gallery/dog/00472.png
Baseline,/home/emily/MMIP/week5/quiz1/data/query/dog/00033.png,dog,0.822467565536499,0.8441011905670166,-0.021633625030517578,6,/home/emily/MMIP/week5/quiz1/data/gallery/dog/00888.png
Baseline,/home/emily/MMIP/week5/quiz1/data/query/dog/00034.png,dog,0.8210681676864624,0.7929061651229858,0.028162002563476562,1,/home/emily/MMIP/week5/quiz1/data/gallery/dog/00406.png
Baseline,/home/emily/MMIP/week5/quiz1/data/query/dog/00035.png,dog,0.876613974571228,0.808874249458313,0.06773972511291504,1,/home/emily/MMIP/week5/quiz1/data/gallery/dog/00783.png
Baseline,/home/emily/MMIP/week5/quiz1/data/query/dog/00036.png,dog,0.8542683124542236,0.869270920753479,-0.015002608299255371,3,/home/emily/MMIP/week5/quiz1/data/gallery/dog/00734.png
Baseline,/home/emily/MMIP/week5/quiz1/data/query/dog/00037.png,dog,0.8425881862640381,0.8296389579772949,0.012949228286743164,1,/home/emily/MMIP/week5/quiz1/data/gallery/dog/00747.png
Baseline,/home/emily/MMIP/week5/quiz1/data/query/dog/00038.png,dog,0.8465657234191895,0.8338879346847534,0.012677788734436035,1,/home/emily/MMIP/week5/quiz1/data/gallery/dog/00751.png
Baseline,/home/emily/MMIP/week5/quiz1/data/query/dog/00039.png,dog,0.8572698831558228,0.8436914682388306,0.013578414916992188,1,/home/emily/MMIP/week5/quiz1/data/gallery/dog/00287.png
Baseline,/home/emily/MMIP/week5/quiz1/data/query/dog/00040.png,dog,0.8544971942901611,0.8349119424819946,0.019585251808166504,1,/home/emily/MMIP/week5/quiz1/data/gallery/dog/00708.png
Baseline,/home/emily/MMIP/week5/quiz1/data/query/dog/00041.png,dog,0.8762596249580383,0.8175272941589355,0.05873233079910278,1,/home/emily/MMIP/week5/quiz1/data/gallery/dog/00578.png
Baseline,/home/emily/MMIP/week5/quiz1/data/query/dog/00042.png,dog,0.9160372614860535,0.8126517534255981,0.10338550806045532,1,/home/emily/MMIP/week5/quiz1/data/gallery/dog/00129.png
Baseline,/home/emily/MMIP/week5/quiz1/data/query/dog/00043.png,dog,0.8321093916893005,0.8281005620956421,0.004008829593658447,1,/home/emily/MMIP/week5/quiz1/data/gallery/dog/00739.png
Baseline,/home/emily/MMIP/week5/quiz1/data/query/dog/00044.png,dog,0.7963816523551941,0.7929259538650513,0.0034556984901428223,1,/home/emily/MMIP/week5/quiz1/data/gallery/dog/00470.png
Baseline,/home/emily/MMIP/week5/quiz1/data/query/dog/00045.png,dog,0.84501051902771,0.8424067497253418,0.002603769302368164,1,/home/emily/MMIP/week5/quiz1/data/gallery/dog/00542.png
Baseline,/home/emily/MMIP/week5/quiz1/data/query/dog/00046.png,dog,0.8823552131652832,0.8265015482902527,0.05585366487503052,1,/home/emily/MMIP/week5/quiz1/data/gallery/dog/00579.png
Baseline,/home/emily/MMIP/week5/quiz1/data/query/dog/00047.png,dog,0.8248807787895203,0.8608782291412354,-0.03599745035171509,25,/home/emily/MMIP/week5/quiz1/data/gallery/dog/00550.png
Baseline,/home/emily/MMIP/week5/quiz1/data/query/dog/00048.png,dog,0.8643972277641296,0.8565729856491089,0.007824242115020752,1,/home/emily/MMIP/week5/quiz1/data/gallery/dog/00988.png
Baseline,/home/emily/MMIP/week5/quiz1/data/query/dog/00049.png,dog,0.9010601043701172,0.8258516788482666,0.07520842552185059,1,/home/emily/MMIP/week5/quiz1/data/gallery/dog/00671.png
Baseline,/home/emily/MMIP/week5/quiz1/data/query/dog/00050.png,dog,0.8830983638763428,0.851283073425293,0.031815290451049805,1,/home/emily/MMIP/week5/quiz1/data/gallery/dog/00492.png
Baseline,/home/emily/MMIP/week5/quiz1/data/query/dog/00051.png,dog,0.8378003835678101,0.8499257564544678,-0.012125372886657715,5,/home/emily/MMIP/week5/quiz1/data/gallery/dog/00257.png
Baseline,/home/emily/MMIP/week5/quiz1/data/query/dog/00052.png,dog,0.8385128974914551,0.8041346073150635,0.0343782901763916,1,/home/emily/MMIP/week5/quiz1/data/gallery/dog/00332.png
Baseline,/home/emily/MMIP/week5/quiz1/data/query/dog/00053.png,dog,0.8316128253936768,0.8418436050415039,-0.010230779647827148,3,/home/emily/MMIP/week5/quiz1/data/gallery/dog/00030.png
Baseline,/home/emily/MMIP/week5/quiz1/data/query/dog/00054.png,dog,0.8862268924713135,0.8091413974761963,0.07708549499511719,1,/home/emily/MMIP/week5/quiz1/data/gallery/dog/00710.png
Baseline,/home/emily/MMIP/week5/quiz1/data/query/dog/00055.png,dog,0.8659882545471191,0.7988702058792114,0.06711804866790771,1,/home/emily/MMIP/week5/quiz1/data/gallery/dog/00429.png
Baseline,/home/emily/MMIP/week5/quiz1/data/query/dog/00056.png,dog,0.8256381154060364,0.8125759363174438,0.01306217908859253,1,/home/emily/MMIP/week5/quiz1/data/gallery/dog/00299.png
Baseline,/home/emily/MMIP/week5/quiz1/data/query/dog/00057.png,dog,0.837709903717041,0.8500369787216187,-0.012327075004577637,5,/home/emily/MMIP/week5/quiz1/data/gallery/dog/00132.png
Baseline,/home/emily/MMIP/week5/quiz1/data/query/dog/00058.png,dog,0.8163002729415894,0.8267894983291626,-0.010489225387573242,3,/home/emily/MMIP/week5/quiz1/data/gallery/dog/00704.png
Baseline,/home/emily/MMIP/week5/quiz1/data/query/dog/00059.png,dog,0.860265851020813,0.8492323160171509,0.01103353500366211,1,/home/emily/MMIP/week5/quiz1/data/gallery/dog/00716.png
Baseline,/home/emily/MMIP/week5/quiz1/data/query/dog/00060.png,dog,0.8642207384109497,0.80631422996521,0.057906508445739746,1,/home/emily/MMIP/week5/quiz1/data/gallery/dog/00042.png
Baseline,/home/emily/MMIP/week5/quiz1/data/query/dog/00061.png,dog,0.8430243730545044,0.8471734523773193,-0.004149079322814941,2,/home/emily/MMIP/week5/quiz1/data/gallery/dog/00860.png
Baseline,/home/emily/MMIP/week5/quiz1/data/query/dog/00062.png,dog,0.8513227701187134,0.8088700771331787,0.04245269298553467,1,/home/emily/MMIP/week5/quiz1/data/gallery/dog/00195.png
Baseline,/home/emily/MMIP/week5/quiz1/data/query/dog/00063.png,dog,0.8658425807952881,0.7755495309829712,0.0902930498123169,1,/home/emily/MMIP/week5/quiz1/data/gallery/dog/00353.png
Baseline,/home/emily/MMIP/week5/quiz1/data/query/dog/00064.png,dog,0.8137854337692261,0.8183521628379822,-0.0045667290687561035,2,/home/emily/MMIP/week5/quiz1/data/gallery/dog/00268.png
Baseline,/home/emily/MMIP/week5/quiz1/data/query/dog/00065.png,dog,0.8029144406318665,0.7890119552612305,0.013902485370635986,1,/home/emily/MMIP/week5/quiz1/data/gallery/dog/00398.png
Baseline,/home/emily/MMIP/week5/quiz1/data/query/dog/00066.png,dog,0.8281713724136353,0.8413039445877075,-0.013132572174072266,2,/home/emily/MMIP/week5/quiz1/data/gallery/dog/00287.png
Baseline,/home/emily/MMIP/week5/quiz1/data/query/dog/00067.png,dog,0.9257265329360962,0.8635282516479492,0.06219828128814697,1,/home/emily/MMIP/week5/quiz1/data/gallery/dog/00090.png
Baseline,/home/emily/MMIP/week5/quiz1/data/query/dog/00068.png,dog,0.8595380783081055,0.8247534036636353,0.034784674644470215,1,/home/emily/MMIP/week5/quiz1/data/gallery/dog/00235.png
Baseline,/home/emily/MMIP/week5/quiz1/data/query/dog/00069.png,dog,0.8326349854469299,0.8274552822113037,0.005179703235626221,1,/home/emily/MMIP/week5/quiz1/data/gallery/dog/00350.png
Baseline,/home/emily/MMIP/week5/quiz1/data/query/dog/00070.png,dog,0.8464549779891968,0.835453450679779,0.011001527309417725,1,/home/emily/MMIP/week5/quiz1/data/gallery/dog/00695.png
Baseline,/home/emily/MMIP/week5/quiz1/data/query/dog/00071.png,dog,0.8640116453170776,0.8235698342323303,0.040441811084747314,1,/home/emily/MMIP/week5/quiz1/data/gallery/dog/00577.png
Baseline,/home/emily/MMIP/week5/quiz1/data/query/dog/00072.png,dog,0.8443261384963989,0.8610123991966248,-0.01668626070022583,12,/home/emily/MMIP/week5/quiz1/data/gallery/dog/00745.png
Baseline,/home/emily/MMIP/week5/quiz1/data/query/dog/00073.png,dog,0.8355815410614014,0.850197970867157,-0.014616429805755615,5,/home/emily/MMIP/week5/quiz1/data/gallery/dog/00988.png
Baseline,/home/emily/MMIP/week5/quiz1/data/query/dog/00074.png,dog,0.8166110515594482,0.8456011414527893,-0.028990089893341064,22,/home/emily/MMIP/week5/quiz1/data/gallery/dog/00139.png
Baseline,/home/emily/MMIP/week5/quiz1/data/query/dog/00075.png,dog,0.8330093622207642,0.8237558007240295,0.00925356149673462,1,/home/emily/MMIP/week5/quiz1/data/gallery/dog/00008.png
Baseline,/home/emily/MMIP/week5/quiz1/data/query/dog/00076.png,dog,0.8476206660270691,0.8518277406692505,-0.0042070746421813965,2,/home/emily/MMIP/week5/quiz1/data/gallery/dog/00550.png
Baseline,/home/emily/MMIP/week5/quiz1/data/query/dog/00077.png,dog,0.8239827156066895,0.8047913312911987,0.019191384315490723,1,/home/emily/MMIP/week5/quiz1/data/gallery/dog/00405.png
Baseline,/home/emily/MMIP/week5/quiz1/data/query/dog/00078.png,dog,0.9057480692863464,0.8547428846359253,0.05100518465042114,1,/home/emily/MMIP/week5/quiz1/data/gallery/dog/00810.png
Baseline,/home/emily/MMIP/week5/quiz1/data/query/dog/00079.png,dog,0.8468485474586487,0.8485165238380432,-0.0016679763793945312,2,/home/emily/MMIP/week5/quiz1/data/gallery/dog/00391.png
Baseline,/home/emily/MMIP/week5/quiz1/data/query/dog/00080.png,dog,0.8567550182342529,0.8405311703681946,0.01622384786605835,1,/home/emily/MMIP/week5/quiz1/data/gallery/dog/00356.png
Baseline,/home/emily/MMIP/week5/quiz1/data/query/dog/00081.png,dog,0.844529390335083,0.8355709910392761,0.008958399295806885,1,/home/emily/MMIP/week5/quiz1/data/gallery/dog/00053.png
Baseline,/home/emily/MMIP/week5/quiz1/data/query/dog/00082.png,dog,0.8047391176223755,0.8508599996566772,-0.04612088203430176,29,/home/emily/MMIP/week5/quiz1/data/gallery/dog/00023.png
Baseline,/home/emily/MMIP/week5/quiz1/data/query/dog/00083.png,dog,0.8482120633125305,0.8420257568359375,0.006186306476593018,1,/home/emily/MMIP/week5/quiz1/data/gallery/dog/00455.png
Baseline,/home/emily/MMIP/week5/quiz1/data/query/dog/00084.png,dog,0.8547903299331665,0.8344141244888306,0.020376205444335938,1,/home/emily/MMIP/week5/quiz1/data/gallery/dog/00683.png
Baseline,/home/emily/MMIP/week5/quiz1/data/query/dog/00085.png,dog,0.821765124797821,0.8331252932548523,-0.01136016845703125,2,/home/emily/MMIP/week5/quiz1/data/gallery/dog/00708.png
Baseline,/home/emily/MMIP/week5/quiz1/data/query/dog/00086.png,dog,0.8737804889678955,0.804100513458252,0.06967997550964355,1,/home/emily/MMIP/week5/quiz1/data/gallery/dog/00814.png
Baseline,/home/emily/MMIP/week5/quiz1/data/query/dog/00087.png,dog,0.8117321133613586,0.8019423484802246,0.009789764881134033,1,/home/emily/MMIP/week5/quiz1/data/gallery/dog/00229.png
Baseline,/home/emily/MMIP/week5/quiz1/data/query/dog/00088.png,dog,0.7952919602394104,0.7735280990600586,0.021763861179351807,1,/home/emily/MMIP/week5/quiz1/data/gallery/dog/00357.png
Baseline,/home/emily/MMIP/week5/quiz1/data/query/dog/00089.png,dog,0.8508818745613098,0.8260957598686218,0.02478611469268799,1,/home/emily/MMIP/week5/quiz1/data/gallery/dog/00495.png
Baseline,/home/emily/MMIP/week5/quiz1/data/query/dog/00090.png,dog,0.8192605972290039,0.8531762957572937,-0.033915698528289795,7,/home/emily/MMIP/week5/quiz1/data/gallery/dog/00029.png
Baseline,/home/emily/MMIP/week5/quiz1/data/query/dog/00091.png,dog,0.886106014251709,0.8289011120796204,0.05720490217208862,1,/home/emily/MMIP/week5/quiz1/data/gallery/dog/00257.png
Baseline,/home/emily/MMIP/week5/quiz1/data/query/dog/00092.png,dog,0.8611389398574829,0.8157785534858704,0.04536038637161255,1,/home/emily/MMIP/week5/quiz1/data/gallery/dog/00252.png
Baseline,/home/emily/MMIP/week5/quiz1/data/query/dog/00093.png,dog,0.8450402021408081,0.8371953964233398,0.007844805717468262,1,/home/emily/MMIP/week5/quiz1/data/gallery/dog/00100.png
Baseline,/home/emily/MMIP/week5/quiz1/data/query/dog/00094.png,dog,0.8283915519714355,0.7665340304374695,0.061857521533966064,1,/home/emily/MMIP/week5/quiz1/data/gallery/dog/00571.png
Baseline,/home/emily/MMIP/week5/quiz1/data/query/dog/00095.png,dog,0.883504331111908,0.8391726016998291,0.04433172941207886,1,/home/emily/MMIP/week5/quiz1/data/gallery/dog/00914.png
Baseline,/home/emily/MMIP/week5/quiz1/data/query/dog/00096.png,dog,0.87420654296875,0.7958621382713318,0.07834440469741821,1,/home/emily/MMIP/week5/quiz1/data/gallery/dog/00729.png
Baseline,/home/emily/MMIP/week5/quiz1/data/query/dog/00097.png,dog,0.8194063305854797,0.8114370107650757,0.007969319820404053,1,/home/emily/MMIP/week5/quiz1/data/gallery/dog/00969.png
Baseline,/home/emily/MMIP/week5/quiz1/data/query/dog/00098.png,dog,0.8452194333076477,0.8731374740600586,-0.02791804075241089,15,/home/emily/MMIP/week5/quiz1/data/gallery/dog/00503.png
Baseline,/home/emily/MMIP/week5/quiz1/data/query/dog/00099.png,dog,0.8598592281341553,0.8432148098945618,0.016644418239593506,1,/home/emily/MMIP/week5/quiz1/data/gallery/dog/00543.png
Baseline,/home/emily/MMIP/week5/quiz1/data/query/frog/00000.png,frog,0.8363378643989563,0.8156421184539795,0.020695745944976807,1,/home/emily/MMIP/week5/quiz1/data/gallery/frog/00307.png
Baseline,/home/emily/MMIP/week5/quiz1/data/query/frog/00001.png,frog,0.858826220035553,0.8306845426559448,0.028141677379608154,1,/home/emily/MMIP/week5/quiz1/data/gallery/frog/00638.png
Baseline,/home/emily/MMIP/week5/quiz1/data/query/frog/00002.png,frog,0.828995943069458,0.8082489967346191,0.020746946334838867,1,/home/emily/MMIP/week5/quiz1/data/gallery/frog/00804.png
Baseline,/home/emily/MMIP/week5/quiz1/data/query/frog/00003.png,frog,0.8631895780563354,0.8279826641082764,0.03520691394805908,1,/home/emily/MMIP/week5/quiz1/data/gallery/frog/00137.png
Baseline,/home/emily/MMIP/week5/quiz1/data/query/frog/00004.png,frog,0.8807244300842285,0.8581880331039429,0.022536396980285645,1,/home/emily/MMIP/week5/quiz1/data/gallery/frog/00499.png
Baseline,/home/emily/MMIP/week5/quiz1/data/query/frog/00005.png,frog,0.8700345754623413,0.8318605422973633,0.03817403316497803,1,/home/emily/MMIP/week5/quiz1/data/gallery/frog/00041.png
Baseline,/home/emily/MMIP/week5/quiz1/data/query/frog/00006.png,frog,0.8623569011688232,0.8381982445716858,0.02415865659713745,1,/home/emily/MMIP/week5/quiz1/data/gallery/frog/00356.png
Baseline,/home/emily/MMIP/week5/quiz1/data/query/frog/00007.png,frog,0.8269883394241333,0.8264573216438293,0.0005310177803039551,1,/home/emily/MMIP/week5/quiz1/data/gallery/frog/00406.png
Baseline,/home/emily/MMIP/week5/quiz1/data/query/frog/00008.png,frog,0.85627281665802,0.8406026363372803,0.015670180320739746,1,/home/emily/MMIP/week5/quiz1/data/gallery/frog/00084.png
Baseline,/home/emily/MMIP/week5/quiz1/data/query/frog/00009.png,frog,0.8197135925292969,0.8494325876235962,-0.029718995094299316,12,/home/emily/MMIP/week5/quiz1/data/gallery/frog/00943.png
Baseline,/home/emily/MMIP/week5/quiz1/data/query/frog/00010.png,frog,0.8261197805404663,0.83147794008255,-0.00535815954208374,3,/home/emily/MMIP/week5/quiz1/data/gallery/frog/00335.png
Baseline,/home/emily/MMIP/week5/quiz1/data/query/frog/00011.png,frog,0.8568446636199951,0.8491867780685425,0.007657885551452637,1,/home/emily/MMIP/week5/quiz1/data/gallery/frog/00248.png
Baseline,/home/emily/MMIP/week5/quiz1/data/query/frog/00012.png,frog,0.8623225688934326,0.8760112524032593,-0.01368868350982666,2,/home/emily/MMIP/week5/quiz1/data/gallery/frog/00248.png
Baseline,/home/emily/MMIP/week5/quiz1/data/query/frog/00013.png,frog,0.8471896648406982,0.807799220085144,0.0393904447555542,1,/home/emily/MMIP/week5/quiz1/data/gallery/frog/00760.png
Baseline,/home/emily/MMIP/week5/quiz1/data/query/frog/00014.png,frog,0.827895998954773,0.8249304294586182,0.002965569496154785,1,/home/emily/MMIP/week5/quiz1/data/gallery/frog/00712.png
Baseline,/home/emily/MMIP/week5/quiz1/data/query/frog/00015.png,frog,0.8583107590675354,0.8365659713745117,0.02174478769302368,1,/home/emily/MMIP/week5/quiz1/data/gallery/frog/00131.png
Baseline,/home/emily/MMIP/week5/quiz1/data/query/frog/00016.png,frog,0.8299553394317627,0.844763994216919,-0.01480865478515625,5,/home/emily/MMIP/week5/quiz1/data/gallery/frog/00851.png
Baseline,/home/emily/MMIP/week5/quiz1/data/query/frog/00017.png,frog,0.8877905011177063,0.8465621471405029,0.04122835397720337,1,/home/emily/MMIP/week5/quiz1/data/gallery/frog/00084.png
Baseline,/home/emily/MMIP/week5/quiz1/data/query/frog/00018.png,frog,0.8087694644927979,0.7969805002212524,0.01178896427154541,1,/home/emily/MMIP/week5/quiz1/data/gallery/frog/00025.png
Baseline,/home/emily/MMIP/week5/quiz1/data/query/frog/00019.png,frog,0.8402162790298462,0.8391237258911133,0.0010925531387329102,1,/home/emily/MMIP/week5/quiz1/data/gallery/frog/00027.png
Baseline,/home/emily/MMIP/week5/quiz1/data/query/frog/00020.png,frog,0.8661868572235107,0.8154280185699463,0.05075883865356445,1,/home/emily/MMIP/week5/quiz1/data/gallery/frog/00713.png
Baseline,/home/emily/MMIP/week5/quiz1/data/query/frog/00021.png,frog,0.8541632890701294,0.8361310958862305,0.018032193183898926,1,/home/emily/MMIP/week5/quiz1/data/gallery/frog/00235.png
Baseline,/home/emily/MMIP/week5/quiz1/data/query/frog/00022.png,frog,0.8643860816955566,0.8530187010765076,0.011367380619049072,1,/home/emily/MMIP/week5/quiz1/data/gallery/frog/00670.png
Baseline,/home/emily/MMIP/week5/quiz1/data/query/frog/00023.png,frog,0.8257453441619873,0.8498982191085815,-0.02415287494659424,9,/home/emily/MMIP/week5/quiz1/data/gallery/frog/00082.png
Baseline,/home/emily/MMIP/week5/quiz1/data/query/frog/00024.png,frog,0.8511355519294739,0.8160920143127441,0.035043537616729736,1,/home/emily/MMIP/week5/quiz1/data/gallery/frog/00972.png
Baseline,/home/emily/MMIP/week5/quiz1/data/query/frog/00025.png,frog,0.8886531591415405,0.8930087089538574,-0.0043555498123168945,2,/home/emily/MMIP/week5/quiz1/data/gallery/frog/00248.png
Baseline,/home/emily/MMIP/week5/quiz1/data/query/frog/00026.png,frog,0.8628725409507751,0.8587921857833862,0.004080355167388916,1,/home/emily/MMIP/week5/quiz1/data/gallery/frog/00453.png
Baseline,/home/emily/MMIP/week5/quiz1/data/query/frog/00027.png,frog,0.7443141341209412,0.7907947301864624,-0.04648059606552124,43,/home/emily/MMIP/week5/quiz1/data/gallery/frog/00073.png
Baseline,/home/emily/MMIP/week5/quiz1/data/query/frog/00028.png,frog,0.838935375213623,0.8531056642532349,-0.014170289039611816,6,/home/emily/MMIP/week5/quiz1/data/gallery/frog/00086.png
Baseline,/home/emily/MMIP/week5/quiz1/data/query/frog/00029.png,frog,0.8431458473205566,0.8010668158531189,0.042079031467437744,1,/home/emily/MMIP/week5/quiz1/data/gallery/frog/00301.png
Baseline,/home/emily/MMIP/week5/quiz1/data/query/frog/00030.png,frog,0.8347679376602173,0.7837594747543335,0.05100846290588379,1,/home/emily/MMIP/week5/quiz1/data/gallery/frog/00903.png
Baseline,/home/emily/MMIP/week5/quiz1/data/query/frog/00031.png,frog,0.8652846813201904,0.8428778648376465,0.022406816482543945,1,/home/emily/MMIP/week5/quiz1/data/gallery/frog/00761.png
Baseline,/home/emily/MMIP/week5/quiz1/data/query/frog/00032.png,frog,0.8609613180160522,0.8098994493484497,0.05106186866760254,1,/home/emily/MMIP/week5/quiz1/data/gallery/frog/00137.png
Baseline,/home/emily/MMIP/week5/quiz1/data/query/frog/00033.png,frog,0.8740495443344116,0.8401577472686768,0.03389179706573486,1,/home/emily/MMIP/week5/quiz1/data/gallery/frog/00787.png
Baseline,/home/emily/MMIP/week5/quiz1/data/query/frog/00034.png,frog,0.8682303428649902,0.8229321241378784,0.045298218727111816,1,/home/emily/MMIP/week5/quiz1/data/gallery/frog/00350.png
Baseline,/home/emily/MMIP/week5/quiz1/data/query/frog/00035.png,frog,0.8745195865631104,0.8145058155059814,0.060013771057128906,1,/home/emily/MMIP/week5/quiz1/data/gallery/frog/00400.png
Baseline,/home/emily/MMIP/week5/quiz1/data/query/frog/00036.png,frog,0.8480182886123657,0.8313648700714111,0.01665341854095459,1,/home/emily/MMIP/week5/quiz1/data/gallery/frog/00440.png
Baseline,/home/emily/MMIP/week5/quiz1/data/query/frog/00037.png,frog,0.8457406759262085,0.8770174980163574,-0.031276822090148926,2,/home/emily/MMIP/week5/quiz1/data/gallery/frog/00507.png
Baseline,/home/emily/MMIP/week5/quiz1/data/query/frog/00038.png,frog,0.8648974895477295,0.7998752593994141,0.06502223014831543,1,/home/emily/MMIP/week5/quiz1/data/gallery/frog/00415.png
Baseline,/home/emily/MMIP/week5/quiz1/data/query/frog/00039.png,frog,0.8694710731506348,0.8334921002388,0.03597897291183472,1,/home/emily/MMIP/week5/quiz1/data/gallery/frog/00695.png
Baseline,/home/emily/MMIP/week5/quiz1/data/query/frog/00040.png,frog,0.8795503377914429,0.8448554277420044,0.03469491004943848,1,/home/emily/MMIP/week5/quiz1/data/gallery/frog/00803.png
Baseline,/home/emily/MMIP/week5/quiz1/data/query/frog/00041.png,frog,0.8848875761032104,0.8602381348609924,0.024649441242218018,1,/home/emily/MMIP/week5/quiz1/data/gallery/frog/00662.png
Baseline,/home/emily/MMIP/week5/quiz1/data/query/frog/00042.png,frog,0.8784310817718506,0.8372529745101929,0.041178107261657715,1,/home/emily/MMIP/week5/quiz1/data/gallery/frog/00832.png
Baseline,/home/emily/MMIP/week5/quiz1/data/query/frog/00043.png,frog,0.8328635692596436,0.7905724048614502,0.04229116439819336,1,/home/emily/MMIP/week5/quiz1/data/gallery/frog/00865.png
Baseline,/home/emily/MMIP/week5/quiz1/data/query/frog/00044.png,frog,0.8905993700027466,0.8539596796035767,0.03663969039916992,1,/home/emily/MMIP/week5/quiz1/data/gallery/frog/00543.png
Baseline,/home/emily/MMIP/week5/quiz1/data/query/frog/00045.png,frog,0.8906309604644775,0.8412480354309082,0.049382925033569336,1,/home/emily/MMIP/week5/quiz1/data/gallery/frog/00196.png
Baseline,/home/emily/MMIP/week5/quiz1/data/query/frog/00046.png,frog,0.8559222221374512,0.8176225423812866,0.03829967975616455,1,/home/emily/MMIP/week5/quiz1/data/gallery/frog/00133.png
Baseline,/home/emily/MMIP/week5/quiz1/data/query/frog/00047.png,frog,0.8925085067749023,0.8812248110771179,0.011283695697784424,1,/home/emily/MMIP/week5/quiz1/data/gallery/frog/00654.png
Baseline,/home/emily/MMIP/week5/quiz1/data/query/frog/00048.png,frog,0.8282897472381592,0.8199446797370911,0.008345067501068115,1,/home/emily/MMIP/week5/quiz1/data/gallery/frog/00468.png
Baseline,/home/emily/MMIP/week5/quiz1/data/query/frog/00049.png,frog,0.8599855899810791,0.8303217887878418,0.029663801193237305,1,/home/emily/MMIP/week5/quiz1/data/gallery/frog/00069.png
Baseline,/home/emily/MMIP/week5/quiz1/data/query/frog/00050.png,frog,0.8427596092224121,0.8287076950073242,0.01405191421508789,1,/home/emily/MMIP/week5/quiz1/data/gallery/frog/00610.png
Baseline,/home/emily/MMIP/week5/quiz1/data/query/frog/00051.png,frog,0.8754978179931641,0.856948971748352,0.01854884624481201,1,/home/emily/MMIP/week5/quiz1/data/gallery/frog/00248.png
Baseline,/home/emily/MMIP/week5/quiz1/data/query/frog/00052.png,frog,0.8854018449783325,0.8726156949996948,0.012786149978637695,1,/home/emily/MMIP/week5/quiz1/data/gallery/frog/00130.png
Baseline,/home/emily/MMIP/week5/quiz1/data/query/frog/00053.png,frog,0.8589317798614502,0.8064355850219727,0.05249619483947754,1,/home/emily/MMIP/week5/quiz1/data/gallery/frog/00885.png
Baseline,/home/emily/MMIP/week5/quiz1/data/query/frog/00054.png,frog,0.8307939171791077,0.8274253606796265,0.003368556499481201,1,/home/emily/MMIP/week5/quiz1/data/gallery/frog/00092.png
Baseline,/home/emily/MMIP/week5/quiz1/data/query/frog/00055.png,frog,0.8792672157287598,0.8452026844024658,0.034064531326293945,1,/home/emily/MMIP/week5/quiz1/data/gallery/frog/00068.png
Baseline,/home/emily/MMIP/week5/quiz1/data/query/frog/00056.png,frog,0.8592925667762756,0.8387295603752136,0.02056300640106201,1,/home/emily/MMIP/week5/quiz1/data/gallery/frog/00947.png
Baseline,/home/emily/MMIP/week5/quiz1/data/query/frog/00057.png,frog,0.852860689163208,0.833166241645813,0.01969444751739502,1,/home/emily/MMIP/week5/quiz1/data/gallery/frog/00747.png
Baseline,/home/emily/MMIP/week5/quiz1/data/query/frog/00058.png,frog,0.8261800408363342,0.8099374771118164,0.016242563724517822,1,/home/emily/MMIP/week5/quiz1/data/gallery/frog/00549.png
Baseline,/home/emily/MMIP/week5/quiz1/data/query/frog/00059.png,frog,0.880958080291748,0.8324447870254517,0.04851329326629639,1,/home/emily/MMIP/week5/quiz1/data/gallery/frog/00463.png
Baseline,/home/emily/MMIP/week5/quiz1/data/query/frog/00060.png,frog,0.8581510782241821,0.8112450838088989,0.0469059944152832,1,/home/emily/MMIP/week5/quiz1/data/gallery/frog/00972.png
Baseline,/home/emily/MMIP/week5/quiz1/data/query/frog/00061.png,frog,0.8455511331558228,0.7914130687713623,0.05413806438446045,1,/home/emily/MMIP/week5/quiz1/data/gallery/frog/00100.png
Baseline,/home/emily/MMIP/week5/quiz1/data/query/frog/00062.png,frog,0.8662772178649902,0.8345317244529724,0.03174549341201782,1,/home/emily/MMIP/week5/quiz1/data/gallery/frog/00595.png
Baseline,/home/emily/MMIP/week5/quiz1/data/query/frog/00063.png,frog,0.8396371603012085,0.810242772102356,0.02939438819885254,1,/home/emily/MMIP/week5/quiz1/data/gallery/frog/00664.png
Baseline,/home/emily/MMIP/week5/quiz1/data/query/frog/00064.png,frog,0.8334823250770569,0.8439514636993408,-0.010469138622283936,2,/home/emily/MMIP/week5/quiz1/data/gallery/frog/00669.png
Baseline,/home/emily/MMIP/week5/quiz1/data/query/frog/00065.png,frog,0.9047041535377502,0.84076988697052,0.06393426656723022,1,/home/emily/MMIP/week5/quiz1/data/gallery/frog/00142.png
Baseline,/home/emily/MMIP/week5/quiz1/data/query/frog/00066.png,frog,0.8503309488296509,0.8009876012802124,0.04934334754943848,1,/home/emily/MMIP/week5/quiz1/data/gallery/frog/00661.png
Baseline,/home/emily/MMIP/week5/quiz1/data/query/frog/00067.png,frog,0.8915121555328369,0.8828621506690979,0.008650004863739014,1,/home/emily/MMIP/week5/quiz1/data/gallery/frog/00797.png
Baseline,/home/emily/MMIP/week5/quiz1/data/query/frog/00068.png,frog,0.8863927125930786,0.8156924247741699,0.07070028781890869,1,/home/emily/MMIP/week5/quiz1/data/gallery/frog/00713.png
Baseline,/home/emily/MMIP/week5/quiz1/data/query/frog/00069.png,frog,0.8602346181869507,0.8494016528129578,0.01083296537399292,1,/home/emily/MMIP/week5/quiz1/data/gallery/frog/00381.png
Baseline,/home/emily/MMIP/week5/quiz1/data/query/frog/00070.png,frog,0.8249579071998596,0.779808521270752,0.045149385929107666,1,/home/emily/MMIP/week5/quiz1/data/gallery/frog/00815.png
Baseline,/home/emily/MMIP/week5/quiz1/data/query/frog/00071.png,frog,0.8764241933822632,0.863153338432312,0.013270854949951172,1,/home/emily/MMIP/week5/quiz1/data/gallery/frog/00336.png
Baseline,/home/emily/MMIP/week5/quiz1/data/query/frog/00072.png,frog,0.8484563827514648,0.8329257965087891,0.015530586242675781,1,/home/emily/MMIP/week5/quiz1/data/gallery/frog/00027.png
Baseline,/home/emily/MMIP/week5/quiz1/data/query/frog/00073.png,frog,0.8442034721374512,0.8469569683074951,-0.0027534961700439453,2,/home/emily/MMIP/week5/quiz1/data/gallery/frog/00377.png
Baseline,/home/emily/MMIP/week5/quiz1/data/query/frog/00074.png,frog,0.851154088973999,0.8443567752838135,0.006797313690185547,1,/home/emily/MMIP/week5/quiz1/data/gallery/frog/00073.png
Baseline,/home/emily/MMIP/week5/quiz1/data/query/frog/00075.png,frog,0.867668867111206,0.8362281322479248,0.03144073486328125,1,/home/emily/MMIP/week5/quiz1/data/gallery/frog/00075.png
Baseline,/home/emily/MMIP/week5/quiz1/data/query/frog/00076.png,frog,0.8264667987823486,0.7971694469451904,0.029297351837158203,1,/home/emily/MMIP/week5/quiz1/data/gallery/frog/00181.png
Baseline,/home/emily/MMIP/week5/quiz1/data/query/frog/00077.png,frog,0.8415654301643372,0.8277536034584045,0.013811826705932617,1,/home/emily/MMIP/week5/quiz1/data/gallery/frog/00761.png
Baseline,/home/emily/MMIP/week5/quiz1/data/query/frog/00078.png,frog,0.8425148725509644,0.807187557220459,0.03532731533050537,1,/home/emily/MMIP/week5/quiz1/data/gallery/frog/00145.png
Baseline,/home/emily/MMIP/week5/quiz1/data/query/frog/00079.png,frog,0.818821132183075,0.8267203569412231,-0.007899224758148193,4,/home/emily/MMIP/week5/quiz1/data/gallery/frog/00090.png
Baseline,/home/emily/MMIP/week5/quiz1/data/query/frog/00080.png,frog,0.8762063980102539,0.8650398254394531,0.011166572570800781,1,/home/emily/MMIP/week5/quiz1/data/gallery/frog/00124.png
Baseline,/home/emily/MMIP/week5/quiz1/data/query/frog/00081.png,frog,0.8746337294578552,0.8607852458953857,0.013848483562469482,1,/home/emily/MMIP/week5/quiz1/data/gallery/frog/00441.png
Baseline,/home/emily/MMIP/week5/quiz1/data/query/frog/00082.png,frog,0.8402016162872314,0.8423049449920654,-0.0021033287048339844,2,/home/emily/MMIP/week5/quiz1/data/gallery/frog/00638.png
Baseline,/home/emily/MMIP/week5/quiz1/data/query/frog/00083.png,frog,0.8256597518920898,0.8143686056137085,0.011291146278381348,1,/home/emily/MMIP/week5/quiz1/data/gallery/frog/00720.png
Baseline,/home/emily/MMIP/week5/quiz1/data/query/frog/00084.png,frog,0.8587242960929871,0.8562057018280029,0.002518594264984131,1,/home/emily/MMIP/week5/quiz1/data/gallery/frog/00981.png
Baseline,/home/emily/MMIP/week5/quiz1/data/query/frog/00085.png,frog,0.8693931698799133,0.8625614643096924,0.006831705570220947,1,/home/emily/MMIP/week5/quiz1/data/gallery/frog/00254.png
Baseline,/home/emily/MMIP/week5/quiz1/data/query/frog/00086.png,frog,0.8719707727432251,0.8259879350662231,0.04598283767700195,1,/home/emily/MMIP/week5/quiz1/data/gallery/frog/00315.png
Baseline,/home/emily/MMIP/week5/quiz1/data/query/frog/00087.png,frog,0.8561439514160156,0.820943295955658,0.035200655460357666,1,/home/emily/MMIP/week5/quiz1/data/gallery/frog/00106.png
Baseline,/home/emily/MMIP/week5/quiz1/data/query/frog/00088.png,frog,0.8338093757629395,0.8059923648834229,0.0278170108795166,1,/home/emily/MMIP/week5/quiz1/data/gallery/frog/00174.png
Baseline,/home/emily/MMIP/week5/quiz1/data/query/frog/00089.png,frog,0.8690590262413025,0.8833620548248291,-0.014303028583526611,4,/home/emily/MMIP/week5/quiz1/data/gallery/frog/00695.png
Baseline,/home/emily/MMIP/week5/quiz1/data/query/frog/00090.png,frog,0.8081991076469421,0.8213878273963928,-0.013188719749450684,2,/home/emily/MMIP/week5/quiz1/data/gallery/frog/00668.png
Baseline,/home/emily/MMIP/week5/quiz1/data/query/frog/00091.png,frog,0.8617869019508362,0.8335496187210083,0.02823728322982788,1,/home/emily/MMIP/week5/quiz1/data/gallery/frog/00972.png
Baseline,/home/emily/MMIP/week5/quiz1/data/query/frog/00092.png,frog,0.8570421934127808,0.8164715766906738,0.040570616722106934,1,/home/emily/MMIP/week5/quiz1/data/gallery/frog/00423.png
Baseline,/home/emily/MMIP/week5/quiz1/data/query/frog/00093.png,frog,0.8325713276863098,0.8195348978042603,0.01303642988204956,1,/home/emily/MMIP/week5/quiz1/data/gallery/frog/00491.png
Baseline,/home/emily/MMIP/week5/quiz1/data/query/frog/00094.png,frog,0.8502867817878723,0.8293688297271729,0.020917952060699463,1,/home/emily/MMIP/week5/quiz1/data/gallery/frog/00464.png
Baseline,/home/emily/MMIP/week5/quiz1/data/query/frog/00095.png,frog,0.8572788238525391,0.8606059551239014,-0.0033271312713623047,3,/home/emily/MMIP/week5/quiz1/data/gallery/frog/00086.png
Baseline,/home/emily/MMIP/week5/quiz1/data/query/frog/00096.png,frog,0.8608137369155884,0.8303018808364868,0.030511856079101562,1,/home/emily/MMIP/week5/quiz1/data/gallery/frog/00786.png
Baseline,/home/emily/MMIP/week5/quiz1/data/query/frog/00097.png,frog,0.8913300633430481,0.8611519932746887,0.030178070068359375,1,/home/emily/MMIP/week5/quiz1/data/gallery/frog/00630.png
Baseline,/home/emily/MMIP/week5/quiz1/data/query/frog/00098.png,frog,0.8650040626525879,0.8552034497261047,0.009800612926483154,1,/home/emily/MMIP/week5/quiz1/data/gallery/frog/00079.png
Baseline,/home/emily/MMIP/week5/quiz1/data/query/frog/00099.png,frog,0.8590614795684814,0.8189458847045898,0.0401155948638916,1,/home/emily/MMIP/week5/quiz1/data/gallery/frog/00372.png
Baseline,/home/emily/MMIP/week5/quiz1/data/query/horse/00000.png,horse,0.8553144931793213,0.8379316926002502,0.017382800579071045,1,/home/emily/MMIP/week5/quiz1/data/gallery/horse/00198.png
Baseline,/home/emily/MMIP/week5/quiz1/data/query/horse/00001.png,horse,0.8644852638244629,0.8349685668945312,0.02951669692993164,1,/home/emily/MMIP/week5/quiz1/data/gallery/horse/00602.png
Baseline,/home/emily/MMIP/week5/quiz1/data/query/horse/00002.png,horse,0.8882443308830261,0.8565080165863037,0.03173631429672241,1,/home/emily/MMIP/week5/quiz1/data/gallery/horse/00712.png
Baseline,/home/emily/MMIP/week5/quiz1/data/query/horse/00003.png,horse,0.9067052602767944,0.8890513181686401,0.017653942108154297,1,/home/emily/MMIP/week5/quiz1/data/gallery/horse/00117.png
Baseline,/home/emily/MMIP/week5/quiz1/data/query/horse/00004.png,horse,0.8520787954330444,0.8505324721336365,0.001546323299407959,1,/home/emily/MMIP/week5/quiz1/data/gallery/horse/00795.png
Baseline,/home/emily/MMIP/week5/quiz1/data/query/horse/00005.png,horse,0.8144737482070923,0.8413339257240295,-0.026860177516937256,10,/home/emily/MMIP/week5/quiz1/data/gallery/horse/00163.png
Baseline,/home/emily/MMIP/week5/quiz1/data/query/horse/00006.png,horse,0.8885766863822937,0.8774721026420593,0.011104583740234375,1,/home/emily/MMIP/week5/quiz1/data/gallery/horse/00195.png
Baseline,/home/emily/MMIP/week5/quiz1/data/query/horse/00007.png,horse,0.8615666031837463,0.8332049250602722,0.02836167812347412,1,/home/emily/MMIP/week5/quiz1/data/gallery/horse/00015.png
Baseline,/home/emily/MMIP/week5/quiz1/data/query/horse/00008.png,horse,0.839521586894989,0.8163872957229614,0.023134291172027588,1,/home/emily/MMIP/week5/quiz1/data/gallery/horse/00483.png
Baseline,/home/emily/MMIP/week5/quiz1/data/query/horse/00009.png,horse,0.8636283874511719,0.8488901257514954,0.014738261699676514,1,/home/emily/MMIP/week5/quiz1/data/gallery/horse/00090.png
Baseline,/home/emily/MMIP/week5/quiz1/data/query/horse/00010.png,horse,0.8639873266220093,0.8245806097984314,0.03940671682357788,1,/home/emily/MMIP/week5/quiz1/data/gallery/horse/00171.png
Baseline,/home/emily/MMIP/week5/quiz1/data/query/horse/00011.png,horse,0.842423677444458,0.8194352388381958,0.022988438606262207,1,/home/emily/MMIP/week5/quiz1/data/gallery/horse/00317.png
Baseline,/home/emily/MMIP/week5/quiz1/data/query/horse/00012.png,horse,0.8729810118675232,0.8229263424873352,0.05005466938018799,1,/home/emily/MMIP/week5/quiz1/data/gallery/horse/00312.png
Baseline,/home/emily/MMIP/week5/quiz1/data/query/horse/00013.png,horse,0.8385889530181885,0.8535741567611694,-0.014985203742980957,3,/home/emily/MMIP/week5/quiz1/data/gallery/horse/00496.png
Baseline,/home/emily/MMIP/week5/quiz1/data/query/horse/00014.png,horse,0.8293142914772034,0.8311787843704224,-0.0018644928932189941,2,/home/emily/MMIP/week5/quiz1/data/gallery/horse/00854.png
Baseline,/home/emily/MMIP/week5/quiz1/data/query/horse/00015.png,horse,0.8773690462112427,0.8368840217590332,0.04048502445220947,1,/home/emily/MMIP/week5/quiz1/data/gallery/horse/00397.png
Baseline,/home/emily/MMIP/week5/quiz1/data/query/horse/00016.png,horse,0.8832669854164124,0.8549100160598755,0.028356969356536865,1,/home/emily/MMIP/week5/quiz1/data/gallery/horse/00798.png
Baseline,/home/emily/MMIP/week5/quiz1/data/query/horse/00017.png,horse,0.8284205198287964,0.8396369218826294,-0.011216402053833008,2,/home/emily/MMIP/week5/quiz1/data/gallery/horse/00399.png
Baseline,/home/emily/MMIP/week5/quiz1/data/query/horse/00018.png,horse,0.8540552854537964,0.8406479954719543,0.013407289981842041,1,/home/emily/MMIP/week5/quiz1/data/gallery/horse/00939.png
Baseline,/home/emily/MMIP/week5/quiz1/data/query/horse/00019.png,horse,0.893477201461792,0.8383899927139282,0.05508720874786377,1,/home/emily/MMIP/week5/quiz1/data/gallery/horse/00512.png
Baseline,/home/emily/MMIP/week5/quiz1/data/query/horse/00020.png,horse,0.8346631526947021,0.8614636659622192,-0.02680051326751709,16,/home/emily/MMIP/week5/quiz1/data/gallery/horse/00363.png
Baseline,/home/emily/MMIP/week5/quiz1/data/query/horse/00021.png,horse,0.8661825060844421,0.8327533006668091,0.03342920541763306,1,/home/emily/MMIP/week5/quiz1/data/gallery/horse/00004.png
Baseline,/home/emily/MMIP/week5/quiz1/data/query/horse/00022.png,horse,0.8898956775665283,0.8815740942955017,0.008321583271026611,1,/home/emily/MMIP/week5/quiz1/data/gallery/horse/00166.png
Baseline,/home/emily/MMIP/week5/quiz1/data/query/horse/00023.png,horse,0.8213507533073425,0.8231309652328491,-0.0017802119255065918,2,/home/emily/MMIP/week5/quiz1/data/gallery/horse/00633.png
Baseline,/home/emily/MMIP/week5/quiz1/data/query/horse/00024.png,horse,0.8343720436096191,0.8257933855056763,0.008578658103942871,1,/home/emily/MMIP/week5/quiz1/data/gallery/horse/00646.png
Baseline,/home/emily/MMIP/week5/quiz1/data/query/horse/00025.png,horse,0.8776541948318481,0.8373885750770569,0.04026561975479126,1,/home/emily/MMIP/week5/quiz1/data/gallery/horse/00327.png
Baseline,/home/emily/MMIP/week5/quiz1/data/query/horse/00026.png,horse,0.8364334106445312,0.8384722471237183,-0.0020388364791870117,2,/home/emily/MMIP/week5/quiz1/data/gallery/horse/00535.png
Baseline,/home/emily/MMIP/week5/quiz1/data/query/horse/00027.png,horse,0.8581363558769226,0.8663814067840576,-0.00824505090713501,3,/home/emily/MMIP/week5/quiz1/data/gallery/horse/00899.png
Baseline,/home/emily/MMIP/week5/quiz1/data/query/horse/00028.png,horse,0.9088926315307617,0.8931529521942139,0.01573967933654785,1,/home/emily/MMIP/week5/quiz1/data/gallery/horse/00607.png
Baseline,/home/emily/MMIP/week5/quiz1/data/query/horse/00029.png,horse,0.8759250640869141,0.8757369518280029,0.0001881122589111328,1,/home/emily/MMIP/week5/quiz1/data/gallery/horse/00444.png
Baseline,/home/emily/MMIP/week5/quiz1/data/query/horse/00030.png,horse,0.8400125503540039,0.8153527975082397,0.02465975284576416,1,/home/emily/MMIP/week5/quiz1/data/gallery/horse/00569.png
Baseline,/home/emily/MMIP/week5/quiz1/data/query/horse/00031.png,horse,0.8325817584991455,0.8024593591690063,0.03012239933013916,1,/home/emily/MMIP/week5/quiz1/data/gallery/horse/00201.png
Baseline,/home/emily/MMIP/week5/quiz1/data/query/horse/00032.png,horse,0.8905748128890991,0.8409053087234497,0.049669504165649414,1,/home/emily/MMIP/week5/quiz1/data/gallery/horse/00569.png
Baseline,/home/emily/MMIP/week5/quiz1/data/query/horse/00033.png,horse,0.9056096076965332,0.8500534296035767,0.05555617809295654,1,/home/emily/MMIP/week5/quiz1/data/gallery/horse/00124.png
Baseline,/home/emily/MMIP/week5/quiz1/data/query/horse/00034.png,horse,0.859687864780426,0.8514885902404785,0.00819927453994751,1,/home/emily/MMIP/week5/quiz1/data/gallery/horse/00567.png
Baseline,/home/emily/MMIP/week5/quiz1/data/query/horse/00035.png,horse,0.8768951892852783,0.8633052110671997,0.013589978218078613,1,/home/emily/MMIP/week5/quiz1/data/gallery/horse/00365.png
Baseline,/home/emily/MMIP/week5/quiz1/data/query/horse/00036.png,horse,0.8751630783081055,0.8438910841941833,0.03127199411392212,1,/home/emily/MMIP/week5/quiz1/data/gallery/horse/00211.png
Baseline,/home/emily/MMIP/week5/quiz1/data/query/horse/00037.png,horse,0.8782018423080444,0.8443164825439453,0.03388535976409912,1,/home/emily/MMIP/week5/quiz1/data/gallery/horse/00496.png
Baseline,/home/emily/MMIP/week5/quiz1/data/query/horse/00038.png,horse,0.8801010847091675,0.8666446208953857,0.013456463813781738,1,/home/emily/MMIP/week5/quiz1/data/gallery/horse/00627.png
Baseline,/home/emily/MMIP/week5/quiz1/data/query/horse/00039.png,horse,0.8730194568634033,0.834924578666687,0.03809487819671631,1,/home/emily/MMIP/week5/quiz1/data/gallery/horse/00157.png
Baseline,/home/emily/MMIP/week5/quiz1/data/query/horse/00040.png,horse,0.8566346168518066,0.8517553806304932,0.0048792362213134766,1,/home/emily/MMIP/week5/quiz1/data/gallery/horse/00794.png
Baseline,/home/emily/MMIP/week5/quiz1/data/query/horse/00041.png,horse,0.8595398664474487,0.8399258255958557,0.019614040851593018,1,/home/emily/MMIP/week5/quiz1/data/gallery/horse/00736.png
Baseline,/home/emily/MMIP/week5/quiz1/data/query/horse/00042.png,horse,0.8576611280441284,0.8365166187286377,0.021144509315490723,1,/home/emily/MMIP/week5/quiz1/data/gallery/horse/00170.png
Baseline,/home/emily/MMIP/week5/quiz1/data/query/horse/00043.png,horse,0.8626520037651062,0.8605237007141113,0.002128303050994873,1,/home/emily/MMIP/week5/quiz1/data/gallery/horse/00739.png
Baseline,/home/emily/MMIP/week5/quiz1/data/query/horse/00044.png,horse,0.8072518110275269,0.8269211053848267,-0.019669294357299805,3,/home/emily/MMIP/week5/quiz1/data/gallery/horse/00453.png
Baseline,/home/emily/MMIP/week5/quiz1/data/query/horse/00045.png,horse,0.8769105672836304,0.8496434688568115,0.027267098426818848,1,/home/emily/MMIP/week5/quiz1/data/gallery/horse/00684.png
Baseline,/home/emily/MMIP/week5/quiz1/data/query/horse/00046.png,horse,0.8757898807525635,0.8677768707275391,0.008013010025024414,1,/home/emily/MMIP/week5/quiz1/data/gallery/horse/00681.png
Baseline,/home/emily/MMIP/week5/quiz1/data/query/horse/00047.png,horse,0.849412739276886,0.8361161947250366,0.013296544551849365,1,/home/emily/MMIP/week5/quiz1/data/gallery/horse/00171.png
Baseline,/home/emily/MMIP/week5/quiz1/data/query/horse/00048.png,horse,0.8836631774902344,0.8695797920227051,0.014083385467529297,1,/home/emily/MMIP/week5/quiz1/data/gallery/horse/00523.png
Baseline,/home/emily/MMIP/week5/quiz1/data/query/horse/00049.png,horse,0.8621211051940918,0.8519148826599121,0.010206222534179688,1,/home/emily/MMIP/week5/quiz1/data/gallery/horse/00250.png
Baseline,/home/emily/MMIP/week5/quiz1/data/query/horse/00050.png,horse,0.8468506336212158,0.8272589445114136,0.019591689109802246,1,/home/emily/MMIP/week5/quiz1/data/gallery/horse/00330.png
Baseline,/home/emily/MMIP/week5/quiz1/data/query/horse/00051.png,horse,0.889786958694458,0.8410286903381348,0.04875826835632324,1,/home/emily/MMIP/week5/quiz1/data/gallery/horse/00734.png
Baseline,/home/emily/MMIP/week5/quiz1/data/query/horse/00052.png,horse,0.9625838994979858,0.8761698603630066,0.08641403913497925,1,/home/emily/MMIP/week5/quiz1/data/gallery/horse/00610.png
Baseline,/home/emily/MMIP/week5/quiz1/data/query/horse/00053.png,horse,0.8557896018028259,0.8303461074829102,0.02544349431991577,1,/home/emily/MMIP/week5/quiz1/data/gallery/horse/00711.png
Baseline,/home/emily/MMIP/week5/quiz1/data/query/horse/00054.png,horse,0.9073120355606079,0.8509708642959595,0.05634117126464844,1,/home/emily/MMIP/week5/quiz1/data/gallery/horse/00250.png
Baseline,/home/emily/MMIP/week5/quiz1/data/query/horse/00055.png,horse,0.8899392485618591,0.8613269925117493,0.028612256050109863,1,/home/emily/MMIP/week5/quiz1/data/gallery/horse/00240.png
Baseline,/home/emily/MMIP/week5/quiz1/data/query/horse/00056.png,horse,0.8380944728851318,0.8092381954193115,0.028856277465820312,1,/home/emily/MMIP/week5/quiz1/data/gallery/horse/00516.png
Baseline,/home/emily/MMIP/week5/quiz1/data/query/horse/00057.png,horse,0.8628065586090088,0.8414393067359924,0.021367251873016357,1,/home/emily/MMIP/week5/quiz1/data/gallery/horse/00779.png
Baseline,/home/emily/MMIP/week5/quiz1/data/query/horse/00058.png,horse,0.8570486307144165,0.8566217422485352,0.00042688846588134766,1,/home/emily/MMIP/week5/quiz1/data/gallery/horse/00482.png
Baseline,/home/emily/MMIP/week5/quiz1/data/query/horse/00059.png,horse,0.8731325268745422,0.8519495129585266,0.021183013916015625,1,/home/emily/MMIP/week5/quiz1/data/gallery/horse/00995.png
Baseline,/home/emily/MMIP/week5/quiz1/data/query/horse/00060.png,horse,0.8459408283233643,0.8570923805236816,-0.011151552200317383,2,/home/emily/MMIP/week5/quiz1/data/gallery/horse/00200.png
Baseline,/home/emily/MMIP/week5/quiz1/data/query/horse/00061.png,horse,0.8535172939300537,0.8356908559799194,0.017826437950134277,1,/home/emily/MMIP/week5/quiz1/data/gallery/horse/00161.png
Baseline,/home/emily/MMIP/week5/quiz1/data/query/horse/00062.png,horse,0.8973560929298401,0.8695886135101318,0.027767479419708252,1,/home/emily/MMIP/week5/quiz1/data/gallery/horse/00393.png
Baseline,/home/emily/MMIP/week5/quiz1/data/query/horse/00063.png,horse,0.8855999708175659,0.8704257011413574,0.015174269676208496,1,/home/emily/MMIP/week5/quiz1/data/gallery/horse/00824.png
Baseline,/home/emily/MMIP/week5/quiz1/data/query/horse/00064.png,horse,0.8784670829772949,0.8575363755226135,0.020930707454681396,1,/home/emily/MMIP/week5/quiz1/data/gallery/horse/00559.png
Baseline,/home/emily/MMIP/week5/quiz1/data/query/horse/00065.png,horse,0.8617802858352661,0.8261537551879883,0.03562653064727783,1,/home/emily/MMIP/week5/quiz1/data/gallery/horse/00660.png
Baseline,/home/emily/MMIP/week5/quiz1/data/query/horse/00066.png,horse,0.8874703049659729,0.8764010071754456,0.011069297790527344,1,/home/emily/MMIP/week5/quiz1/data/gallery/horse/00380.png
Baseline,/home/emily/MMIP/week5/quiz1/data/query/horse/00067.png,horse,0.8612065315246582,0.8503865003585815,0.01082003116607666,1,/home/emily/MMIP/week5/quiz1/data/gallery/horse/00336.png
Baseline,/home/emily/MMIP/week5/quiz1/data/query/horse/00068.png,horse,0.898311197757721,0.8633685111999512,0.034942686557769775,1,/home/emily/MMIP/week5/quiz1/data/gallery/horse/00042.png
Baseline,/home/emily/MMIP/week5/quiz1/data/query/horse/00069.png,horse,0.9127107858657837,0.8285354375839233,0.08417534828186035,1,/home/emily/MMIP/week5/quiz1/data/gallery/horse/00449.png
Baseline,/home/emily/MMIP/week5/quiz1/data/query/horse/00070.png,horse,0.8817696571350098,0.8619322776794434,0.019837379455566406,1,/home/emily/MMIP/week5/quiz1/data/gallery/horse/00078.png
Baseline,/home/emily/MMIP/week5/quiz1/data/query/horse/00071.png,horse,0.8697969913482666,0.8588820695877075,0.010914921760559082,1,/home/emily/MMIP/week5/quiz1/data/gallery/horse/00748.png
Baseline,/home/emily/MMIP/week5/quiz1/data/query/horse/00072.png,horse,0.8507249355316162,0.8618407249450684,-0.011115789413452148,4,/home/emily/MMIP/week5/quiz1/data/gallery/horse/00535.png
Baseline,/home/emily/MMIP/week5/quiz1/data/query/horse/00073.png,horse,0.8916173577308655,0.8740116357803345,0.017605721950531006,1,/home/emily/MMIP/week5/quiz1/data/gallery/horse/00211.png
Baseline,/home/emily/MMIP/week5/quiz1/data/query/horse/00074.png,horse,0.8513681888580322,0.8348705768585205,0.01649761199951172,1,/home/emily/MMIP/week5/quiz1/data/gallery/horse/00635.png
Baseline,/home/emily/MMIP/week5/quiz1/data/query/horse/00075.png,horse,0.8523484468460083,0.8691688776016235,-0.016820430755615234,2,/home/emily/MMIP/week5/quiz1/data/gallery/horse/00735.png
Baseline,/home/emily/MMIP/week5/quiz1/data/query/horse/00076.png,horse,0.8682063817977905,0.8428758382797241,0.025330543518066406,1,/home/emily/MMIP/week5/quiz1/data/gallery/horse/00659.png
Baseline,/home/emily/MMIP/week5/quiz1/data/query/horse/00077.png,horse,0.841010570526123,0.848745584487915,-0.007735013961791992,6,/home/emily/MMIP/week5/quiz1/data/gallery/horse/00470.png
Baseline,/home/emily/MMIP/week5/quiz1/data/query/horse/00078.png,horse,0.8862932920455933,0.8500304222106934,0.0362628698348999,1,/home/emily/MMIP/week5/quiz1/data/gallery/horse/00820.png
Baseline,/home/emily/MMIP/week5/quiz1/data/query/horse/00079.png,horse,0.8920296430587769,0.8655991554260254,0.026430487632751465,1,/home/emily/MMIP/week5/quiz1/data/gallery/horse/00875.png
Baseline,/home/emily/MMIP/week5/quiz1/data/query/horse/00080.png,horse,0.8087607622146606,0.7637192010879517,0.045041561126708984,1,/home/emily/MMIP/week5/quiz1/data/gallery/horse/00762.png
Baseline,/home/emily/MMIP/week5/quiz1/data/query/horse/00081.png,horse,0.8340137004852295,0.8242731094360352,0.009740591049194336,1,/home/emily/MMIP/week5/quiz1/data/gallery/horse/00191.png
Baseline,/home/emily/MMIP/week5/quiz1/data/query/horse/00082.png,horse,0.9026665687561035,0.8797575831413269,0.02290898561477661,1,/home/emily/MMIP/week5/quiz1/data/gallery/horse/00875.png
Baseline,/home/emily/MMIP/week5/quiz1/data/query/horse/00083.png,horse,0.8901655077934265,0.8557950258255005,0.034370481967926025,1,/home/emily/MMIP/week5/quiz1/data/gallery/horse/00199.png
Baseline,/home/emily/MMIP/week5/quiz1/data/query/horse/00084.png,horse,0.8710728883743286,0.8131860494613647,0.05788683891296387,1,/home/emily/MMIP/week5/quiz1/data/gallery/horse/00460.png
Baseline,/home/emily/MMIP/week5/quiz1/data/query/horse/00085.png,horse,0.895982027053833,0.8366001844406128,0.059381842613220215,1,/home/emily/MMIP/week5/quiz1/data/gallery/horse/00824.png
Baseline,/home/emily/MMIP/week5/quiz1/data/query/horse/00086.png,horse,0.9108359813690186,0.8704960346221924,0.04033994674682617,1,/home/emily/MMIP/week5/quiz1/data/gallery/horse/00190.png
Baseline,/home/emily/MMIP/week5/quiz1/data/query/horse/00087.png,horse,0.8572379946708679,0.8485225439071655,0.008715450763702393,1,/home/emily/MMIP/week5/quiz1/data/gallery/horse/00784.png
Baseline,/home/emily/MMIP/week5/quiz1/data/query/horse/00088.png,horse,0.8779998421669006,0.8331039547920227,0.04489588737487793,1,/home/emily/MMIP/week5/quiz1/data/gallery/horse/00463.png
Baseline,/home/emily/MMIP/week5/quiz1/data/query/horse/00089.png,horse,0.9860998392105103,0.8649218082427979,0.1211780309677124,1,/home/emily/MMIP/week5/quiz1/data/gallery/horse/00338.png
Baseline,/home/emily/MMIP/week5/quiz1/data/query/horse/00090.png,horse,0.89845871925354,0.8374755382537842,0.06098318099975586,1,/home/emily/MMIP/week5/quiz1/data/gallery/horse/00303.png
Baseline,/home/emily/MMIP/week5/quiz1/data/query/horse/00091.png,horse,0.8528519868850708,0.8755192756652832,-0.022667288780212402,2,/home/emily/MMIP/week5/quiz1/data/gallery/horse/00397.png
Baseline,/home/emily/MMIP/week5/quiz1/data/query/horse/00092.png,horse,0.8909949064254761,0.8815760016441345,0.009418904781341553,1,/home/emily/MMIP/week5/quiz1/data/gallery/horse/00751.png
Baseline,/home/emily/MMIP/week5/quiz1/data/query/horse/00093.png,horse,0.8842531442642212,0.8592565059661865,0.024996638298034668,1,/home/emily/MMIP/week5/quiz1/data/gallery/horse/00613.png
Baseline,/home/emily/MMIP/week5/quiz1/data/query/horse/00094.png,horse,0.9044837951660156,0.8811401724815369,0.02334362268447876,1,/home/emily/MMIP/week5/quiz1/data/gallery/horse/00781.png
Baseline,/home/emily/MMIP/week5/quiz1/data/query/horse/00095.png,horse,0.8300857543945312,0.8521164655685425,-0.02203071117401123,3,/home/emily/MMIP/week5/quiz1/data/gallery/horse/00339.png
Baseline,/home/emily/MMIP/week5/quiz1/data/query/horse/00096.png,horse,0.8547805547714233,0.8354724645614624,0.019308090209960938,1,/home/emily/MMIP/week5/quiz1/data/gallery/horse/00269.png
Baseline,/home/emily/MMIP/week5/quiz1/data/query/horse/00097.png,horse,0.8661823272705078,0.8603208065032959,0.005861520767211914,1,/home/emily/MMIP/week5/quiz1/data/gallery/horse/00003.png
Baseline,/home/emily/MMIP/week5/quiz1/data/query/horse/00098.png,horse,0.8925247192382812,0.8667521476745605,0.025772571563720703,1,/home/emily/MMIP/week5/quiz1/data/gallery/horse/00634.png
Baseline,/home/emily/MMIP/week5/quiz1/data/query/horse/00099.png,horse,0.8586453199386597,0.8294434547424316,0.029201865196228027,1,/home/emily/MMIP/week5/quiz1/data/gallery/horse/00515.png
Baseline,/home/emily/MMIP/week5/quiz1/data/query/ship/00000.png,ship,0.8623911738395691,0.8617066144943237,0.0006845593452453613,1,/home/emily/MMIP/week5/quiz1/data/gallery/ship/00507.png
Baseline,/home/emily/MMIP/week5/quiz1/data/query/ship/00001.png,ship,0.8807282447814941,0.870707094669342,0.0100211501121521,1,/home/emily/MMIP/week5/quiz1/data/gallery/ship/00919.png
Baseline,/home/emily/MMIP/week5/quiz1/data/query/ship/00002.png,ship,0.8501588702201843,0.850495457649231,-0.00033658742904663086,2,/home/emily/MMIP/week5/quiz1/data/gallery/ship/00325.png
Baseline,/home/emily/MMIP/week5/quiz1/data/query/ship/00003.png,ship,0.889169454574585,0.8563321828842163,0.03283727169036865,1,/home/emily/MMIP/week5/quiz1/data/gallery/ship/00723.png
Baseline,/home/emily/MMIP/week5/quiz1/data/query/ship/00004.png,ship,0.8878750801086426,0.8582471609115601,0.02962791919708252,1,/home/emily/MMIP/week5/quiz1/data/gallery/ship/00554.png
Baseline,/home/emily/MMIP/week5/quiz1/data/query/ship/00005.png,ship,0.8856581449508667,0.8441863059997559,0.04147183895111084,1,/home/emily/MMIP/week5/quiz1/data/gallery/ship/00862.png
Baseline,/home/emily/MMIP/week5/quiz1/data/query/ship/00006.png,ship,0.8417360782623291,0.8127962350845337,0.02893984317779541,1,/home/emily/MMIP/week5/quiz1/data/gallery/ship/00602.png
Baseline,/home/emily/MMIP/week5/quiz1/data/query/ship/00007.png,ship,0.8893870115280151,0.8269358277320862,0.062451183795928955,1,/home/emily/MMIP/week5/quiz1/data/gallery/ship/00023.png
Baseline,/home/emily/MMIP/week5/quiz1/data/query/ship/00008.png,ship,0.8432644605636597,0.8154631853103638,0.0278012752532959,1,/home/emily/MMIP/week5/quiz1/data/gallery/ship/00344.png
Baseline,/home/emily/MMIP/week5/quiz1/data/query/ship/00009.png,ship,0.89802086353302,0.8565512895584106,0.041469573974609375,1,/home/emily/MMIP/week5/quiz1/data/gallery/ship/00903.png
Baseline,/home/emily/MMIP/week5/quiz1/data/query/ship/00010.png,ship,0.8879644274711609,0.8288769125938416,0.059087514877319336,1,/home/emily/MMIP/week5/quiz1/data/gallery/ship/00462.png
Baseline,/home/emily/MMIP/week5/quiz1/data/query/ship/00011.png,ship,0.8718797564506531,0.8673553466796875,0.004524409770965576,1,/home/emily/MMIP/week5/quiz1/data/gallery/ship/00670.png
Baseline,/home/emily/MMIP/week5/quiz1/data/query/ship/00012.png,ship,0.8827117681503296,0.8448343873023987,0.03787738084793091,1,/home/emily/MMIP/week5/quiz1/data/gallery/ship/00573.png
Baseline,/home/emily/MMIP/week5/quiz1/data/query/ship/00013.png,ship,0.8607140779495239,0.8574063777923584,0.0033077001571655273,1,/home/emily/MMIP/week5/quiz1/data/gallery/ship/00169.png
Baseline,/home/emily/MMIP/week5/quiz1/data/query/ship/00014.png,ship,0.8688787221908569,0.8385753631591797,0.030303359031677246,1,/home/emily/MMIP/week5/quiz1/data/gallery/ship/00125.png
Baseline,/home/emily/MMIP/week5/quiz1/data/query/ship/00015.png,ship,0.8807411193847656,0.8584533929824829,0.022287726402282715,1,/home/emily/MMIP/week5/quiz1/data/gallery/ship/00378.png
Baseline,/home/emily/MMIP/week5/quiz1/data/query/ship/00016.png,ship,0.8755735158920288,0.8177657127380371,0.0578078031539917,1,/home/emily/MMIP/week5/quiz1/data/gallery/ship/00747.png
Baseline,/home/emily/MMIP/week5/quiz1/data/query/ship/00017.png,ship,0.9080953598022461,0.8564450740814209,0.051650285720825195,1,/home/emily/MMIP/week5/quiz1/data/gallery/ship/00962.png
Baseline,/home/emily/MMIP/week5/quiz1/data/query/ship/00018.png,ship,0.8523379564285278,0.8210203647613525,0.03131759166717529,1,/home/emily/MMIP/week5/quiz1/data/gallery/ship/00938.png
Baseline,/home/emily/MMIP/week5/quiz1/data/query/ship/00019.png,ship,0.8659997582435608,0.8629040718078613,0.003095686435699463,1,/home/emily/MMIP/week5/quiz1/data/gallery/ship/00724.png
Baseline,/home/emily/MMIP/week5/quiz1/data/query/ship/00020.png,ship,0.8417331576347351,0.8562780618667603,-0.014544904232025146,8,/home/emily/MMIP/week5/quiz1/data/gallery/ship/00418.png
Baseline,/home/emily/MMIP/week5/quiz1/data/query/ship/00021.png,ship,0.8849257826805115,0.8497002124786377,0.03522557020187378,1,/home/emily/MMIP/week5/quiz1/data/gallery/ship/00945.png
Baseline,/home/emily/MMIP/week5/quiz1/data/query/ship/00022.png,ship,0.8626705408096313,0.822786271572113,0.03988426923751831,1,/home/emily/MMIP/week5/quiz1/data/gallery/ship/00518.png
Baseline,/home/emily/MMIP/week5/quiz1/data/query/ship/00023.png,ship,0.864446759223938,0.80872642993927,0.05572032928466797,1,/home/emily/MMIP/week5/quiz1/data/gallery/ship/00858.png
Baseline,/home/emily/MMIP/week5/quiz1/data/query/ship/00024.png,ship,0.862440824508667,0.8612693548202515,0.0011714696884155273,1,/home/emily/MMIP/week5/quiz1/data/gallery/ship/00479.png
Baseline,/home/emily/MMIP/week5/quiz1/data/query/ship/00025.png,ship,0.8758927583694458,0.8536198139190674,0.022272944450378418,1,/home/emily/MMIP/week5/quiz1/data/gallery/ship/00545.png
Baseline,/home/emily/MMIP/week5/quiz1/data/query/ship/00026.png,ship,0.8409832715988159,0.8008869290351868,0.04009634256362915,1,/home/emily/MMIP/week5/quiz1/data/gallery/ship/00277.png
Baseline,/home/emily/MMIP/week5/quiz1/data/query/ship/00027.png,ship,0.8543270826339722,0.8071196675300598,0.047207415103912354,1,/home/emily/MMIP/week5/quiz1/data/gallery/ship/00781.png
Baseline,/home/emily/MMIP/week5/quiz1/data/query/ship/00028.png,ship,0.9134029746055603,0.8561681509017944,0.05723482370376587,1,/home/emily/MMIP/week5/quiz1/data/gallery/ship/00334.png
Baseline,/home/emily/MMIP/week5/quiz1/data/query/ship/00029.png,ship,0.8077528476715088,0.8111909627914429,-0.003438115119934082,2,/home/emily/MMIP/week5/quiz1/data/gallery/ship/00205.png
Baseline,/home/emily/MMIP/week5/quiz1/data/query/ship/00030.png,ship,0.8101338744163513,0.7896345853805542,0.02049928903579712,1,/home/emily/MMIP/week5/quiz1/data/gallery/ship/00671.png
Baseline,/home/emily/MMIP/week5/quiz1/data/query/ship/00031.png,ship,0.8677988052368164,0.8521670699119568,0.01563173532485962,1,/home/emily/MMIP/week5/quiz1/data/gallery/ship/00659.png
Baseline,/home/emily/MMIP/week5/quiz1/data/query/ship/00032.png,ship,0.8734704256057739,0.8673410415649414,0.0061293840408325195,1,/home/emily/MMIP/week5/quiz1/data/gallery/ship/00903.png
Baseline,/home/emily/MMIP/week5/quiz1/data/query/ship/00033.png,ship,0.8625582456588745,0.8521159887313843,0.010442256927490234,1,/home/emily/MMIP/week5/quiz1/data/gallery/ship/00638.png
Baseline,/home/emily/MMIP/week5/quiz1/data/query/ship/00034.png,ship,0.8590801954269409,0.8376543521881104,0.021425843238830566,1,/home/emily/MMIP/week5/quiz1/data/gallery/ship/00154.png
Baseline,/home/emily/MMIP/week5/quiz1/data/query/ship/00035.png,ship,0.8371371030807495,0.8314297199249268,0.005707383155822754,1,/home/emily/MMIP/week5/quiz1/data/gallery/ship/00272.png
Baseline,/home/emily/MMIP/week5/quiz1/data/query/ship/00036.png,ship,0.893488347530365,0.8542829751968384,0.03920537233352661,1,/home/emily/MMIP/week5/quiz1/data/gallery/ship/00903.png
Baseline,/home/emily/MMIP/week5/quiz1/data/query/ship/00037.png,ship,0.87883460521698,0.8820787668228149,-0.003244161605834961,3,/home/emily/MMIP/week5/quiz1/data/gallery/ship/00729.png
Baseline,/home/emily/MMIP/week5/quiz1/data/query/ship/00038.png,ship,0.865187406539917,0.8509194850921631,0.014267921447753906,1,/home/emily/MMIP/week5/quiz1/data/gallery/ship/00098.png
Baseline,/home/emily/MMIP/week5/quiz1/data/query/ship/00039.png,ship,0.8677352666854858,0.8758955597877502,-0.008160293102264404,3,/home/emily/MMIP/week5/quiz1/data/gallery/ship/00132.png
Baseline,/home/emily/MMIP/week5/quiz1/data/query/ship/00040.png,ship,0.8876959085464478,0.8566069602966309,0.031088948249816895,1,/home/emily/MMIP/week5/quiz1/data/gallery/ship/00285.png
Baseline,/home/emily/MMIP/week5/quiz1/data/query/ship/00041.png,ship,0.8439348936080933,0.8133654594421387,0.03056943416595459,1,/home/emily/MMIP/week5/quiz1/data/gallery/ship/00459.png
Baseline,/home/emily/MMIP/week5/quiz1/data/query/ship/00042.png,ship,0.8460590243339539,0.7970786094665527,0.04898041486740112,1,/home/emily/MMIP/week5/quiz1/data/gallery/ship/00731.png
Baseline,/home/emily/MMIP/week5/quiz1/data/query/ship/00043.png,ship,0.84941166639328,0.8170489072799683,0.03236275911331177,1,/home/emily/MMIP/week5/quiz1/data/gallery/ship/00302.png
Baseline,/home/emily/MMIP/week5/quiz1/data/query/ship/00044.png,ship,0.869606614112854,0.8611036539077759,0.008502960205078125,1,/home/emily/MMIP/week5/quiz1/data/gallery/ship/00103.png
Baseline,/home/emily/MMIP/week5/quiz1/data/query/ship/00045.png,ship,0.8257982134819031,0.8329470157623291,-0.007148802280426025,3,/home/emily/MMIP/week5/quiz1/data/gallery/ship/00103.png
Baseline,/home/emily/MMIP/week5/quiz1/data/query/ship/00046.png,ship,0.8368044495582581,0.8090749382972717,0.027729511260986328,1,/home/emily/MMIP/week5/quiz1/data/gallery/ship/00279.png
Baseline,/home/emily/MMIP/week5/quiz1/data/query/ship/00047.png,ship,0.8644720315933228,0.8590494394302368,0.0054225921630859375,1,/home/emily/MMIP/week5/quiz1/data/gallery/ship/00659.png
Baseline,/home/emily/MMIP/week5/quiz1/data/query/ship/00048.png,ship,0.8904142379760742,0.8541721701622009,0.03624206781387329,1,/home/emily/MMIP/week5/quiz1/data/gallery/ship/00853.png
Baseline,/home/emily/MMIP/week5/quiz1/data/query/ship/00049.png,ship,0.9101763367652893,0.86549973487854,0.04467660188674927,1,/home/emily/MMIP/week5/quiz1/data/gallery/ship/00221.png
Baseline,/home/emily/MMIP/week5/quiz1/data/query/ship/00050.png,ship,0.825214147567749,0.8217113018035889,0.0035028457641601562,1,/home/emily/MMIP/week5/quiz1/data/gallery/ship/00403.png
Baseline,/home/emily/MMIP/week5/quiz1/data/query/ship/00051.png,ship,0.903483510017395,0.8581309914588928,0.0453525185585022,1,/home/emily/MMIP/week5/quiz1/data/gallery/ship/00511.png
Baseline,/home/emily/MMIP/week5/quiz1/data/query/ship/00052.png,ship,0.8426182866096497,0.7994029521942139,0.04321533441543579,1,/home/emily/MMIP/week5/quiz1/data/gallery/ship/00227.png
Baseline,/home/emily/MMIP/week5/quiz1/data/query/ship/00053.png,ship,0.8597232103347778,0.8750115633010864,-0.015288352966308594,6,/home/emily/MMIP/week5/quiz1/data/gallery/ship/00590.png
Baseline,/home/emily/MMIP/week5/quiz1/data/query/ship/00054.png,ship,0.905358076095581,0.8382461667060852,0.06711190938949585,1,/home/emily/MMIP/week5/quiz1/data/gallery/ship/00859.png
Baseline,/home/emily/MMIP/week5/quiz1/data/query/ship/00055.png,ship,0.8650851845741272,0.838722825050354,0.026362359523773193,1,/home/emily/MMIP/week5/quiz1/data/gallery/ship/00306.png
Baseline,/home/emily/MMIP/week5/quiz1/data/query/ship/00056.png,ship,0.9021032452583313,0.8559014797210693,0.04620176553726196,1,/home/emily/MMIP/week5/quiz1/data/gallery/ship/00586.png
Baseline,/home/emily/MMIP/week5/quiz1/data/query/ship/00057.png,ship,0.8639559745788574,0.8166362047195435,0.047319769859313965,1,/home/emily/MMIP/week5/quiz1/data/gallery/ship/00459.png
Baseline,/home/emily/MMIP/week5/quiz1/data/query/ship/00058.png,ship,0.8766162395477295,0.8677905797958374,0.00882565975189209,1,/home/emily/MMIP/week5/quiz1/data/gallery/ship/00937.png
Baseline,/home/emily/MMIP/week5/quiz1/data/query/ship/00059.png,ship,0.8964848518371582,0.8674440383911133,0.029040813446044922,1,/home/emily/MMIP/week5/quiz1/data/gallery/ship/00465.png
Baseline,/home/emily/MMIP/week5/quiz1/data/query/ship/00060.png,ship,0.8710192441940308,0.8324880599975586,0.03853118419647217,1,/home/emily/MMIP/week5/quiz1/data/gallery/ship/00971.png
Baseline,/home/emily/MMIP/week5/quiz1/data/query/ship/00061.png,ship,0.8675529956817627,0.8126814365386963,0.054871559143066406,1,/home/emily/MMIP/week5/quiz1/data/gallery/ship/00083.png
Baseline,/home/emily/MMIP/week5/quiz1/data/query/ship/00062.png,ship,0.8943992257118225,0.8743587732315063,0.020040452480316162,1,/home/emily/MMIP/week5/quiz1/data/gallery/ship/00848.png
Baseline,/home/emily/MMIP/week5/quiz1/data/query/ship/00063.png,ship,0.8678900003433228,0.8804237842559814,-0.012533783912658691,2,/home/emily/MMIP/week5/quiz1/data/gallery/ship/00128.png
Baseline,/home/emily/MMIP/week5/quiz1/data/query/ship/00064.png,ship,0.8636432886123657,0.8395830392837524,0.02406024932861328,1,/home/emily/MMIP/week5/quiz1/data/gallery/ship/00051.png
Baseline,/home/emily/MMIP/week5/quiz1/data/query/ship/00065.png,ship,0.8895975351333618,0.8400687575340271,0.04952877759933472,1,/home/emily/MMIP/week5/quiz1/data/gallery/ship/00868.png
Baseline,/home/emily/MMIP/week5/quiz1/data/query/ship/00066.png,ship,0.8395137786865234,0.8762197494506836,-0.036705970764160156,13,/home/emily/MMIP/week5/quiz1/data/gallery/ship/00053.png
Baseline,/home/emily/MMIP/week5/quiz1/data/query/ship/00067.png,ship,0.8485320210456848,0.8244874477386475,0.024044573307037354,1,/home/emily/MMIP/week5/quiz1/data/gallery/ship/00315.png
Baseline,/home/emily/MMIP/week5/quiz1/data/query/ship/00068.png,ship,0.8756240606307983,0.8334391117095947,0.04218494892120361,1,/home/emily/MMIP/week5/quiz1/data/gallery/ship/00744.png
Baseline,/home/emily/MMIP/week5/quiz1/data/query/ship/00069.png,ship,0.8559494614601135,0.8693947792053223,-0.01344531774520874,3,/home/emily/MMIP/week5/quiz1/data/gallery/ship/00682.png
Baseline,/home/emily/MMIP/week5/quiz1/data/query/ship/00070.png,ship,0.8347604870796204,0.8330150842666626,0.0017454028129577637,1,/home/emily/MMIP/week5/quiz1/data/gallery/ship/00823.png
Baseline,/home/emily/MMIP/week5/quiz1/data/query/ship/00071.png,ship,0.8781234622001648,0.8243492245674133,0.053774237632751465,1,/home/emily/MMIP/week5/quiz1/data/gallery/ship/00885.png
Baseline,/home/emily/MMIP/week5/quiz1/data/query/ship/00072.png,ship,0.8701290488243103,0.8464833498001099,0.02364569902420044,1,/home/emily/MMIP/week5/quiz1/data/gallery/ship/00724.png
Baseline,/home/emily/MMIP/week5/quiz1/data/query/ship/00073.png,ship,0.8387677669525146,0.8473256826400757,-0.008557915687561035,3,/home/emily/MMIP/week5/quiz1/data/gallery/ship/00598.png
Baseline,/home/emily/MMIP/week5/quiz1/data/query/ship/00074.png,ship,0.8689382672309875,0.8509609699249268,0.01797729730606079,1,/home/emily/MMIP/week5/quiz1/data/gallery/ship/00670.png
Baseline,/home/emily/MMIP/week5/quiz1/data/query/ship/00075.png,ship,0.8679516315460205,0.8044103384017944,0.06354129314422607,1,/home/emily/MMIP/week5/quiz1/data/gallery/ship/00119.png
Baseline,/home/emily/MMIP/week5/quiz1/data/query/ship/00076.png,ship,0.8447088599205017,0.8126862645149231,0.03202259540557861,1,/home/emily/MMIP/week5/quiz1/data/gallery/ship/00806.png
Baseline,/home/emily/MMIP/week5/quiz1/data/query/ship/00077.png,ship,0.8778337240219116,0.8501795530319214,0.027654170989990234,1,/home/emily/MMIP/week5/quiz1/data/gallery/ship/00110.png
Baseline,/home/emily/MMIP/week5/quiz1/data/query/ship/00078.png,ship,0.8578819036483765,0.8583934307098389,-0.0005115270614624023,4,/home/emily/MMIP/week5/quiz1/data/gallery/ship/00014.png
Baseline,/home/emily/MMIP/week5/quiz1/data/query/ship/00079.png,ship,0.8709065318107605,0.8452417850494385,0.02566474676132202,1,/home/emily/MMIP/week5/quiz1/data/gallery/ship/00532.png
Baseline,/home/emily/MMIP/week5/quiz1/data/query/ship/00080.png,ship,0.883053183555603,0.8593361377716064,0.023717045783996582,1,/home/emily/MMIP/week5/quiz1/data/gallery/ship/00825.png
Baseline,/home/emily/MMIP/week5/quiz1/data/query/ship/00081.png,ship,0.9230955839157104,0.8544008731842041,0.06869471073150635,1,/home/emily/MMIP/week5/quiz1/data/gallery/ship/00192.png
Baseline,/home/emily/MMIP/week5/quiz1/data/query/ship/00082.png,ship,0.9025493264198303,0.8352375626564026,0.06731176376342773,1,/home/emily/MMIP/week5/quiz1/data/gallery/ship/00269.png
Baseline,/home/emily/MMIP/week5/quiz1/data/query/ship/00083.png,ship,0.8519086837768555,0.8420331478118896,0.00987553596496582,1,/home/emily/MMIP/week5/quiz1/data/gallery/ship/00042.png
Baseline,/home/emily/MMIP/week5/quiz1/data/query/ship/00084.png,ship,0.8990925550460815,0.8524977564811707,0.04659479856491089,1,/home/emily/MMIP/week5/quiz1/data/gallery/ship/00918.png
Baseline,/home/emily/MMIP/week5/quiz1/data/query/ship/00085.png,ship,0.881401777267456,0.8328402638435364,0.04856151342391968,1,/home/emily/MMIP/week5/quiz1/data/gallery/ship/00510.png
Baseline,/home/emily/MMIP/week5/quiz1/data/query/ship/00086.png,ship,0.8495554327964783,0.8549379110336304,-0.0053824782371521,2,/home/emily/MMIP/week5/quiz1/data/gallery/ship/00753.png
Baseline,/home/emily/MMIP/week5/quiz1/data/query/ship/00087.png,ship,0.8726738095283508,0.8522619009017944,0.020411908626556396,1,/home/emily/MMIP/week5/quiz1/data/gallery/ship/00933.png
Baseline,/home/emily/MMIP/week5/quiz1/data/query/ship/00088.png,ship,0.883327841758728,0.8580198287963867,0.02530801296234131,1,/home/emily/MMIP/week5/quiz1/data/gallery/ship/00272.png
Baseline,/home/emily/MMIP/week5/quiz1/data/query/ship/00089.png,ship,0.8214213848114014,0.806923508644104,0.014497876167297363,1,/home/emily/MMIP/week5/quiz1/data/gallery/ship/00253.png
Baseline,/home/emily/MMIP/week5/quiz1/data/query/ship/00090.png,ship,0.8745797872543335,0.8656238317489624,0.008955955505371094,1,/home/emily/MMIP/week5/quiz1/data/gallery/ship/00178.png
Baseline,/home/emily/MMIP/week5/quiz1/data/query/ship/00091.png,ship,0.8948970437049866,0.8647031188011169,0.03019392490386963,1,/home/emily/MMIP/week5/quiz1/data/gallery/ship/00079.png
Baseline,/home/emily/MMIP/week5/quiz1/data/query/ship/00092.png,ship,0.8597546219825745,0.8292547464370728,0.03049987554550171,1,/home/emily/MMIP/week5/quiz1/data/gallery/ship/00687.png
Baseline,/home/emily/MMIP/week5/quiz1/data/query/ship/00093.png,ship,0.8779770135879517,0.8098598122596741,0.06811720132827759,1,/home/emily/MMIP/week5/quiz1/data/gallery/ship/00806.png
Baseline,/home/emily/MMIP/week5/quiz1/data/query/ship/00094.png,ship,0.8750373125076294,0.8476938009262085,0.0273435115814209,1,/home/emily/MMIP/week5/quiz1/data/gallery/ship/00518.png
Baseline,/home/emily/MMIP/week5/quiz1/data/query/ship/00095.png,ship,0.8525111675262451,0.8299721479415894,0.02253901958465576,1,/home/emily/MMIP/week5/quiz1/data/gallery/ship/00219.png
Baseline,/home/emily/MMIP/week5/quiz1/data/query/ship/00096.png,ship,0.899871289730072,0.8622133731842041,0.03765791654586792,1,/home/emily/MMIP/week5/quiz1/data/gallery/ship/00707.png
Baseline,/home/emily/MMIP/week5/quiz1/data/query/ship/00097.png,ship,0.8405852913856506,0.8018263578414917,0.038758933544158936,1,/home/emily/MMIP/week5/quiz1/data/gallery/ship/00731.png
Baseline,/home/emily/MMIP/week5/quiz1/data/query/ship/00098.png,ship,0.8259683847427368,0.8081399202346802,0.01782846450805664,1,/home/emily/MMIP/week5/quiz1/data/gallery/ship/00157.png
Baseline,/home/emily/MMIP/week5/quiz1/data/query/ship/00099.png,ship,0.8733540773391724,0.8264166116714478,0.04693746566772461,1,/home/emily/MMIP/week5/quiz1/data/gallery/ship/00225.png
Baseline,/home/emily/MMIP/week5/quiz1/data/query/truck/00000.png,truck,0.9250173568725586,0.8792794942855835,0.0457378625869751,1,/home/emily/MMIP/week5/quiz1/data/gallery/truck/00417.png
Baseline,/home/emily/MMIP/week5/quiz1/data/query/truck/00001.png,truck,0.9062842130661011,0.8723925352096558,0.03389167785644531,1,/home/emily/MMIP/week5/quiz1/data/gallery/truck/00660.png
Baseline,/home/emily/MMIP/week5/quiz1/data/query/truck/00002.png,truck,0.9246294498443604,0.8970702886581421,0.02755916118621826,1,/home/emily/MMIP/week5/quiz1/data/gallery/truck/00444.png
Baseline,/home/emily/MMIP/week5/quiz1/data/query/truck/00003.png,truck,0.926114559173584,0.8665968775749207,0.05951768159866333,1,/home/emily/MMIP/week5/quiz1/data/gallery/truck/00263.png
Baseline,/home/emily/MMIP/week5/quiz1/data/query/truck/00004.png,truck,0.9150635004043579,0.9035935401916504,0.01146996021270752,1,/home/emily/MMIP/week5/quiz1/data/gallery/truck/00844.png
Baseline,/home/emily/MMIP/week5/quiz1/data/query/truck/00005.png,truck,0.8907058238983154,0.8634487390518188,0.027257084846496582,1,/home/emily/MMIP/week5/quiz1/data/gallery/truck/00444.png
Baseline,/home/emily/MMIP/week5/quiz1/data/query/truck/00006.png,truck,0.9153730869293213,0.8879581689834595,0.027414917945861816,1,/home/emily/MMIP/week5/quiz1/data/gallery/truck/00595.png
Baseline,/home/emily/MMIP/week5/quiz1/data/query/truck/00007.png,truck,0.887169361114502,0.86924147605896,0.017927885055541992,1,/home/emily/MMIP/week5/quiz1/data/gallery/truck/00251.png
Baseline,/home/emily/MMIP/week5/quiz1/data/query/truck/00008.png,truck,0.8757535815238953,0.8881075978279114,-0.012354016304016113,2,/home/emily/MMIP/week5/quiz1/data/gallery/truck/00779.png
Baseline,/home/emily/MMIP/week5/quiz1/data/query/truck/00009.png,truck,0.8769198656082153,0.8700735569000244,0.006846308708190918,1,/home/emily/MMIP/week5/quiz1/data/gallery/truck/00435.png
Baseline,/home/emily/MMIP/week5/quiz1/data/query/truck/00010.png,truck,0.9262921810150146,0.889012336730957,0.03727984428405762,1,/home/emily/MMIP/week5/quiz1/data/gallery/truck/00119.png
Baseline,/home/emily/MMIP/week5/quiz1/data/query/truck/00011.png,truck,0.9375408887863159,0.8930787444114685,0.04446214437484741,1,/home/emily/MMIP/week5/quiz1/data/gallery/truck/00238.png
Baseline,/home/emily/MMIP/week5/quiz1/data/query/truck/00012.png,truck,0.9583423733711243,0.8737121820449829,0.08463019132614136,1,/home/emily/MMIP/week5/quiz1/data/gallery/truck/00427.png
Baseline,/home/emily/MMIP/week5/quiz1/data/query/truck/00013.png,truck,0.8781437873840332,0.8814980387687683,-0.0033542513847351074,2,/home/emily/MMIP/week5/quiz1/data/gallery/truck/00481.png
Baseline,/home/emily/MMIP/week5/quiz1/data/query/truck/00014.png,truck,0.8848600387573242,0.8757964372634888,0.00906360149383545,1,/home/emily/MMIP/week5/quiz1/data/gallery/truck/00235.png
Baseline,/home/emily/MMIP/week5/quiz1/data/query/truck/00015.png,truck,0.9034677743911743,0.8669465780258179,0.036521196365356445,1,/home/emily/MMIP/week5/quiz1/data/gallery/truck/00879.png
Baseline,/home/emily/MMIP/week5/quiz1/data/query/truck/00016.png,truck,0.8820974826812744,0.8729779720306396,0.009119510650634766,1,/home/emily/MMIP/week5/quiz1/data/gallery/truck/00394.png
Baseline,/home/emily/MMIP/week5/quiz1/data/query/truck/00017.png,truck,0.8632432818412781,0.846575140953064,0.01666814088821411,1,/home/emily/MMIP/week5/quiz1/data/gallery/truck/00459.png
Baseline,/home/emily/MMIP/week5/quiz1/data/query/truck/00018.png,truck,0.879348635673523,0.867453932762146,0.011894702911376953,1,/home/emily/MMIP/week5/quiz1/data/gallery/truck/00956.png
Baseline,/home/emily/MMIP/week5/quiz1/data/query/truck/00019.png,truck,0.907450795173645,0.8754635453224182,0.03198724985122681,1,/home/emily/MMIP/week5/quiz1/data/gallery/truck/00365.png
Baseline,/home/emily/MMIP/week5/quiz1/data/query/truck/00020.png,truck,0.9137084484100342,0.8834711313247681,0.030237317085266113,1,/home/emily/MMIP/week5/quiz1/data/gallery/truck/00533.png
Baseline,/home/emily/MMIP/week5/quiz1/data/query/truck/00021.png,truck,0.8874340057373047,0.8599200248718262,0.027513980865478516,1,/home/emily/MMIP/week5/quiz1/data/gallery/truck/00690.png
Baseline,/home/emily/MMIP/week5/quiz1/data/query/truck/00022.png,truck,0.8667817115783691,0.84584641456604,0.0209352970123291,1,/home/emily/MMIP/week5/quiz1/data/gallery/truck/00427.png
Baseline,/home/emily/MMIP/week5/quiz1/data/query/truck/00023.png,truck,0.9053620100021362,0.8811246156692505,0.024237394332885742,1,/home/emily/MMIP/week5/quiz1/data/gallery/truck/00345.png
Baseline,/home/emily/MMIP/week5/quiz1/data/query/truck/00024.png,truck,0.9082769155502319,0.8626878261566162,0.04558908939361572,1,/home/emily/MMIP/week5/quiz1/data/gallery/truck/00334.png
Baseline,/home/emily/MMIP/week5/quiz1/data/query/truck/00025.png,truck,0.8964041471481323,0.8627169132232666,0.03368723392486572,1,/home/emily/MMIP/week5/quiz1/data/gallery/truck/00163.png
Baseline,/home/emily/MMIP/week5/quiz1/data/query/truck/00026.png,truck,0.900696873664856,0.8718152046203613,0.02888166904449463,1,/home/emily/MMIP/week5/quiz1/data/gallery/truck/00287.png
Baseline,/home/emily/MMIP/week5/quiz1/data/query/truck/00027.png,truck,0.8534060716629028,0.8474221229553223,0.005983948707580566,1,/home/emily/MMIP/week5/quiz1/data/gallery/truck/00943.png
Baseline,/home/emily/MMIP/week5/quiz1/data/query/truck/00028.png,truck,0.8990428447723389,0.8787276744842529,0.020315170288085938,1,/home/emily/MMIP/week5/quiz1/data/gallery/truck/00814.png
Baseline,/home/emily/MMIP/week5/quiz1/data/query/truck/00029.png,truck,0.8717597126960754,0.8743616342544556,-0.002601921558380127,3,/home/emily/MMIP/week5/quiz1/data/gallery/truck/00706.png
Baseline,/home/emily/MMIP/week5/quiz1/data/query/truck/00030.png,truck,0.9036197662353516,0.8880127668380737,0.015606999397277832,1,/home/emily/MMIP/week5/quiz1/data/gallery/truck/00296.png
Baseline,/home/emily/MMIP/week5/quiz1/data/query/truck/00031.png,truck,0.8854173421859741,0.8572340607643127,0.028183281421661377,1,/home/emily/MMIP/week5/quiz1/data/gallery/truck/00563.png
Baseline,/home/emily/MMIP/week5/quiz1/data/query/truck/00032.png,truck,0.9205048084259033,0.869502604007721,0.05100220441818237,1,/home/emily/MMIP/week5/quiz1/data/gallery/truck/00269.png
Baseline,/home/emily/MMIP/week5/quiz1/data/query/truck/00033.png,truck,0.8926353454589844,0.8757510185241699,0.016884326934814453,1,/home/emily/MMIP/week5/quiz1/data/gallery/truck/00533.png
Baseline,/home/emily/MMIP/week5/quiz1/data/query/truck/00034.png,truck,0.9041829705238342,0.8836041688919067,0.02057880163192749,1,/home/emily/MMIP/week5/quiz1/data/gallery/truck/00448.png
Baseline,/home/emily/MMIP/week5/quiz1/data/query/truck/00035.png,truck,0.9011167287826538,0.8916597366333008,0.009456992149353027,1,/home/emily/MMIP/week5/quiz1/data/gallery/truck/00712.png
Baseline,/home/emily/MMIP/week5/quiz1/data/query/truck/00036.png,truck,0.8973150849342346,0.8919965028762817,0.005318582057952881,1,/home/emily/MMIP/week5/quiz1/data/gallery/truck/00814.png
Baseline,/home/emily/MMIP/week5/quiz1/data/query/truck/00037.png,truck,0.8830441236495972,0.8560392260551453,0.027004897594451904,1,/home/emily/MMIP/week5/quiz1/data/gallery/truck/00962.png
Baseline,/home/emily/MMIP/week5/quiz1/data/query/truck/00038.png,truck,0.8961222171783447,0.8877995014190674,0.008322715759277344,1,/home/emily/MMIP/week5/quiz1/data/gallery/truck/00105.png
Baseline,/home/emily/MMIP/week5/quiz1/data/query/truck/00039.png,truck,0.8676190972328186,0.8676326274871826,-1.3530254364013672e-05,2,/home/emily/MMIP/week5/quiz1/data/gallery/truck/00754.png
Baseline,/home/emily/MMIP/week5/quiz1/data/query/truck/00040.png,truck,0.9087631702423096,0.9024925231933594,0.006270647048950195,1,/home/emily/MMIP/week5/quiz1/data/gallery/truck/00451.png
Baseline,/home/emily/MMIP/week5/quiz1/data/query/truck/00041.png,truck,0.8958816528320312,0.8848472833633423,0.011034369468688965,1,/home/emily/MMIP/week5/quiz1/data/gallery/truck/00299.png
Baseline,/home/emily/MMIP/week5/quiz1/data/query/truck/00042.png,truck,0.921178936958313,0.8784368634223938,0.04274207353591919,1,/home/emily/MMIP/week5/quiz1/data/gallery/truck/00807.png
Baseline,/home/emily/MMIP/week5/quiz1/data/query/truck/00043.png,truck,0.8653609156608582,0.8646960854530334,0.000664830207824707,1,/home/emily/MMIP/week5/quiz1/data/gallery/truck/00348.png
Baseline,/home/emily/MMIP/week5/quiz1/data/query/truck/00044.png,truck,0.8797870874404907,0.8740202188491821,0.005766868591308594,1,/home/emily/MMIP/week5/quiz1/data/gallery/truck/00349.png
Baseline,/home/emily/MMIP/week5/quiz1/data/query/truck/00045.png,truck,0.9082801938056946,0.8554857969284058,0.05279439687728882,1,/home/emily/MMIP/week5/quiz1/data/gallery/truck/00027.png
Baseline,/home/emily/MMIP/week5/quiz1/data/query/truck/00046.png,truck,0.8870906829833984,0.8211461901664734,0.06594449281692505,1,/home/emily/MMIP/week5/quiz1/data/gallery/truck/00598.png
Baseline,/home/emily/MMIP/week5/quiz1/data/query/truck/00047.png,truck,0.9415099024772644,0.9126091599464417,0.028900742530822754,1,/home/emily/MMIP/week5/quiz1/data/gallery/truck/00470.png
Baseline,/home/emily/MMIP/week5/quiz1/data/query/truck/00048.png,truck,0.9065804481506348,0.8735766410827637,0.033003807067871094,1,/home/emily/MMIP/week5/quiz1/data/gallery/truck/00943.png
Baseline,/home/emily/MMIP/week5/quiz1/data/query/truck/00049.png,truck,0.9129229784011841,0.8906843662261963,0.022238612174987793,1,/home/emily/MMIP/week5/quiz1/data/gallery/truck/00236.png
Baseline,/home/emily/MMIP/week5/quiz1/data/query/truck/00050.png,truck,0.8756385445594788,0.8649448156356812,0.010693728923797607,1,/home/emily/MMIP/week5/quiz1/data/gallery/truck/00456.png
Baseline,/home/emily/MMIP/week5/quiz1/data/query/truck/00051.png,truck,0.9064799547195435,0.9004083871841431,0.006071567535400391,1,/home/emily/MMIP/week5/quiz1/data/gallery/truck/00750.png
Baseline,/home/emily/MMIP/week5/quiz1/data/query/truck/00052.png,truck,0.8938333988189697,0.8837206363677979,0.010112762451171875,1,/home/emily/MMIP/week5/quiz1/data/gallery/truck/00064.png
Baseline,/home/emily/MMIP/week5/quiz1/data/query/truck/00053.png,truck,0.8881305456161499,0.8745474815368652,0.013583064079284668,1,/home/emily/MMIP/week5/quiz1/data/gallery/truck/00063.png
Baseline,/home/emily/MMIP/week5/quiz1/data/query/truck/00054.png,truck,0.9291316866874695,0.9125384092330933,0.01659327745437622,1,/home/emily/MMIP/week5/quiz1/data/gallery/truck/00255.png
Baseline,/home/emily/MMIP/week5/quiz1/data/query/truck/00055.png,truck,0.9272279143333435,0.8818345665931702,0.04539334774017334,1,/home/emily/MMIP/week5/quiz1/data/gallery/truck/00669.png
Baseline,/home/emily/MMIP/week5/quiz1/data/query/truck/00056.png,truck,0.903566837310791,0.9011704921722412,0.0023963451385498047,1,/home/emily/MMIP/week5/quiz1/data/gallery/truck/00470.png
Baseline,/home/emily/MMIP/week5/quiz1/data/query/truck/00057.png,truck,0.8779063820838928,0.8679090738296509,0.009997308254241943,1,/home/emily/MMIP/week5/quiz1/data/gallery/truck/00405.png
Baseline,/home/emily/MMIP/week5/quiz1/data/query/truck/00058.png,truck,0.8384538292884827,0.843788743019104,-0.005334913730621338,2,/home/emily/MMIP/week5/quiz1/data/gallery/truck/00513.png
Baseline,/home/emily/MMIP/week5/quiz1/data/query/truck/00059.png,truck,0.9012207984924316,0.8678935170173645,0.03332728147506714,1,/home/emily/MMIP/week5/quiz1/data/gallery/truck/00179.png
Baseline,/home/emily/MMIP/week5/quiz1/data/query/truck/00060.png,truck,0.9110846519470215,0.8772523403167725,0.03383231163024902,1,/home/emily/MMIP/week5/quiz1/data/gallery/truck/00470.png
Baseline,/home/emily/MMIP/week5/quiz1/data/query/truck/00061.png,truck,0.8976093530654907,0.8605067729949951,0.037102580070495605,1,/home/emily/MMIP/week5/quiz1/data/gallery/truck/00524.png
Baseline,/home/emily/MMIP/week5/quiz1/data/query/truck/00062.png,truck,0.8534337878227234,0.8388541340827942,0.0145796537399292,1,/home/emily/MMIP/week5/quiz1/data/gallery/truck/00156.png
Baseline,/home/emily/MMIP/week5/quiz1/data/query/truck/00063.png,truck,0.9096361398696899,0.8475449085235596,0.06209123134613037,1,/home/emily/MMIP/week5/quiz1/data/gallery/truck/00955.png
Baseline,/home/emily/MMIP/week5/quiz1/data/query/truck/00064.png,truck,0.919622540473938,0.872604489326477,0.04701805114746094,1,/home/emily/MMIP/week5/quiz1/data/gallery/truck/00802.png
Baseline,/home/emily/MMIP/week5/quiz1/data/query/truck/00065.png,truck,0.9220072031021118,0.88152015209198,0.040487051010131836,1,/home/emily/MMIP/week5/quiz1/data/gallery/truck/00103.png
Baseline,/home/emily/MMIP/week5/quiz1/data/query/truck/00066.png,truck,0.8471591472625732,0.857991635799408,-0.010832488536834717,2,/home/emily/MMIP/week5/quiz1/data/gallery/truck/00840.png
Baseline,/home/emily/MMIP/week5/quiz1/data/query/truck/00067.png,truck,0.8450465202331543,0.8253974914550781,0.019649028778076172,1,/home/emily/MMIP/week5/quiz1/data/gallery/truck/00979.png
Baseline,/home/emily/MMIP/week5/quiz1/data/query/truck/00068.png,truck,0.8673617839813232,0.8797340393066406,-0.012372255325317383,2,/home/emily/MMIP/week5/quiz1/data/gallery/truck/00294.png
Baseline,/home/emily/MMIP/week5/quiz1/data/query/truck/00069.png,truck,0.9087920784950256,0.8888315558433533,0.019960522651672363,1,/home/emily/MMIP/week5/quiz1/data/gallery/truck/00444.png
Baseline,/home/emily/MMIP/week5/quiz1/data/query/truck/00070.png,truck,0.9182255268096924,0.8737568259239197,0.044468700885772705,1,/home/emily/MMIP/week5/quiz1/data/gallery/truck/00879.png
Baseline,/home/emily/MMIP/week5/quiz1/data/query/truck/00071.png,truck,0.8970106840133667,0.8669012188911438,0.0301094651222229,1,/home/emily/MMIP/week5/quiz1/data/gallery/truck/00960.png
Baseline,/home/emily/MMIP/week5/quiz1/data/query/truck/00072.png,truck,0.8904459476470947,0.8633827567100525,0.027063190937042236,1,/home/emily/MMIP/week5/quiz1/data/gallery/truck/00041.png
Baseline,/home/emily/MMIP/week5/quiz1/data/query/truck/00073.png,truck,0.9189404249191284,0.8989105820655823,0.020029842853546143,1,/home/emily/MMIP/week5/quiz1/data/gallery/truck/00011.png
Baseline,/home/emily/MMIP/week5/quiz1/data/query/truck/00074.png,truck,0.9009059071540833,0.9124262928962708,-0.0115203857421875,2,/home/emily/MMIP/week5/quiz1/data/gallery/truck/00451.png
Baseline,/home/emily/MMIP/week5/quiz1/data/query/truck/00075.png,truck,0.8872332572937012,0.8841554522514343,0.0030778050422668457,1,/home/emily/MMIP/week5/quiz1/data/gallery/truck/00596.png
Baseline,/home/emily/MMIP/week5/quiz1/data/query/truck/00076.png,truck,0.8888508081436157,0.876796305179596,0.012054502964019775,1,/home/emily/MMIP/week5/quiz1/data/gallery/truck/00268.png
Baseline,/home/emily/MMIP/week5/quiz1/data/query/truck/00077.png,truck,0.9660633206367493,0.8415244817733765,0.1245388388633728,1,/home/emily/MMIP/week5/quiz1/data/gallery/truck/00229.png
Baseline,/home/emily/MMIP/week5/quiz1/data/query/truck/00078.png,truck,0.9044549465179443,0.8600305318832397,0.04442441463470459,1,/home/emily/MMIP/week5/quiz1/data/gallery/truck/00660.png
Baseline,/home/emily/MMIP/week5/quiz1/data/query/truck/00079.png,truck,0.9066875576972961,0.8830647468566895,0.02362281084060669,1,/home/emily/MMIP/week5/quiz1/data/gallery/truck/00132.png
Baseline,/home/emily/MMIP/week5/quiz1/data/query/truck/00080.png,truck,0.8772813081741333,0.8750467300415039,0.0022345781326293945,1,/home/emily/MMIP/week5/quiz1/data/gallery/truck/00261.png
Baseline,/home/emily/MMIP/week5/quiz1/data/query/truck/00081.png,truck,0.8815648555755615,0.8287317752838135,0.05283308029174805,1,/home/emily/MMIP/week5/quiz1/data/gallery/truck/00559.png
Baseline,/home/emily/MMIP/week5/quiz1/data/query/truck/00082.png,truck,0.8568241000175476,0.8217211365699768,0.0351029634475708,1,/home/emily/MMIP/week5/quiz1/data/gallery/truck/00190.png
Baseline,/home/emily/MMIP/week5/quiz1/data/query/truck/00083.png,truck,0.888573408126831,0.8617548942565918,0.026818513870239258,1,/home/emily/MMIP/week5/quiz1/data/gallery/truck/00223.png
Baseline,/home/emily/MMIP/week5/quiz1/data/query/truck/00084.png,truck,0.8862543106079102,0.8605995178222656,0.02565479278564453,1,/home/emily/MMIP/week5/quiz1/data/gallery/truck/00782.png
Baseline,/home/emily/MMIP/week5/quiz1/data/query/truck/00085.png,truck,0.8909262418746948,0.8730086088180542,0.017917633056640625,1,/home/emily/MMIP/week5/quiz1/data/gallery/truck/00827.png
Baseline,/home/emily/MMIP/week5/quiz1/data/query/truck/00086.png,truck,0.902179479598999,0.8936589360237122,0.008520543575286865,1,/home/emily/MMIP/week5/quiz1/data/gallery/truck/00956.png
Baseline,/home/emily/MMIP/week5/quiz1/data/query/truck/00087.png,truck,0.8170104026794434,0.8290866613388062,-0.012076258659362793,2,/home/emily/MMIP/week5/quiz1/data/gallery/truck/00597.png
Baseline,/home/emily/MMIP/week5/quiz1/data/query/truck/00088.png,truck,0.9109461307525635,0.8915947079658508,0.019351422786712646,1,/home/emily/MMIP/week5/quiz1/data/gallery/truck/00419.png
Baseline,/home/emily/MMIP/week5/quiz1/data/query/truck/00089.png,truck,0.8931368589401245,0.8817141652107239,0.011422693729400635,1,/home/emily/MMIP/week5/quiz1/data/gallery/truck/00208.png
Baseline,/home/emily/MMIP/week5/quiz1/data/query/truck/00090.png,truck,0.8757074475288391,0.8497422337532043,0.025965213775634766,1,/home/emily/MMIP/week5/quiz1/data/gallery/truck/00191.png
Baseline,/home/emily/MMIP/week5/quiz1/data/query/truck/00091.png,truck,0.9127618074417114,0.9005827307701111,0.012179076671600342,1,/home/emily/MMIP/week5/quiz1/data/gallery/truck/00084.png
Baseline,/home/emily/MMIP/week5/quiz1/data/query/truck/00092.png,truck,0.8974287509918213,0.8578445911407471,0.03958415985107422,1,/home/emily/MMIP/week5/quiz1/data/gallery/truck/00089.png
Baseline,/home/emily/MMIP/week5/quiz1/data/query/truck/00093.png,truck,0.861440122127533,0.8712359666824341,-0.009795844554901123,2,/home/emily/MMIP/week5/quiz1/data/gallery/truck/00867.png
Baseline,/home/emily/MMIP/week5/quiz1/data/query/truck/00094.png,truck,0.9177944660186768,0.9034906625747681,0.014303803443908691,1,/home/emily/MMIP/week5/quiz1/data/gallery/truck/00358.png
Baseline,/home/emily/MMIP/week5/quiz1/data/query/truck/00095.png,truck,0.8659175634384155,0.9008393287658691,-0.03492176532745361,48,/home/emily/MMIP/week5/quiz1/data/gallery/truck/00358.png
Baseline,/home/emily/MMIP/week5/quiz1/data/query/truck/00096.png,truck,0.8859817385673523,0.8881974220275879,-0.0022156834602355957,2,/home/emily/MMIP/week5/quiz1/data/gallery/truck/00448.png
Baseline,/home/emily/MMIP/week5/quiz1/data/query/truck/00097.png,truck,0.9003417491912842,0.8733741044998169,0.026967644691467285,1,/home/emily/MMIP/week5/quiz1/data/gallery/truck/00729.png
Baseline,/home/emily/MMIP/week5/quiz1/data/query/truck/00098.png,truck,0.9710135459899902,0.8118845224380493,0.15912902355194092,1,/home/emily/MMIP/week5/quiz1/data/gallery/truck/00854.png
Baseline,/home/emily/MMIP/week5/quiz1/data/query/truck/00099.png,truck,0.8680060505867004,0.8450706005096436,0.022935450077056885,1,/home/emily/MMIP/week5/quiz1/data/gallery/truck/00059.png
Triplet,/home/emily/MMIP/week5/quiz1/data/query/airplane/00000.png,airplane,0.8339986205101013,0.8028451204299927,0.031153500080108643,1,/home/emily/MMIP/week5/quiz1/data/gallery/airplane/00657.png
Triplet,/home/emily/MMIP/week5/quiz1/data/query/airplane/00001.png,airplane,0.8563868403434753,0.82942795753479,0.026958882808685303,1,/home/emily/MMIP/week5/quiz1/data/gallery/airplane/00358.png
Triplet,/home/emily/MMIP/week5/quiz1/data/query/airplane/00002.png,airplane,0.8951313495635986,0.8228020668029785,0.07232928276062012,1,/home/emily/MMIP/week5/quiz1/data/gallery/airplane/00997.png
Triplet,/home/emily/MMIP/week5/quiz1/data/query/airplane/00003.png,airplane,0.8274990320205688,0.8072783350944519,0.020220696926116943,1,/home/emily/MMIP/week5/quiz1/data/gallery/airplane/00442.png
Triplet,/home/emily/MMIP/week5/quiz1/data/query/airplane/00004.png,airplane,0.8575809001922607,0.7976401448249817,0.05994075536727905,1,/home/emily/MMIP/week5/quiz1/data/gallery/airplane/00837.png
Triplet,/home/emily/MMIP/week5/quiz1/data/query/airplane/00005.png,airplane,0.7947208881378174,0.802019476890564,-0.007298588752746582,5,/home/emily/MMIP/week5/quiz1/data/gallery/airplane/00405.png
Triplet,/home/emily/MMIP/week5/quiz1/data/query/airplane/00006.png,airplane,0.8052451610565186,0.8337640762329102,-0.0285189151763916,20,/home/emily/MMIP/week5/quiz1/data/gallery/airplane/00339.png
Triplet,/home/emily/MMIP/week5/quiz1/data/query/airplane/00007.png,airplane,0.8258576393127441,0.8260773420333862,-0.00021970272064208984,2,/home/emily/MMIP/week5/quiz1/data/gallery/airplane/00735.png
Triplet,/home/emily/MMIP/week5/quiz1/data/query/airplane/00008.png,airplane,0.815226674079895,0.7943806648254395,0.020846009254455566,1,/home/emily/MMIP/week5/quiz1/data/gallery/airplane/00598.png
Triplet,/home/emily/MMIP/week5/quiz1/data/query/airplane/00009.png,airplane,0.8833568692207336,0.8366060256958008,0.04675084352493286,1,/home/emily/MMIP/week5/quiz1/data/gallery/airplane/00921.png
Triplet,/home/emily/MMIP/week5/quiz1/data/query/airplane/00010.png,airplane,0.8262310028076172,0.7976647615432739,0.02856624126434326,1,/home/emily/MMIP/week5/quiz1/data/gallery/airplane/00310.png
Triplet,/home/emily/MMIP/week5/quiz1/data/query/airplane/00011.png,airplane,0.8410540223121643,0.8033729791641235,0.03768104314804077,1,/home/emily/MMIP/week5/quiz1/data/gallery/airplane/00655.png
Triplet,/home/emily/MMIP/week5/quiz1/data/query/airplane/00012.png,airplane,0.7987293004989624,0.8188138604164124,-0.02008455991744995,13,/home/emily/MMIP/week5/quiz1/data/gallery/airplane/00266.png
Triplet,/home/emily/MMIP/week5/quiz1/data/query/airplane/00013.png,airplane,0.8185309171676636,0.8143184185028076,0.004212498664855957,1,/home/emily/MMIP/week5/quiz1/data/gallery/airplane/00893.png
Triplet,/home/emily/MMIP/week5/quiz1/data/query/airplane/00014.png,airplane,0.8732253313064575,0.8117079734802246,0.06151735782623291,1,/home/emily/MMIP/week5/quiz1/data/gallery/airplane/00833.png
Triplet,/home/emily/MMIP/week5/quiz1/data/query/airplane/00015.png,airplane,0.8363537192344666,0.8294815421104431,0.0068721771240234375,1,/home/emily/MMIP/week5/quiz1/data/gallery/airplane/00219.png
Triplet,/home/emily/MMIP/week5/quiz1/data/query/airplane/00016.png,airplane,0.8522739410400391,0.8052154779434204,0.04705846309661865,1,/home/emily/MMIP/week5/quiz1/data/gallery/airplane/00269.png
Triplet,/home/emily/MMIP/week5/quiz1/data/query/airplane/00017.png,airplane,0.887779712677002,0.8224289417266846,0.06535077095031738,1,/home/emily/MMIP/week5/quiz1/data/gallery/airplane/00597.png
Triplet,/home/emily/MMIP/week5/quiz1/data/query/airplane/00018.png,airplane,0.8424456715583801,0.8455721139907837,-0.0031264424324035645,2,/home/emily/MMIP/week5/quiz1/data/gallery/airplane/00460.png
Triplet,/home/emily/MMIP/week5/quiz1/data/query/airplane/00019.png,airplane,0.8126376867294312,0.8067232370376587,0.005914449691772461,1,/home/emily/MMIP/week5/quiz1/data/gallery/airplane/00748.png
Triplet,/home/emily/MMIP/week5/quiz1/data/query/airplane/00020.png,airplane,0.8655837774276733,0.8168884515762329,0.04869532585144043,1,/home/emily/MMIP/week5/quiz1/data/gallery/airplane/00134.png
Triplet,/home/emily/MMIP/week5/quiz1/data/query/airplane/00021.png,airplane,0.8509789705276489,0.8075698018074036,0.04340916872024536,1,/home/emily/MMIP/week5/quiz1/data/gallery/airplane/00761.png
Triplet,/home/emily/MMIP/week5/quiz1/data/query/airplane/00022.png,airplane,0.9250293970108032,0.861160159111023,0.06386923789978027,1,/home/emily/MMIP/week5/quiz1/data/gallery/airplane/00667.png
Triplet,/home/emily/MMIP/week5/quiz1/data/query/airplane/00023.png,airplane,0.8210470676422119,0.8496938347816467,-0.028646767139434814,55,/home/emily/MMIP/week5/quiz1/data/gallery/airplane/00286.png
Triplet,/home/emily/MMIP/week5/quiz1/data/query/airplane/00024.png,airplane,0.8965508937835693,0.8456131219863892,0.050937771797180176,1,/home/emily/MMIP/week5/quiz1/data/gallery/airplane/00431.png
Triplet,/home/emily/MMIP/week5/quiz1/data/query/airplane/00025.png,airplane,0.8018034100532532,0.8294461965560913,-0.027642786502838135,11,/home/emily/MMIP/week5/quiz1/data/gallery/airplane/00593.png
Triplet,/home/emily/MMIP/week5/quiz1/data/query/airplane/00026.png,airplane,0.8836420774459839,0.847569465637207,0.036072611808776855,1,/home/emily/MMIP/week5/quiz1/data/gallery/airplane/00834.png
Triplet,/home/emily/MMIP/week5/quiz1/data/query/airplane/00027.png,airplane,0.823252260684967,0.8053568601608276,0.017895400524139404,1,/home/emily/MMIP/week5/quiz1/data/gallery/airplane/00821.png
Triplet,/home/emily/MMIP/week5/quiz1/data/query/airplane/00028.png,airplane,0.8706972599029541,0.8781038522720337,-0.00740659236907959,10,/home/emily/MMIP/week5/quiz1/data/gallery/airplane/00724.png
Triplet,/home/emily/MMIP/week5/quiz1/data/query/airplane/00029.png,airplane,0.8276327252388,0.8231832981109619,0.004449427127838135,1,/home/emily/MMIP/week5/quiz1/data/gallery/airplane/00968.png
Triplet,/home/emily/MMIP/week5/quiz1/data/query/airplane/00030.png,airplane,0.790777325630188,0.8024663925170898,-0.011689066886901855,8,/home/emily/MMIP/week5/quiz1/data/gallery/airplane/00445.png
Triplet,/home/emily/MMIP/week5/quiz1/data/query/airplane/00031.png,airplane,0.8201950788497925,0.7968754768371582,0.023319602012634277,1,/home/emily/MMIP/week5/quiz1/data/gallery/airplane/00505.png
Triplet,/home/emily/MMIP/week5/quiz1/data/query/airplane/00032.png,airplane,0.819151759147644,0.8242343664169312,-0.005082607269287109,2,/home/emily/MMIP/week5/quiz1/data/gallery/airplane/00906.png
Triplet,/home/emily/MMIP/week5/quiz1/data/query/airplane/00033.png,airplane,0.8490689992904663,0.8270949125289917,0.02197408676147461,1,/home/emily/MMIP/week5/quiz1/data/gallery/airplane/00778.png
Triplet,/home/emily/MMIP/week5/quiz1/data/query/airplane/00034.png,airplane,0.8582644462585449,0.8045487403869629,0.05371570587158203,1,/home/emily/MMIP/week5/quiz1/data/gallery/airplane/00965.png
Triplet,/home/emily/MMIP/week5/quiz1/data/query/airplane/00035.png,airplane,0.8606873750686646,0.818200945854187,0.04248642921447754,1,/home/emily/MMIP/week5/quiz1/data/gallery/airplane/00725.png
Triplet,/home/emily/MMIP/week5/quiz1/data/query/airplane/00036.png,airplane,0.8351304531097412,0.8245475888252258,0.01058286428451538,1,/home/emily/MMIP/week5/quiz1/data/gallery/airplane/00884.png
Triplet,/home/emily/MMIP/week5/quiz1/data/query/airplane/00037.png,airplane,0.8111176490783691,0.7829841375350952,0.028133511543273926,1,/home/emily/MMIP/week5/quiz1/data/gallery/airplane/00918.png
Triplet,/home/emily/MMIP/week5/quiz1/data/query/airplane/00038.png,airplane,0.8184539675712585,0.7873236536979675,0.031130313873291016,1,/home/emily/MMIP/week5/quiz1/data/gallery/airplane/00163.png
Triplet,/home/emily/MMIP/week5/quiz1/data/query/airplane/00039.png,airplane,0.8365796208381653,0.851122260093689,-0.014542639255523682,9,/home/emily/MMIP/week5/quiz1/data/gallery/airplane/00673.png
Triplet,/home/emily/MMIP/week5/quiz1/data/query/airplane/00040.png,airplane,0.9009954929351807,0.8343244791030884,0.06667101383209229,1,/home/emily/MMIP/week5/quiz1/data/gallery/airplane/00109.png
Triplet,/home/emily/MMIP/week5/quiz1/data/query/airplane/00041.png,airplane,0.7849255800247192,0.8001680374145508,-0.015242457389831543,14,/home/emily/MMIP/week5/quiz1/data/gallery/airplane/00447.png
Triplet,/home/emily/MMIP/week5/quiz1/data/query/airplane/00042.png,airplane,0.8078968524932861,0.7960883975028992,0.011808454990386963,1,/home/emily/MMIP/week5/quiz1/data/gallery/airplane/00572.png
Triplet,/home/emily/MMIP/week5/quiz1/data/query/airplane/00043.png,airplane,0.8978270888328552,0.8879841566085815,0.009842932224273682,1,/home/emily/MMIP/week5/quiz1/data/gallery/airplane/00834.png
Triplet,/home/emily/MMIP/week5/quiz1/data/query/airplane/00044.png,airplane,0.8327906131744385,0.8158172369003296,0.016973376274108887,1,/home/emily/MMIP/week5/quiz1/data/gallery/airplane/00673.png
Triplet,/home/emily/MMIP/week5/quiz1/data/query/airplane/00045.png,airplane,0.900168776512146,0.8135412931442261,0.08662748336791992,1,/home/emily/MMIP/week5/quiz1/data/gallery/airplane/00667.png
Triplet,/home/emily/MMIP/week5/quiz1/data/query/airplane/00046.png,airplane,0.8642604351043701,0.8288331031799316,0.03542733192443848,1,/home/emily/MMIP/week5/quiz1/data/gallery/airplane/00144.png
Triplet,/home/emily/MMIP/week5/quiz1/data/query/airplane/00047.png,airplane,0.8355522751808167,0.8377374410629272,-0.0021851658821105957,2,/home/emily/MMIP/week5/quiz1/data/gallery/airplane/00414.png
Triplet,/home/emily/MMIP/week5/quiz1/data/query/airplane/00048.png,airplane,0.8225969076156616,0.8183838725090027,0.0042130351066589355,1,/home/emily/MMIP/week5/quiz1/data/gallery/airplane/00342.png
Triplet,/home/emily/MMIP/week5/quiz1/data/query/airplane/00049.png,airplane,0.778548002243042,0.7931907176971436,-0.014642715454101562,13,/home/emily/MMIP/week5/quiz1/data/gallery/airplane/00112.png
Triplet,/home/emily/MMIP/week5/quiz1/data/query/airplane/00050.png,airplane,0.9184508323669434,0.8406659364700317,0.07778489589691162,1,/home/emily/MMIP/week5/quiz1/data/gallery/airplane/00249.png
Triplet,/home/emily/MMIP/week5/quiz1/data/query/airplane/00051.png,airplane,0.8479994535446167,0.7995600700378418,0.0484393835067749,1,/home/emily/MMIP/week5/quiz1/data/gallery/airplane/00202.png
Triplet,/home/emily/MMIP/week5/quiz1/data/query/airplane/00052.png,airplane,0.8711549043655396,0.8211549520492554,0.04999995231628418,1,/home/emily/MMIP/week5/quiz1/data/gallery/airplane/00475.png
Triplet,/home/emily/MMIP/week5/quiz1/data/query/airplane/00053.png,airplane,0.8618646860122681,0.8329843282699585,0.02888035774230957,1,/home/emily/MMIP/week5/quiz1/data/gallery/airplane/00054.png
Triplet,/home/emily/MMIP/week5/quiz1/data/query/airplane/00054.png,airplane,0.8011400699615479,0.8127223253250122,-0.011582255363464355,2,/home/emily/MMIP/week5/quiz1/data/gallery/airplane/00806.png
Triplet,/home/emily/MMIP/week5/quiz1/data/query/airplane/00055.png,airplane,0.8358101844787598,0.7947162389755249,0.04109394550323486,1,/home/emily/MMIP/week5/quiz1/data/gallery/airplane/00813.png
Triplet,/home/emily/MMIP/week5/quiz1/data/query/airplane/00056.png,airplane,0.8996262550354004,0.852344274520874,0.04728198051452637,1,/home/emily/MMIP/week5/quiz1/data/gallery/airplane/00468.png
Triplet,/home/emily/MMIP/week5/quiz1/data/query/airplane/00057.png,airplane,0.8308711051940918,0.8417809009552002,-0.010909795761108398,8,/home/emily/MMIP/week5/quiz1/data/gallery/airplane/00955.png
Triplet,/home/emily/MMIP/week5/quiz1/data/query/airplane/00058.png,airplane,0.915960431098938,0.8440984487533569,0.07186198234558105,1,/home/emily/MMIP/week5/quiz1/data/gallery/airplane/00185.png
Triplet,/home/emily/MMIP/week5/quiz1/data/query/airplane/00059.png,airplane,0.7986938953399658,0.8089866042137146,-0.01029270887374878,2,/home/emily/MMIP/week5/quiz1/data/gallery/airplane/00293.png
Triplet,/home/emily/MMIP/week5/quiz1/data/query/airplane/00060.png,airplane,0.876275897026062,0.8302743434906006,0.046001553535461426,1,/home/emily/MMIP/week5/quiz1/data/gallery/airplane/00248.png
Triplet,/home/emily/MMIP/week5/quiz1/data/query/airplane/00061.png,airplane,0.8067102432250977,0.8058216571807861,0.0008885860443115234,1,/home/emily/MMIP/week5/quiz1/data/gallery/airplane/00880.png
Triplet,/home/emily/MMIP/week5/quiz1/data/query/airplane/00062.png,airplane,0.8685412406921387,0.8192355036735535,0.049305737018585205,1,/home/emily/MMIP/week5/quiz1/data/gallery/airplane/00970.png
Triplet,/home/emily/MMIP/week5/quiz1/data/query/airplane/00063.png,airplane,0.8553421497344971,0.8150657415390015,0.040276408195495605,1,/home/emily/MMIP/week5/quiz1/data/gallery/airplane/00667.png
Triplet,/home/emily/MMIP/week5/quiz1/data/query/airplane/00064.png,airplane,0.7870379686355591,0.8130087852478027,-0.025970816612243652,62,/home/emily/MMIP/week5/quiz1/data/gallery/airplane/00724.png
Triplet,/home/emily/MMIP/week5/quiz1/data/query/airplane/00065.png,airplane,0.8444072008132935,0.8214649558067322,0.02294224500656128,1,/home/emily/MMIP/week5/quiz1/data/gallery/airplane/00191.png
Triplet,/home/emily/MMIP/week5/quiz1/data/query/airplane/00066.png,airplane,0.8691586256027222,0.8195595145225525,0.04959911108016968,1,/home/emily/MMIP/week5/quiz1/data/gallery/airplane/00526.png
Triplet,/home/emily/MMIP/week5/quiz1/data/query/airplane/00067.png,airplane,0.887137770652771,0.796314001083374,0.09082376956939697,1,/home/emily/MMIP/week5/quiz1/data/gallery/airplane/00956.png
Triplet,/home/emily/MMIP/week5/quiz1/data/query/airplane/00068.png,airplane,0.8110061883926392,0.8267822265625,-0.01577603816986084,2,/home/emily/MMIP/week5/quiz1/data/gallery/airplane/00364.png
Triplet,/home/emily/MMIP/week5/quiz1/data/query/airplane/00069.png,airplane,0.870820164680481,0.8091137409210205,0.06170642375946045,1,/home/emily/MMIP/week5/quiz1/data/gallery/airplane/00735.png
Triplet,/home/emily/MMIP/week5/quiz1/data/query/airplane/00070.png,airplane,0.8217352628707886,0.8081896305084229,0.013545632362365723,1,/home/emily/MMIP/week5/quiz1/data/gallery/airplane/00240.png
Triplet,/home/emily/MMIP/week5/quiz1/data/query/airplane/00071.png,airplane,0.8270425200462341,0.8017410039901733,0.02530151605606079,1,/home/emily/MMIP/week5/quiz1/data/gallery/airplane/00786.png
Triplet,/home/emily/MMIP/week5/quiz1/data/query/airplane/00072.png,airplane,0.8519091606140137,0.7998642921447754,0.05204486846923828,1,/home/emily/MMIP/week5/quiz1/data/gallery/airplane/00194.png
Triplet,/home/emily/MMIP/week5/quiz1/data/query/airplane/00073.png,airplane,0.873272716999054,0.8300046920776367,0.043268024921417236,1,/home/emily/MMIP/week5/quiz1/data/gallery/airplane/00017.png
Triplet,/home/emily/MMIP/week5/quiz1/data/query/airplane/00074.png,airplane,0.8751975297927856,0.8485875129699707,0.02661001682281494,1,/home/emily/MMIP/week5/quiz1/data/gallery/airplane/00947.png
Triplet,/home/emily/MMIP/week5/quiz1/data/query/airplane/00075.png,airplane,0.8458521366119385,0.8621602058410645,-0.016308069229125977,18,/home/emily/MMIP/week5/quiz1/data/gallery/airplane/00855.png
Triplet,/home/emily/MMIP/week5/quiz1/data/query/airplane/00076.png,airplane,0.8477765917778015,0.8224606513977051,0.025315940380096436,1,/home/emily/MMIP/week5/quiz1/data/gallery/airplane/00070.png
Triplet,/home/emily/MMIP/week5/quiz1/data/query/airplane/00077.png,airplane,0.8531222343444824,0.8174748420715332,0.03564739227294922,1,/home/emily/MMIP/week5/quiz1/data/gallery/airplane/00968.png
Triplet,/home/emily/MMIP/week5/quiz1/data/query/airplane/00078.png,airplane,0.8259611129760742,0.8166995048522949,0.009261608123779297,1,/home/emily/MMIP/week5/quiz1/data/gallery/airplane/00973.png
Triplet,/home/emily/MMIP/week5/quiz1/data/query/airplane/00079.png,airplane,0.8511515855789185,0.8163777589797974,0.034773826599121094,1,/home/emily/MMIP/week5/quiz1/data/gallery/airplane/00730.png
Triplet,/home/emily/MMIP/week5/quiz1/data/query/airplane/00080.png,airplane,0.836133599281311,0.8212668895721436,0.01486670970916748,1,/home/emily/MMIP/week5/quiz1/data/gallery/airplane/00891.png
Triplet,/home/emily/MMIP/week5/quiz1/data/query/airplane/00081.png,airplane,0.8299838304519653,0.8069418668746948,0.023041963577270508,1,/home/emily/MMIP/week5/quiz1/data/gallery/airplane/00778.png
Triplet,/home/emily/MMIP/week5/quiz1/data/query/airplane/00082.png,airplane,0.8165597319602966,0.84136563539505,-0.024805903434753418,54,/home/emily/MMIP/week5/quiz1/data/gallery/airplane/00673.png
Triplet,/home/emily/MMIP/week5/quiz1/data/query/airplane/00083.png,airplane,0.8460062146186829,0.7864717841148376,0.059534430503845215,1,/home/emily/MMIP/week5/quiz1/data/gallery/airplane/00135.png
Triplet,/home/emily/MMIP/week5/quiz1/data/query/airplane/00084.png,airplane,0.8753805160522461,0.8150820136070251,0.06029850244522095,1,/home/emily/MMIP/week5/quiz1/data/gallery/airplane/00337.png
Triplet,/home/emily/MMIP/week5/quiz1/data/query/airplane/00085.png,airplane,0.8694566488265991,0.8326826691627502,0.03677397966384888,1,/home/emily/MMIP/week5/quiz1/data/gallery/airplane/00054.png
Triplet,/home/emily/MMIP/week5/quiz1/data/query/airplane/00086.png,airplane,0.8917064070701599,0.8483437299728394,0.04336267709732056,1,/home/emily/MMIP/week5/quiz1/data/gallery/airplane/00057.png
Triplet,/home/emily/MMIP/week5/quiz1/data/query/airplane/00087.png,airplane,0.9116212725639343,0.8467441201210022,0.06487715244293213,1,/home/emily/MMIP/week5/quiz1/data/gallery/airplane/00248.png
Triplet,/home/emily/MMIP/week5/quiz1/data/query/airplane/00088.png,airplane,0.8162736892700195,0.8251755237579346,-0.008901834487915039,6,/home/emily/MMIP/week5/quiz1/data/gallery/airplane/00906.png
Triplet,/home/emily/MMIP/week5/quiz1/data/query/airplane/00089.png,airplane,0.825488805770874,0.8165806531906128,0.00890815258026123,1,/home/emily/MMIP/week5/quiz1/data/gallery/airplane/00054.png
Triplet,/home/emily/MMIP/week5/quiz1/data/query/airplane/00090.png,airplane,0.8133480548858643,0.8176313638687134,-0.004283308982849121,4,/home/emily/MMIP/week5/quiz1/data/gallery/airplane/00063.png
Triplet,/home/emily/MMIP/week5/quiz1/data/query/airplane/00091.png,airplane,0.7916489839553833,0.8303571939468384,-0.03870820999145508,9,/home/emily/MMIP/week5/quiz1/data/gallery/airplane/00841.png
Triplet,/home/emily/MMIP/week5/quiz1/data/query/airplane/00092.png,airplane,0.8133566379547119,0.8046826124191284,0.008674025535583496,1,/home/emily/MMIP/week5/quiz1/data/gallery/airplane/00676.png
Triplet,/home/emily/MMIP/week5/quiz1/data/query/airplane/00093.png,airplane,0.8774131536483765,0.8312047123908997,0.04620844125747681,1,/home/emily/MMIP/week5/quiz1/data/gallery/airplane/00209.png
Triplet,/home/emily/MMIP/week5/quiz1/data/query/airplane/00094.png,airplane,0.8370714783668518,0.8065426349639893,0.03052884340286255,1,/home/emily/MMIP/week5/quiz1/data/gallery/airplane/00135.png
Triplet,/home/emily/MMIP/week5/quiz1/data/query/airplane/00095.png,airplane,0.8675569891929626,0.8074007034301758,0.060156285762786865,1,/home/emily/MMIP/week5/quiz1/data/gallery/airplane/00868.png
Triplet,/home/emily/MMIP/week5/quiz1/data/query/airplane/00096.png,airplane,0.8356362581253052,0.813766598701477,0.021869659423828125,1,/home/emily/MMIP/week5/quiz1/data/gallery/airplane/00699.png
Triplet,/home/emily/MMIP/week5/quiz1/data/query/airplane/00097.png,airplane,0.8659173846244812,0.8048604726791382,0.06105691194534302,1,/home/emily/MMIP/week5/quiz1/data/gallery/airplane/00558.png
Triplet,/home/emily/MMIP/week5/quiz1/data/query/airplane/00098.png,airplane,0.8818016052246094,0.852294385433197,0.029507219791412354,1,/home/emily/MMIP/week5/quiz1/data/gallery/airplane/00057.png
Triplet,/home/emily/MMIP/week5/quiz1/data/query/airplane/00099.png,airplane,0.8220682144165039,0.8055272102355957,0.016541004180908203,1,/home/emily/MMIP/week5/quiz1/data/gallery/airplane/00266.png
Triplet,/home/emily/MMIP/week5/quiz1/data/query/automobile/00000.png,automobile,0.8446508646011353,0.8260676860809326,0.018583178520202637,1,/home/emily/MMIP/week5/quiz1/data/gallery/automobile/00588.png
Triplet,/home/emily/MMIP/week5/quiz1/data/query/automobile/00001.png,automobile,0.882333517074585,0.8533746004104614,0.028958916664123535,1,/home/emily/MMIP/week5/quiz1/data/gallery/automobile/00426.png
Triplet,/home/emily/MMIP/week5/quiz1/data/query/automobile/00002.png,automobile,0.8490762114524841,0.8745850324630737,-0.0255088210105896,14,/home/emily/MMIP/week5/quiz1/data/gallery/automobile/00634.png
Triplet,/home/emily/MMIP/week5/quiz1/data/query/automobile/00003.png,automobile,0.9040917158126831,0.8038115501403809,0.10028016567230225,1,/home/emily/MMIP/week5/quiz1/data/gallery/automobile/00566.png
Triplet,/home/emily/MMIP/week5/quiz1/data/query/automobile/00004.png,automobile,0.8701138496398926,0.8088771104812622,0.06123673915863037,1,/home/emily/MMIP/week5/quiz1/data/gallery/automobile/00424.png
Triplet,/home/emily/MMIP/week5/quiz1/data/query/automobile/00005.png,automobile,0.9757139682769775,0.7558626532554626,0.2198513150215149,1,/home/emily/MMIP/week5/quiz1/data/gallery/automobile/00151.png
Triplet,/home/emily/MMIP/week5/quiz1/data/query/automobile/00006.png,automobile,0.9608561396598816,0.7748279571533203,0.18602818250656128,1,/home/emily/MMIP/week5/quiz1/data/gallery/automobile/00993.png
Triplet,/home/emily/MMIP/week5/quiz1/data/query/automobile/00007.png,automobile,0.9566147327423096,0.7847483158111572,0.17186641693115234,1,/home/emily/MMIP/week5/quiz1/data/gallery/automobile/00039.png
Triplet,/home/emily/MMIP/week5/quiz1/data/query/automobile/00008.png,automobile,0.9339559078216553,0.7963681221008301,0.1375877857208252,1,/home/emily/MMIP/week5/quiz1/data/gallery/automobile/00038.png
Triplet,/home/emily/MMIP/week5/quiz1/data/query/automobile/00009.png,automobile,0.9538023471832275,0.7762657403945923,0.17753660678863525,1,/home/emily/MMIP/week5/quiz1/data/gallery/automobile/00985.png
Triplet,/home/emily/MMIP/week5/quiz1/data/query/automobile/00010.png,automobile,0.9288079142570496,0.8181127905845642,0.11069512367248535,1,/home/emily/MMIP/week5/quiz1/data/gallery/automobile/00797.png
Triplet,/home/emily/MMIP/week5/quiz1/data/query/automobile/00011.png,automobile,0.86448734998703,0.7947632074356079,0.06972414255142212,1,/home/emily/MMIP/week5/quiz1/data/gallery/automobile/00504.png
Triplet,/home/emily/MMIP/week5/quiz1/data/query/automobile/00012.png,automobile,0.9437981843948364,0.7861665487289429,0.15763163566589355,1,/home/emily/MMIP/week5/quiz1/data/gallery/automobile/00258.png
Triplet,/home/emily/MMIP/week5/quiz1/data/query/automobile/00013.png,automobile,0.9383392333984375,0.807456910610199,0.13088232278823853,1,/home/emily/MMIP/week5/quiz1/data/gallery/automobile/00889.png
Triplet,/home/emily/MMIP/week5/quiz1/data/query/automobile/00014.png,automobile,0.8507576584815979,0.827938437461853,0.022819221019744873,1,/home/emily/MMIP/week5/quiz1/data/gallery/automobile/00287.png
Triplet,/home/emily/MMIP/week5/quiz1/data/query/automobile/00015.png,automobile,0.9340951442718506,0.7923984527587891,0.14169669151306152,1,/home/emily/MMIP/week5/quiz1/data/gallery/automobile/00823.png
Triplet,/home/emily/MMIP/week5/quiz1/data/query/automobile/00016.png,automobile,0.9441778659820557,0.7915366291999817,0.15264123678207397,1,/home/emily/MMIP/week5/quiz1/data/gallery/automobile/00059.png
Triplet,/home/emily/MMIP/week5/quiz1/data/query/automobile/00017.png,automobile,0.971489429473877,0.7433962821960449,0.22809314727783203,1,/home/emily/MMIP/week5/quiz1/data/gallery/automobile/00993.png
Triplet,/home/emily/MMIP/week5/quiz1/data/query/automobile/00018.png,automobile,0.9219675064086914,0.8054524064064026,0.11651510000228882,1,/home/emily/MMIP/week5/quiz1/data/gallery/automobile/00585.png
Triplet,/home/emily/MMIP/week5/quiz1/data/query/automobile/00019.png,automobile,0.9226458072662354,0.803929328918457,0.11871647834777832,1,/home/emily/MMIP/week5/quiz1/data/gallery/automobile/00407.png
Triplet,/home/emily/MMIP/week5/quiz1/data/query/automobile/00020.png,automobile,0.8564552068710327,0.8276808261871338,0.028774380683898926,1,/home/emily/MMIP/week5/quiz1/data/gallery/automobile/00874.png
Triplet,/home/emily/MMIP/week5/quiz1/data/query/automobile/00021.png,automobile,0.8984503746032715,0.8485771417617798,0.0498732328414917,1,/home/emily/MMIP/week5/quiz1/data/gallery/automobile/00181.png
Triplet,/home/emily/MMIP/week5/quiz1/data/query/automobile/00022.png,automobile,0.9137160778045654,0.7942384481430054,0.11947762966156006,1,/home/emily/MMIP/week5/quiz1/data/gallery/automobile/00502.png
Triplet,/home/emily/MMIP/week5/quiz1/data/query/automobile/00023.png,automobile,0.9054760932922363,0.8043199777603149,0.10115611553192139,1,/home/emily/MMIP/week5/quiz1/data/gallery/automobile/00204.png
Triplet,/home/emily/MMIP/week5/quiz1/data/query/automobile/00024.png,automobile,0.8224574327468872,0.8524200916290283,-0.029962658882141113,9,/home/emily/MMIP/week5/quiz1/data/gallery/automobile/00287.png
Triplet,/home/emily/MMIP/week5/quiz1/data/query/automobile/00025.png,automobile,0.8698342442512512,0.8349100947380066,0.03492414951324463,1,/home/emily/MMIP/week5/quiz1/data/gallery/automobile/00181.png
Triplet,/home/emily/MMIP/week5/quiz1/data/query/automobile/00026.png,automobile,0.8068771958351135,0.8057737350463867,0.0011034607887268066,1,/home/emily/MMIP/week5/quiz1/data/gallery/automobile/00594.png
Triplet,/home/emily/MMIP/week5/quiz1/data/query/automobile/00027.png,automobile,0.9433824419975281,0.7886446118354797,0.15473783016204834,1,/home/emily/MMIP/week5/quiz1/data/gallery/automobile/00080.png
Triplet,/home/emily/MMIP/week5/quiz1/data/query/automobile/00028.png,automobile,0.9157891273498535,0.8049949407577515,0.11079418659210205,1,/home/emily/MMIP/week5/quiz1/data/gallery/automobile/00965.png
Triplet,/home/emily/MMIP/week5/quiz1/data/query/automobile/00029.png,automobile,0.9081322550773621,0.8051146268844604,0.10301762819290161,1,/home/emily/MMIP/week5/quiz1/data/gallery/automobile/00691.png
Triplet,/home/emily/MMIP/week5/quiz1/data/query/automobile/00030.png,automobile,0.8789052963256836,0.8119970560073853,0.06690824031829834,1,/home/emily/MMIP/week5/quiz1/data/gallery/automobile/00626.png
Triplet,/home/emily/MMIP/week5/quiz1/data/query/automobile/00031.png,automobile,0.8943663835525513,0.8039050102233887,0.0904613733291626,1,/home/emily/MMIP/week5/quiz1/data/gallery/automobile/00234.png
Triplet,/home/emily/MMIP/week5/quiz1/data/query/automobile/00032.png,automobile,0.930361270904541,0.7974112033843994,0.1329500675201416,1,/home/emily/MMIP/week5/quiz1/data/gallery/automobile/00241.png
Triplet,/home/emily/MMIP/week5/quiz1/data/query/automobile/00033.png,automobile,0.9447109699249268,0.802836537361145,0.14187443256378174,1,/home/emily/MMIP/week5/quiz1/data/gallery/automobile/00430.png
Triplet,/home/emily/MMIP/week5/quiz1/data/query/automobile/00034.png,automobile,0.8542826771736145,0.8139866590499878,0.04029601812362671,1,/home/emily/MMIP/week5/quiz1/data/gallery/automobile/00473.png
Triplet,/home/emily/MMIP/week5/quiz1/data/query/automobile/00035.png,automobile,0.92155921459198,0.8142392635345459,0.10731995105743408,1,/home/emily/MMIP/week5/quiz1/data/gallery/automobile/00433.png
Triplet,/home/emily/MMIP/week5/quiz1/data/query/automobile/00036.png,automobile,0.9295728206634521,0.808406412601471,0.1211664080619812,1,/home/emily/MMIP/week5/quiz1/data/gallery/automobile/00521.png
Triplet,/home/emily/MMIP/week5/quiz1/data/query/automobile/00037.png,automobile,0.9464033842086792,0.7514034509658813,0.19499993324279785,1,/home/emily/MMIP/week5/quiz1/data/gallery/automobile/00072.png
Triplet,/home/emily/MMIP/week5/quiz1/data/query/automobile/00038.png,automobile,0.9613242149353027,0.7446444034576416,0.21667981147766113,1,/home/emily/MMIP/week5/quiz1/data/gallery/automobile/00151.png
Triplet,/home/emily/MMIP/week5/quiz1/data/query/automobile/00039.png,automobile,0.9349734783172607,0.8255523443222046,0.10942113399505615,1,/home/emily/MMIP/week5/quiz1/data/gallery/automobile/00380.png
Triplet,/home/emily/MMIP/week5/quiz1/data/query/automobile/00040.png,automobile,0.9497214555740356,0.7521504759788513,0.19757097959518433,1,/home/emily/MMIP/week5/quiz1/data/gallery/automobile/00998.png
Triplet,/home/emily/MMIP/week5/quiz1/data/query/automobile/00041.png,automobile,0.939062237739563,0.7873141765594482,0.15174806118011475,1,/home/emily/MMIP/week5/quiz1/data/gallery/automobile/00914.png
Triplet,/home/emily/MMIP/week5/quiz1/data/query/automobile/00042.png,automobile,0.9353286027908325,0.7848791480064392,0.1504494547843933,1,/home/emily/MMIP/week5/quiz1/data/gallery/automobile/00903.png
Triplet,/home/emily/MMIP/week5/quiz1/data/query/automobile/00043.png,automobile,0.9595950841903687,0.7672492861747742,0.19234579801559448,1,/home/emily/MMIP/week5/quiz1/data/gallery/automobile/00068.png
Triplet,/home/emily/MMIP/week5/quiz1/data/query/automobile/00044.png,automobile,0.8858908414840698,0.8268200159072876,0.05907082557678223,1,/home/emily/MMIP/week5/quiz1/data/gallery/automobile/00325.png
Triplet,/home/emily/MMIP/week5/quiz1/data/query/automobile/00045.png,automobile,0.907260537147522,0.806975245475769,0.10028529167175293,1,/home/emily/MMIP/week5/quiz1/data/gallery/automobile/00098.png
Triplet,/home/emily/MMIP/week5/quiz1/data/query/automobile/00046.png,automobile,0.9756045341491699,0.7571612596511841,0.21844327449798584,1,/home/emily/MMIP/week5/quiz1/data/gallery/automobile/00227.png
Triplet,/home/emily/MMIP/week5/quiz1/data/query/automobile/00047.png,automobile,0.8918867707252502,0.8237231969833374,0.06816357374191284,1,/home/emily/MMIP/week5/quiz1/data/gallery/automobile/00603.png
Triplet,/home/emily/MMIP/week5/quiz1/data/query/automobile/00048.png,automobile,0.9385063648223877,0.7750201225280762,0.16348624229431152,1,/home/emily/MMIP/week5/quiz1/data/gallery/automobile/00092.png
Triplet,/home/emily/MMIP/week5/quiz1/data/query/automobile/00049.png,automobile,0.8570059537887573,0.8118534088134766,0.04515254497528076,1,/home/emily/MMIP/week5/quiz1/data/gallery/automobile/00370.png
Triplet,/home/emily/MMIP/week5/quiz1/data/query/automobile/00050.png,automobile,0.9144983887672424,0.8053922057151794,0.10910618305206299,1,/home/emily/MMIP/week5/quiz1/data/gallery/automobile/00343.png
Triplet,/home/emily/MMIP/week5/quiz1/data/query/automobile/00051.png,automobile,0.9450029134750366,0.801753044128418,0.14324986934661865,1,/home/emily/MMIP/week5/quiz1/data/gallery/automobile/00520.png
Triplet,/home/emily/MMIP/week5/quiz1/data/query/automobile/00052.png,automobile,0.9099453091621399,0.8266184329986572,0.08332687616348267,1,/home/emily/MMIP/week5/quiz1/data/gallery/automobile/00128.png
Triplet,/home/emily/MMIP/week5/quiz1/data/query/automobile/00053.png,automobile,0.9374746680259705,0.8020014762878418,0.13547319173812866,1,/home/emily/MMIP/week5/quiz1/data/gallery/automobile/00620.png
Triplet,/home/emily/MMIP/week5/quiz1/data/query/automobile/00054.png,automobile,0.9142683744430542,0.8053512573242188,0.10891711711883545,1,/home/emily/MMIP/week5/quiz1/data/gallery/automobile/00059.png
Triplet,/home/emily/MMIP/week5/quiz1/data/query/automobile/00055.png,automobile,0.850182294845581,0.8610067963600159,-0.010824501514434814,4,/home/emily/MMIP/week5/quiz1/data/gallery/automobile/00426.png
Triplet,/home/emily/MMIP/week5/quiz1/data/query/automobile/00056.png,automobile,0.9521267414093018,0.7783308029174805,0.1737959384918213,1,/home/emily/MMIP/week5/quiz1/data/gallery/automobile/00350.png
Triplet,/home/emily/MMIP/week5/quiz1/data/query/automobile/00057.png,automobile,0.9447070360183716,0.795011043548584,0.1496959924697876,1,/home/emily/MMIP/week5/quiz1/data/gallery/automobile/00036.png
Triplet,/home/emily/MMIP/week5/quiz1/data/query/automobile/00058.png,automobile,0.8439199924468994,0.8067660331726074,0.03715395927429199,1,/home/emily/MMIP/week5/quiz1/data/gallery/automobile/00477.png
Triplet,/home/emily/MMIP/week5/quiz1/data/query/automobile/00059.png,automobile,0.9175529479980469,0.7961264252662659,0.121426522731781,1,/home/emily/MMIP/week5/quiz1/data/gallery/automobile/00374.png
Triplet,/home/emily/MMIP/week5/quiz1/data/query/automobile/00060.png,automobile,0.8935832977294922,0.7852353453636169,0.10834795236587524,1,/home/emily/MMIP/week5/quiz1/data/gallery/automobile/00905.png
Triplet,/home/emily/MMIP/week5/quiz1/data/query/automobile/00061.png,automobile,0.9582099914550781,0.7622210383415222,0.1959889531135559,1,/home/emily/MMIP/week5/quiz1/data/gallery/automobile/00031.png
Triplet,/home/emily/MMIP/week5/quiz1/data/query/automobile/00062.png,automobile,0.9177201986312866,0.8245877623558044,0.09313243627548218,1,/home/emily/MMIP/week5/quiz1/data/gallery/automobile/00722.png
Triplet,/home/emily/MMIP/week5/quiz1/data/query/automobile/00063.png,automobile,0.8826689720153809,0.8192625045776367,0.06340646743774414,1,/home/emily/MMIP/week5/quiz1/data/gallery/automobile/00737.png
Triplet,/home/emily/MMIP/week5/quiz1/data/query/automobile/00064.png,automobile,0.9556547403335571,0.7568337321281433,0.19882100820541382,1,/home/emily/MMIP/week5/quiz1/data/gallery/automobile/00028.png
Triplet,/home/emily/MMIP/week5/quiz1/data/query/automobile/00065.png,automobile,0.8281546235084534,0.7933061122894287,0.03484851121902466,1,/home/emily/MMIP/week5/quiz1/data/gallery/automobile/00556.png
Triplet,/home/emily/MMIP/week5/quiz1/data/query/automobile/00066.png,automobile,0.946904182434082,0.7885919213294983,0.15831226110458374,1,/home/emily/MMIP/week5/quiz1/data/gallery/automobile/00962.png
Triplet,/home/emily/MMIP/week5/quiz1/data/query/automobile/00067.png,automobile,0.9347693920135498,0.7746663093566895,0.16010308265686035,1,/home/emily/MMIP/week5/quiz1/data/gallery/automobile/00080.png
Triplet,/home/emily/MMIP/week5/quiz1/data/query/automobile/00068.png,automobile,0.876089334487915,0.835566520690918,0.04052281379699707,1,/home/emily/MMIP/week5/quiz1/data/gallery/automobile/00361.png
Triplet,/home/emily/MMIP/week5/quiz1/data/query/automobile/00069.png,automobile,0.8562417030334473,0.8146582841873169,0.04158341884613037,1,/home/emily/MMIP/week5/quiz1/data/gallery/automobile/00390.png
Triplet,/home/emily/MMIP/week5/quiz1/data/query/automobile/00070.png,automobile,0.9401155710220337,0.8137414455413818,0.12637412548065186,1,/home/emily/MMIP/week5/quiz1/data/gallery/automobile/00209.png
Triplet,/home/emily/MMIP/week5/quiz1/data/query/automobile/00071.png,automobile,0.8923310041427612,0.8065979480743408,0.08573305606842041,1,/home/emily/MMIP/week5/quiz1/data/gallery/automobile/00214.png
Triplet,/home/emily/MMIP/week5/quiz1/data/query/automobile/00072.png,automobile,0.9700765609741211,0.741943895816803,0.22813266515731812,1,/home/emily/MMIP/week5/quiz1/data/gallery/automobile/00104.png
Triplet,/home/emily/MMIP/week5/quiz1/data/query/automobile/00073.png,automobile,0.8487336039543152,0.8146036863327026,0.03412991762161255,1,/home/emily/MMIP/week5/quiz1/data/gallery/automobile/00753.png
Triplet,/home/emily/MMIP/week5/quiz1/data/query/automobile/00074.png,automobile,0.9099078178405762,0.8130569458007812,0.09685087203979492,1,/home/emily/MMIP/week5/quiz1/data/gallery/automobile/00746.png
Triplet,/home/emily/MMIP/week5/quiz1/data/query/automobile/00075.png,automobile,0.8368761539459229,0.8722691535949707,-0.03539299964904785,351,/home/emily/MMIP/week5/quiz1/data/gallery/automobile/00728.png
Triplet,/home/emily/MMIP/week5/quiz1/data/query/automobile/00076.png,automobile,0.9009525775909424,0.8352546691894531,0.06569790840148926,1,/home/emily/MMIP/week5/quiz1/data/gallery/automobile/00393.png
Triplet,/home/emily/MMIP/week5/quiz1/data/query/automobile/00077.png,automobile,0.9554882049560547,0.7741689682006836,0.1813192367553711,1,/home/emily/MMIP/week5/quiz1/data/gallery/automobile/00654.png
Triplet,/home/emily/MMIP/week5/quiz1/data/query/automobile/00078.png,automobile,0.8865439891815186,0.820260763168335,0.0662832260131836,1,/home/emily/MMIP/week5/quiz1/data/gallery/automobile/00330.png
Triplet,/home/emily/MMIP/week5/quiz1/data/query/automobile/00079.png,automobile,0.8963708877563477,0.8156946897506714,0.08067619800567627,1,/home/emily/MMIP/week5/quiz1/data/gallery/automobile/00980.png
Triplet,/home/emily/MMIP/week5/quiz1/data/query/automobile/00080.png,automobile,0.7963297367095947,0.8055678606033325,-0.009238123893737793,10,/home/emily/MMIP/week5/quiz1/data/gallery/automobile/00753.png
Triplet,/home/emily/MMIP/week5/quiz1/data/query/automobile/00081.png,automobile,0.8881155848503113,0.8413450121879578,0.046770572662353516,1,/home/emily/MMIP/week5/quiz1/data/gallery/automobile/00268.png
Triplet,/home/emily/MMIP/week5/quiz1/data/query/automobile/00082.png,automobile,0.8823664784431458,0.8219329118728638,0.06043356657028198,1,/home/emily/MMIP/week5/quiz1/data/gallery/automobile/00968.png
Triplet,/home/emily/MMIP/week5/quiz1/data/query/automobile/00083.png,automobile,0.9555943608283997,0.7767082452774048,0.17888611555099487,1,/home/emily/MMIP/week5/quiz1/data/gallery/automobile/00233.png
Triplet,/home/emily/MMIP/week5/quiz1/data/query/automobile/00084.png,automobile,0.9066042304039001,0.8452247381210327,0.06137949228286743,1,/home/emily/MMIP/week5/quiz1/data/gallery/automobile/00780.png
Triplet,/home/emily/MMIP/week5/quiz1/data/query/automobile/00085.png,automobile,0.9146142601966858,0.8256412744522095,0.08897298574447632,1,/home/emily/MMIP/week5/quiz1/data/gallery/automobile/00861.png
Triplet,/home/emily/MMIP/week5/quiz1/data/query/automobile/00086.png,automobile,0.976073682308197,0.7301616668701172,0.24591201543807983,1,/home/emily/MMIP/week5/quiz1/data/gallery/automobile/00448.png
Triplet,/home/emily/MMIP/week5/quiz1/data/query/automobile/00087.png,automobile,0.9566996097564697,0.773748517036438,0.18295109272003174,1,/home/emily/MMIP/week5/quiz1/data/gallery/automobile/00272.png
Triplet,/home/emily/MMIP/week5/quiz1/data/query/automobile/00088.png,automobile,0.8434450626373291,0.8021992444992065,0.04124581813812256,1,/home/emily/MMIP/week5/quiz1/data/gallery/automobile/00722.png
Triplet,/home/emily/MMIP/week5/quiz1/data/query/automobile/00089.png,automobile,0.8863632678985596,0.7977373003959656,0.088625967502594,1,/home/emily/MMIP/week5/quiz1/data/gallery/automobile/00037.png
Triplet,/home/emily/MMIP/week5/quiz1/data/query/automobile/00090.png,automobile,0.8852057456970215,0.8226412534713745,0.06256449222564697,1,/home/emily/MMIP/week5/quiz1/data/gallery/automobile/00967.png
Triplet,/home/emily/MMIP/week5/quiz1/data/query/automobile/00091.png,automobile,0.973376989364624,0.7694072127342224,0.2039697766304016,1,/home/emily/MMIP/week5/quiz1/data/gallery/automobile/00227.png
Triplet,/home/emily/MMIP/week5/quiz1/data/query/automobile/00092.png,automobile,0.9205151796340942,0.7918582558631897,0.12865692377090454,1,/home/emily/MMIP/week5/quiz1/data/gallery/automobile/00158.png
Triplet,/home/emily/MMIP/week5/quiz1/data/query/automobile/00093.png,automobile,0.9217205047607422,0.8106573820114136,0.11106312274932861,1,/home/emily/MMIP/week5/quiz1/data/gallery/automobile/00918.png
Triplet,/home/emily/MMIP/week5/quiz1/data/query/automobile/00094.png,automobile,0.9158954620361328,0.7937034368515015,0.12219202518463135,1,/home/emily/MMIP/week5/quiz1/data/gallery/automobile/00542.png
Triplet,/home/emily/MMIP/week5/quiz1/data/query/automobile/00095.png,automobile,0.9247641563415527,0.8182595372200012,0.10650461912155151,1,/home/emily/MMIP/week5/quiz1/data/gallery/automobile/00362.png
Triplet,/home/emily/MMIP/week5/quiz1/data/query/automobile/00096.png,automobile,0.9317046403884888,0.782398521900177,0.14930611848831177,1,/home/emily/MMIP/week5/quiz1/data/gallery/automobile/00486.png
Triplet,/home/emily/MMIP/week5/quiz1/data/query/automobile/00097.png,automobile,0.9229248762130737,0.8016310930252075,0.12129378318786621,1,/home/emily/MMIP/week5/quiz1/data/gallery/automobile/00416.png
Triplet,/home/emily/MMIP/week5/quiz1/data/query/automobile/00098.png,automobile,0.9096188545227051,0.8020163774490356,0.10760247707366943,1,/home/emily/MMIP/week5/quiz1/data/gallery/automobile/00630.png
Triplet,/home/emily/MMIP/week5/quiz1/data/query/automobile/00099.png,automobile,0.8979592323303223,0.7878330945968628,0.11012613773345947,1,/home/emily/MMIP/week5/quiz1/data/gallery/automobile/00571.png
Triplet,/home/emily/MMIP/week5/quiz1/data/query/bird/00000.png,bird,0.813188374042511,0.8225338459014893,-0.009345471858978271,12,/home/emily/MMIP/week5/quiz1/data/gallery/bird/00216.png
Triplet,/home/emily/MMIP/week5/quiz1/data/query/bird/00001.png,bird,0.8211671113967896,0.8129695653915405,0.008197546005249023,1,/home/emily/MMIP/week5/quiz1/data/gallery/bird/00715.png
Triplet,/home/emily/MMIP/week5/quiz1/data/query/bird/00002.png,bird,0.8717972636222839,0.794369637966156,0.07742762565612793,1,/home/emily/MMIP/week5/quiz1/data/gallery/bird/00367.png
Triplet,/home/emily/MMIP/week5/quiz1/data/query/bird/00003.png,bird,0.8315616846084595,0.824941873550415,0.006619811058044434,1,/home/emily/MMIP/week5/quiz1/data/gallery/bird/00591.png
Triplet,/home/emily/MMIP/week5/quiz1/data/query/bird/00004.png,bird,0.8352276086807251,0.8049529790878296,0.030274629592895508,1,/home/emily/MMIP/week5/quiz1/data/gallery/bird/00838.png
Triplet,/home/emily/MMIP/week5/quiz1/data/query/bird/00005.png,bird,0.8650850653648376,0.792180597782135,0.07290446758270264,1,/home/emily/MMIP/week5/quiz1/data/gallery/bird/00098.png
Triplet,/home/emily/MMIP/week5/quiz1/data/query/bird/00006.png,bird,0.8252851963043213,0.8107246160507202,0.014560580253601074,1,/home/emily/MMIP/week5/quiz1/data/gallery/bird/00967.png
Triplet,/home/emily/MMIP/week5/quiz1/data/query/bird/00007.png,bird,0.8490418195724487,0.8153443336486816,0.03369748592376709,1,/home/emily/MMIP/week5/quiz1/data/gallery/bird/00621.png
Triplet,/home/emily/MMIP/week5/quiz1/data/query/bird/00008.png,bird,0.8325914144515991,0.8005158305168152,0.032075583934783936,1,/home/emily/MMIP/week5/quiz1/data/gallery/bird/00090.png
Triplet,/home/emily/MMIP/week5/quiz1/data/query/bird/00009.png,bird,0.8231832981109619,0.8214395642280579,0.0017437338829040527,1,/home/emily/MMIP/week5/quiz1/data/gallery/bird/00493.png
Triplet,/home/emily/MMIP/week5/quiz1/data/query/bird/00010.png,bird,0.8457760810852051,0.813951849937439,0.03182423114776611,1,/home/emily/MMIP/week5/quiz1/data/gallery/bird/00785.png
Triplet,/home/emily/MMIP/week5/quiz1/data/query/bird/00011.png,bird,0.8285049796104431,0.825863778591156,0.0026412010192871094,1,/home/emily/MMIP/week5/quiz1/data/gallery/bird/00484.png
Triplet,/home/emily/MMIP/week5/quiz1/data/query/bird/00012.png,bird,0.8349823951721191,0.8011925220489502,0.033789873123168945,1,/home/emily/MMIP/week5/quiz1/data/gallery/bird/00784.png
Triplet,/home/emily/MMIP/week5/quiz1/data/query/bird/00013.png,bird,0.842724084854126,0.8112989664077759,0.0314251184463501,1,/home/emily/MMIP/week5/quiz1/data/gallery/bird/00416.png
Triplet,/home/emily/MMIP/week5/quiz1/data/query/bird/00014.png,bird,0.7850338220596313,0.8271419405937195,-0.042108118534088135,109,/home/emily/MMIP/week5/quiz1/data/gallery/bird/00149.png
Triplet,/home/emily/MMIP/week5/quiz1/data/query/bird/00015.png,bird,0.826784610748291,0.8314194679260254,-0.004634857177734375,3,/home/emily/MMIP/week5/quiz1/data/gallery/bird/00111.png
Triplet,/home/emily/MMIP/week5/quiz1/data/query/bird/00016.png,bird,0.8492794632911682,0.8457684516906738,0.0035110116004943848,1,/home/emily/MMIP/week5/quiz1/data/gallery/bird/00249.png
Triplet,/home/emily/MMIP/week5/quiz1/data/query/bird/00017.png,bird,0.8353557586669922,0.8267946243286133,0.008561134338378906,1,/home/emily/MMIP/week5/quiz1/data/gallery/bird/00587.png
Triplet,/home/emily/MMIP/week5/quiz1/data/query/bird/00018.png,bird,0.8439342379570007,0.8183587789535522,0.025575459003448486,1,/home/emily/MMIP/week5/quiz1/data/gallery/bird/00185.png
Triplet,/home/emily/MMIP/week5/quiz1/data/query/bird/00019.png,bird,0.8092912435531616,0.8204375505447388,-0.011146306991577148,5,/home/emily/MMIP/week5/quiz1/data/gallery/bird/00974.png
Triplet,/home/emily/MMIP/week5/quiz1/data/query/bird/00020.png,bird,0.8487252593040466,0.7915716171264648,0.05715364217758179,1,/home/emily/MMIP/week5/quiz1/data/gallery/bird/00067.png
Triplet,/home/emily/MMIP/week5/quiz1/data/query/bird/00021.png,bird,0.8890268206596375,0.8058245778083801,0.08320224285125732,1,/home/emily/MMIP/week5/quiz1/data/gallery/bird/00740.png
Triplet,/home/emily/MMIP/week5/quiz1/data/query/bird/00022.png,bird,0.8120250105857849,0.8085559010505676,0.003469109535217285,1,/home/emily/MMIP/week5/quiz1/data/gallery/bird/00895.png
Triplet,/home/emily/MMIP/week5/quiz1/data/query/bird/00023.png,bird,0.7996636629104614,0.8076658248901367,-0.008002161979675293,7,/home/emily/MMIP/week5/quiz1/data/gallery/bird/00231.png
Triplet,/home/emily/MMIP/week5/quiz1/data/query/bird/00024.png,bird,0.8121620416641235,0.816161036491394,-0.003998994827270508,2,/home/emily/MMIP/week5/quiz1/data/gallery/bird/00913.png
Triplet,/home/emily/MMIP/week5/quiz1/data/query/bird/00025.png,bird,0.844480037689209,0.7946218848228455,0.049858152866363525,1,/home/emily/MMIP/week5/quiz1/data/gallery/bird/00548.png
Triplet,/home/emily/MMIP/week5/quiz1/data/query/bird/00026.png,bird,0.8809574246406555,0.7952254414558411,0.08573198318481445,1,/home/emily/MMIP/week5/quiz1/data/gallery/bird/00118.png
Triplet,/home/emily/MMIP/week5/quiz1/data/query/bird/00027.png,bird,0.8400150537490845,0.8112399578094482,0.02877509593963623,1,/home/emily/MMIP/week5/quiz1/data/gallery/bird/00131.png
Triplet,/home/emily/MMIP/week5/quiz1/data/query/bird/00028.png,bird,0.8321526050567627,0.8233894109725952,0.00876319408416748,1,/home/emily/MMIP/week5/quiz1/data/gallery/bird/00246.png
Triplet,/home/emily/MMIP/week5/quiz1/data/query/bird/00029.png,bird,0.8212801218032837,0.8023681640625,0.01891195774078369,1,/home/emily/MMIP/week5/quiz1/data/gallery/bird/00493.png
Triplet,/home/emily/MMIP/week5/quiz1/data/query/bird/00030.png,bird,0.8128067255020142,0.8248425722122192,-0.012035846710205078,3,/home/emily/MMIP/week5/quiz1/data/gallery/bird/00586.png
Triplet,/home/emily/MMIP/week5/quiz1/data/query/bird/00031.png,bird,0.9302182197570801,0.8213350772857666,0.10888314247131348,1,/home/emily/MMIP/week5/quiz1/data/gallery/bird/00626.png
Triplet,/home/emily/MMIP/week5/quiz1/data/query/bird/00032.png,bird,0.8607915639877319,0.7975212335586548,0.06327033042907715,1,/home/emily/MMIP/week5/quiz1/data/gallery/bird/00837.png
Triplet,/home/emily/MMIP/week5/quiz1/data/query/bird/00033.png,bird,0.8355932831764221,0.8496495485305786,-0.014056265354156494,2,/home/emily/MMIP/week5/quiz1/data/gallery/bird/00431.png
Triplet,/home/emily/MMIP/week5/quiz1/data/query/bird/00034.png,bird,0.8122627139091492,0.8129435777664185,-0.0006808638572692871,2,/home/emily/MMIP/week5/quiz1/data/gallery/bird/00943.png
Triplet,/home/emily/MMIP/week5/quiz1/data/query/bird/00035.png,bird,0.8303189277648926,0.818271815776825,0.012047111988067627,1,/home/emily/MMIP/week5/quiz1/data/gallery/bird/00011.png
Triplet,/home/emily/MMIP/week5/quiz1/data/query/bird/00036.png,bird,0.802738606929779,0.8383769989013672,-0.035638391971588135,15,/home/emily/MMIP/week5/quiz1/data/gallery/bird/00734.png
Triplet,/home/emily/MMIP/week5/quiz1/data/query/bird/00037.png,bird,0.8334999084472656,0.8117542266845703,0.021745681762695312,1,/home/emily/MMIP/week5/quiz1/data/gallery/bird/00514.png
Triplet,/home/emily/MMIP/week5/quiz1/data/query/bird/00038.png,bird,0.8095889091491699,0.8087051510810852,0.0008837580680847168,1,/home/emily/MMIP/week5/quiz1/data/gallery/bird/00424.png
Triplet,/home/emily/MMIP/week5/quiz1/data/query/bird/00039.png,bird,0.8390283584594727,0.8225271701812744,0.016501188278198242,1,/home/emily/MMIP/week5/quiz1/data/gallery/bird/00583.png
Triplet,/home/emily/MMIP/week5/quiz1/data/query/bird/00040.png,bird,0.8076879978179932,0.8069012761116028,0.0007867217063903809,1,/home/emily/MMIP/week5/quiz1/data/gallery/bird/00103.png
Triplet,/home/emily/MMIP/week5/quiz1/data/query/bird/00041.png,bird,0.8347271084785461,0.8003172278404236,0.03440988063812256,1,/home/emily/MMIP/week5/quiz1/data/gallery/bird/00224.png
Triplet,/home/emily/MMIP/week5/quiz1/data/query/bird/00042.png,bird,0.8196101188659668,0.8068246245384216,0.012785494327545166,1,/home/emily/MMIP/week5/quiz1/data/gallery/bird/00056.png
Triplet,/home/emily/MMIP/week5/quiz1/data/query/bird/00043.png,bird,0.8621954917907715,0.8399044871330261,0.02229100465774536,1,/home/emily/MMIP/week5/quiz1/data/gallery/bird/00118.png
Triplet,/home/emily/MMIP/week5/quiz1/data/query/bird/00044.png,bird,0.8300095200538635,0.7941066026687622,0.03590291738510132,1,/home/emily/MMIP/week5/quiz1/data/gallery/bird/00750.png
Triplet,/home/emily/MMIP/week5/quiz1/data/query/bird/00045.png,bird,0.8108543157577515,0.8275582790374756,-0.01670396327972412,5,/home/emily/MMIP/week5/quiz1/data/gallery/bird/00389.png
Triplet,/home/emily/MMIP/week5/quiz1/data/query/bird/00046.png,bird,0.8490109443664551,0.813482940196991,0.03552800416946411,1,/home/emily/MMIP/week5/quiz1/data/gallery/bird/00484.png
Triplet,/home/emily/MMIP/week5/quiz1/data/query/bird/00047.png,bird,0.8552126884460449,0.8352190256118774,0.01999366283416748,1,/home/emily/MMIP/week5/quiz1/data/gallery/bird/00233.png
Triplet,/home/emily/MMIP/week5/quiz1/data/query/bird/00048.png,bird,0.8227393627166748,0.8333900570869446,-0.010650694370269775,4,/home/emily/MMIP/week5/quiz1/data/gallery/bird/00107.png
Triplet,/home/emily/MMIP/week5/quiz1/data/query/bird/00049.png,bird,0.8326436877250671,0.8179734945297241,0.014670193195343018,1,/home/emily/MMIP/week5/quiz1/data/gallery/bird/00532.png
Triplet,/home/emily/MMIP/week5/quiz1/data/query/bird/00050.png,bird,0.8545902371406555,0.833030104637146,0.02156013250350952,1,/home/emily/MMIP/week5/quiz1/data/gallery/bird/00289.png
Triplet,/home/emily/MMIP/week5/quiz1/data/query/bird/00051.png,bird,0.8424834609031677,0.8502525091171265,-0.00776904821395874,5,/home/emily/MMIP/week5/quiz1/data/gallery/bird/00303.png
Triplet,/home/emily/MMIP/week5/quiz1/data/query/bird/00052.png,bird,0.8207690715789795,0.8125813007354736,0.00818777084350586,1,/home/emily/MMIP/week5/quiz1/data/gallery/bird/00993.png
Triplet,/home/emily/MMIP/week5/quiz1/data/query/bird/00053.png,bird,0.8723289966583252,0.7753483057022095,0.09698069095611572,1,/home/emily/MMIP/week5/quiz1/data/gallery/bird/00034.png
Triplet,/home/emily/MMIP/week5/quiz1/data/query/bird/00054.png,bird,0.8169954419136047,0.7999674677848816,0.017027974128723145,1,/home/emily/MMIP/week5/quiz1/data/gallery/bird/00297.png
Triplet,/home/emily/MMIP/week5/quiz1/data/query/bird/00055.png,bird,0.8439515829086304,0.8159053921699524,0.02804619073867798,1,/home/emily/MMIP/week5/quiz1/data/gallery/bird/00905.png
Triplet,/home/emily/MMIP/week5/quiz1/data/query/bird/00056.png,bird,0.8507808446884155,0.8149154186248779,0.0358654260635376,1,/home/emily/MMIP/week5/quiz1/data/gallery/bird/00017.png
Triplet,/home/emily/MMIP/week5/quiz1/data/query/bird/00057.png,bird,0.8384152054786682,0.810886025428772,0.02752918004989624,1,/home/emily/MMIP/week5/quiz1/data/gallery/bird/00333.png
Triplet,/home/emily/MMIP/week5/quiz1/data/query/bird/00058.png,bird,0.8621786236763,0.8262879848480225,0.03589063882827759,1,/home/emily/MMIP/week5/quiz1/data/gallery/bird/00166.png
Triplet,/home/emily/MMIP/week5/quiz1/data/query/bird/00059.png,bird,0.8294438719749451,0.8050053119659424,0.024438560009002686,1,/home/emily/MMIP/week5/quiz1/data/gallery/bird/00860.png
Triplet,/home/emily/MMIP/week5/quiz1/data/query/bird/00060.png,bird,0.8241816759109497,0.8166383504867554,0.007543325424194336,1,/home/emily/MMIP/week5/quiz1/data/gallery/bird/00167.png
Triplet,/home/emily/MMIP/week5/quiz1/data/query/bird/00061.png,bird,0.8686033487319946,0.805992841720581,0.06261050701141357,1,/home/emily/MMIP/week5/quiz1/data/gallery/bird/00277.png
Triplet,/home/emily/MMIP/week5/quiz1/data/query/bird/00062.png,bird,0.7801111936569214,0.814144492149353,-0.03403329849243164,32,/home/emily/MMIP/week5/quiz1/data/gallery/bird/00941.png
Triplet,/home/emily/MMIP/week5/quiz1/data/query/bird/00063.png,bird,0.8041941523551941,0.8193478584289551,-0.015153706073760986,6,/home/emily/MMIP/week5/quiz1/data/gallery/bird/00255.png
Triplet,/home/emily/MMIP/week5/quiz1/data/query/bird/00064.png,bird,0.8760161995887756,0.8265681862831116,0.04944801330566406,1,/home/emily/MMIP/week5/quiz1/data/gallery/bird/00261.png
Triplet,/home/emily/MMIP/week5/quiz1/data/query/bird/00065.png,bird,0.7942924499511719,0.808246374130249,-0.013953924179077148,6,/home/emily/MMIP/week5/quiz1/data/gallery/bird/00174.png
Triplet,/home/emily/MMIP/week5/quiz1/data/query/bird/00066.png,bird,0.8222704529762268,0.8200496435165405,0.0022208094596862793,1,/home/emily/MMIP/week5/quiz1/data/gallery/bird/00543.png
Triplet,/home/emily/MMIP/week5/quiz1/data/query/bird/00067.png,bird,0.8320860862731934,0.8043999075889587,0.02768617868423462,1,/home/emily/MMIP/week5/quiz1/data/gallery/bird/00086.png
Triplet,/home/emily/MMIP/week5/quiz1/data/query/bird/00068.png,bird,0.8500640392303467,0.8123329877853394,0.037731051445007324,1,/home/emily/MMIP/week5/quiz1/data/gallery/bird/00698.png
Triplet,/home/emily/MMIP/week5/quiz1/data/query/bird/00069.png,bird,0.8004093170166016,0.8177450895309448,-0.01733577251434326,19,/home/emily/MMIP/week5/quiz1/data/gallery/bird/00391.png
Triplet,/home/emily/MMIP/week5/quiz1/data/query/bird/00070.png,bird,0.7744182348251343,0.8174238204956055,-0.04300558567047119,15,/home/emily/MMIP/week5/quiz1/data/gallery/bird/00657.png
Triplet,/home/emily/MMIP/week5/quiz1/data/query/bird/00071.png,bird,0.8274856805801392,0.8091267347335815,0.018358945846557617,1,/home/emily/MMIP/week5/quiz1/data/gallery/bird/00721.png
Triplet,/home/emily/MMIP/week5/quiz1/data/query/bird/00072.png,bird,0.8631731867790222,0.8070224523544312,0.056150734424591064,1,/home/emily/MMIP/week5/quiz1/data/gallery/bird/00898.png
Triplet,/home/emily/MMIP/week5/quiz1/data/query/bird/00073.png,bird,0.8423069715499878,0.8439813852310181,-0.0016744136810302734,2,/home/emily/MMIP/week5/quiz1/data/gallery/bird/00782.png
Triplet,/home/emily/MMIP/week5/quiz1/data/query/bird/00074.png,bird,0.846533477306366,0.7985129952430725,0.04802048206329346,1,/home/emily/MMIP/week5/quiz1/data/gallery/bird/00489.png
Triplet,/home/emily/MMIP/week5/quiz1/data/query/bird/00075.png,bird,0.8340845704078674,0.8043919801712036,0.02969259023666382,1,/home/emily/MMIP/week5/quiz1/data/gallery/bird/00949.png
Triplet,/home/emily/MMIP/week5/quiz1/data/query/bird/00076.png,bird,0.8614155054092407,0.7930107116699219,0.06840479373931885,1,/home/emily/MMIP/week5/quiz1/data/gallery/bird/00448.png
Triplet,/home/emily/MMIP/week5/quiz1/data/query/bird/00077.png,bird,0.8835331201553345,0.7785527110099792,0.10498040914535522,1,/home/emily/MMIP/week5/quiz1/data/gallery/bird/00239.png
Triplet,/home/emily/MMIP/week5/quiz1/data/query/bird/00078.png,bird,0.8445713520050049,0.8177273273468018,0.026844024658203125,1,/home/emily/MMIP/week5/quiz1/data/gallery/bird/00750.png
Triplet,/home/emily/MMIP/week5/quiz1/data/query/bird/00079.png,bird,0.8138712644577026,0.8110504746437073,0.0028207898139953613,1,/home/emily/MMIP/week5/quiz1/data/gallery/bird/00608.png
Triplet,/home/emily/MMIP/week5/quiz1/data/query/bird/00080.png,bird,0.8296691179275513,0.8137283325195312,0.01594078540802002,1,/home/emily/MMIP/week5/quiz1/data/gallery/bird/00683.png
Triplet,/home/emily/MMIP/week5/quiz1/data/query/bird/00081.png,bird,0.863271951675415,0.7945504784584045,0.0687214732170105,1,/home/emily/MMIP/week5/quiz1/data/gallery/bird/00262.png
Triplet,/home/emily/MMIP/week5/quiz1/data/query/bird/00082.png,bird,0.8325351476669312,0.8065263032913208,0.02600884437561035,1,/home/emily/MMIP/week5/quiz1/data/gallery/bird/00852.png
Triplet,/home/emily/MMIP/week5/quiz1/data/query/bird/00083.png,bird,0.8273556232452393,0.8156592845916748,0.011696338653564453,1,/home/emily/MMIP/week5/quiz1/data/gallery/bird/00378.png
Triplet,/home/emily/MMIP/week5/quiz1/data/query/bird/00084.png,bird,0.8374863862991333,0.7911683917045593,0.046317994594573975,1,/home/emily/MMIP/week5/quiz1/data/gallery/bird/00927.png
Triplet,/home/emily/MMIP/week5/quiz1/data/query/bird/00085.png,bird,0.8295934200286865,0.8264957666397095,0.0030976533889770508,1,/home/emily/MMIP/week5/quiz1/data/gallery/bird/00802.png
Triplet,/home/emily/MMIP/week5/quiz1/data/query/bird/00086.png,bird,0.9197861552238464,0.7816653847694397,0.13812077045440674,1,/home/emily/MMIP/week5/quiz1/data/gallery/bird/00261.png
Triplet,/home/emily/MMIP/week5/quiz1/data/query/bird/00087.png,bird,0.8577150106430054,0.8100126385688782,0.0477023720741272,1,/home/emily/MMIP/week5/quiz1/data/gallery/bird/00110.png
Triplet,/home/emily/MMIP/week5/quiz1/data/query/bird/00088.png,bird,0.855949878692627,0.8074425458908081,0.04850733280181885,1,/home/emily/MMIP/week5/quiz1/data/gallery/bird/00300.png
Triplet,/home/emily/MMIP/week5/quiz1/data/query/bird/00089.png,bird,0.8351352214813232,0.8010563850402832,0.03407883644104004,1,/home/emily/MMIP/week5/quiz1/data/gallery/bird/00249.png
Triplet,/home/emily/MMIP/week5/quiz1/data/query/bird/00090.png,bird,0.8741673231124878,0.8161886930465698,0.05797863006591797,1,/home/emily/MMIP/week5/quiz1/data/gallery/bird/00114.png
Triplet,/home/emily/MMIP/week5/quiz1/data/query/bird/00091.png,bird,0.8251783847808838,0.8176023960113525,0.00757598876953125,1,/home/emily/MMIP/week5/quiz1/data/gallery/bird/00733.png
Triplet,/home/emily/MMIP/week5/quiz1/data/query/bird/00092.png,bird,0.8009527921676636,0.8256714344024658,-0.024718642234802246,19,/home/emily/MMIP/week5/quiz1/data/gallery/bird/00137.png
Triplet,/home/emily/MMIP/week5/quiz1/data/query/bird/00093.png,bird,0.8503889441490173,0.8144220113754272,0.03596693277359009,1,/home/emily/MMIP/week5/quiz1/data/gallery/bird/00466.png
Triplet,/home/emily/MMIP/week5/quiz1/data/query/bird/00094.png,bird,0.8532768487930298,0.8088070154190063,0.04446983337402344,1,/home/emily/MMIP/week5/quiz1/data/gallery/bird/00249.png
Triplet,/home/emily/MMIP/week5/quiz1/data/query/bird/00095.png,bird,0.8486742973327637,0.8095195889472961,0.03915470838546753,1,/home/emily/MMIP/week5/quiz1/data/gallery/bird/00210.png
Triplet,/home/emily/MMIP/week5/quiz1/data/query/bird/00096.png,bird,0.8607422113418579,0.804619312286377,0.05612289905548096,1,/home/emily/MMIP/week5/quiz1/data/gallery/bird/00891.png
Triplet,/home/emily/MMIP/week5/quiz1/data/query/bird/00097.png,bird,0.8150691986083984,0.8018484711647034,0.013220727443695068,1,/home/emily/MMIP/week5/quiz1/data/gallery/bird/00871.png
Triplet,/home/emily/MMIP/week5/quiz1/data/query/bird/00098.png,bird,0.8550800085067749,0.8085565567016602,0.046523451805114746,1,/home/emily/MMIP/week5/quiz1/data/gallery/bird/00906.png
Triplet,/home/emily/MMIP/week5/quiz1/data/query/bird/00099.png,bird,0.8170823454856873,0.8046106100082397,0.01247173547744751,1,/home/emily/MMIP/week5/quiz1/data/gallery/bird/00788.png
Triplet,/home/emily/MMIP/week5/quiz1/data/query/cat/00000.png,cat,0.8327341079711914,0.8333785533905029,-0.0006444454193115234,2,/home/emily/MMIP/week5/quiz1/data/gallery/cat/00030.png
Triplet,/home/emily/MMIP/week5/quiz1/data/query/cat/00001.png,cat,0.8282595872879028,0.8173477649688721,0.010911822319030762,1,/home/emily/MMIP/week5/quiz1/data/gallery/cat/00042.png
Triplet,/home/emily/MMIP/week5/quiz1/data/query/cat/00002.png,cat,0.8618210554122925,0.8256464004516602,0.036174654960632324,1,/home/emily/MMIP/week5/quiz1/data/gallery/cat/00981.png
Triplet,/home/emily/MMIP/week5/quiz1/data/query/cat/00003.png,cat,0.8102379441261292,0.8152934312820435,-0.005055487155914307,2,/home/emily/MMIP/week5/quiz1/data/gallery/cat/00759.png
Triplet,/home/emily/MMIP/week5/quiz1/data/query/cat/00004.png,cat,0.8173881769180298,0.8231409192085266,-0.005752742290496826,6,/home/emily/MMIP/week5/quiz1/data/gallery/cat/00015.png
Triplet,/home/emily/MMIP/week5/quiz1/data/query/cat/00005.png,cat,0.8276135325431824,0.7915096282958984,0.036103904247283936,1,/home/emily/MMIP/week5/quiz1/data/gallery/cat/00935.png
Triplet,/home/emily/MMIP/week5/quiz1/data/query/cat/00006.png,cat,0.821007251739502,0.8261730074882507,-0.005165755748748779,2,/home/emily/MMIP/week5/quiz1/data/gallery/cat/00763.png
Triplet,/home/emily/MMIP/week5/quiz1/data/query/cat/00007.png,cat,0.877767026424408,0.798839807510376,0.07892721891403198,1,/home/emily/MMIP/week5/quiz1/data/gallery/cat/00319.png
Triplet,/home/emily/MMIP/week5/quiz1/data/query/cat/00008.png,cat,0.8292483687400818,0.8661397695541382,-0.036891400814056396,61,/home/emily/MMIP/week5/quiz1/data/gallery/cat/00055.png
Triplet,/home/emily/MMIP/week5/quiz1/data/query/cat/00009.png,cat,0.8643429279327393,0.8294832706451416,0.034859657287597656,1,/home/emily/MMIP/week5/quiz1/data/gallery/cat/00603.png
Triplet,/home/emily/MMIP/week5/quiz1/data/query/cat/00010.png,cat,0.827765941619873,0.7996176481246948,0.028148293495178223,1,/home/emily/MMIP/week5/quiz1/data/gallery/cat/00647.png
Triplet,/home/emily/MMIP/week5/quiz1/data/query/cat/00011.png,cat,0.8185746669769287,0.8111982941627502,0.007376372814178467,1,/home/emily/MMIP/week5/quiz1/data/gallery/cat/00129.png
Triplet,/home/emily/MMIP/week5/quiz1/data/query/cat/00012.png,cat,0.8190104365348816,0.8206698894500732,-0.0016594529151916504,3,/home/emily/MMIP/week5/quiz1/data/gallery/cat/00812.png
Triplet,/home/emily/MMIP/week5/quiz1/data/query/cat/00013.png,cat,0.8003824949264526,0.7838588356971741,0.016523659229278564,1,/home/emily/MMIP/week5/quiz1/data/gallery/cat/00204.png
Triplet,/home/emily/MMIP/week5/quiz1/data/query/cat/00014.png,cat,0.8199230432510376,0.8205819725990295,-0.0006589293479919434,2,/home/emily/MMIP/week5/quiz1/data/gallery/cat/00890.png
Triplet,/home/emily/MMIP/week5/quiz1/data/query/cat/00015.png,cat,0.8822668790817261,0.8386894464492798,0.04357743263244629,1,/home/emily/MMIP/week5/quiz1/data/gallery/cat/00936.png
Triplet,/home/emily/MMIP/week5/quiz1/data/query/cat/00016.png,cat,0.8147329688072205,0.817738950252533,-0.0030059814453125,2,/home/emily/MMIP/week5/quiz1/data/gallery/cat/00718.png
Triplet,/home/emily/MMIP/week5/quiz1/data/query/cat/00017.png,cat,0.8058186769485474,0.817202091217041,-0.011383414268493652,5,/home/emily/MMIP/week5/quiz1/data/gallery/cat/00166.png
Triplet,/home/emily/MMIP/week5/quiz1/data/query/cat/00018.png,cat,0.826614260673523,0.8171791434288025,0.009435117244720459,1,/home/emily/MMIP/week5/quiz1/data/gallery/cat/00257.png
Triplet,/home/emily/MMIP/week5/quiz1/data/query/cat/00019.png,cat,0.8271887302398682,0.809334397315979,0.01785433292388916,1,/home/emily/MMIP/week5/quiz1/data/gallery/cat/00719.png
Triplet,/home/emily/MMIP/week5/quiz1/data/query/cat/00020.png,cat,0.8310472965240479,0.8253797292709351,0.005667567253112793,1,/home/emily/MMIP/week5/quiz1/data/gallery/cat/00634.png
Triplet,/home/emily/MMIP/week5/quiz1/data/query/cat/00021.png,cat,0.8350825309753418,0.8418371677398682,-0.006754636764526367,4,/home/emily/MMIP/week5/quiz1/data/gallery/cat/00822.png
Triplet,/home/emily/MMIP/week5/quiz1/data/query/cat/00022.png,cat,0.8389555811882019,0.8077194690704346,0.031236112117767334,1,/home/emily/MMIP/week5/quiz1/data/gallery/cat/00985.png
Triplet,/home/emily/MMIP/week5/quiz1/data/query/cat/00023.png,cat,0.8410895466804504,0.8347383737564087,0.006351172924041748,1,/home/emily/MMIP/week5/quiz1/data/gallery/cat/00066.png
Triplet,/home/emily/MMIP/week5/quiz1/data/query/cat/00024.png,cat,0.8385927677154541,0.8128113746643066,0.02578139305114746,1,/home/emily/MMIP/week5/quiz1/data/gallery/cat/00473.png
Triplet,/home/emily/MMIP/week5/quiz1/data/query/cat/00025.png,cat,0.8344982862472534,0.8114221096038818,0.023076176643371582,1,/home/emily/MMIP/week5/quiz1/data/gallery/cat/00323.png
Triplet,/home/emily/MMIP/week5/quiz1/data/query/cat/00026.png,cat,0.8104259967803955,0.8222323656082153,-0.011806368827819824,3,/home/emily/MMIP/week5/quiz1/data/gallery/cat/00750.png
Triplet,/home/emily/MMIP/week5/quiz1/data/query/cat/00027.png,cat,0.8157998323440552,0.8032701015472412,0.012529730796813965,1,/home/emily/MMIP/week5/quiz1/data/gallery/cat/00783.png
Triplet,/home/emily/MMIP/week5/quiz1/data/query/cat/00028.png,cat,0.8344398140907288,0.8143790364265442,0.02006077766418457,1,/home/emily/MMIP/week5/quiz1/data/gallery/cat/00754.png
Triplet,/home/emily/MMIP/week5/quiz1/data/query/cat/00029.png,cat,0.8351616859436035,0.7991123199462891,0.03604936599731445,1,/home/emily/MMIP/week5/quiz1/data/gallery/cat/00395.png
Triplet,/home/emily/MMIP/week5/quiz1/data/query/cat/00030.png,cat,0.855445384979248,0.7980315685272217,0.05741381645202637,1,/home/emily/MMIP/week5/quiz1/data/gallery/cat/00683.png
Triplet,/home/emily/MMIP/week5/quiz1/data/query/cat/00031.png,cat,0.8278891444206238,0.8329371213912964,-0.005047976970672607,2,/home/emily/MMIP/week5/quiz1/data/gallery/cat/00672.png
Triplet,/home/emily/MMIP/week5/quiz1/data/query/cat/00032.png,cat,0.8427220582962036,0.8169276118278503,0.02579444646835327,1,/home/emily/MMIP/week5/quiz1/data/gallery/cat/00683.png
Triplet,/home/emily/MMIP/week5/quiz1/data/query/cat/00033.png,cat,0.8373337984085083,0.7998244762420654,0.03750932216644287,1,/home/emily/MMIP/week5/quiz1/data/gallery/cat/00647.png
Triplet,/home/emily/MMIP/week5/quiz1/data/query/cat/00034.png,cat,0.8147648572921753,0.835312008857727,-0.020547151565551758,22,/home/emily/MMIP/week5/quiz1/data/gallery/cat/00035.png
Triplet,/home/emily/MMIP/week5/quiz1/data/query/cat/00035.png,cat,0.821265459060669,0.8283164501190186,-0.007050991058349609,4,/home/emily/MMIP/week5/quiz1/data/gallery/cat/00535.png
Triplet,/home/emily/MMIP/week5/quiz1/data/query/cat/00036.png,cat,0.8071688413619995,0.8038333654403687,0.0033354759216308594,1,/home/emily/MMIP/week5/quiz1/data/gallery/cat/00034.png
Triplet,/home/emily/MMIP/week5/quiz1/data/query/cat/00037.png,cat,0.811663806438446,0.8129366040229797,-0.0012727975845336914,2,/home/emily/MMIP/week5/quiz1/data/gallery/cat/00233.png
Triplet,/home/emily/MMIP/week5/quiz1/data/query/cat/00038.png,cat,0.8206095695495605,0.8056861162185669,0.014923453330993652,1,/home/emily/MMIP/week5/quiz1/data/gallery/cat/00447.png
Triplet,/home/emily/MMIP/week5/quiz1/data/query/cat/00039.png,cat,0.8521621227264404,0.8249936103820801,0.02716851234436035,1,/home/emily/MMIP/week5/quiz1/data/gallery/cat/00701.png
Triplet,/home/emily/MMIP/week5/quiz1/data/query/cat/00040.png,cat,0.7918130159378052,0.8003193140029907,-0.008506298065185547,3,/home/emily/MMIP/week5/quiz1/data/gallery/cat/00300.png
Triplet,/home/emily/MMIP/week5/quiz1/data/query/cat/00041.png,cat,0.8476419448852539,0.8178608417510986,0.029781103134155273,1,/home/emily/MMIP/week5/quiz1/data/gallery/cat/00624.png
Triplet,/home/emily/MMIP/week5/quiz1/data/query/cat/00042.png,cat,0.8147305846214294,0.8015563488006592,0.013174235820770264,1,/home/emily/MMIP/week5/quiz1/data/gallery/cat/00984.png
Triplet,/home/emily/MMIP/week5/quiz1/data/query/cat/00043.png,cat,0.8161816596984863,0.8271273970603943,-0.010945737361907959,2,/home/emily/MMIP/week5/quiz1/data/gallery/cat/00575.png
Triplet,/home/emily/MMIP/week5/quiz1/data/query/cat/00044.png,cat,0.8197969794273376,0.8059673309326172,0.013829648494720459,1,/home/emily/MMIP/week5/quiz1/data/gallery/cat/00750.png
Triplet,/home/emily/MMIP/week5/quiz1/data/query/cat/00045.png,cat,0.8318624496459961,0.8260139226913452,0.005848526954650879,1,/home/emily/MMIP/week5/quiz1/data/gallery/cat/00098.png
Triplet,/home/emily/MMIP/week5/quiz1/data/query/cat/00046.png,cat,0.8469224572181702,0.8185049891471863,0.028417468070983887,1,/home/emily/MMIP/week5/quiz1/data/gallery/cat/00353.png
Triplet,/home/emily/MMIP/week5/quiz1/data/query/cat/00047.png,cat,0.8506933450698853,0.8416177034378052,0.009075641632080078,1,/home/emily/MMIP/week5/quiz1/data/gallery/cat/00783.png
Triplet,/home/emily/MMIP/week5/quiz1/data/query/cat/00048.png,cat,0.7916942834854126,0.8072322607040405,-0.01553797721862793,6,/home/emily/MMIP/week5/quiz1/data/gallery/cat/00305.png
Triplet,/home/emily/MMIP/week5/quiz1/data/query/cat/00049.png,cat,0.8322486877441406,0.8009596467018127,0.03128904104232788,1,/home/emily/MMIP/week5/quiz1/data/gallery/cat/00068.png
Triplet,/home/emily/MMIP/week5/quiz1/data/query/cat/00050.png,cat,0.8450579643249512,0.8152297735214233,0.029828190803527832,1,/home/emily/MMIP/week5/quiz1/data/gallery/cat/00970.png
Triplet,/home/emily/MMIP/week5/quiz1/data/query/cat/00051.png,cat,0.8419146537780762,0.8369879722595215,0.0049266815185546875,1,/home/emily/MMIP/week5/quiz1/data/gallery/cat/00984.png
Triplet,/home/emily/MMIP/week5/quiz1/data/query/cat/00052.png,cat,0.8439433574676514,0.8334354162216187,0.010507941246032715,1,/home/emily/MMIP/week5/quiz1/data/gallery/cat/00491.png
Triplet,/home/emily/MMIP/week5/quiz1/data/query/cat/00053.png,cat,0.8275237083435059,0.8137816190719604,0.01374208927154541,1,/home/emily/MMIP/week5/quiz1/data/gallery/cat/00063.png
Triplet,/home/emily/MMIP/week5/quiz1/data/query/cat/00054.png,cat,0.8209540843963623,0.8193931579589844,0.0015609264373779297,1,/home/emily/MMIP/week5/quiz1/data/gallery/cat/00661.png
Triplet,/home/emily/MMIP/week5/quiz1/data/query/cat/00055.png,cat,0.8628838658332825,0.7961454391479492,0.06673842668533325,1,/home/emily/MMIP/week5/quiz1/data/gallery/cat/00895.png
Triplet,/home/emily/MMIP/week5/quiz1/data/query/cat/00056.png,cat,0.7904379367828369,0.7979729175567627,-0.007534980773925781,11,/home/emily/MMIP/week5/quiz1/data/gallery/cat/00851.png
Triplet,/home/emily/MMIP/week5/quiz1/data/query/cat/00057.png,cat,0.832973837852478,0.8161202669143677,0.01685357093811035,1,/home/emily/MMIP/week5/quiz1/data/gallery/cat/00647.png
Triplet,/home/emily/MMIP/week5/quiz1/data/query/cat/00058.png,cat,0.8189234137535095,0.799670934677124,0.019252479076385498,1,/home/emily/MMIP/week5/quiz1/data/gallery/cat/00997.png
Triplet,/home/emily/MMIP/week5/quiz1/data/query/cat/00059.png,cat,0.8298052549362183,0.8216991424560547,0.008106112480163574,1,/home/emily/MMIP/week5/quiz1/data/gallery/cat/00730.png
Triplet,/home/emily/MMIP/week5/quiz1/data/query/cat/00060.png,cat,0.8234577775001526,0.831454873085022,-0.007997095584869385,3,/home/emily/MMIP/week5/quiz1/data/gallery/cat/00070.png
Triplet,/home/emily/MMIP/week5/quiz1/data/query/cat/00061.png,cat,0.8449926376342773,0.8092437982559204,0.035748839378356934,1,/home/emily/MMIP/week5/quiz1/data/gallery/cat/00539.png
Triplet,/home/emily/MMIP/week5/quiz1/data/query/cat/00062.png,cat,0.8172695636749268,0.7972922325134277,0.019977331161499023,1,/home/emily/MMIP/week5/quiz1/data/gallery/cat/00371.png
Triplet,/home/emily/MMIP/week5/quiz1/data/query/cat/00063.png,cat,0.8271274566650391,0.8295826315879822,-0.0024551749229431152,2,/home/emily/MMIP/week5/quiz1/data/gallery/cat/00996.png
Triplet,/home/emily/MMIP/week5/quiz1/data/query/cat/00064.png,cat,0.838423490524292,0.8376795053482056,0.0007439851760864258,1,/home/emily/MMIP/week5/quiz1/data/gallery/cat/00399.png
Triplet,/home/emily/MMIP/week5/quiz1/data/query/cat/00065.png,cat,0.8347258567810059,0.7891685366630554,0.04555732011795044,1,/home/emily/MMIP/week5/quiz1/data/gallery/cat/00068.png
Triplet,/home/emily/MMIP/week5/quiz1/data/query/cat/00066.png,cat,0.8302019834518433,0.8223677277565002,0.007834255695343018,1,/home/emily/MMIP/week5/quiz1/data/gallery/cat/00014.png
Triplet,/home/emily/MMIP/week5/quiz1/data/query/cat/00067.png,cat,0.830003023147583,0.8200514316558838,0.009951591491699219,1,/home/emily/MMIP/week5/quiz1/data/gallery/cat/00574.png
Triplet,/home/emily/MMIP/week5/quiz1/data/query/cat/00068.png,cat,0.8286879658699036,0.8148132562637329,0.013874709606170654,1,/home/emily/MMIP/week5/quiz1/data/gallery/cat/00003.png
Triplet,/home/emily/MMIP/week5/quiz1/data/query/cat/00069.png,cat,0.8533127307891846,0.8033583760261536,0.049954354763031006,1,/home/emily/MMIP/week5/quiz1/data/gallery/cat/00644.png
Triplet,/home/emily/MMIP/week5/quiz1/data/query/cat/00070.png,cat,0.8180180788040161,0.8104516267776489,0.0075664520263671875,1,/home/emily/MMIP/week5/quiz1/data/gallery/cat/00947.png
Triplet,/home/emily/MMIP/week5/quiz1/data/query/cat/00071.png,cat,0.8299667239189148,0.8129338026046753,0.017032921314239502,1,/home/emily/MMIP/week5/quiz1/data/gallery/cat/00647.png
Triplet,/home/emily/MMIP/week5/quiz1/data/query/cat/00072.png,cat,0.791546106338501,0.803996205329895,-0.012450098991394043,6,/home/emily/MMIP/week5/quiz1/data/gallery/cat/00868.png
Triplet,/home/emily/MMIP/week5/quiz1/data/query/cat/00073.png,cat,0.8126261830329895,0.823137640953064,-0.010511457920074463,5,/home/emily/MMIP/week5/quiz1/data/gallery/cat/00642.png
Triplet,/home/emily/MMIP/week5/quiz1/data/query/cat/00074.png,cat,0.8345028162002563,0.7971112728118896,0.0373915433883667,1,/home/emily/MMIP/week5/quiz1/data/gallery/cat/00999.png
Triplet,/home/emily/MMIP/week5/quiz1/data/query/cat/00075.png,cat,0.8401545286178589,0.8074465990066528,0.032707929611206055,1,/home/emily/MMIP/week5/quiz1/data/gallery/cat/00633.png
Triplet,/home/emily/MMIP/week5/quiz1/data/query/cat/00076.png,cat,0.7932518720626831,0.8209998607635498,-0.0277479887008667,22,/home/emily/MMIP/week5/quiz1/data/gallery/cat/00797.png
Triplet,/home/emily/MMIP/week5/quiz1/data/query/cat/00077.png,cat,0.8110336065292358,0.8188590407371521,-0.00782543420791626,4,/home/emily/MMIP/week5/quiz1/data/gallery/cat/00634.png
Triplet,/home/emily/MMIP/week5/quiz1/data/query/cat/00078.png,cat,0.8098461627960205,0.8304938673973083,-0.020647704601287842,12,/home/emily/MMIP/week5/quiz1/data/gallery/cat/00090.png
Triplet,/home/emily/MMIP/week5/quiz1/data/query/cat/00079.png,cat,0.8071186542510986,0.8119410276412964,-0.004822373390197754,5,/home/emily/MMIP/week5/quiz1/data/gallery/cat/00187.png
Triplet,/home/emily/MMIP/week5/quiz1/data/query/cat/00080.png,cat,0.8307887315750122,0.8316020369529724,-0.0008133053779602051,2,/home/emily/MMIP/week5/quiz1/data/gallery/cat/00783.png
Triplet,/home/emily/MMIP/week5/quiz1/data/query/cat/00081.png,cat,0.824228048324585,0.825385570526123,-0.001157522201538086,2,/home/emily/MMIP/week5/quiz1/data/gallery/cat/00261.png
Triplet,/home/emily/MMIP/week5/quiz1/data/query/cat/00082.png,cat,0.8240772485733032,0.8095749616622925,0.014502286911010742,1,/home/emily/MMIP/week5/quiz1/data/gallery/cat/00829.png
Triplet,/home/emily/MMIP/week5/quiz1/data/query/cat/00083.png,cat,0.8137823343276978,0.8048370480537415,0.008945286273956299,1,/home/emily/MMIP/week5/quiz1/data/gallery/cat/00989.png
Triplet,/home/emily/MMIP/week5/quiz1/data/query/cat/00084.png,cat,0.7894117832183838,0.8319656848907471,-0.04255390167236328,66,/home/emily/MMIP/week5/quiz1/data/gallery/cat/00861.png
Triplet,/home/emily/MMIP/week5/quiz1/data/query/cat/00085.png,cat,0.8393768668174744,0.8369261622428894,0.002450704574584961,1,/home/emily/MMIP/week5/quiz1/data/gallery/cat/00608.png
Triplet,/home/emily/MMIP/week5/quiz1/data/query/cat/00086.png,cat,0.8256679773330688,0.8378980755805969,-0.012230098247528076,12,/home/emily/MMIP/week5/quiz1/data/gallery/cat/00348.png
Triplet,/home/emily/MMIP/week5/quiz1/data/query/cat/00087.png,cat,0.7979581356048584,0.8185716867446899,-0.020613551139831543,15,/home/emily/MMIP/week5/quiz1/data/gallery/cat/00090.png
Triplet,/home/emily/MMIP/week5/quiz1/data/query/cat/00088.png,cat,0.8407573699951172,0.7876058220863342,0.05315154790878296,1,/home/emily/MMIP/week5/quiz1/data/gallery/cat/00157.png
Triplet,/home/emily/MMIP/week5/quiz1/data/query/cat/00089.png,cat,0.7902699112892151,0.796204686164856,-0.005934774875640869,2,/home/emily/MMIP/week5/quiz1/data/gallery/cat/00547.png
Triplet,/home/emily/MMIP/week5/quiz1/data/query/cat/00090.png,cat,0.7950384616851807,0.8102070689201355,-0.015168607234954834,10,/home/emily/MMIP/week5/quiz1/data/gallery/cat/00841.png
Triplet,/home/emily/MMIP/week5/quiz1/data/query/cat/00091.png,cat,0.8424338102340698,0.8348322510719299,0.007601559162139893,1,/home/emily/MMIP/week5/quiz1/data/gallery/cat/00311.png
Triplet,/home/emily/MMIP/week5/quiz1/data/query/cat/00092.png,cat,0.788104236125946,0.8154218196868896,-0.027317583560943604,7,/home/emily/MMIP/week5/quiz1/data/gallery/cat/00616.png
Triplet,/home/emily/MMIP/week5/quiz1/data/query/cat/00093.png,cat,0.8627467155456543,0.8183173537254333,0.04442936182022095,1,/home/emily/MMIP/week5/quiz1/data/gallery/cat/00184.png
Triplet,/home/emily/MMIP/week5/quiz1/data/query/cat/00094.png,cat,0.8040531873703003,0.8047968149185181,-0.0007436275482177734,2,/home/emily/MMIP/week5/quiz1/data/gallery/cat/00963.png
Triplet,/home/emily/MMIP/week5/quiz1/data/query/cat/00095.png,cat,0.8198391199111938,0.8202991485595703,-0.00046002864837646484,2,/home/emily/MMIP/week5/quiz1/data/gallery/cat/00379.png
Triplet,/home/emily/MMIP/week5/quiz1/data/query/cat/00096.png,cat,0.8147647380828857,0.8020392656326294,0.012725472450256348,1,/home/emily/MMIP/week5/quiz1/data/gallery/cat/00842.png
Triplet,/home/emily/MMIP/week5/quiz1/data/query/cat/00097.png,cat,0.8069722652435303,0.7875345945358276,0.019437670707702637,1,/home/emily/MMIP/week5/quiz1/data/gallery/cat/00992.png
Triplet,/home/emily/MMIP/week5/quiz1/data/query/cat/00098.png,cat,0.8148295283317566,0.7811459302902222,0.033683598041534424,1,/home/emily/MMIP/week5/quiz1/data/gallery/cat/00806.png
Triplet,/home/emily/MMIP/week5/quiz1/data/query/cat/00099.png,cat,0.809468150138855,0.8252322673797607,-0.01576411724090576,4,/home/emily/MMIP/week5/quiz1/data/gallery/cat/00883.png
Triplet,/home/emily/MMIP/week5/quiz1/data/query/deer/00000.png,deer,0.8164076805114746,0.8018158674240112,0.014591813087463379,1,/home/emily/MMIP/week5/quiz1/data/gallery/deer/00453.png
Triplet,/home/emily/MMIP/week5/quiz1/data/query/deer/00001.png,deer,0.7886790037155151,0.7992154359817505,-0.010536432266235352,6,/home/emily/MMIP/week5/quiz1/data/gallery/deer/00693.png
Triplet,/home/emily/MMIP/week5/quiz1/data/query/deer/00002.png,deer,0.8166041374206543,0.8059940934181213,0.010610044002532959,1,/home/emily/MMIP/week5/quiz1/data/gallery/deer/00389.png
Triplet,/home/emily/MMIP/week5/quiz1/data/query/deer/00003.png,deer,0.8419530391693115,0.8431799411773682,-0.0012269020080566406,2,/home/emily/MMIP/week5/quiz1/data/gallery/deer/00340.png
Triplet,/home/emily/MMIP/week5/quiz1/data/query/deer/00004.png,deer,0.8236016631126404,0.8226947784423828,0.0009068846702575684,1,/home/emily/MMIP/week5/quiz1/data/gallery/deer/00901.png
Triplet,/home/emily/MMIP/week5/quiz1/data/query/deer/00005.png,deer,0.8068548440933228,0.8313267230987549,-0.02447187900543213,16,/home/emily/MMIP/week5/quiz1/data/gallery/deer/00217.png
Triplet,/home/emily/MMIP/week5/quiz1/data/query/deer/00006.png,deer,0.8189255595207214,0.8342007994651794,-0.015275239944458008,8,/home/emily/MMIP/week5/quiz1/data/gallery/deer/00148.png
Triplet,/home/emily/MMIP/week5/quiz1/data/query/deer/00007.png,deer,0.830967903137207,0.8084393739700317,0.022528529167175293,1,/home/emily/MMIP/week5/quiz1/data/gallery/deer/00221.png
Triplet,/home/emily/MMIP/week5/quiz1/data/query/deer/00008.png,deer,0.8363077044487,0.8411974906921387,-0.004889786243438721,2,/home/emily/MMIP/week5/quiz1/data/gallery/deer/00401.png
Triplet,/home/emily/MMIP/week5/quiz1/data/query/deer/00009.png,deer,0.8097161054611206,0.8137208819389343,-0.004004776477813721,6,/home/emily/MMIP/week5/quiz1/data/gallery/deer/00841.png
Triplet,/home/emily/MMIP/week5/quiz1/data/query/deer/00010.png,deer,0.8513543009757996,0.8258564472198486,0.025497853755950928,1,/home/emily/MMIP/week5/quiz1/data/gallery/deer/00020.png
Triplet,/home/emily/MMIP/week5/quiz1/data/query/deer/00011.png,deer,0.8572821617126465,0.7991374135017395,0.05814474821090698,1,/home/emily/MMIP/week5/quiz1/data/gallery/deer/00476.png
Triplet,/home/emily/MMIP/week5/quiz1/data/query/deer/00012.png,deer,0.8059488534927368,0.7967231273651123,0.009225726127624512,1,/home/emily/MMIP/week5/quiz1/data/gallery/deer/00050.png
Triplet,/home/emily/MMIP/week5/quiz1/data/query/deer/00013.png,deer,0.8390655517578125,0.8159819841384888,0.02308356761932373,1,/home/emily/MMIP/week5/quiz1/data/gallery/deer/00124.png
Triplet,/home/emily/MMIP/week5/quiz1/data/query/deer/00014.png,deer,0.7912610769271851,0.8274649381637573,-0.036203861236572266,48,/home/emily/MMIP/week5/quiz1/data/gallery/deer/00860.png
Triplet,/home/emily/MMIP/week5/quiz1/data/query/deer/00015.png,deer,0.8120390176773071,0.8068166971206665,0.005222320556640625,1,/home/emily/MMIP/week5/quiz1/data/gallery/deer/00325.png
Triplet,/home/emily/MMIP/week5/quiz1/data/query/deer/00016.png,deer,0.8093252778053284,0.8120461702346802,-0.0027208924293518066,2,/home/emily/MMIP/week5/quiz1/data/gallery/deer/00694.png
Triplet,/home/emily/MMIP/week5/quiz1/data/query/deer/00017.png,deer,0.8488172292709351,0.8064258694648743,0.04239135980606079,1,/home/emily/MMIP/week5/quiz1/data/gallery/deer/00868.png
Triplet,/home/emily/MMIP/week5/quiz1/data/query/deer/00018.png,deer,0.8518691062927246,0.8027896881103516,0.04907941818237305,1,/home/emily/MMIP/week5/quiz1/data/gallery/deer/00851.png
Triplet,/home/emily/MMIP/week5/quiz1/data/query/deer/00019.png,deer,0.8489264249801636,0.8104564547538757,0.03846997022628784,1,/home/emily/MMIP/week5/quiz1/data/gallery/deer/00278.png
Triplet,/home/emily/MMIP/week5/quiz1/data/query/deer/00020.png,deer,0.8700446486473083,0.7969448566436768,0.07309979200363159,1,/home/emily/MMIP/week5/quiz1/data/gallery/deer/00590.png
Triplet,/home/emily/MMIP/week5/quiz1/data/query/deer/00021.png,deer,0.8392703533172607,0.8248997926712036,0.014370560646057129,1,/home/emily/MMIP/week5/quiz1/data/gallery/deer/00155.png
Triplet,/home/emily/MMIP/week5/quiz1/data/query/deer/00022.png,deer,0.8063636422157288,0.8144484758377075,-0.00808483362197876,3,/home/emily/MMIP/week5/quiz1/data/gallery/deer/00145.png
Triplet,/home/emily/MMIP/week5/quiz1/data/query/deer/00023.png,deer,0.845978856086731,0.7984776496887207,0.047501206398010254,1,/home/emily/MMIP/week5/quiz1/data/gallery/deer/00267.png
Triplet,/home/emily/MMIP/week5/quiz1/data/query/deer/00024.png,deer,0.8140050172805786,0.8106358647346497,0.003369152545928955,1,/home/emily/MMIP/week5/quiz1/data/gallery/deer/00950.png
Triplet,/home/emily/MMIP/week5/quiz1/data/query/deer/00025.png,deer,0.8320196866989136,0.8094693422317505,0.022550344467163086,1,/home/emily/MMIP/week5/quiz1/data/gallery/deer/00990.png
Triplet,/home/emily/MMIP/week5/quiz1/data/query/deer/00026.png,deer,0.8018518686294556,0.8273499011993408,-0.025498032569885254,4,/home/emily/MMIP/week5/quiz1/data/gallery/deer/00625.png
Triplet,/home/emily/MMIP/week5/quiz1/data/query/deer/00027.png,deer,0.7988052368164062,0.8032610416412354,-0.0044558048248291016,2,/home/emily/MMIP/week5/quiz1/data/gallery/deer/00419.png
Triplet,/home/emily/MMIP/week5/quiz1/data/query/deer/00028.png,deer,0.8281470537185669,0.8226019144058228,0.005545139312744141,1,/home/emily/MMIP/week5/quiz1/data/gallery/deer/00587.png
Triplet,/home/emily/MMIP/week5/quiz1/data/query/deer/00029.png,deer,0.8191654682159424,0.8035985231399536,0.01556694507598877,1,/home/emily/MMIP/week5/quiz1/data/gallery/deer/00182.png
Triplet,/home/emily/MMIP/week5/quiz1/data/query/deer/00030.png,deer,0.8206069469451904,0.8096362352371216,0.010970711708068848,1,/home/emily/MMIP/week5/quiz1/data/gallery/deer/00461.png
Triplet,/home/emily/MMIP/week5/quiz1/data/query/deer/00031.png,deer,0.8254913091659546,0.8132139444351196,0.012277364730834961,1,/home/emily/MMIP/week5/quiz1/data/gallery/deer/00605.png
Triplet,/home/emily/MMIP/week5/quiz1/data/query/deer/00032.png,deer,0.8160837888717651,0.8022815585136414,0.01380223035812378,1,/home/emily/MMIP/week5/quiz1/data/gallery/deer/00011.png
Triplet,/home/emily/MMIP/week5/quiz1/data/query/deer/00033.png,deer,0.8218900561332703,0.8139804601669312,0.007909595966339111,1,/home/emily/MMIP/week5/quiz1/data/gallery/deer/00025.png
Triplet,/home/emily/MMIP/week5/quiz1/data/query/deer/00034.png,deer,0.8320698738098145,0.8220259547233582,0.010043919086456299,1,/home/emily/MMIP/week5/quiz1/data/gallery/deer/00095.png
Triplet,/home/emily/MMIP/week5/quiz1/data/query/deer/00035.png,deer,0.8182317018508911,0.8197734355926514,-0.001541733741760254,4,/home/emily/MMIP/week5/quiz1/data/gallery/deer/00858.png
Triplet,/home/emily/MMIP/week5/quiz1/data/query/deer/00036.png,deer,0.8196017146110535,0.8211303949356079,-0.0015286803245544434,2,/home/emily/MMIP/week5/quiz1/data/gallery/deer/00535.png
Triplet,/home/emily/MMIP/week5/quiz1/data/query/deer/00037.png,deer,0.8380602598190308,0.8188573122024536,0.01920294761657715,1,/home/emily/MMIP/week5/quiz1/data/gallery/deer/00886.png
Triplet,/home/emily/MMIP/week5/quiz1/data/query/deer/00038.png,deer,0.8889585733413696,0.7938650846481323,0.0950934886932373,1,/home/emily/MMIP/week5/quiz1/data/gallery/deer/00015.png
Triplet,/home/emily/MMIP/week5/quiz1/data/query/deer/00039.png,deer,0.8451260328292847,0.8085579872131348,0.0365680456161499,1,/home/emily/MMIP/week5/quiz1/data/gallery/deer/00330.png
Triplet,/home/emily/MMIP/week5/quiz1/data/query/deer/00040.png,deer,0.8164006471633911,0.803338885307312,0.013061761856079102,1,/home/emily/MMIP/week5/quiz1/data/gallery/deer/00263.png
Triplet,/home/emily/MMIP/week5/quiz1/data/query/deer/00041.png,deer,0.8109209537506104,0.8337496519088745,-0.02282869815826416,56,/home/emily/MMIP/week5/quiz1/data/gallery/deer/00429.png
Triplet,/home/emily/MMIP/week5/quiz1/data/query/deer/00042.png,deer,0.8081814050674438,0.812087893486023,-0.0039064884185791016,3,/home/emily/MMIP/week5/quiz1/data/gallery/deer/00625.png
Triplet,/home/emily/MMIP/week5/quiz1/data/query/deer/00043.png,deer,0.863531231880188,0.8078280687332153,0.055703163146972656,1,/home/emily/MMIP/week5/quiz1/data/gallery/deer/00124.png
Triplet,/home/emily/MMIP/week5/quiz1/data/query/deer/00044.png,deer,0.8157706260681152,0.7871731519699097,0.028597474098205566,1,/home/emily/MMIP/week5/quiz1/data/gallery/deer/00971.png
Triplet,/home/emily/MMIP/week5/quiz1/data/query/deer/00045.png,deer,0.833250880241394,0.8123548030853271,0.020896077156066895,1,/home/emily/MMIP/week5/quiz1/data/gallery/deer/00358.png
Triplet,/home/emily/MMIP/week5/quiz1/data/query/deer/00046.png,deer,0.8434022068977356,0.810310423374176,0.03309178352355957,1,/home/emily/MMIP/week5/quiz1/data/gallery/deer/00775.png
Triplet,/home/emily/MMIP/week5/quiz1/data/query/deer/00047.png,deer,0.8652400970458984,0.8006889820098877,0.06455111503601074,1,/home/emily/MMIP/week5/quiz1/data/gallery/deer/00966.png
Triplet,/home/emily/MMIP/week5/quiz1/data/query/deer/00048.png,deer,0.8483248949050903,0.824586808681488,0.023738086223602295,1,/home/emily/MMIP/week5/quiz1/data/gallery/deer/00145.png
Triplet,/home/emily/MMIP/week5/quiz1/data/query/deer/00049.png,deer,0.8356959819793701,0.828157901763916,0.0075380802154541016,1,/home/emily/MMIP/week5/quiz1/data/gallery/deer/00163.png
Triplet,/home/emily/MMIP/week5/quiz1/data/query/deer/00050.png,deer,0.8211176991462708,0.813117265701294,0.008000433444976807,1,/home/emily/MMIP/week5/quiz1/data/gallery/deer/00931.png
Triplet,/home/emily/MMIP/week5/quiz1/data/query/deer/00051.png,deer,0.8291791677474976,0.8063417077064514,0.022837460041046143,1,/home/emily/MMIP/week5/quiz1/data/gallery/deer/00169.png
Triplet,/home/emily/MMIP/week5/quiz1/data/query/deer/00052.png,deer,0.9023323059082031,0.7994253635406494,0.10290694236755371,1,/home/emily/MMIP/week5/quiz1/data/gallery/deer/00520.png
Triplet,/home/emily/MMIP/week5/quiz1/data/query/deer/00053.png,deer,0.8619668483734131,0.8280061483383179,0.033960700035095215,1,/home/emily/MMIP/week5/quiz1/data/gallery/deer/00698.png
Triplet,/home/emily/MMIP/week5/quiz1/data/query/deer/00054.png,deer,0.8661916851997375,0.806789755821228,0.05940192937850952,1,/home/emily/MMIP/week5/quiz1/data/gallery/deer/00632.png
Triplet,/home/emily/MMIP/week5/quiz1/data/query/deer/00055.png,deer,0.8399989604949951,0.8246421813964844,0.015356779098510742,1,/home/emily/MMIP/week5/quiz1/data/gallery/deer/00873.png
Triplet,/home/emily/MMIP/week5/quiz1/data/query/deer/00056.png,deer,0.8328971862792969,0.8088897466659546,0.024007439613342285,1,/home/emily/MMIP/week5/quiz1/data/gallery/deer/00258.png
Triplet,/home/emily/MMIP/week5/quiz1/data/query/deer/00057.png,deer,0.8460303544998169,0.8149075508117676,0.031122803688049316,1,/home/emily/MMIP/week5/quiz1/data/gallery/deer/00008.png
Triplet,/home/emily/MMIP/week5/quiz1/data/query/deer/00058.png,deer,0.8072751760482788,0.8404161930084229,-0.03314101696014404,8,/home/emily/MMIP/week5/quiz1/data/gallery/deer/00566.png
Triplet,/home/emily/MMIP/week5/quiz1/data/query/deer/00059.png,deer,0.8244549036026001,0.8544331789016724,-0.029978275299072266,7,/home/emily/MMIP/week5/quiz1/data/gallery/deer/00904.png
Triplet,/home/emily/MMIP/week5/quiz1/data/query/deer/00060.png,deer,0.8373422622680664,0.8194940686225891,0.017848193645477295,1,/home/emily/MMIP/week5/quiz1/data/gallery/deer/00011.png
Triplet,/home/emily/MMIP/week5/quiz1/data/query/deer/00061.png,deer,0.8262423872947693,0.8211976289749146,0.005044758319854736,1,/home/emily/MMIP/week5/quiz1/data/gallery/deer/00234.png
Triplet,/home/emily/MMIP/week5/quiz1/data/query/deer/00062.png,deer,0.8212833404541016,0.8281964659690857,-0.006913125514984131,2,/home/emily/MMIP/week5/quiz1/data/gallery/deer/00508.png
Triplet,/home/emily/MMIP/week5/quiz1/data/query/deer/00063.png,deer,0.8276966214179993,0.8058990836143494,0.021797537803649902,1,/home/emily/MMIP/week5/quiz1/data/gallery/deer/00393.png
Triplet,/home/emily/MMIP/week5/quiz1/data/query/deer/00064.png,deer,0.8479610085487366,0.8176182508468628,0.03034275770187378,1,/home/emily/MMIP/week5/quiz1/data/gallery/deer/00696.png
Triplet,/home/emily/MMIP/week5/quiz1/data/query/deer/00065.png,deer,0.8160268068313599,0.8265433311462402,-0.010516524314880371,4,/home/emily/MMIP/week5/quiz1/data/gallery/deer/00304.png
Triplet,/home/emily/MMIP/week5/quiz1/data/query/deer/00066.png,deer,0.8199114799499512,0.8533337116241455,-0.033422231674194336,28,/home/emily/MMIP/week5/quiz1/data/gallery/deer/00179.png
Triplet,/home/emily/MMIP/week5/quiz1/data/query/deer/00067.png,deer,0.8117404580116272,0.8114008903503418,0.0003395676612854004,1,/home/emily/MMIP/week5/quiz1/data/gallery/deer/00264.png
Triplet,/home/emily/MMIP/week5/quiz1/data/query/deer/00068.png,deer,0.8255678415298462,0.815444827079773,0.010123014450073242,1,/home/emily/MMIP/week5/quiz1/data/gallery/deer/00037.png
Triplet,/home/emily/MMIP/week5/quiz1/data/query/deer/00069.png,deer,0.8697342276573181,0.8268059492111206,0.04292827844619751,1,/home/emily/MMIP/week5/quiz1/data/gallery/deer/00666.png
Triplet,/home/emily/MMIP/week5/quiz1/data/query/deer/00070.png,deer,0.8115867376327515,0.8033353686332703,0.008251368999481201,1,/home/emily/MMIP/week5/quiz1/data/gallery/deer/00396.png
Triplet,/home/emily/MMIP/week5/quiz1/data/query/deer/00071.png,deer,0.8713678121566772,0.7994824647903442,0.07188534736633301,1,/home/emily/MMIP/week5/quiz1/data/gallery/deer/00226.png
Triplet,/home/emily/MMIP/week5/quiz1/data/query/deer/00072.png,deer,0.8374135494232178,0.8225558400154114,0.014857709407806396,1,/home/emily/MMIP/week5/quiz1/data/gallery/deer/00008.png
Triplet,/home/emily/MMIP/week5/quiz1/data/query/deer/00073.png,deer,0.8328166604042053,0.8190990686416626,0.013717591762542725,1,/home/emily/MMIP/week5/quiz1/data/gallery/deer/00485.png
Triplet,/home/emily/MMIP/week5/quiz1/data/query/deer/00074.png,deer,0.8620890378952026,0.8140314817428589,0.04805755615234375,1,/home/emily/MMIP/week5/quiz1/data/gallery/deer/00211.png
Triplet,/home/emily/MMIP/week5/quiz1/data/query/deer/00075.png,deer,0.8053430914878845,0.8094393014907837,-0.00409621000289917,2,/home/emily/MMIP/week5/quiz1/data/gallery/deer/00249.png
Triplet,/home/emily/MMIP/week5/quiz1/data/query/deer/00076.png,deer,0.8484808206558228,0.7956154942512512,0.05286532640457153,1,/home/emily/MMIP/week5/quiz1/data/gallery/deer/00251.png
Triplet,/home/emily/MMIP/week5/quiz1/data/query/deer/00077.png,deer,0.865693211555481,0.8164573311805725,0.04923588037490845,1,/home/emily/MMIP/week5/quiz1/data/gallery/deer/00966.png
Triplet,/home/emily/MMIP/week5/quiz1/data/query/deer/00078.png,deer,0.882013201713562,0.817383885383606,0.06462931632995605,1,/home/emily/MMIP/week5/quiz1/data/gallery/deer/00141.png
Triplet,/home/emily/MMIP/week5/quiz1/data/query/deer/00079.png,deer,0.8790649771690369,0.8024400472640991,0.07662492990493774,1,/home/emily/MMIP/week5/quiz1/data/gallery/deer/00966.png
Triplet,/home/emily/MMIP/week5/quiz1/data/query/deer/00080.png,deer,0.8075764179229736,0.8162628412246704,-0.008686423301696777,9,/home/emily/MMIP/week5/quiz1/data/gallery/deer/00025.png
Triplet,/home/emily/MMIP/week5/quiz1/data/query/deer/00081.png,deer,0.8427767753601074,0.8148413896560669,0.027935385704040527,1,/home/emily/MMIP/week5/quiz1/data/gallery/deer/00156.png
Triplet,/home/emily/MMIP/week5/quiz1/data/query/deer/00082.png,deer,0.8289469480514526,0.8125511407852173,0.01639580726623535,1,/home/emily/MMIP/week5/quiz1/data/gallery/deer/00963.png
Triplet,/home/emily/MMIP/week5/quiz1/data/query/deer/00083.png,deer,0.8358026742935181,0.8246352672576904,0.011167407035827637,1,/home/emily/MMIP/week5/quiz1/data/gallery/deer/00070.png
Triplet,/home/emily/MMIP/week5/quiz1/data/query/deer/00084.png,deer,0.8498175144195557,0.8221643567085266,0.027653157711029053,1,/home/emily/MMIP/week5/quiz1/data/gallery/deer/00829.png
Triplet,/home/emily/MMIP/week5/quiz1/data/query/deer/00085.png,deer,0.8430418968200684,0.8152568340301514,0.027785062789916992,1,/home/emily/MMIP/week5/quiz1/data/gallery/deer/00380.png
Triplet,/home/emily/MMIP/week5/quiz1/data/query/deer/00086.png,deer,0.8762516379356384,0.768983006477356,0.10726863145828247,1,/home/emily/MMIP/week5/quiz1/data/gallery/deer/00956.png
Triplet,/home/emily/MMIP/week5/quiz1/data/query/deer/00087.png,deer,0.8284645080566406,0.8109772205352783,0.017487287521362305,1,/home/emily/MMIP/week5/quiz1/data/gallery/deer/00847.png
Triplet,/home/emily/MMIP/week5/quiz1/data/query/deer/00088.png,deer,0.8677420616149902,0.7658063173294067,0.1019357442855835,1,/home/emily/MMIP/week5/quiz1/data/gallery/deer/00266.png
Triplet,/home/emily/MMIP/week5/quiz1/data/query/deer/00089.png,deer,0.8234212398529053,0.8320627212524414,-0.008641481399536133,4,/home/emily/MMIP/week5/quiz1/data/gallery/deer/00056.png
Triplet,/home/emily/MMIP/week5/quiz1/data/query/deer/00090.png,deer,0.8426001667976379,0.8032436370849609,0.039356529712677,1,/home/emily/MMIP/week5/quiz1/data/gallery/deer/00962.png
Triplet,/home/emily/MMIP/week5/quiz1/data/query/deer/00091.png,deer,0.8699744939804077,0.7792489528656006,0.09072554111480713,1,/home/emily/MMIP/week5/quiz1/data/gallery/deer/00966.png
Triplet,/home/emily/MMIP/week5/quiz1/data/query/deer/00092.png,deer,0.8081549406051636,0.8165445327758789,-0.008389592170715332,2,/home/emily/MMIP/week5/quiz1/data/gallery/deer/00540.png
Triplet,/home/emily/MMIP/week5/quiz1/data/query/deer/00093.png,deer,0.8273131847381592,0.8323286771774292,-0.0050154924392700195,2,/home/emily/MMIP/week5/quiz1/data/gallery/deer/00120.png
Triplet,/home/emily/MMIP/week5/quiz1/data/query/deer/00094.png,deer,0.8502415418624878,0.8153235912322998,0.03491795063018799,1,/home/emily/MMIP/week5/quiz1/data/gallery/deer/00833.png
Triplet,/home/emily/MMIP/week5/quiz1/data/query/deer/00095.png,deer,0.7999376058578491,0.8525098562240601,-0.05257225036621094,208,/home/emily/MMIP/week5/quiz1/data/gallery/deer/00342.png
Triplet,/home/emily/MMIP/week5/quiz1/data/query/deer/00096.png,deer,0.797653317451477,0.8166109323501587,-0.01895761489868164,11,/home/emily/MMIP/week5/quiz1/data/gallery/deer/00208.png
Triplet,/home/emily/MMIP/week5/quiz1/data/query/deer/00097.png,deer,0.8139892816543579,0.8621542453765869,-0.048164963722229004,353,/home/emily/MMIP/week5/quiz1/data/gallery/deer/00569.png
Triplet,/home/emily/MMIP/week5/quiz1/data/query/deer/00098.png,deer,0.8138906955718994,0.8136274814605713,0.000263214111328125,1,/home/emily/MMIP/week5/quiz1/data/gallery/deer/00909.png
Triplet,/home/emily/MMIP/week5/quiz1/data/query/deer/00099.png,deer,0.8352854251861572,0.7920601963996887,0.043225228786468506,1,/home/emily/MMIP/week5/quiz1/data/gallery/deer/00824.png
Triplet,/home/emily/MMIP/week5/quiz1/data/query/dog/00000.png,dog,0.8387341499328613,0.8111456036567688,0.02758854627609253,1,/home/emily/MMIP/week5/quiz1/data/gallery/dog/00998.png
Triplet,/home/emily/MMIP/week5/quiz1/data/query/dog/00001.png,dog,0.8646081686019897,0.785789430141449,0.07881873846054077,1,/home/emily/MMIP/week5/quiz1/data/gallery/dog/00844.png
Triplet,/home/emily/MMIP/week5/quiz1/data/query/dog/00002.png,dog,0.8328826427459717,0.816329836845398,0.01655280590057373,1,/home/emily/MMIP/week5/quiz1/data/gallery/dog/00358.png
Triplet,/home/emily/MMIP/week5/quiz1/data/query/dog/00003.png,dog,0.853168249130249,0.8179248571395874,0.03524339199066162,1,/home/emily/MMIP/week5/quiz1/data/gallery/dog/00756.png
Triplet,/home/emily/MMIP/week5/quiz1/data/query/dog/00004.png,dog,0.8161713480949402,0.8083709478378296,0.007800400257110596,1,/home/emily/MMIP/week5/quiz1/data/gallery/dog/00130.png
Triplet,/home/emily/MMIP/week5/quiz1/data/query/dog/00005.png,dog,0.8786748051643372,0.7942588329315186,0.0844159722328186,1,/home/emily/MMIP/week5/quiz1/data/gallery/dog/00962.png
Triplet,/home/emily/MMIP/week5/quiz1/data/query/dog/00006.png,dog,0.8207986354827881,0.799680233001709,0.0211184024810791,1,/home/emily/MMIP/week5/quiz1/data/gallery/dog/00107.png
Triplet,/home/emily/MMIP/week5/quiz1/data/query/dog/00007.png,dog,0.8338361978530884,0.8055124878883362,0.028323709964752197,1,/home/emily/MMIP/week5/quiz1/data/gallery/dog/00877.png
Triplet,/home/emily/MMIP/week5/quiz1/data/query/dog/00008.png,dog,0.8258448243141174,0.8044872283935547,0.021357595920562744,1,/home/emily/MMIP/week5/quiz1/data/gallery/dog/00308.png
Triplet,/home/emily/MMIP/week5/quiz1/data/query/dog/00009.png,dog,0.831672728061676,0.826813280582428,0.004859447479248047,1,/home/emily/MMIP/week5/quiz1/data/gallery/dog/00523.png
Triplet,/home/emily/MMIP/week5/quiz1/data/query/dog/00010.png,dog,0.8438650965690613,0.8065181970596313,0.03734689950942993,1,/home/emily/MMIP/week5/quiz1/data/gallery/dog/00914.png
Triplet,/home/emily/MMIP/week5/quiz1/data/query/dog/00011.png,dog,0.815462589263916,0.8217238783836365,-0.006261289119720459,5,/home/emily/MMIP/week5/quiz1/data/gallery/dog/00347.png
Triplet,/home/emily/MMIP/week5/quiz1/data/query/dog/00012.png,dog,0.8579393625259399,0.8099209666252136,0.04801839590072632,1,/home/emily/MMIP/week5/quiz1/data/gallery/dog/00733.png
Triplet,/home/emily/MMIP/week5/quiz1/data/query/dog/00013.png,dog,0.8238136768341064,0.8219996690750122,0.0018140077590942383,1,/home/emily/MMIP/week5/quiz1/data/gallery/dog/00687.png
Triplet,/home/emily/MMIP/week5/quiz1/data/query/dog/00014.png,dog,0.8732050657272339,0.8010797500610352,0.07212531566619873,1,/home/emily/MMIP/week5/quiz1/data/gallery/dog/00800.png
Triplet,/home/emily/MMIP/week5/quiz1/data/query/dog/00015.png,dog,0.8360737562179565,0.8356493711471558,0.00042438507080078125,1,/home/emily/MMIP/week5/quiz1/data/gallery/dog/00185.png
Triplet,/home/emily/MMIP/week5/quiz1/data/query/dog/00016.png,dog,0.8731884360313416,0.8024436831474304,0.07074475288391113,1,/home/emily/MMIP/week5/quiz1/data/gallery/dog/00797.png
Triplet,/home/emily/MMIP/week5/quiz1/data/query/dog/00017.png,dog,0.8549659848213196,0.8003101348876953,0.05465584993362427,1,/home/emily/MMIP/week5/quiz1/data/gallery/dog/00844.png
Triplet,/home/emily/MMIP/week5/quiz1/data/query/dog/00018.png,dog,0.8512505292892456,0.8384175300598145,0.012832999229431152,1,/home/emily/MMIP/week5/quiz1/data/gallery/dog/00713.png
Triplet,/home/emily/MMIP/week5/quiz1/data/query/dog/00019.png,dog,0.841025173664093,0.8110077381134033,0.030017435550689697,1,/home/emily/MMIP/week5/quiz1/data/gallery/dog/00543.png
Triplet,/home/emily/MMIP/week5/quiz1/data/query/dog/00020.png,dog,0.8576368093490601,0.810099720954895,0.04753708839416504,1,/home/emily/MMIP/week5/quiz1/data/gallery/dog/00872.png
Triplet,/home/emily/MMIP/week5/quiz1/data/query/dog/00021.png,dog,0.8459765911102295,0.801022469997406,0.044954121112823486,1,/home/emily/MMIP/week5/quiz1/data/gallery/dog/00343.png
Triplet,/home/emily/MMIP/week5/quiz1/data/query/dog/00022.png,dog,0.8047878742218018,0.8180704116821289,-0.013282537460327148,5,/home/emily/MMIP/week5/quiz1/data/gallery/dog/00448.png
Triplet,/home/emily/MMIP/week5/quiz1/data/query/dog/00023.png,dog,0.8421539664268494,0.818608820438385,0.023545145988464355,1,/home/emily/MMIP/week5/quiz1/data/gallery/dog/00523.png
Triplet,/home/emily/MMIP/week5/quiz1/data/query/dog/00024.png,dog,0.8418671488761902,0.8236280679702759,0.018239080905914307,1,/home/emily/MMIP/week5/quiz1/data/gallery/dog/00091.png
Triplet,/home/emily/MMIP/week5/quiz1/data/query/dog/00025.png,dog,0.8389267921447754,0.8148403167724609,0.024086475372314453,1,/home/emily/MMIP/week5/quiz1/data/gallery/dog/00822.png
Triplet,/home/emily/MMIP/week5/quiz1/data/query/dog/00026.png,dog,0.8472222089767456,0.8101048469543457,0.0371173620223999,1,/home/emily/MMIP/week5/quiz1/data/gallery/dog/00158.png
Triplet,/home/emily/MMIP/week5/quiz1/data/query/dog/00027.png,dog,0.8149226903915405,0.8159934878349304,-0.0010707974433898926,2,/home/emily/MMIP/week5/quiz1/data/gallery/dog/00931.png
Triplet,/home/emily/MMIP/week5/quiz1/data/query/dog/00028.png,dog,0.8487003445625305,0.8286913633346558,0.020008981227874756,1,/home/emily/MMIP/week5/quiz1/data/gallery/dog/00476.png
Triplet,/home/emily/MMIP/week5/quiz1/data/query/dog/00029.png,dog,0.8511518239974976,0.8000864386558533,0.05106538534164429,1,/home/emily/MMIP/week5/quiz1/data/gallery/dog/00439.png
Triplet,/home/emily/MMIP/week5/quiz1/data/query/dog/00030.png,dog,0.8317851424217224,0.8162529468536377,0.015532195568084717,1,/home/emily/MMIP/week5/quiz1/data/gallery/dog/00957.png
Triplet,/home/emily/MMIP/week5/quiz1/data/query/dog/00031.png,dog,0.8404695987701416,0.823283314704895,0.017186284065246582,1,/home/emily/MMIP/week5/quiz1/data/gallery/dog/00604.png
Triplet,/home/emily/MMIP/week5/quiz1/data/query/dog/00032.png,dog,0.8647677898406982,0.8197821378707886,0.04498565196990967,1,/home/emily/MMIP/week5/quiz1/data/gallery/dog/00172.png
Triplet,/home/emily/MMIP/week5/quiz1/data/query/dog/00033.png,dog,0.8292038440704346,0.8338512182235718,-0.004647374153137207,2,/home/emily/MMIP/week5/quiz1/data/gallery/dog/00006.png
Triplet,/home/emily/MMIP/week5/quiz1/data/query/dog/00034.png,dog,0.8736958503723145,0.8315218687057495,0.04217398166656494,1,/home/emily/MMIP/week5/quiz1/data/gallery/dog/00665.png
Triplet,/home/emily/MMIP/week5/quiz1/data/query/dog/00035.png,dog,0.8617370128631592,0.803260326385498,0.05847668647766113,1,/home/emily/MMIP/week5/quiz1/data/gallery/dog/00783.png
Triplet,/home/emily/MMIP/week5/quiz1/data/query/dog/00036.png,dog,0.8389912843704224,0.8158222436904907,0.02316904067993164,1,/home/emily/MMIP/week5/quiz1/data/gallery/dog/00724.png
Triplet,/home/emily/MMIP/week5/quiz1/data/query/dog/00037.png,dog,0.8286999464035034,0.830683171749115,-0.0019832253456115723,2,/home/emily/MMIP/week5/quiz1/data/gallery/dog/00735.png
Triplet,/home/emily/MMIP/week5/quiz1/data/query/dog/00038.png,dog,0.8297637701034546,0.8319762945175171,-0.0022125244140625,4,/home/emily/MMIP/week5/quiz1/data/gallery/dog/00843.png
Triplet,/home/emily/MMIP/week5/quiz1/data/query/dog/00039.png,dog,0.8559818267822266,0.8262048363685608,0.02977699041366577,1,/home/emily/MMIP/week5/quiz1/data/gallery/dog/00615.png
Triplet,/home/emily/MMIP/week5/quiz1/data/query/dog/00040.png,dog,0.7954670190811157,0.8316673636436462,-0.03620034456253052,8,/home/emily/MMIP/week5/quiz1/data/gallery/dog/00600.png
Triplet,/home/emily/MMIP/week5/quiz1/data/query/dog/00041.png,dog,0.8322636485099792,0.8016533255577087,0.030610322952270508,1,/home/emily/MMIP/week5/quiz1/data/gallery/dog/00578.png
Triplet,/home/emily/MMIP/week5/quiz1/data/query/dog/00042.png,dog,0.8953595757484436,0.8066641092300415,0.0886954665184021,1,/home/emily/MMIP/week5/quiz1/data/gallery/dog/00075.png
Triplet,/home/emily/MMIP/week5/quiz1/data/query/dog/00043.png,dog,0.8314824104309082,0.799089252948761,0.03239315748214722,1,/home/emily/MMIP/week5/quiz1/data/gallery/dog/00003.png
Triplet,/home/emily/MMIP/week5/quiz1/data/query/dog/00044.png,dog,0.8118884563446045,0.8257443904876709,-0.013855934143066406,5,/home/emily/MMIP/week5/quiz1/data/gallery/dog/00459.png
Triplet,/home/emily/MMIP/week5/quiz1/data/query/dog/00045.png,dog,0.8185964822769165,0.8104640245437622,0.008132457733154297,1,/home/emily/MMIP/week5/quiz1/data/gallery/dog/00078.png
Triplet,/home/emily/MMIP/week5/quiz1/data/query/dog/00046.png,dog,0.8509117364883423,0.8261733055114746,0.024738430976867676,1,/home/emily/MMIP/week5/quiz1/data/gallery/dog/00731.png
Triplet,/home/emily/MMIP/week5/quiz1/data/query/dog/00047.png,dog,0.8162850141525269,0.8380074501037598,-0.02172243595123291,9,/home/emily/MMIP/week5/quiz1/data/gallery/dog/00647.png
Triplet,/home/emily/MMIP/week5/quiz1/data/query/dog/00048.png,dog,0.8390449285507202,0.8071932792663574,0.03185164928436279,1,/home/emily/MMIP/week5/quiz1/data/gallery/dog/00494.png
Triplet,/home/emily/MMIP/week5/quiz1/data/query/dog/00049.png,dog,0.9015008211135864,0.8078862428665161,0.09361457824707031,1,/home/emily/MMIP/week5/quiz1/data/gallery/dog/00042.png
Triplet,/home/emily/MMIP/week5/quiz1/data/query/dog/00050.png,dog,0.8306522369384766,0.811029314994812,0.01962292194366455,1,/home/emily/MMIP/week5/quiz1/data/gallery/dog/00341.png
Triplet,/home/emily/MMIP/week5/quiz1/data/query/dog/00051.png,dog,0.8286875486373901,0.8156659603118896,0.013021588325500488,1,/home/emily/MMIP/week5/quiz1/data/gallery/dog/00166.png
Triplet,/home/emily/MMIP/week5/quiz1/data/query/dog/00052.png,dog,0.8188821077346802,0.8093357086181641,0.009546399116516113,1,/home/emily/MMIP/week5/quiz1/data/gallery/dog/00489.png
Triplet,/home/emily/MMIP/week5/quiz1/data/query/dog/00053.png,dog,0.8289600610733032,0.834185004234314,-0.005224943161010742,2,/home/emily/MMIP/week5/quiz1/data/gallery/dog/00612.png
Triplet,/home/emily/MMIP/week5/quiz1/data/query/dog/00054.png,dog,0.8972045183181763,0.8151897192001343,0.08201479911804199,1,/home/emily/MMIP/week5/quiz1/data/gallery/dog/00034.png
Triplet,/home/emily/MMIP/week5/quiz1/data/query/dog/00055.png,dog,0.8686701655387878,0.8047391772270203,0.06393098831176758,1,/home/emily/MMIP/week5/quiz1/data/gallery/dog/00149.png
Triplet,/home/emily/MMIP/week5/quiz1/data/query/dog/00056.png,dog,0.812676727771759,0.8086115717887878,0.004065155982971191,1,/home/emily/MMIP/week5/quiz1/data/gallery/dog/00489.png
Triplet,/home/emily/MMIP/week5/quiz1/data/query/dog/00057.png,dog,0.8314847946166992,0.8144490718841553,0.017035722732543945,1,/home/emily/MMIP/week5/quiz1/data/gallery/dog/00795.png
Triplet,/home/emily/MMIP/week5/quiz1/data/query/dog/00058.png,dog,0.8253875970840454,0.8314762115478516,-0.006088614463806152,2,/home/emily/MMIP/week5/quiz1/data/gallery/dog/00653.png
Triplet,/home/emily/MMIP/week5/quiz1/data/query/dog/00059.png,dog,0.8505202531814575,0.8087964057922363,0.04172384738922119,1,/home/emily/MMIP/week5/quiz1/data/gallery/dog/00724.png
Triplet,/home/emily/MMIP/week5/quiz1/data/query/dog/00060.png,dog,0.86558997631073,0.8094174265861511,0.05617254972457886,1,/home/emily/MMIP/week5/quiz1/data/gallery/dog/00332.png
Triplet,/home/emily/MMIP/week5/quiz1/data/query/dog/00061.png,dog,0.8285515904426575,0.8348062038421631,-0.006254613399505615,2,/home/emily/MMIP/week5/quiz1/data/gallery/dog/00168.png
Triplet,/home/emily/MMIP/week5/quiz1/data/query/dog/00062.png,dog,0.8527231812477112,0.8148969411849976,0.03782624006271362,1,/home/emily/MMIP/week5/quiz1/data/gallery/dog/00743.png
Triplet,/home/emily/MMIP/week5/quiz1/data/query/dog/00063.png,dog,0.8748142719268799,0.794304609298706,0.08050966262817383,1,/home/emily/MMIP/week5/quiz1/data/gallery/dog/00756.png
Triplet,/home/emily/MMIP/week5/quiz1/data/query/dog/00064.png,dog,0.8165280222892761,0.8046466708183289,0.011881351470947266,1,/home/emily/MMIP/week5/quiz1/data/gallery/dog/00417.png
Triplet,/home/emily/MMIP/week5/quiz1/data/query/dog/00065.png,dog,0.8189526796340942,0.8006169199943542,0.01833575963973999,1,/home/emily/MMIP/week5/quiz1/data/gallery/dog/00424.png
Triplet,/home/emily/MMIP/week5/quiz1/data/query/dog/00066.png,dog,0.8270037174224854,0.8150365352630615,0.011967182159423828,1,/home/emily/MMIP/week5/quiz1/data/gallery/dog/00175.png
Triplet,/home/emily/MMIP/week5/quiz1/data/query/dog/00067.png,dog,0.8800150156021118,0.8212199211120605,0.05879509449005127,1,/home/emily/MMIP/week5/quiz1/data/gallery/dog/00090.png
Triplet,/home/emily/MMIP/week5/quiz1/data/query/dog/00068.png,dog,0.8316147327423096,0.8222001791000366,0.00941455364227295,1,/home/emily/MMIP/week5/quiz1/data/gallery/dog/00244.png
Triplet,/home/emily/MMIP/week5/quiz1/data/query/dog/00069.png,dog,0.805823802947998,0.7939377427101135,0.011886060237884521,1,/home/emily/MMIP/week5/quiz1/data/gallery/dog/00786.png
Triplet,/home/emily/MMIP/week5/quiz1/data/query/dog/00070.png,dog,0.8608123064041138,0.7926105260848999,0.06820178031921387,1,/home/emily/MMIP/week5/quiz1/data/gallery/dog/00294.png
Triplet,/home/emily/MMIP/week5/quiz1/data/query/dog/00071.png,dog,0.8305084109306335,0.8163394927978516,0.014168918132781982,1,/home/emily/MMIP/week5/quiz1/data/gallery/dog/00420.png
Triplet,/home/emily/MMIP/week5/quiz1/data/query/dog/00072.png,dog,0.8357548713684082,0.8335651159286499,0.0021897554397583008,1,/home/emily/MMIP/week5/quiz1/data/gallery/dog/00318.png
Triplet,/home/emily/MMIP/week5/quiz1/data/query/dog/00073.png,dog,0.807361364364624,0.80068039894104,0.006680965423583984,1,/home/emily/MMIP/week5/quiz1/data/gallery/dog/00032.png
Triplet,/home/emily/MMIP/week5/quiz1/data/query/dog/00074.png,dog,0.806499719619751,0.8264127969741821,-0.019913077354431152,35,/home/emily/MMIP/week5/quiz1/data/gallery/dog/00957.png
Triplet,/home/emily/MMIP/week5/quiz1/data/query/dog/00075.png,dog,0.8162925243377686,0.825577974319458,-0.009285449981689453,4,/home/emily/MMIP/week5/quiz1/data/gallery/dog/00912.png
Triplet,/home/emily/MMIP/week5/quiz1/data/query/dog/00076.png,dog,0.8570688962936401,0.8128407001495361,0.044228196144104004,1,/home/emily/MMIP/week5/quiz1/data/gallery/dog/00829.png
Triplet,/home/emily/MMIP/week5/quiz1/data/query/dog/00077.png,dog,0.8181178569793701,0.8236739635467529,-0.0055561065673828125,3,/home/emily/MMIP/week5/quiz1/data/gallery/dog/00271.png
Triplet,/home/emily/MMIP/week5/quiz1/data/query/dog/00078.png,dog,0.8361111879348755,0.8042668104171753,0.031844377517700195,1,/home/emily/MMIP/week5/quiz1/data/gallery/dog/00352.png
Triplet,/home/emily/MMIP/week5/quiz1/data/query/dog/00079.png,dog,0.8400881290435791,0.80980384349823,0.03028428554534912,1,/home/emily/MMIP/week5/quiz1/data/gallery/dog/00992.png
Triplet,/home/emily/MMIP/week5/quiz1/data/query/dog/00080.png,dog,0.8480445146560669,0.8092331886291504,0.038811326026916504,1,/home/emily/MMIP/week5/quiz1/data/gallery/dog/00523.png
Triplet,/home/emily/MMIP/week5/quiz1/data/query/dog/00081.png,dog,0.8257911205291748,0.8177363872528076,0.008054733276367188,1,/home/emily/MMIP/week5/quiz1/data/gallery/dog/00053.png
Triplet,/home/emily/MMIP/week5/quiz1/data/query/dog/00082.png,dog,0.8099861145019531,0.8257714509963989,-0.0157853364944458,2,/home/emily/MMIP/week5/quiz1/data/gallery/dog/00453.png
Triplet,/home/emily/MMIP/week5/quiz1/data/query/dog/00083.png,dog,0.8403632044792175,0.8508415222167969,-0.010478317737579346,2,/home/emily/MMIP/week5/quiz1/data/gallery/dog/00728.png
Triplet,/home/emily/MMIP/week5/quiz1/data/query/dog/00084.png,dog,0.8395602703094482,0.8190423846244812,0.02051788568496704,1,/home/emily/MMIP/week5/quiz1/data/gallery/dog/00586.png
Triplet,/home/emily/MMIP/week5/quiz1/data/query/dog/00085.png,dog,0.8060781955718994,0.8047509789466858,0.001327216625213623,1,/home/emily/MMIP/week5/quiz1/data/gallery/dog/00414.png
Triplet,/home/emily/MMIP/week5/quiz1/data/query/dog/00086.png,dog,0.8895825147628784,0.7961362600326538,0.09344625473022461,1,/home/emily/MMIP/week5/quiz1/data/gallery/dog/00814.png
Triplet,/home/emily/MMIP/week5/quiz1/data/query/dog/00087.png,dog,0.8361779451370239,0.803467869758606,0.03271007537841797,1,/home/emily/MMIP/week5/quiz1/data/gallery/dog/00694.png
Triplet,/home/emily/MMIP/week5/quiz1/data/query/dog/00088.png,dog,0.8248478174209595,0.8033668994903564,0.021480917930603027,1,/home/emily/MMIP/week5/quiz1/data/gallery/dog/00489.png
Triplet,/home/emily/MMIP/week5/quiz1/data/query/dog/00089.png,dog,0.8717979788780212,0.7909984588623047,0.08079952001571655,1,/home/emily/MMIP/week5/quiz1/data/gallery/dog/00894.png
Triplet,/home/emily/MMIP/week5/quiz1/data/query/dog/00090.png,dog,0.8021465539932251,0.8040767908096313,-0.00193023681640625,2,/home/emily/MMIP/week5/quiz1/data/gallery/dog/00046.png
Triplet,/home/emily/MMIP/week5/quiz1/data/query/dog/00091.png,dog,0.8346141576766968,0.815491795539856,0.01912236213684082,1,/home/emily/MMIP/week5/quiz1/data/gallery/dog/00257.png
Triplet,/home/emily/MMIP/week5/quiz1/data/query/dog/00092.png,dog,0.866072416305542,0.8284734487533569,0.03759896755218506,1,/home/emily/MMIP/week5/quiz1/data/gallery/dog/00122.png
Triplet,/home/emily/MMIP/week5/quiz1/data/query/dog/00093.png,dog,0.8659723401069641,0.80521559715271,0.06075674295425415,1,/home/emily/MMIP/week5/quiz1/data/gallery/dog/00669.png
Triplet,/home/emily/MMIP/week5/quiz1/data/query/dog/00094.png,dog,0.887235164642334,0.8002434968948364,0.08699166774749756,1,/home/emily/MMIP/week5/quiz1/data/gallery/dog/00922.png
Triplet,/home/emily/MMIP/week5/quiz1/data/query/dog/00095.png,dog,0.8309271931648254,0.8063503503799438,0.024576842784881592,1,/home/emily/MMIP/week5/quiz1/data/gallery/dog/00914.png
Triplet,/home/emily/MMIP/week5/quiz1/data/query/dog/00096.png,dog,0.8796018958091736,0.801723837852478,0.07787805795669556,1,/home/emily/MMIP/week5/quiz1/data/gallery/dog/00933.png
Triplet,/home/emily/MMIP/week5/quiz1/data/query/dog/00097.png,dog,0.8310897350311279,0.8151007890701294,0.015988945960998535,1,/home/emily/MMIP/week5/quiz1/data/gallery/dog/00558.png
Triplet,/home/emily/MMIP/week5/quiz1/data/query/dog/00098.png,dog,0.8211863040924072,0.8077733516693115,0.013412952423095703,1,/home/emily/MMIP/week5/quiz1/data/gallery/dog/00482.png
Triplet,/home/emily/MMIP/week5/quiz1/data/query/dog/00099.png,dog,0.8213107585906982,0.8459348678588867,-0.024624109268188477,5,/home/emily/MMIP/week5/quiz1/data/gallery/dog/00900.png
Triplet,/home/emily/MMIP/week5/quiz1/data/query/frog/00000.png,frog,0.9003455638885498,0.8330933451652527,0.06725221872329712,1,/home/emily/MMIP/week5/quiz1/data/gallery/frog/00495.png
Triplet,/home/emily/MMIP/week5/quiz1/data/query/frog/00001.png,frog,0.8656739592552185,0.8363454937934875,0.029328465461730957,1,/home/emily/MMIP/week5/quiz1/data/gallery/frog/00816.png
Triplet,/home/emily/MMIP/week5/quiz1/data/query/frog/00002.png,frog,0.8468586206436157,0.7980043292045593,0.048854291439056396,1,/home/emily/MMIP/week5/quiz1/data/gallery/frog/00279.png
Triplet,/home/emily/MMIP/week5/quiz1/data/query/frog/00003.png,frog,0.9233670830726624,0.8018151521682739,0.12155193090438843,1,/home/emily/MMIP/week5/quiz1/data/gallery/frog/00667.png
Triplet,/home/emily/MMIP/week5/quiz1/data/query/frog/00004.png,frog,0.8952945470809937,0.827121376991272,0.06817317008972168,1,/home/emily/MMIP/week5/quiz1/data/gallery/frog/00206.png
Triplet,/home/emily/MMIP/week5/quiz1/data/query/frog/00005.png,frog,0.8446174263954163,0.8422704935073853,0.002346932888031006,1,/home/emily/MMIP/week5/quiz1/data/gallery/frog/00267.png
Triplet,/home/emily/MMIP/week5/quiz1/data/query/frog/00006.png,frog,0.8788221478462219,0.7931925058364868,0.08562964200973511,1,/home/emily/MMIP/week5/quiz1/data/gallery/frog/00010.png
Triplet,/home/emily/MMIP/week5/quiz1/data/query/frog/00007.png,frog,0.8400754928588867,0.8342161178588867,0.005859375,1,/home/emily/MMIP/week5/quiz1/data/gallery/frog/00400.png
Triplet,/home/emily/MMIP/week5/quiz1/data/query/frog/00008.png,frog,0.8767122030258179,0.8298376798629761,0.0468745231628418,1,/home/emily/MMIP/week5/quiz1/data/gallery/frog/00089.png
Triplet,/home/emily/MMIP/week5/quiz1/data/query/frog/00009.png,frog,0.8320763111114502,0.8273954391479492,0.0046808719635009766,1,/home/emily/MMIP/week5/quiz1/data/gallery/frog/00860.png
Triplet,/home/emily/MMIP/week5/quiz1/data/query/frog/00010.png,frog,0.8484867215156555,0.8038464784622192,0.04464024305343628,1,/home/emily/MMIP/week5/quiz1/data/gallery/frog/00328.png
Triplet,/home/emily/MMIP/week5/quiz1/data/query/frog/00011.png,frog,0.8352842330932617,0.832891583442688,0.0023926496505737305,1,/home/emily/MMIP/week5/quiz1/data/gallery/frog/00417.png
Triplet,/home/emily/MMIP/week5/quiz1/data/query/frog/00012.png,frog,0.8546078205108643,0.8233654499053955,0.03124237060546875,1,/home/emily/MMIP/week5/quiz1/data/gallery/frog/00583.png
Triplet,/home/emily/MMIP/week5/quiz1/data/query/frog/00013.png,frog,0.8844040632247925,0.810158371925354,0.07424569129943848,1,/home/emily/MMIP/week5/quiz1/data/gallery/frog/00337.png
Triplet,/home/emily/MMIP/week5/quiz1/data/query/frog/00014.png,frog,0.8483946323394775,0.8310232162475586,0.017371416091918945,1,/home/emily/MMIP/week5/quiz1/data/gallery/frog/00290.png
Triplet,/home/emily/MMIP/week5/quiz1/data/query/frog/00015.png,frog,0.8397759199142456,0.8267983198165894,0.01297760009765625,1,/home/emily/MMIP/week5/quiz1/data/gallery/frog/00356.png
Triplet,/home/emily/MMIP/week5/quiz1/data/query/frog/00016.png,frog,0.8536523580551147,0.8292347192764282,0.024417638778686523,1,/home/emily/MMIP/week5/quiz1/data/gallery/frog/00238.png
Triplet,/home/emily/MMIP/week5/quiz1/data/query/frog/00017.png,frog,0.8563791513442993,0.8346099853515625,0.021769165992736816,1,/home/emily/MMIP/week5/quiz1/data/gallery/frog/00197.png
Triplet,/home/emily/MMIP/week5/quiz1/data/query/frog/00018.png,frog,0.8643279075622559,0.812374472618103,0.05195343494415283,1,/home/emily/MMIP/week5/quiz1/data/gallery/frog/00632.png
Triplet,/home/emily/MMIP/week5/quiz1/data/query/frog/00019.png,frog,0.8514062166213989,0.8159854412078857,0.035420775413513184,1,/home/emily/MMIP/week5/quiz1/data/gallery/frog/00953.png
Triplet,/home/emily/MMIP/week5/quiz1/data/query/frog/00020.png,frog,0.8679505586624146,0.8329246044158936,0.035025954246520996,1,/home/emily/MMIP/week5/quiz1/data/gallery/frog/00966.png
Triplet,/home/emily/MMIP/week5/quiz1/data/query/frog/00021.png,frog,0.8743646740913391,0.8202241063117981,0.054140567779541016,1,/home/emily/MMIP/week5/quiz1/data/gallery/frog/00749.png
Triplet,/home/emily/MMIP/week5/quiz1/data/query/frog/00022.png,frog,0.8648911714553833,0.8387852907180786,0.026105880737304688,1,/home/emily/MMIP/week5/quiz1/data/gallery/frog/00782.png
Triplet,/home/emily/MMIP/week5/quiz1/data/query/frog/00023.png,frog,0.8161605596542358,0.8185228109359741,-0.0023622512817382812,2,/home/emily/MMIP/week5/quiz1/data/gallery/frog/00761.png
Triplet,/home/emily/MMIP/week5/quiz1/data/query/frog/00024.png,frog,0.8832223415374756,0.857246458530426,0.02597588300704956,1,/home/emily/MMIP/week5/quiz1/data/gallery/frog/00808.png
Triplet,/home/emily/MMIP/week5/quiz1/data/query/frog/00025.png,frog,0.8230974674224854,0.7987514734268188,0.024345993995666504,1,/home/emily/MMIP/week5/quiz1/data/gallery/frog/00253.png
Triplet,/home/emily/MMIP/week5/quiz1/data/query/frog/00026.png,frog,0.8403878211975098,0.8367083072662354,0.003679513931274414,1,/home/emily/MMIP/week5/quiz1/data/gallery/frog/00585.png
Triplet,/home/emily/MMIP/week5/quiz1/data/query/frog/00027.png,frog,0.8071248531341553,0.8099044561386108,-0.0027796030044555664,2,/home/emily/MMIP/week5/quiz1/data/gallery/frog/00969.png
Triplet,/home/emily/MMIP/week5/quiz1/data/query/frog/00028.png,frog,0.8507565259933472,0.8091680407524109,0.04158848524093628,1,/home/emily/MMIP/week5/quiz1/data/gallery/frog/00110.png
Triplet,/home/emily/MMIP/week5/quiz1/data/query/frog/00029.png,frog,0.866032063961029,0.8041871786117554,0.06184488534927368,1,/home/emily/MMIP/week5/quiz1/data/gallery/frog/00349.png
Triplet,/home/emily/MMIP/week5/quiz1/data/query/frog/00030.png,frog,0.8887366056442261,0.8312720060348511,0.057464599609375,1,/home/emily/MMIP/week5/quiz1/data/gallery/frog/00265.png
Triplet,/home/emily/MMIP/week5/quiz1/data/query/frog/00031.png,frog,0.8276087045669556,0.8022576570510864,0.02535104751586914,1,/home/emily/MMIP/week5/quiz1/data/gallery/frog/00338.png
Triplet,/home/emily/MMIP/week5/quiz1/data/query/frog/00032.png,frog,0.896237313747406,0.8069764375686646,0.08926087617874146,1,/home/emily/MMIP/week5/quiz1/data/gallery/frog/00915.png
Triplet,/home/emily/MMIP/week5/quiz1/data/query/frog/00033.png,frog,0.8930158615112305,0.8031830787658691,0.08983278274536133,1,/home/emily/MMIP/week5/quiz1/data/gallery/frog/00514.png
Triplet,/home/emily/MMIP/week5/quiz1/data/query/frog/00034.png,frog,0.8930281400680542,0.8173308372497559,0.07569730281829834,1,/home/emily/MMIP/week5/quiz1/data/gallery/frog/00966.png
Triplet,/home/emily/MMIP/week5/quiz1/data/query/frog/00035.png,frog,0.8654156923294067,0.8085309267044067,0.056884765625,1,/home/emily/MMIP/week5/quiz1/data/gallery/frog/00559.png
Triplet,/home/emily/MMIP/week5/quiz1/data/query/frog/00036.png,frog,0.8670756220817566,0.8176393508911133,0.04943627119064331,1,/home/emily/MMIP/week5/quiz1/data/gallery/frog/00029.png
Triplet,/home/emily/MMIP/week5/quiz1/data/query/frog/00037.png,frog,0.8150508403778076,0.8313736915588379,-0.016322851181030273,8,/home/emily/MMIP/week5/quiz1/data/gallery/frog/00653.png
Triplet,/home/emily/MMIP/week5/quiz1/data/query/frog/00038.png,frog,0.9054561853408813,0.7906719446182251,0.11478424072265625,1,/home/emily/MMIP/week5/quiz1/data/gallery/frog/00915.png
Triplet,/home/emily/MMIP/week5/quiz1/data/query/frog/00039.png,frog,0.9001162052154541,0.7957454919815063,0.10437071323394775,1,/home/emily/MMIP/week5/quiz1/data/gallery/frog/00108.png
Triplet,/home/emily/MMIP/week5/quiz1/data/query/frog/00040.png,frog,0.8804662227630615,0.817622184753418,0.06284403800964355,1,/home/emily/MMIP/week5/quiz1/data/gallery/frog/00803.png
Triplet,/home/emily/MMIP/week5/quiz1/data/query/frog/00041.png,frog,0.896152138710022,0.8298765420913696,0.06627559661865234,1,/home/emily/MMIP/week5/quiz1/data/gallery/frog/00995.png
Triplet,/home/emily/MMIP/week5/quiz1/data/query/frog/00042.png,frog,0.9048373103141785,0.8110315799713135,0.09380573034286499,1,/home/emily/MMIP/week5/quiz1/data/gallery/frog/00010.png
Triplet,/home/emily/MMIP/week5/quiz1/data/query/frog/00043.png,frog,0.8981097936630249,0.8107764720916748,0.0873333215713501,1,/home/emily/MMIP/week5/quiz1/data/gallery/frog/00865.png
Triplet,/home/emily/MMIP/week5/quiz1/data/query/frog/00044.png,frog,0.9190433025360107,0.7867623567581177,0.13228094577789307,1,/home/emily/MMIP/week5/quiz1/data/gallery/frog/00729.png
Triplet,/home/emily/MMIP/week5/quiz1/data/query/frog/00045.png,frog,0.8948268294334412,0.8106937408447266,0.0841330885887146,1,/home/emily/MMIP/week5/quiz1/data/gallery/frog/00062.png
Triplet,/home/emily/MMIP/week5/quiz1/data/query/frog/00046.png,frog,0.871201753616333,0.835700273513794,0.03550148010253906,1,/home/emily/MMIP/week5/quiz1/data/gallery/frog/00780.png
Triplet,/home/emily/MMIP/week5/quiz1/data/query/frog/00047.png,frog,0.8481937646865845,0.8306512832641602,0.017542481422424316,1,/home/emily/MMIP/week5/quiz1/data/gallery/frog/00241.png
Triplet,/home/emily/MMIP/week5/quiz1/data/query/frog/00048.png,frog,0.8740501403808594,0.8075904250144958,0.06645971536636353,1,/home/emily/MMIP/week5/quiz1/data/gallery/frog/00365.png
Triplet,/home/emily/MMIP/week5/quiz1/data/query/frog/00049.png,frog,0.8249474167823792,0.8081979155540466,0.01674950122833252,1,/home/emily/MMIP/week5/quiz1/data/gallery/frog/00069.png
Triplet,/home/emily/MMIP/week5/quiz1/data/query/frog/00050.png,frog,0.8451510071754456,0.8233296871185303,0.021821320056915283,1,/home/emily/MMIP/week5/quiz1/data/gallery/frog/00877.png
Triplet,/home/emily/MMIP/week5/quiz1/data/query/frog/00051.png,frog,0.8551943898200989,0.8028072118759155,0.05238717794418335,1,/home/emily/MMIP/week5/quiz1/data/gallery/frog/00116.png
Triplet,/home/emily/MMIP/week5/quiz1/data/query/frog/00052.png,frog,0.8440341949462891,0.8256007432937622,0.018433451652526855,1,/home/emily/MMIP/week5/quiz1/data/gallery/frog/00936.png
Triplet,/home/emily/MMIP/week5/quiz1/data/query/frog/00053.png,frog,0.8636279106140137,0.8228801488876343,0.040747761726379395,1,/home/emily/MMIP/week5/quiz1/data/gallery/frog/00116.png
Triplet,/home/emily/MMIP/week5/quiz1/data/query/frog/00054.png,frog,0.8325755000114441,0.8323382139205933,0.00023728609085083008,1,/home/emily/MMIP/week5/quiz1/data/gallery/frog/00526.png
Triplet,/home/emily/MMIP/week5/quiz1/data/query/frog/00055.png,frog,0.8946505784988403,0.8403487205505371,0.05430185794830322,1,/home/emily/MMIP/week5/quiz1/data/gallery/frog/00903.png
Triplet,/home/emily/MMIP/week5/quiz1/data/query/frog/00056.png,frog,0.9043563008308411,0.8092607259750366,0.09509557485580444,1,/home/emily/MMIP/week5/quiz1/data/gallery/frog/00885.png
Triplet,/home/emily/MMIP/week5/quiz1/data/query/frog/00057.png,frog,0.8668701648712158,0.8277051448822021,0.03916501998901367,1,/home/emily/MMIP/week5/quiz1/data/gallery/frog/00450.png
Triplet,/home/emily/MMIP/week5/quiz1/data/query/frog/00058.png,frog,0.8381956219673157,0.8199982047080994,0.01819741725921631,1,/home/emily/MMIP/week5/quiz1/data/gallery/frog/00634.png
Triplet,/home/emily/MMIP/week5/quiz1/data/query/frog/00059.png,frog,0.9141489267349243,0.8419402837753296,0.07220864295959473,1,/home/emily/MMIP/week5/quiz1/data/gallery/frog/00495.png
Triplet,/home/emily/MMIP/week5/quiz1/data/query/frog/00060.png,frog,0.9043760299682617,0.8264411687850952,0.0779348611831665,1,/home/emily/MMIP/week5/quiz1/data/gallery/frog/00667.png
Triplet,/home/emily/MMIP/week5/quiz1/data/query/frog/00061.png,frog,0.8594461679458618,0.8272010087966919,0.03224515914916992,1,/home/emily/MMIP/week5/quiz1/data/gallery/frog/00213.png
Triplet,/home/emily/MMIP/week5/quiz1/data/query/frog/00062.png,frog,0.8528749942779541,0.7992972731590271,0.053577721118927,1,/home/emily/MMIP/week5/quiz1/data/gallery/frog/00611.png
Triplet,/home/emily/MMIP/week5/quiz1/data/query/frog/00063.png,frog,0.8659317493438721,0.8115866184234619,0.054345130920410156,1,/home/emily/MMIP/week5/quiz1/data/gallery/frog/00664.png
Triplet,/home/emily/MMIP/week5/quiz1/data/query/frog/00064.png,frog,0.8294639587402344,0.8180767893791199,0.011387169361114502,1,/home/emily/MMIP/week5/quiz1/data/gallery/frog/00426.png
Triplet,/home/emily/MMIP/week5/quiz1/data/query/frog/00065.png,frog,0.8752623796463013,0.819442629814148,0.05581974983215332,1,/home/emily/MMIP/week5/quiz1/data/gallery/frog/00142.png
Triplet,/home/emily/MMIP/week5/quiz1/data/query/frog/00066.png,frog,0.8639516830444336,0.8024947047233582,0.06145697832107544,1,/home/emily/MMIP/week5/quiz1/data/gallery/frog/00713.png
Triplet,/home/emily/MMIP/week5/quiz1/data/query/frog/00067.png,frog,0.8648346662521362,0.8095006346702576,0.05533403158187866,1,/home/emily/MMIP/week5/quiz1/data/gallery/frog/00928.png
Triplet,/home/emily/MMIP/week5/quiz1/data/query/frog/00068.png,frog,0.8880184888839722,0.8061733841896057,0.08184510469436646,1,/home/emily/MMIP/week5/quiz1/data/gallery/frog/00404.png
Triplet,/home/emily/MMIP/week5/quiz1/data/query/frog/00069.png,frog,0.8540692925453186,0.8081569671630859,0.045912325382232666,1,/home/emily/MMIP/week5/quiz1/data/gallery/frog/00577.png
Triplet,/home/emily/MMIP/week5/quiz1/data/query/frog/00070.png,frog,0.8680939674377441,0.8241310119628906,0.043962955474853516,1,/home/emily/MMIP/week5/quiz1/data/gallery/frog/00242.png
Triplet,/home/emily/MMIP/week5/quiz1/data/query/frog/00071.png,frog,0.8483861684799194,0.8274138569831848,0.02097231149673462,1,/home/emily/MMIP/week5/quiz1/data/gallery/frog/00019.png
Triplet,/home/emily/MMIP/week5/quiz1/data/query/frog/00072.png,frog,0.841677188873291,0.8064616918563843,0.03521549701690674,1,/home/emily/MMIP/week5/quiz1/data/gallery/frog/00724.png
Triplet,/home/emily/MMIP/week5/quiz1/data/query/frog/00073.png,frog,0.8558472394943237,0.8509296178817749,0.004917621612548828,1,/home/emily/MMIP/week5/quiz1/data/gallery/frog/00817.png
Triplet,/home/emily/MMIP/week5/quiz1/data/query/frog/00074.png,frog,0.9033718109130859,0.8235993385314941,0.0797724723815918,1,/home/emily/MMIP/week5/quiz1/data/gallery/frog/00667.png
Triplet,/home/emily/MMIP/week5/quiz1/data/query/frog/00075.png,frog,0.8724735379219055,0.8416570425033569,0.030816495418548584,1,/home/emily/MMIP/week5/quiz1/data/gallery/frog/00246.png
Triplet,/home/emily/MMIP/week5/quiz1/data/query/frog/00076.png,frog,0.8464663028717041,0.8423253297805786,0.004140973091125488,1,/home/emily/MMIP/week5/quiz1/data/gallery/frog/00420.png
Triplet,/home/emily/MMIP/week5/quiz1/data/query/frog/00077.png,frog,0.8707350492477417,0.8487812876701355,0.0219537615776062,1,/home/emily/MMIP/week5/quiz1/data/gallery/frog/00105.png
Triplet,/home/emily/MMIP/week5/quiz1/data/query/frog/00078.png,frog,0.8525307178497314,0.8140614628791809,0.03846925497055054,1,/home/emily/MMIP/week5/quiz1/data/gallery/frog/00740.png
Triplet,/home/emily/MMIP/week5/quiz1/data/query/frog/00079.png,frog,0.8469265699386597,0.8095072507858276,0.03741931915283203,1,/home/emily/MMIP/week5/quiz1/data/gallery/frog/00819.png
Triplet,/home/emily/MMIP/week5/quiz1/data/query/frog/00080.png,frog,0.8873332738876343,0.8215525150299072,0.06578075885772705,1,/home/emily/MMIP/week5/quiz1/data/gallery/frog/00334.png
Triplet,/home/emily/MMIP/week5/quiz1/data/query/frog/00081.png,frog,0.8542430400848389,0.838707685470581,0.015535354614257812,1,/home/emily/MMIP/week5/quiz1/data/gallery/frog/00860.png
Triplet,/home/emily/MMIP/week5/quiz1/data/query/frog/00082.png,frog,0.8303356170654297,0.8169593811035156,0.013376235961914062,1,/home/emily/MMIP/week5/quiz1/data/gallery/frog/00811.png
Triplet,/home/emily/MMIP/week5/quiz1/data/query/frog/00083.png,frog,0.8241307735443115,0.8030452728271484,0.021085500717163086,1,/home/emily/MMIP/week5/quiz1/data/gallery/frog/00352.png
Triplet,/home/emily/MMIP/week5/quiz1/data/query/frog/00084.png,frog,0.8265907764434814,0.8125498294830322,0.014040946960449219,1,/home/emily/MMIP/week5/quiz1/data/gallery/frog/00981.png
Triplet,/home/emily/MMIP/week5/quiz1/data/query/frog/00085.png,frog,0.8382955193519592,0.8442732095718384,-0.00597769021987915,2,/home/emily/MMIP/week5/quiz1/data/gallery/frog/00352.png
Triplet,/home/emily/MMIP/week5/quiz1/data/query/frog/00086.png,frog,0.8760730028152466,0.8128019571304321,0.06327104568481445,1,/home/emily/MMIP/week5/quiz1/data/gallery/frog/00434.png
Triplet,/home/emily/MMIP/week5/quiz1/data/query/frog/00087.png,frog,0.894831657409668,0.7862942218780518,0.10853743553161621,1,/home/emily/MMIP/week5/quiz1/data/gallery/frog/00889.png
Triplet,/home/emily/MMIP/week5/quiz1/data/query/frog/00088.png,frog,0.8253106474876404,0.8030644655227661,0.022246181964874268,1,/home/emily/MMIP/week5/quiz1/data/gallery/frog/00822.png
Triplet,/home/emily/MMIP/week5/quiz1/data/query/frog/00089.png,frog,0.858747124671936,0.8150612711906433,0.043685853481292725,1,/home/emily/MMIP/week5/quiz1/data/gallery/frog/00660.png
Triplet,/home/emily/MMIP/week5/quiz1/data/query/frog/00090.png,frog,0.8313596248626709,0.8080488443374634,0.02331078052520752,1,/home/emily/MMIP/week5/quiz1/data/gallery/frog/00476.png
Triplet,/home/emily/MMIP/week5/quiz1/data/query/frog/00091.png,frog,0.8613041639328003,0.8093273639678955,0.051976799964904785,1,/home/emily/MMIP/week5/quiz1/data/gallery/frog/00459.png
Triplet,/home/emily/MMIP/week5/quiz1/data/query/frog/00092.png,frog,0.835902750492096,0.8388570547103882,-0.0029543042182922363,2,/home/emily/MMIP/week5/quiz1/data/gallery/frog/00961.png
Triplet,/home/emily/MMIP/week5/quiz1/data/query/frog/00093.png,frog,0.8783966302871704,0.8089842796325684,0.06941235065460205,1,/home/emily/MMIP/week5/quiz1/data/gallery/frog/00803.png
Triplet,/home/emily/MMIP/week5/quiz1/data/query/frog/00094.png,frog,0.8242413997650146,0.8217223882675171,0.0025190114974975586,1,/home/emily/MMIP/week5/quiz1/data/gallery/frog/00211.png
Triplet,/home/emily/MMIP/week5/quiz1/data/query/frog/00095.png,frog,0.8324147462844849,0.8019875288009644,0.030427217483520508,1,/home/emily/MMIP/week5/quiz1/data/gallery/frog/00678.png
Triplet,/home/emily/MMIP/week5/quiz1/data/query/frog/00096.png,frog,0.8718039393424988,0.7716487050056458,0.10015523433685303,1,/home/emily/MMIP/week5/quiz1/data/gallery/frog/00559.png
Triplet,/home/emily/MMIP/week5/quiz1/data/query/frog/00097.png,frog,0.8528296947479248,0.814916729927063,0.037912964820861816,1,/home/emily/MMIP/week5/quiz1/data/gallery/frog/00087.png
Triplet,/home/emily/MMIP/week5/quiz1/data/query/frog/00098.png,frog,0.8845638036727905,0.8163021206855774,0.06826168298721313,1,/home/emily/MMIP/week5/quiz1/data/gallery/frog/00817.png
Triplet,/home/emily/MMIP/week5/quiz1/data/query/frog/00099.png,frog,0.834434449672699,0.8303077220916748,0.00412672758102417,1,/home/emily/MMIP/week5/quiz1/data/gallery/frog/00372.png
Triplet,/home/emily/MMIP/week5/quiz1/data/query/horse/00000.png,horse,0.8394770622253418,0.8013858795166016,0.038091182708740234,1,/home/emily/MMIP/week5/quiz1/data/gallery/horse/00899.png
Triplet,/home/emily/MMIP/week5/quiz1/data/query/horse/00001.png,horse,0.844936192035675,0.8077395558357239,0.03719663619995117,1,/home/emily/MMIP/week5/quiz1/data/gallery/horse/00508.png
Triplet,/home/emily/MMIP/week5/quiz1/data/query/horse/00002.png,horse,0.8062959313392639,0.8026398420333862,0.0036560893058776855,1,/home/emily/MMIP/week5/quiz1/data/gallery/horse/00036.png
Triplet,/home/emily/MMIP/week5/quiz1/data/query/horse/00003.png,horse,0.8719544410705566,0.7964339256286621,0.07552051544189453,1,/home/emily/MMIP/week5/quiz1/data/gallery/horse/00243.png
Triplet,/home/emily/MMIP/week5/quiz1/data/query/horse/00004.png,horse,0.8291611671447754,0.821473240852356,0.007687926292419434,1,/home/emily/MMIP/week5/quiz1/data/gallery/horse/00469.png
Triplet,/home/emily/MMIP/week5/quiz1/data/query/horse/00005.png,horse,0.8177379369735718,0.8424032926559448,-0.024665355682373047,11,/home/emily/MMIP/week5/quiz1/data/gallery/horse/00866.png
Triplet,/home/emily/MMIP/week5/quiz1/data/query/horse/00006.png,horse,0.8528698682785034,0.8153296709060669,0.03754019737243652,1,/home/emily/MMIP/week5/quiz1/data/gallery/horse/00755.png
Triplet,/home/emily/MMIP/week5/quiz1/data/query/horse/00007.png,horse,0.812201738357544,0.7929791808128357,0.019222557544708252,1,/home/emily/MMIP/week5/quiz1/data/gallery/horse/00494.png
Triplet,/home/emily/MMIP/week5/quiz1/data/query/horse/00008.png,horse,0.8557044267654419,0.8014274835586548,0.05427694320678711,1,/home/emily/MMIP/week5/quiz1/data/gallery/horse/00294.png
Triplet,/home/emily/MMIP/week5/quiz1/data/query/horse/00009.png,horse,0.8096630573272705,0.8115911483764648,-0.001928091049194336,2,/home/emily/MMIP/week5/quiz1/data/gallery/horse/00469.png
Triplet,/home/emily/MMIP/week5/quiz1/data/query/horse/00010.png,horse,0.8422914743423462,0.8175256252288818,0.024765849113464355,1,/home/emily/MMIP/week5/quiz1/data/gallery/horse/00602.png
Triplet,/home/emily/MMIP/week5/quiz1/data/query/horse/00011.png,horse,0.8434234857559204,0.8256207704544067,0.017802715301513672,1,/home/emily/MMIP/week5/quiz1/data/gallery/horse/00692.png
Triplet,/home/emily/MMIP/week5/quiz1/data/query/horse/00012.png,horse,0.8199493288993835,0.8224313259124756,-0.002481997013092041,2,/home/emily/MMIP/week5/quiz1/data/gallery/horse/00447.png
Triplet,/home/emily/MMIP/week5/quiz1/data/query/horse/00013.png,horse,0.844496488571167,0.8090658187866211,0.0354306697845459,1,/home/emily/MMIP/week5/quiz1/data/gallery/horse/00496.png
Triplet,/home/emily/MMIP/week5/quiz1/data/query/horse/00014.png,horse,0.8050838708877563,0.8362267017364502,-0.031142830848693848,8,/home/emily/MMIP/week5/quiz1/data/gallery/horse/00749.png
Triplet,/home/emily/MMIP/week5/quiz1/data/query/horse/00015.png,horse,0.8402031064033508,0.8007498979568481,0.039453208446502686,1,/home/emily/MMIP/week5/quiz1/data/gallery/horse/00175.png
Triplet,/home/emily/MMIP/week5/quiz1/data/query/horse/00016.png,horse,0.8330752849578857,0.8139498233795166,0.01912546157836914,1,/home/emily/MMIP/week5/quiz1/data/gallery/horse/00345.png
Triplet,/home/emily/MMIP/week5/quiz1/data/query/horse/00017.png,horse,0.859575629234314,0.8152083158493042,0.044367313385009766,1,/home/emily/MMIP/week5/quiz1/data/gallery/horse/00969.png
Triplet,/home/emily/MMIP/week5/quiz1/data/query/horse/00018.png,horse,0.8552757501602173,0.7962858080863953,0.05898994207382202,1,/home/emily/MMIP/week5/quiz1/data/gallery/horse/00347.png
Triplet,/home/emily/MMIP/week5/quiz1/data/query/horse/00019.png,horse,0.8810810446739197,0.7418341636657715,0.1392468810081482,1,/home/emily/MMIP/week5/quiz1/data/gallery/horse/00928.png
Triplet,/home/emily/MMIP/week5/quiz1/data/query/horse/00020.png,horse,0.8132909536361694,0.8360249996185303,-0.02273404598236084,63,/home/emily/MMIP/week5/quiz1/data/gallery/horse/00041.png
Triplet,/home/emily/MMIP/week5/quiz1/data/query/horse/00021.png,horse,0.8765217065811157,0.7913718223571777,0.08514988422393799,1,/home/emily/MMIP/week5/quiz1/data/gallery/horse/00366.png
Triplet,/home/emily/MMIP/week5/quiz1/data/query/horse/00022.png,horse,0.8472973108291626,0.810848593711853,0.03644871711730957,1,/home/emily/MMIP/week5/quiz1/data/gallery/horse/00365.png
Triplet,/home/emily/MMIP/week5/quiz1/data/query/horse/00023.png,horse,0.8094102740287781,0.8225331902503967,-0.013122916221618652,4,/home/emily/MMIP/week5/quiz1/data/gallery/horse/00317.png
Triplet,/home/emily/MMIP/week5/quiz1/data/query/horse/00024.png,horse,0.8210562467575073,0.8113526105880737,0.009703636169433594,1,/home/emily/MMIP/week5/quiz1/data/gallery/horse/00562.png
Triplet,/home/emily/MMIP/week5/quiz1/data/query/horse/00025.png,horse,0.8717988729476929,0.8100327253341675,0.06176614761352539,1,/home/emily/MMIP/week5/quiz1/data/gallery/horse/00896.png
Triplet,/home/emily/MMIP/week5/quiz1/data/query/horse/00026.png,horse,0.8457236886024475,0.8071316480636597,0.03859204053878784,1,/home/emily/MMIP/week5/quiz1/data/gallery/horse/00869.png
Triplet,/home/emily/MMIP/week5/quiz1/data/query/horse/00027.png,horse,0.827911913394928,0.8345276713371277,-0.006615757942199707,2,/home/emily/MMIP/week5/quiz1/data/gallery/horse/00647.png
Triplet,/home/emily/MMIP/week5/quiz1/data/query/horse/00028.png,horse,0.8306459188461304,0.80368971824646,0.02695620059967041,1,/home/emily/MMIP/week5/quiz1/data/gallery/horse/00643.png
Triplet,/home/emily/MMIP/week5/quiz1/data/query/horse/00029.png,horse,0.8510940074920654,0.8107624053955078,0.04033160209655762,1,/home/emily/MMIP/week5/quiz1/data/gallery/horse/00185.png
Triplet,/home/emily/MMIP/week5/quiz1/data/query/horse/00030.png,horse,0.8500087261199951,0.8014276027679443,0.04858112335205078,1,/home/emily/MMIP/week5/quiz1/data/gallery/horse/00797.png
Triplet,/home/emily/MMIP/week5/quiz1/data/query/horse/00031.png,horse,0.7902657389640808,0.7993355989456177,-0.009069859981536865,3,/home/emily/MMIP/week5/quiz1/data/gallery/horse/00952.png
Triplet,/home/emily/MMIP/week5/quiz1/data/query/horse/00032.png,horse,0.8730844259262085,0.7812981605529785,0.09178626537322998,1,/home/emily/MMIP/week5/quiz1/data/gallery/horse/00392.png
Triplet,/home/emily/MMIP/week5/quiz1/data/query/horse/00033.png,horse,0.8568657040596008,0.8255434036254883,0.03132230043411255,1,/home/emily/MMIP/week5/quiz1/data/gallery/horse/00778.png
Triplet,/home/emily/MMIP/week5/quiz1/data/query/horse/00034.png,horse,0.8106349110603333,0.801937997341156,0.008696913719177246,1,/home/emily/MMIP/week5/quiz1/data/gallery/horse/00882.png
Triplet,/home/emily/MMIP/week5/quiz1/data/query/horse/00035.png,horse,0.867136538028717,0.8194955587387085,0.047640979290008545,1,/home/emily/MMIP/week5/quiz1/data/gallery/horse/00004.png
Triplet,/home/emily/MMIP/week5/quiz1/data/query/horse/00036.png,horse,0.864152193069458,0.8081119060516357,0.056040287017822266,1,/home/emily/MMIP/week5/quiz1/data/gallery/horse/00185.png
Triplet,/home/emily/MMIP/week5/quiz1/data/query/horse/00037.png,horse,0.8608995676040649,0.8066297769546509,0.05426979064941406,1,/home/emily/MMIP/week5/quiz1/data/gallery/horse/00878.png
Triplet,/home/emily/MMIP/week5/quiz1/data/query/horse/00038.png,horse,0.816489040851593,0.8023214340209961,0.014167606830596924,1,/home/emily/MMIP/week5/quiz1/data/gallery/horse/00429.png
Triplet,/home/emily/MMIP/week5/quiz1/data/query/horse/00039.png,horse,0.8272677659988403,0.8184459209442139,0.008821845054626465,1,/home/emily/MMIP/week5/quiz1/data/gallery/horse/00441.png
Triplet,/home/emily/MMIP/week5/quiz1/data/query/horse/00040.png,horse,0.8054015636444092,0.8165020942687988,-0.011100530624389648,5,/home/emily/MMIP/week5/quiz1/data/gallery/horse/00470.png
Triplet,/home/emily/MMIP/week5/quiz1/data/query/horse/00041.png,horse,0.8457186222076416,0.8237758278846741,0.02194279432296753,1,/home/emily/MMIP/week5/quiz1/data/gallery/horse/00546.png
Triplet,/home/emily/MMIP/week5/quiz1/data/query/horse/00042.png,horse,0.8295963406562805,0.7962222099304199,0.033374130725860596,1,/home/emily/MMIP/week5/quiz1/data/gallery/horse/00766.png
Triplet,/home/emily/MMIP/week5/quiz1/data/query/horse/00043.png,horse,0.8522248864173889,0.8159393072128296,0.036285579204559326,1,/home/emily/MMIP/week5/quiz1/data/gallery/horse/00656.png
Triplet,/home/emily/MMIP/week5/quiz1/data/query/horse/00044.png,horse,0.827001690864563,0.834714412689209,-0.007712721824645996,3,/home/emily/MMIP/week5/quiz1/data/gallery/horse/00171.png
Triplet,/home/emily/MMIP/week5/quiz1/data/query/horse/00045.png,horse,0.8575775623321533,0.792059600353241,0.06551796197891235,1,/home/emily/MMIP/week5/quiz1/data/gallery/horse/00613.png
Triplet,/home/emily/MMIP/week5/quiz1/data/query/horse/00046.png,horse,0.8545520305633545,0.7909795045852661,0.06357252597808838,1,/home/emily/MMIP/week5/quiz1/data/gallery/horse/00255.png
Triplet,/home/emily/MMIP/week5/quiz1/data/query/horse/00047.png,horse,0.8519443869590759,0.8023304343223572,0.04961395263671875,1,/home/emily/MMIP/week5/quiz1/data/gallery/horse/00099.png
Triplet,/home/emily/MMIP/week5/quiz1/data/query/horse/00048.png,horse,0.8631502985954285,0.8155853748321533,0.047564923763275146,1,/home/emily/MMIP/week5/quiz1/data/gallery/horse/00641.png
Triplet,/home/emily/MMIP/week5/quiz1/data/query/horse/00049.png,horse,0.8526736497879028,0.7937157154083252,0.05895793437957764,1,/home/emily/MMIP/week5/quiz1/data/gallery/horse/00722.png
Triplet,/home/emily/MMIP/week5/quiz1/data/query/horse/00050.png,horse,0.8529075384140015,0.8127098679542542,0.040197670459747314,1,/home/emily/MMIP/week5/quiz1/data/gallery/horse/00473.png
Triplet,/home/emily/MMIP/week5/quiz1/data/query/horse/00051.png,horse,0.8390535712242126,0.7846463918685913,0.05440717935562134,1,/home/emily/MMIP/week5/quiz1/data/gallery/horse/00259.png
Triplet,/home/emily/MMIP/week5/quiz1/data/query/horse/00052.png,horse,0.8825684785842896,0.8286079168319702,0.053960561752319336,1,/home/emily/MMIP/week5/quiz1/data/gallery/horse/00610.png
Triplet,/home/emily/MMIP/week5/quiz1/data/query/horse/00053.png,horse,0.83574378490448,0.818186342716217,0.01755744218826294,1,/home/emily/MMIP/week5/quiz1/data/gallery/horse/00242.png
Triplet,/home/emily/MMIP/week5/quiz1/data/query/horse/00054.png,horse,0.881129264831543,0.7904313206672668,0.09069794416427612,1,/home/emily/MMIP/week5/quiz1/data/gallery/horse/00324.png
Triplet,/home/emily/MMIP/week5/quiz1/data/query/horse/00055.png,horse,0.8668333292007446,0.8100751042366028,0.056758224964141846,1,/home/emily/MMIP/week5/quiz1/data/gallery/horse/00240.png
Triplet,/home/emily/MMIP/week5/quiz1/data/query/horse/00056.png,horse,0.8515276908874512,0.788872480392456,0.06265521049499512,1,/home/emily/MMIP/week5/quiz1/data/gallery/horse/00516.png
Triplet,/home/emily/MMIP/week5/quiz1/data/query/horse/00057.png,horse,0.8251192569732666,0.8030601143836975,0.022059142589569092,1,/home/emily/MMIP/week5/quiz1/data/gallery/horse/00542.png
Triplet,/home/emily/MMIP/week5/quiz1/data/query/horse/00058.png,horse,0.8120526075363159,0.7924310564994812,0.019621551036834717,1,/home/emily/MMIP/week5/quiz1/data/gallery/horse/00308.png
Triplet,/home/emily/MMIP/week5/quiz1/data/query/horse/00059.png,horse,0.8457543849945068,0.8199508190155029,0.025803565979003906,1,/home/emily/MMIP/week5/quiz1/data/gallery/horse/00459.png
Triplet,/home/emily/MMIP/week5/quiz1/data/query/horse/00060.png,horse,0.8698976039886475,0.8009741306304932,0.0689234733581543,1,/home/emily/MMIP/week5/quiz1/data/gallery/horse/00251.png
Triplet,/home/emily/MMIP/week5/quiz1/data/query/horse/00061.png,horse,0.8622549772262573,0.7684309482574463,0.09382402896881104,1,/home/emily/MMIP/week5/quiz1/data/gallery/horse/00219.png
Triplet,/home/emily/MMIP/week5/quiz1/data/query/horse/00062.png,horse,0.8855501413345337,0.8088244795799255,0.07672566175460815,1,/home/emily/MMIP/week5/quiz1/data/gallery/horse/00250.png
Triplet,/home/emily/MMIP/week5/quiz1/data/query/horse/00063.png,horse,0.8879079222679138,0.8005411028862,0.08736681938171387,1,/home/emily/MMIP/week5/quiz1/data/gallery/horse/00324.png
Triplet,/home/emily/MMIP/week5/quiz1/data/query/horse/00064.png,horse,0.8671410083770752,0.8224059343338013,0.044735074043273926,1,/home/emily/MMIP/week5/quiz1/data/gallery/horse/00560.png
Triplet,/home/emily/MMIP/week5/quiz1/data/query/horse/00065.png,horse,0.8785388469696045,0.7958177328109741,0.08272111415863037,1,/home/emily/MMIP/week5/quiz1/data/gallery/horse/00320.png
Triplet,/home/emily/MMIP/week5/quiz1/data/query/horse/00066.png,horse,0.8581385612487793,0.8097434043884277,0.04839515686035156,1,/home/emily/MMIP/week5/quiz1/data/gallery/horse/00235.png
Triplet,/home/emily/MMIP/week5/quiz1/data/query/horse/00067.png,horse,0.8281134963035583,0.8244481682777405,0.003665328025817871,1,/home/emily/MMIP/week5/quiz1/data/gallery/horse/00135.png
Triplet,/home/emily/MMIP/week5/quiz1/data/query/horse/00068.png,horse,0.8974414467811584,0.761145830154419,0.1362956166267395,1,/home/emily/MMIP/week5/quiz1/data/gallery/horse/00061.png
Triplet,/home/emily/MMIP/week5/quiz1/data/query/horse/00069.png,horse,0.855198860168457,0.7985100746154785,0.056688785552978516,1,/home/emily/MMIP/week5/quiz1/data/gallery/horse/00449.png
Triplet,/home/emily/MMIP/week5/quiz1/data/query/horse/00070.png,horse,0.8393253087997437,0.8508381843566895,-0.0115128755569458,2,/home/emily/MMIP/week5/quiz1/data/gallery/horse/00460.png
Triplet,/home/emily/MMIP/week5/quiz1/data/query/horse/00071.png,horse,0.8349109292030334,0.8297628164291382,0.005148112773895264,1,/home/emily/MMIP/week5/quiz1/data/gallery/horse/00478.png
Triplet,/home/emily/MMIP/week5/quiz1/data/query/horse/00072.png,horse,0.8093270063400269,0.8151611089706421,-0.005834102630615234,3,/home/emily/MMIP/week5/quiz1/data/gallery/horse/00308.png
Triplet,/home/emily/MMIP/week5/quiz1/data/query/horse/00073.png,horse,0.8425882458686829,0.8336353302001953,0.008952915668487549,1,/home/emily/MMIP/week5/quiz1/data/gallery/horse/00010.png
Triplet,/home/emily/MMIP/week5/quiz1/data/query/horse/00074.png,horse,0.8268042206764221,0.7800022959709167,0.04680192470550537,1,/home/emily/MMIP/week5/quiz1/data/gallery/horse/00247.png
Triplet,/home/emily/MMIP/week5/quiz1/data/query/horse/00075.png,horse,0.8146076798439026,0.8465144038200378,-0.031906723976135254,13,/home/emily/MMIP/week5/quiz1/data/gallery/horse/00726.png
Triplet,/home/emily/MMIP/week5/quiz1/data/query/horse/00076.png,horse,0.8311076164245605,0.7900072336196899,0.041100382804870605,1,/home/emily/MMIP/week5/quiz1/data/gallery/horse/00117.png
Triplet,/home/emily/MMIP/week5/quiz1/data/query/horse/00077.png,horse,0.8137341141700745,0.8104691505432129,0.0032649636268615723,1,/home/emily/MMIP/week5/quiz1/data/gallery/horse/00159.png
Triplet,/home/emily/MMIP/week5/quiz1/data/query/horse/00078.png,horse,0.8866589069366455,0.7913398742675781,0.09531903266906738,1,/home/emily/MMIP/week5/quiz1/data/gallery/horse/00828.png
Triplet,/home/emily/MMIP/week5/quiz1/data/query/horse/00079.png,horse,0.8659094572067261,0.8119027614593506,0.05400669574737549,1,/home/emily/MMIP/week5/quiz1/data/gallery/horse/00324.png
Triplet,/home/emily/MMIP/week5/quiz1/data/query/horse/00080.png,horse,0.8461468815803528,0.791124701499939,0.05502218008041382,1,/home/emily/MMIP/week5/quiz1/data/gallery/horse/00762.png
Triplet,/home/emily/MMIP/week5/quiz1/data/query/horse/00081.png,horse,0.8216335773468018,0.8209246397018433,0.0007089376449584961,1,/home/emily/MMIP/week5/quiz1/data/gallery/horse/00719.png
Triplet,/home/emily/MMIP/week5/quiz1/data/query/horse/00082.png,horse,0.8866434097290039,0.814310610294342,0.07233279943466187,1,/home/emily/MMIP/week5/quiz1/data/gallery/horse/00117.png
Triplet,/home/emily/MMIP/week5/quiz1/data/query/horse/00083.png,horse,0.8834847807884216,0.7579096555709839,0.12557512521743774,1,/home/emily/MMIP/week5/quiz1/data/gallery/horse/00540.png
Triplet,/home/emily/MMIP/week5/quiz1/data/query/horse/00084.png,horse,0.8979628682136536,0.8151044845581055,0.0828583836555481,1,/home/emily/MMIP/week5/quiz1/data/gallery/horse/00460.png
Triplet,/home/emily/MMIP/week5/quiz1/data/query/horse/00085.png,horse,0.8832089304924011,0.7754511833190918,0.10775774717330933,1,/home/emily/MMIP/week5/quiz1/data/gallery/horse/00324.png
Triplet,/home/emily/MMIP/week5/quiz1/data/query/horse/00086.png,horse,0.8601874113082886,0.7923533916473389,0.06783401966094971,1,/home/emily/MMIP/week5/quiz1/data/gallery/horse/00320.png
Triplet,/home/emily/MMIP/week5/quiz1/data/query/horse/00087.png,horse,0.833714485168457,0.8260371088981628,0.0076773762702941895,1,/home/emily/MMIP/week5/quiz1/data/gallery/horse/00633.png
Triplet,/home/emily/MMIP/week5/quiz1/data/query/horse/00088.png,horse,0.8253790140151978,0.8064174652099609,0.018961548805236816,1,/home/emily/MMIP/week5/quiz1/data/gallery/horse/00017.png
Triplet,/home/emily/MMIP/week5/quiz1/data/query/horse/00089.png,horse,0.9548096656799316,0.8264913558959961,0.12831830978393555,1,/home/emily/MMIP/week5/quiz1/data/gallery/horse/00338.png
Triplet,/home/emily/MMIP/week5/quiz1/data/query/horse/00090.png,horse,0.882514238357544,0.8111735582351685,0.07134068012237549,1,/home/emily/MMIP/week5/quiz1/data/gallery/horse/00732.png
Triplet,/home/emily/MMIP/week5/quiz1/data/query/horse/00091.png,horse,0.8208720684051514,0.8023947477340698,0.018477320671081543,1,/home/emily/MMIP/week5/quiz1/data/gallery/horse/00530.png
Triplet,/home/emily/MMIP/week5/quiz1/data/query/horse/00092.png,horse,0.8444570302963257,0.8082566857337952,0.03620034456253052,1,/home/emily/MMIP/week5/quiz1/data/gallery/horse/00742.png
Triplet,/home/emily/MMIP/week5/quiz1/data/query/horse/00093.png,horse,0.8192667961120605,0.8228423595428467,-0.003575563430786133,3,/home/emily/MMIP/week5/quiz1/data/gallery/horse/00845.png
Triplet,/home/emily/MMIP/week5/quiz1/data/query/horse/00094.png,horse,0.8597146272659302,0.814501166343689,0.04521346092224121,1,/home/emily/MMIP/week5/quiz1/data/gallery/horse/00585.png
Triplet,/home/emily/MMIP/week5/quiz1/data/query/horse/00095.png,horse,0.8066864609718323,0.8085993528366089,-0.0019128918647766113,4,/home/emily/MMIP/week5/quiz1/data/gallery/horse/00282.png
Triplet,/home/emily/MMIP/week5/quiz1/data/query/horse/00096.png,horse,0.8545032739639282,0.7878069877624512,0.06669628620147705,1,/home/emily/MMIP/week5/quiz1/data/gallery/horse/00087.png
Triplet,/home/emily/MMIP/week5/quiz1/data/query/horse/00097.png,horse,0.858940601348877,0.810492992401123,0.048447608947753906,1,/home/emily/MMIP/week5/quiz1/data/gallery/horse/00327.png
Triplet,/home/emily/MMIP/week5/quiz1/data/query/horse/00098.png,horse,0.8992390632629395,0.8049218058586121,0.09431725740432739,1,/home/emily/MMIP/week5/quiz1/data/gallery/horse/00974.png
Triplet,/home/emily/MMIP/week5/quiz1/data/query/horse/00099.png,horse,0.8446166515350342,0.7831785678863525,0.06143808364868164,1,/home/emily/MMIP/week5/quiz1/data/gallery/horse/00944.png
Triplet,/home/emily/MMIP/week5/quiz1/data/query/ship/00000.png,ship,0.8881990313529968,0.8470935821533203,0.041105449199676514,1,/home/emily/MMIP/week5/quiz1/data/gallery/ship/00202.png
Triplet,/home/emily/MMIP/week5/quiz1/data/query/ship/00001.png,ship,0.8439323306083679,0.7941794395446777,0.049752891063690186,1,/home/emily/MMIP/week5/quiz1/data/gallery/ship/00459.png
Triplet,/home/emily/MMIP/week5/quiz1/data/query/ship/00002.png,ship,0.8430205583572388,0.8223386406898499,0.020681917667388916,1,/home/emily/MMIP/week5/quiz1/data/gallery/ship/00837.png
Triplet,/home/emily/MMIP/week5/quiz1/data/query/ship/00003.png,ship,0.9225651025772095,0.8562551140785217,0.06630998849868774,1,/home/emily/MMIP/week5/quiz1/data/gallery/ship/00351.png
Triplet,/home/emily/MMIP/week5/quiz1/data/query/ship/00004.png,ship,0.8903579115867615,0.8254013657569885,0.06495654582977295,1,/home/emily/MMIP/week5/quiz1/data/gallery/ship/00174.png
Triplet,/home/emily/MMIP/week5/quiz1/data/query/ship/00005.png,ship,0.9199463129043579,0.8708687424659729,0.04907757043838501,1,/home/emily/MMIP/week5/quiz1/data/gallery/ship/00776.png
Triplet,/home/emily/MMIP/week5/quiz1/data/query/ship/00006.png,ship,0.8336965441703796,0.8125723600387573,0.021124184131622314,1,/home/emily/MMIP/week5/quiz1/data/gallery/ship/00053.png
Triplet,/home/emily/MMIP/week5/quiz1/data/query/ship/00007.png,ship,0.8931107521057129,0.826292872428894,0.06681787967681885,1,/home/emily/MMIP/week5/quiz1/data/gallery/ship/00023.png
Triplet,/home/emily/MMIP/week5/quiz1/data/query/ship/00008.png,ship,0.9258943796157837,0.8631912469863892,0.06270313262939453,1,/home/emily/MMIP/week5/quiz1/data/gallery/ship/00174.png
Triplet,/home/emily/MMIP/week5/quiz1/data/query/ship/00009.png,ship,0.8489736318588257,0.8585139513015747,-0.009540319442749023,2,/home/emily/MMIP/week5/quiz1/data/gallery/ship/00674.png
Triplet,/home/emily/MMIP/week5/quiz1/data/query/ship/00010.png,ship,0.9222973585128784,0.8517987728118896,0.07049858570098877,1,/home/emily/MMIP/week5/quiz1/data/gallery/ship/00126.png
Triplet,/home/emily/MMIP/week5/quiz1/data/query/ship/00011.png,ship,0.8166586756706238,0.8031727075576782,0.013485968112945557,1,/home/emily/MMIP/week5/quiz1/data/gallery/ship/00595.png
Triplet,/home/emily/MMIP/week5/quiz1/data/query/ship/00012.png,ship,0.860589861869812,0.8165260553359985,0.04406380653381348,1,/home/emily/MMIP/week5/quiz1/data/gallery/ship/00810.png
Triplet,/home/emily/MMIP/week5/quiz1/data/query/ship/00013.png,ship,0.8765827417373657,0.8342660665512085,0.04231667518615723,1,/home/emily/MMIP/week5/quiz1/data/gallery/ship/00107.png
Triplet,/home/emily/MMIP/week5/quiz1/data/query/ship/00014.png,ship,0.8993749618530273,0.8526543378829956,0.04672062397003174,1,/home/emily/MMIP/week5/quiz1/data/gallery/ship/00076.png
Triplet,/home/emily/MMIP/week5/quiz1/data/query/ship/00015.png,ship,0.8873803615570068,0.8567899465560913,0.030590415000915527,1,/home/emily/MMIP/week5/quiz1/data/gallery/ship/00257.png
Triplet,/home/emily/MMIP/week5/quiz1/data/query/ship/00016.png,ship,0.87611985206604,0.8190249800682068,0.05709487199783325,1,/home/emily/MMIP/week5/quiz1/data/gallery/ship/00189.png
Triplet,/home/emily/MMIP/week5/quiz1/data/query/ship/00017.png,ship,0.9231972694396973,0.8488062024116516,0.07439106702804565,1,/home/emily/MMIP/week5/quiz1/data/gallery/ship/00304.png
Triplet,/home/emily/MMIP/week5/quiz1/data/query/ship/00018.png,ship,0.8930435180664062,0.8669008016586304,0.02614271640777588,1,/home/emily/MMIP/week5/quiz1/data/gallery/ship/00087.png
Triplet,/home/emily/MMIP/week5/quiz1/data/query/ship/00019.png,ship,0.8420050144195557,0.8458693623542786,-0.0038643479347229004,2,/home/emily/MMIP/week5/quiz1/data/gallery/ship/00292.png
Triplet,/home/emily/MMIP/week5/quiz1/data/query/ship/00020.png,ship,0.8050752282142639,0.8524120450019836,-0.04733681678771973,207,/home/emily/MMIP/week5/quiz1/data/gallery/ship/00093.png
Triplet,/home/emily/MMIP/week5/quiz1/data/query/ship/00021.png,ship,0.858403205871582,0.8266305923461914,0.031772613525390625,1,/home/emily/MMIP/week5/quiz1/data/gallery/ship/00092.png
Triplet,/home/emily/MMIP/week5/quiz1/data/query/ship/00022.png,ship,0.839260458946228,0.8006894588470459,0.03857100009918213,1,/home/emily/MMIP/week5/quiz1/data/gallery/ship/00312.png
Triplet,/home/emily/MMIP/week5/quiz1/data/query/ship/00023.png,ship,0.9051896929740906,0.8398785591125488,0.06531113386154175,1,/home/emily/MMIP/week5/quiz1/data/gallery/ship/00506.png
Triplet,/home/emily/MMIP/week5/quiz1/data/query/ship/00024.png,ship,0.892320990562439,0.8258365988731384,0.06648439168930054,1,/home/emily/MMIP/week5/quiz1/data/gallery/ship/00700.png
Triplet,/home/emily/MMIP/week5/quiz1/data/query/ship/00025.png,ship,0.8916985392570496,0.846157431602478,0.04554110765457153,1,/home/emily/MMIP/week5/quiz1/data/gallery/ship/00306.png
Triplet,/home/emily/MMIP/week5/quiz1/data/query/ship/00026.png,ship,0.8587743043899536,0.8051680326461792,0.053606271743774414,1,/home/emily/MMIP/week5/quiz1/data/gallery/ship/00589.png
Triplet,/home/emily/MMIP/week5/quiz1/data/query/ship/00027.png,ship,0.853672444820404,0.8211719989776611,0.03250044584274292,1,/home/emily/MMIP/week5/quiz1/data/gallery/ship/00911.png
Triplet,/home/emily/MMIP/week5/quiz1/data/query/ship/00028.png,ship,0.9356405735015869,0.8600383996963501,0.07560217380523682,1,/home/emily/MMIP/week5/quiz1/data/gallery/ship/00606.png
Triplet,/home/emily/MMIP/week5/quiz1/data/query/ship/00029.png,ship,0.8809869289398193,0.8502689003944397,0.03071802854537964,1,/home/emily/MMIP/week5/quiz1/data/gallery/ship/00357.png
Triplet,/home/emily/MMIP/week5/quiz1/data/query/ship/00030.png,ship,0.848717987537384,0.8135692477226257,0.0351487398147583,1,/home/emily/MMIP/week5/quiz1/data/gallery/ship/00738.png
Triplet,/home/emily/MMIP/week5/quiz1/data/query/ship/00031.png,ship,0.9131240844726562,0.8539185523986816,0.05920553207397461,1,/home/emily/MMIP/week5/quiz1/data/gallery/ship/00753.png
Triplet,/home/emily/MMIP/week5/quiz1/data/query/ship/00032.png,ship,0.8535604476928711,0.8025538921356201,0.05100655555725098,1,/home/emily/MMIP/week5/quiz1/data/gallery/ship/00372.png
Triplet,/home/emily/MMIP/week5/quiz1/data/query/ship/00033.png,ship,0.8617558479309082,0.845745325088501,0.016010522842407227,1,/home/emily/MMIP/week5/quiz1/data/gallery/ship/00656.png
Triplet,/home/emily/MMIP/week5/quiz1/data/query/ship/00034.png,ship,0.8401322364807129,0.8046267032623291,0.03550553321838379,1,/home/emily/MMIP/week5/quiz1/data/gallery/ship/00763.png
Triplet,/home/emily/MMIP/week5/quiz1/data/query/ship/00035.png,ship,0.8049821853637695,0.7936774492263794,0.011304736137390137,1,/home/emily/MMIP/week5/quiz1/data/gallery/ship/00338.png
Triplet,/home/emily/MMIP/week5/quiz1/data/query/ship/00036.png,ship,0.8907670974731445,0.8444671630859375,0.04629993438720703,1,/home/emily/MMIP/week5/quiz1/data/gallery/ship/00598.png
Triplet,/home/emily/MMIP/week5/quiz1/data/query/ship/00037.png,ship,0.8525855541229248,0.8237226605415344,0.02886289358139038,1,/home/emily/MMIP/week5/quiz1/data/gallery/ship/00163.png
Triplet,/home/emily/MMIP/week5/quiz1/data/query/ship/00038.png,ship,0.8532845973968506,0.8261756896972656,0.02710890769958496,1,/home/emily/MMIP/week5/quiz1/data/gallery/ship/00139.png
Triplet,/home/emily/MMIP/week5/quiz1/data/query/ship/00039.png,ship,0.8512200117111206,0.8597214221954346,-0.008501410484313965,8,/home/emily/MMIP/week5/quiz1/data/gallery/ship/00093.png
Triplet,/home/emily/MMIP/week5/quiz1/data/query/ship/00040.png,ship,0.8439346551895142,0.8031362295150757,0.04079842567443848,1,/home/emily/MMIP/week5/quiz1/data/gallery/ship/00510.png
Triplet,/home/emily/MMIP/week5/quiz1/data/query/ship/00041.png,ship,0.8332342505455017,0.791049599647522,0.042184650897979736,1,/home/emily/MMIP/week5/quiz1/data/gallery/ship/00387.png
Triplet,/home/emily/MMIP/week5/quiz1/data/query/ship/00042.png,ship,0.9197344779968262,0.8408427834510803,0.07889169454574585,1,/home/emily/MMIP/week5/quiz1/data/gallery/ship/00017.png
Triplet,/home/emily/MMIP/week5/quiz1/data/query/ship/00043.png,ship,0.9045690298080444,0.8593127131462097,0.04525631666183472,1,/home/emily/MMIP/week5/quiz1/data/gallery/ship/00511.png
Triplet,/home/emily/MMIP/week5/quiz1/data/query/ship/00044.png,ship,0.9102657437324524,0.8157789707183838,0.0944867730140686,1,/home/emily/MMIP/week5/quiz1/data/gallery/ship/00017.png
Triplet,/home/emily/MMIP/week5/quiz1/data/query/ship/00045.png,ship,0.8690018057823181,0.8172359466552734,0.05176585912704468,1,/home/emily/MMIP/week5/quiz1/data/gallery/ship/00870.png
Triplet,/home/emily/MMIP/week5/quiz1/data/query/ship/00046.png,ship,0.8786923885345459,0.8276050090789795,0.051087379455566406,1,/home/emily/MMIP/week5/quiz1/data/gallery/ship/00699.png
Triplet,/home/emily/MMIP/week5/quiz1/data/query/ship/00047.png,ship,0.9198508262634277,0.8411622643470764,0.07868856191635132,1,/home/emily/MMIP/week5/quiz1/data/gallery/ship/00771.png
Triplet,/home/emily/MMIP/week5/quiz1/data/query/ship/00048.png,ship,0.851064920425415,0.800730288028717,0.050334632396698,1,/home/emily/MMIP/week5/quiz1/data/gallery/ship/00619.png
Triplet,/home/emily/MMIP/week5/quiz1/data/query/ship/00049.png,ship,0.9015845060348511,0.8552714586257935,0.04631304740905762,1,/home/emily/MMIP/week5/quiz1/data/gallery/ship/00377.png
Triplet,/home/emily/MMIP/week5/quiz1/data/query/ship/00050.png,ship,0.8935050964355469,0.8508082032203674,0.04269689321517944,1,/home/emily/MMIP/week5/quiz1/data/gallery/ship/00771.png
Triplet,/home/emily/MMIP/week5/quiz1/data/query/ship/00051.png,ship,0.9212214946746826,0.8275870084762573,0.09363448619842529,1,/home/emily/MMIP/week5/quiz1/data/gallery/ship/00984.png
Triplet,/home/emily/MMIP/week5/quiz1/data/query/ship/00052.png,ship,0.9259958267211914,0.844732403755188,0.08126342296600342,1,/home/emily/MMIP/week5/quiz1/data/gallery/ship/00067.png
Triplet,/home/emily/MMIP/week5/quiz1/data/query/ship/00053.png,ship,0.800133228302002,0.801055908203125,-0.0009226799011230469,2,/home/emily/MMIP/week5/quiz1/data/gallery/ship/00355.png
Triplet,/home/emily/MMIP/week5/quiz1/data/query/ship/00054.png,ship,0.896716833114624,0.8503241539001465,0.04639267921447754,1,/home/emily/MMIP/week5/quiz1/data/gallery/ship/00432.png
Triplet,/home/emily/MMIP/week5/quiz1/data/query/ship/00055.png,ship,0.8927772045135498,0.8480448722839355,0.04473233222961426,1,/home/emily/MMIP/week5/quiz1/data/gallery/ship/00347.png
Triplet,/home/emily/MMIP/week5/quiz1/data/query/ship/00056.png,ship,0.9240542054176331,0.8641653060913086,0.05988889932632446,1,/home/emily/MMIP/week5/quiz1/data/gallery/ship/00005.png
Triplet,/home/emily/MMIP/week5/quiz1/data/query/ship/00057.png,ship,0.9114546179771423,0.850337028503418,0.061117589473724365,1,/home/emily/MMIP/week5/quiz1/data/gallery/ship/00288.png
Triplet,/home/emily/MMIP/week5/quiz1/data/query/ship/00058.png,ship,0.8821595907211304,0.8665951490402222,0.015564441680908203,1,/home/emily/MMIP/week5/quiz1/data/gallery/ship/00202.png
Triplet,/home/emily/MMIP/week5/quiz1/data/query/ship/00059.png,ship,0.88910973072052,0.8555709719657898,0.033538758754730225,1,/home/emily/MMIP/week5/quiz1/data/gallery/ship/00180.png
Triplet,/home/emily/MMIP/week5/quiz1/data/query/ship/00060.png,ship,0.9235193729400635,0.8389447927474976,0.08457458019256592,1,/home/emily/MMIP/week5/quiz1/data/gallery/ship/00933.png
Triplet,/home/emily/MMIP/week5/quiz1/data/query/ship/00061.png,ship,0.8801174163818359,0.8369330763816833,0.04318434000015259,1,/home/emily/MMIP/week5/quiz1/data/gallery/ship/00781.png
Triplet,/home/emily/MMIP/week5/quiz1/data/query/ship/00062.png,ship,0.9298825263977051,0.867438793182373,0.06244373321533203,1,/home/emily/MMIP/week5/quiz1/data/gallery/ship/00862.png
Triplet,/home/emily/MMIP/week5/quiz1/data/query/ship/00063.png,ship,0.8593717217445374,0.8237330913543701,0.035638630390167236,1,/home/emily/MMIP/week5/quiz1/data/gallery/ship/00064.png
Triplet,/home/emily/MMIP/week5/quiz1/data/query/ship/00064.png,ship,0.8593610525131226,0.8055418729782104,0.05381917953491211,1,/home/emily/MMIP/week5/quiz1/data/gallery/ship/00908.png
Triplet,/home/emily/MMIP/week5/quiz1/data/query/ship/00065.png,ship,0.9176272749900818,0.8205723166465759,0.09705495834350586,1,/home/emily/MMIP/week5/quiz1/data/gallery/ship/00848.png
Triplet,/home/emily/MMIP/week5/quiz1/data/query/ship/00066.png,ship,0.8457432985305786,0.7967747449874878,0.04896855354309082,1,/home/emily/MMIP/week5/quiz1/data/gallery/ship/00814.png
Triplet,/home/emily/MMIP/week5/quiz1/data/query/ship/00067.png,ship,0.836154043674469,0.8150641918182373,0.02108985185623169,1,/home/emily/MMIP/week5/quiz1/data/gallery/ship/00778.png
Triplet,/home/emily/MMIP/week5/quiz1/data/query/ship/00068.png,ship,0.8792893886566162,0.8315221071243286,0.0477672815322876,1,/home/emily/MMIP/week5/quiz1/data/gallery/ship/00573.png
Triplet,/home/emily/MMIP/week5/quiz1/data/query/ship/00069.png,ship,0.8349403142929077,0.8678873181343079,-0.032947003841400146,68,/home/emily/MMIP/week5/quiz1/data/gallery/ship/00093.png
Triplet,/home/emily/MMIP/week5/quiz1/data/query/ship/00070.png,ship,0.8518977761268616,0.8378058671951294,0.014091908931732178,1,/home/emily/MMIP/week5/quiz1/data/gallery/ship/00637.png
Triplet,/home/emily/MMIP/week5/quiz1/data/query/ship/00071.png,ship,0.9102939963340759,0.8396451473236084,0.07064884901046753,1,/home/emily/MMIP/week5/quiz1/data/gallery/ship/00061.png
Triplet,/home/emily/MMIP/week5/quiz1/data/query/ship/00072.png,ship,0.8431746959686279,0.8110166788101196,0.0321580171585083,1,/home/emily/MMIP/week5/quiz1/data/gallery/ship/00372.png
Triplet,/home/emily/MMIP/week5/quiz1/data/query/ship/00073.png,ship,0.875912070274353,0.8294046521186829,0.046507418155670166,1,/home/emily/MMIP/week5/quiz1/data/gallery/ship/00521.png
Triplet,/home/emily/MMIP/week5/quiz1/data/query/ship/00074.png,ship,0.8854604959487915,0.8389809131622314,0.04647958278656006,1,/home/emily/MMIP/week5/quiz1/data/gallery/ship/00023.png
Triplet,/home/emily/MMIP/week5/quiz1/data/query/ship/00075.png,ship,0.8973314762115479,0.8356016278266907,0.06172984838485718,1,/home/emily/MMIP/week5/quiz1/data/gallery/ship/00171.png
Triplet,/home/emily/MMIP/week5/quiz1/data/query/ship/00076.png,ship,0.8393236398696899,0.8225022554397583,0.01682138442993164,1,/home/emily/MMIP/week5/quiz1/data/gallery/ship/00240.png
Triplet,/home/emily/MMIP/week5/quiz1/data/query/ship/00077.png,ship,0.8774855136871338,0.8519322872161865,0.025553226470947266,1,/home/emily/MMIP/week5/quiz1/data/gallery/ship/00059.png
Triplet,/home/emily/MMIP/week5/quiz1/data/query/ship/00078.png,ship,0.8789162635803223,0.8466602563858032,0.03225600719451904,1,/home/emily/MMIP/week5/quiz1/data/gallery/ship/00661.png
Triplet,/home/emily/MMIP/week5/quiz1/data/query/ship/00079.png,ship,0.8948283195495605,0.8492394089698792,0.045588910579681396,1,/home/emily/MMIP/week5/quiz1/data/gallery/ship/00121.png
Triplet,/home/emily/MMIP/week5/quiz1/data/query/ship/00080.png,ship,0.9426095485687256,0.8424115180969238,0.10019803047180176,1,/home/emily/MMIP/week5/quiz1/data/gallery/ship/00551.png
Triplet,/home/emily/MMIP/week5/quiz1/data/query/ship/00081.png,ship,0.8791113495826721,0.8216546773910522,0.05745667219161987,1,/home/emily/MMIP/week5/quiz1/data/gallery/ship/00192.png
Triplet,/home/emily/MMIP/week5/quiz1/data/query/ship/00082.png,ship,0.9219818711280823,0.8511923551559448,0.07078951597213745,1,/home/emily/MMIP/week5/quiz1/data/gallery/ship/00158.png
Triplet,/home/emily/MMIP/week5/quiz1/data/query/ship/00083.png,ship,0.8812071084976196,0.8471862077713013,0.03402090072631836,1,/home/emily/MMIP/week5/quiz1/data/gallery/ship/00448.png
Triplet,/home/emily/MMIP/week5/quiz1/data/query/ship/00084.png,ship,0.8804436922073364,0.8276702165603638,0.052773475646972656,1,/home/emily/MMIP/week5/quiz1/data/gallery/ship/00918.png
Triplet,/home/emily/MMIP/week5/quiz1/data/query/ship/00085.png,ship,0.9161115884780884,0.8376896977424622,0.07842189073562622,1,/home/emily/MMIP/week5/quiz1/data/gallery/ship/00792.png
Triplet,/home/emily/MMIP/week5/quiz1/data/query/ship/00086.png,ship,0.817617654800415,0.8077434301376343,0.009874224662780762,1,/home/emily/MMIP/week5/quiz1/data/gallery/ship/00514.png
Triplet,/home/emily/MMIP/week5/quiz1/data/query/ship/00087.png,ship,0.8748111724853516,0.8136857748031616,0.06112539768218994,1,/home/emily/MMIP/week5/quiz1/data/gallery/ship/00466.png
Triplet,/home/emily/MMIP/week5/quiz1/data/query/ship/00088.png,ship,0.877902626991272,0.8369823694229126,0.040920257568359375,1,/home/emily/MMIP/week5/quiz1/data/gallery/ship/00992.png
Triplet,/home/emily/MMIP/week5/quiz1/data/query/ship/00089.png,ship,0.8401044011116028,0.7939071655273438,0.04619723558425903,1,/home/emily/MMIP/week5/quiz1/data/gallery/ship/00874.png
Triplet,/home/emily/MMIP/week5/quiz1/data/query/ship/00090.png,ship,0.8435987234115601,0.8313819169998169,0.012216806411743164,1,/home/emily/MMIP/week5/quiz1/data/gallery/ship/00178.png
Triplet,/home/emily/MMIP/week5/quiz1/data/query/ship/00091.png,ship,0.8769155740737915,0.8483250141143799,0.02859055995941162,1,/home/emily/MMIP/week5/quiz1/data/gallery/ship/00334.png
Triplet,/home/emily/MMIP/week5/quiz1/data/query/ship/00092.png,ship,0.8324404954910278,0.8214998245239258,0.01094067096710205,1,/home/emily/MMIP/week5/quiz1/data/gallery/ship/00785.png
Triplet,/home/emily/MMIP/week5/quiz1/data/query/ship/00093.png,ship,0.8747632503509521,0.8116872906684875,0.0630759596824646,1,/home/emily/MMIP/week5/quiz1/data/gallery/ship/00489.png
Triplet,/home/emily/MMIP/week5/quiz1/data/query/ship/00094.png,ship,0.9052814245223999,0.8315290212631226,0.07375240325927734,1,/home/emily/MMIP/week5/quiz1/data/gallery/ship/00832.png
Triplet,/home/emily/MMIP/week5/quiz1/data/query/ship/00095.png,ship,0.8838233947753906,0.8107709288597107,0.07305246591567993,1,/home/emily/MMIP/week5/quiz1/data/gallery/ship/00672.png
Triplet,/home/emily/MMIP/week5/quiz1/data/query/ship/00096.png,ship,0.9002417922019958,0.8704784512519836,0.029763340950012207,1,/home/emily/MMIP/week5/quiz1/data/gallery/ship/00949.png
Triplet,/home/emily/MMIP/week5/quiz1/data/query/ship/00097.png,ship,0.8557551503181458,0.8159615993499756,0.039793550968170166,1,/home/emily/MMIP/week5/quiz1/data/gallery/ship/00107.png
Triplet,/home/emily/MMIP/week5/quiz1/data/query/ship/00098.png,ship,0.8113775253295898,0.8040197491645813,0.007357776165008545,1,/home/emily/MMIP/week5/quiz1/data/gallery/ship/00591.png
Triplet,/home/emily/MMIP/week5/quiz1/data/query/ship/00099.png,ship,0.9057608246803284,0.8549898862838745,0.05077093839645386,1,/home/emily/MMIP/week5/quiz1/data/gallery/ship/00225.png
Triplet,/home/emily/MMIP/week5/quiz1/data/query/truck/00000.png,truck,0.9602545499801636,0.8040867447853088,0.15616780519485474,1,/home/emily/MMIP/week5/quiz1/data/gallery/truck/00263.png
Triplet,/home/emily/MMIP/week5/quiz1/data/query/truck/00001.png,truck,0.9543006420135498,0.7840657830238342,0.17023485898971558,1,/home/emily/MMIP/week5/quiz1/data/gallery/truck/00901.png
Triplet,/home/emily/MMIP/week5/quiz1/data/query/truck/00002.png,truck,0.924676775932312,0.8399273157119751,0.08474946022033691,1,/home/emily/MMIP/week5/quiz1/data/gallery/truck/00370.png
Triplet,/home/emily/MMIP/week5/quiz1/data/query/truck/00003.png,truck,0.9477664232254028,0.8041574358940125,0.14360898733139038,1,/home/emily/MMIP/week5/quiz1/data/gallery/truck/00288.png
Triplet,/home/emily/MMIP/week5/quiz1/data/query/truck/00004.png,truck,0.94730144739151,0.8004752397537231,0.14682620763778687,1,/home/emily/MMIP/week5/quiz1/data/gallery/truck/00038.png
Triplet,/home/emily/MMIP/week5/quiz1/data/query/truck/00005.png,truck,0.9623937606811523,0.8199800252914429,0.14241373538970947,1,/home/emily/MMIP/week5/quiz1/data/gallery/truck/00666.png
Triplet,/home/emily/MMIP/week5/quiz1/data/query/truck/00006.png,truck,0.9451322555541992,0.8235626816749573,0.12156957387924194,1,/home/emily/MMIP/week5/quiz1/data/gallery/truck/00726.png
Triplet,/home/emily/MMIP/week5/quiz1/data/query/truck/00007.png,truck,0.8148045539855957,0.825600266456604,-0.0107957124710083,2,/home/emily/MMIP/week5/quiz1/data/gallery/truck/00696.png
Triplet,/home/emily/MMIP/week5/quiz1/data/query/truck/00008.png,truck,0.8681081533432007,0.8262429237365723,0.04186522960662842,1,/home/emily/MMIP/week5/quiz1/data/gallery/truck/00665.png
Triplet,/home/emily/MMIP/week5/quiz1/data/query/truck/00009.png,truck,0.8796986937522888,0.848483681678772,0.031215012073516846,1,/home/emily/MMIP/week5/quiz1/data/gallery/truck/00508.png
Triplet,/home/emily/MMIP/week5/quiz1/data/query/truck/00010.png,truck,0.9009840488433838,0.8430864810943604,0.05789756774902344,1,/home/emily/MMIP/week5/quiz1/data/gallery/truck/00595.png
Triplet,/home/emily/MMIP/week5/quiz1/data/query/truck/00011.png,truck,0.9733803272247314,0.7981671094894409,0.17521321773529053,1,/home/emily/MMIP/week5/quiz1/data/gallery/truck/00263.png
Triplet,/home/emily/MMIP/week5/quiz1/data/query/truck/00012.png,truck,0.9538741707801819,0.8173614740371704,0.13651269674301147,1,/home/emily/MMIP/week5/quiz1/data/gallery/truck/00427.png
Triplet,/home/emily/MMIP/week5/quiz1/data/query/truck/00013.png,truck,0.869502067565918,0.8400156497955322,0.029486417770385742,1,/home/emily/MMIP/week5/quiz1/data/gallery/truck/00593.png
Triplet,/home/emily/MMIP/week5/quiz1/data/query/truck/00014.png,truck,0.8575152158737183,0.8180116415023804,0.03950357437133789,1,/home/emily/MMIP/week5/quiz1/data/gallery/truck/00747.png
Triplet,/home/emily/MMIP/week5/quiz1/data/query/truck/00015.png,truck,0.9177178740501404,0.8442388772964478,0.07347899675369263,1,/home/emily/MMIP/week5/quiz1/data/gallery/truck/00496.png
Triplet,/home/emily/MMIP/week5/quiz1/data/query/truck/00016.png,truck,0.9275290966033936,0.8135312795639038,0.11399781703948975,1,/home/emily/MMIP/week5/quiz1/data/gallery/truck/00952.png
Triplet,/home/emily/MMIP/week5/quiz1/data/query/truck/00017.png,truck,0.8235588073730469,0.8147541880607605,0.008804619312286377,1,/home/emily/MMIP/week5/quiz1/data/gallery/truck/00204.png
Triplet,/home/emily/MMIP/week5/quiz1/data/query/truck/00018.png,truck,0.8934434056282043,0.8249648213386536,0.06847858428955078,1,/home/emily/MMIP/week5/quiz1/data/gallery/truck/00320.png
Triplet,/home/emily/MMIP/week5/quiz1/data/query/truck/00019.png,truck,0.9136680364608765,0.8259360790252686,0.08773195743560791,1,/home/emily/MMIP/week5/quiz1/data/gallery/truck/00718.png
Triplet,/home/emily/MMIP/week5/quiz1/data/query/truck/00020.png,truck,0.9514890909194946,0.8277856111526489,0.1237034797668457,1,/home/emily/MMIP/week5/quiz1/data/gallery/truck/00030.png
Triplet,/home/emily/MMIP/week5/quiz1/data/query/truck/00021.png,truck,0.9252549409866333,0.8464452624320984,0.07880967855453491,1,/home/emily/MMIP/week5/quiz1/data/gallery/truck/00562.png
Triplet,/home/emily/MMIP/week5/quiz1/data/query/truck/00022.png,truck,0.9055119752883911,0.8026500344276428,0.10286194086074829,1,/home/emily/MMIP/week5/quiz1/data/gallery/truck/00446.png
Triplet,/home/emily/MMIP/week5/quiz1/data/query/truck/00023.png,truck,0.9617599844932556,0.8424612283706665,0.11929875612258911,1,/home/emily/MMIP/week5/quiz1/data/gallery/truck/00666.png
Triplet,/home/emily/MMIP/week5/quiz1/data/query/truck/00024.png,truck,0.9191458225250244,0.8911807537078857,0.027965068817138672,1,/home/emily/MMIP/week5/quiz1/data/gallery/truck/00414.png
Triplet,/home/emily/MMIP/week5/quiz1/data/query/truck/00025.png,truck,0.9048897624015808,0.8156211972236633,0.08926856517791748,1,/home/emily/MMIP/week5/quiz1/data/gallery/truck/00374.png
Triplet,/home/emily/MMIP/week5/quiz1/data/query/truck/00026.png,truck,0.9159544706344604,0.812361478805542,0.10359299182891846,1,/home/emily/MMIP/week5/quiz1/data/gallery/truck/00812.png
Triplet,/home/emily/MMIP/week5/quiz1/data/query/truck/00027.png,truck,0.8451389074325562,0.8354923129081726,0.009646594524383545,1,/home/emily/MMIP/week5/quiz1/data/gallery/truck/00265.png
Triplet,/home/emily/MMIP/week5/quiz1/data/query/truck/00028.png,truck,0.9191970825195312,0.8510354161262512,0.06816166639328003,1,/home/emily/MMIP/week5/quiz1/data/gallery/truck/00370.png
Triplet,/home/emily/MMIP/week5/quiz1/data/query/truck/00029.png,truck,0.8622311353683472,0.8253562450408936,0.03687489032745361,1,/home/emily/MMIP/week5/quiz1/data/gallery/truck/00867.png
Triplet,/home/emily/MMIP/week5/quiz1/data/query/truck/00030.png,truck,0.9276385307312012,0.8392950296401978,0.08834350109100342,1,/home/emily/MMIP/week5/quiz1/data/gallery/truck/00730.png
Triplet,/home/emily/MMIP/week5/quiz1/data/query/truck/00031.png,truck,0.9085080027580261,0.8193474411964417,0.08916056156158447,1,/home/emily/MMIP/week5/quiz1/data/gallery/truck/00681.png
Triplet,/home/emily/MMIP/week5/quiz1/data/query/truck/00032.png,truck,0.959006667137146,0.7879461050033569,0.17106056213378906,1,/home/emily/MMIP/week5/quiz1/data/gallery/truck/00642.png
Triplet,/home/emily/MMIP/week5/quiz1/data/query/truck/00033.png,truck,0.9428445100784302,0.831634521484375,0.11120998859405518,1,/home/emily/MMIP/week5/quiz1/data/gallery/truck/00975.png
Triplet,/home/emily/MMIP/week5/quiz1/data/query/truck/00034.png,truck,0.7931155562400818,0.8959481716156006,-0.1028326153755188,980,/home/emily/MMIP/week5/quiz1/data/gallery/truck/00831.png
Triplet,/home/emily/MMIP/week5/quiz1/data/query/truck/00035.png,truck,0.8760007619857788,0.8277347087860107,0.048266053199768066,1,/home/emily/MMIP/week5/quiz1/data/gallery/truck/00712.png
Triplet,/home/emily/MMIP/week5/quiz1/data/query/truck/00036.png,truck,0.9377869367599487,0.8425931930541992,0.09519374370574951,1,/home/emily/MMIP/week5/quiz1/data/gallery/truck/00788.png
Triplet,/home/emily/MMIP/week5/quiz1/data/query/truck/00037.png,truck,0.8856523633003235,0.830829381942749,0.05482298135757446,1,/home/emily/MMIP/week5/quiz1/data/gallery/truck/00058.png
Triplet,/home/emily/MMIP/week5/quiz1/data/query/truck/00038.png,truck,0.9268633723258972,0.8618143796920776,0.06504899263381958,1,/home/emily/MMIP/week5/quiz1/data/gallery/truck/00502.png
Triplet,/home/emily/MMIP/week5/quiz1/data/query/truck/00039.png,truck,0.9292431473731995,0.8060864806175232,0.12315666675567627,1,/home/emily/MMIP/week5/quiz1/data/gallery/truck/00427.png
Triplet,/home/emily/MMIP/week5/quiz1/data/query/truck/00040.png,truck,0.9499348402023315,0.7861349582672119,0.16379988193511963,1,/home/emily/MMIP/week5/quiz1/data/gallery/truck/00415.png
Triplet,/home/emily/MMIP/week5/quiz1/data/query/truck/00041.png,truck,0.9085367321968079,0.7993727326393127,0.10916399955749512,1,/home/emily/MMIP/week5/quiz1/data/gallery/truck/00583.png
Triplet,/home/emily/MMIP/week5/quiz1/data/query/truck/00042.png,truck,0.910574197769165,0.8515417575836182,0.059032440185546875,1,/home/emily/MMIP/week5/quiz1/data/gallery/truck/00554.png
Triplet,/home/emily/MMIP/week5/quiz1/data/query/truck/00043.png,truck,0.8896204233169556,0.8115689754486084,0.07805144786834717,1,/home/emily/MMIP/week5/quiz1/data/gallery/truck/00090.png
Triplet,/home/emily/MMIP/week5/quiz1/data/query/truck/00044.png,truck,0.8349152207374573,0.862167239189148,-0.027252018451690674,9,/home/emily/MMIP/week5/quiz1/data/gallery/truck/00867.png
Triplet,/home/emily/MMIP/week5/quiz1/data/query/truck/00045.png,truck,0.9172882437705994,0.8332318067550659,0.08405643701553345,1,/home/emily/MMIP/week5/quiz1/data/gallery/truck/00861.png
Triplet,/home/emily/MMIP/week5/quiz1/data/query/truck/00046.png,truck,0.832737147808075,0.8212547302246094,0.011482417583465576,1,/home/emily/MMIP/week5/quiz1/data/gallery/truck/00776.png
Triplet,/home/emily/MMIP/week5/quiz1/data/query/truck/00047.png,truck,0.9578019380569458,0.828014075756073,0.1297878623008728,1,/home/emily/MMIP/week5/quiz1/data/gallery/truck/00609.png
Triplet,/home/emily/MMIP/week5/quiz1/data/query/truck/00048.png,truck,0.9397549629211426,0.8009366393089294,0.13881832361221313,1,/home/emily/MMIP/week5/quiz1/data/gallery/truck/00991.png
Triplet,/home/emily/MMIP/week5/quiz1/data/query/truck/00049.png,truck,0.9600838422775269,0.8179192543029785,0.14216458797454834,1,/home/emily/MMIP/week5/quiz1/data/gallery/truck/00288.png
Triplet,/home/emily/MMIP/week5/quiz1/data/query/truck/00050.png,truck,0.8567638397216797,0.815868616104126,0.04089522361755371,1,/home/emily/MMIP/week5/quiz1/data/gallery/truck/00220.png
Triplet,/home/emily/MMIP/week5/quiz1/data/query/truck/00051.png,truck,0.8593422174453735,0.8155825138092041,0.043759703636169434,1,/home/emily/MMIP/week5/quiz1/data/gallery/truck/00764.png
Triplet,/home/emily/MMIP/week5/quiz1/data/query/truck/00052.png,truck,0.8442280888557434,0.7897818088531494,0.054446280002593994,1,/home/emily/MMIP/week5/quiz1/data/gallery/truck/00084.png
Triplet,/home/emily/MMIP/week5/quiz1/data/query/truck/00053.png,truck,0.8155171871185303,0.8056483268737793,0.009868860244750977,1,/home/emily/MMIP/week5/quiz1/data/gallery/truck/00265.png
Triplet,/home/emily/MMIP/week5/quiz1/data/query/truck/00054.png,truck,0.9602869749069214,0.8131346702575684,0.14715230464935303,1,/home/emily/MMIP/week5/quiz1/data/gallery/truck/00864.png
Triplet,/home/emily/MMIP/week5/quiz1/data/query/truck/00055.png,truck,0.9684730768203735,0.7948367595672607,0.1736363172531128,1,/home/emily/MMIP/week5/quiz1/data/gallery/truck/00298.png
Triplet,/home/emily/MMIP/week5/quiz1/data/query/truck/00056.png,truck,0.9480374455451965,0.853812038898468,0.09422540664672852,1,/home/emily/MMIP/week5/quiz1/data/gallery/truck/00372.png
Triplet,/home/emily/MMIP/week5/quiz1/data/query/truck/00057.png,truck,0.8401424884796143,0.8412535190582275,-0.0011110305786132812,2,/home/emily/MMIP/week5/quiz1/data/gallery/truck/00150.png
Triplet,/home/emily/MMIP/week5/quiz1/data/query/truck/00058.png,truck,0.8548818826675415,0.8321806192398071,0.022701263427734375,1,/home/emily/MMIP/week5/quiz1/data/gallery/truck/00513.png
Triplet,/home/emily/MMIP/week5/quiz1/data/query/truck/00059.png,truck,0.9028753042221069,0.857699990272522,0.04517531394958496,1,/home/emily/MMIP/week5/quiz1/data/gallery/truck/00601.png
Triplet,/home/emily/MMIP/week5/quiz1/data/query/truck/00060.png,truck,0.9434394836425781,0.8170390725135803,0.1264004111289978,1,/home/emily/MMIP/week5/quiz1/data/gallery/truck/00131.png
Triplet,/home/emily/MMIP/week5/quiz1/data/query/truck/00061.png,truck,0.878117561340332,0.8328855037689209,0.04523205757141113,1,/home/emily/MMIP/week5/quiz1/data/gallery/truck/00913.png
Triplet,/home/emily/MMIP/week5/quiz1/data/query/truck/00062.png,truck,0.8709135055541992,0.8069260120391846,0.06398749351501465,1,/home/emily/MMIP/week5/quiz1/data/gallery/truck/00996.png
Triplet,/home/emily/MMIP/week5/quiz1/data/query/truck/00063.png,truck,0.9352476596832275,0.8143295049667358,0.1209181547164917,1,/home/emily/MMIP/week5/quiz1/data/gallery/truck/00755.png
Triplet,/home/emily/MMIP/week5/quiz1/data/query/truck/00064.png,truck,0.9184680581092834,0.820702314376831,0.09776574373245239,1,/home/emily/MMIP/week5/quiz1/data/gallery/truck/00626.png
Triplet,/home/emily/MMIP/week5/quiz1/data/query/truck/00065.png,truck,0.945952832698822,0.8045979738235474,0.14135485887527466,1,/home/emily/MMIP/week5/quiz1/data/gallery/truck/00566.png
Triplet,/home/emily/MMIP/week5/quiz1/data/query/truck/00066.png,truck,0.8294938802719116,0.8090226650238037,0.02047121524810791,1,/home/emily/MMIP/week5/quiz1/data/gallery/truck/00113.png
Triplet,/home/emily/MMIP/week5/quiz1/data/query/truck/00067.png,truck,0.8321159482002258,0.8227496147155762,0.009366333484649658,1,/home/emily/MMIP/week5/quiz1/data/gallery/truck/00759.png
Triplet,/home/emily/MMIP/week5/quiz1/data/query/truck/00068.png,truck,0.8882317543029785,0.8237901926040649,0.06444156169891357,1,/home/emily/MMIP/week5/quiz1/data/gallery/truck/00536.png
Triplet,/home/emily/MMIP/week5/quiz1/data/query/truck/00069.png,truck,0.9359596967697144,0.8058484792709351,0.1301112174987793,1,/home/emily/MMIP/week5/quiz1/data/gallery/truck/00730.png
Triplet,/home/emily/MMIP/week5/quiz1/data/query/truck/00070.png,truck,0.9337624311447144,0.8133144378662109,0.12044799327850342,1,/home/emily/MMIP/week5/quiz1/data/gallery/truck/00393.png
Triplet,/home/emily/MMIP/week5/quiz1/data/query/truck/00071.png,truck,0.9507192969322205,0.8350152969360352,0.1157039999961853,1,/home/emily/MMIP/week5/quiz1/data/gallery/truck/00666.png
Triplet,/home/emily/MMIP/week5/quiz1/data/query/truck/00072.png,truck,0.8736547231674194,0.8396469950675964,0.034007728099823,1,/home/emily/MMIP/week5/quiz1/data/gallery/truck/00871.png
Triplet,/home/emily/MMIP/week5/quiz1/data/query/truck/00073.png,truck,0.9037943482398987,0.8802834749221802,0.023510873317718506,1,/home/emily/MMIP/week5/quiz1/data/gallery/truck/00671.png
Triplet,/home/emily/MMIP/week5/quiz1/data/query/truck/00074.png,truck,0.9062134623527527,0.8611152768135071,0.045098185539245605,1,/home/emily/MMIP/week5/quiz1/data/gallery/truck/00121.png
Triplet,/home/emily/MMIP/week5/quiz1/data/query/truck/00075.png,truck,0.9017090797424316,0.8168653249740601,0.08484375476837158,1,/home/emily/MMIP/week5/quiz1/data/gallery/truck/00127.png
Triplet,/home/emily/MMIP/week5/quiz1/data/query/truck/00076.png,truck,0.9143378734588623,0.8547694683074951,0.05956840515136719,1,/home/emily/MMIP/week5/quiz1/data/gallery/truck/00172.png
Triplet,/home/emily/MMIP/week5/quiz1/data/query/truck/00077.png,truck,0.9426953792572021,0.8336151838302612,0.10908019542694092,1,/home/emily/MMIP/week5/quiz1/data/gallery/truck/00229.png
Triplet,/home/emily/MMIP/week5/quiz1/data/query/truck/00078.png,truck,0.915493369102478,0.8356878757476807,0.07980549335479736,1,/home/emily/MMIP/week5/quiz1/data/gallery/truck/00950.png
Triplet,/home/emily/MMIP/week5/quiz1/data/query/truck/00079.png,truck,0.9505861401557922,0.8180890679359436,0.13249707221984863,1,/home/emily/MMIP/week5/quiz1/data/gallery/truck/00750.png
Triplet,/home/emily/MMIP/week5/quiz1/data/query/truck/00080.png,truck,0.876985490322113,0.8545739650726318,0.0224115252494812,1,/home/emily/MMIP/week5/quiz1/data/gallery/truck/00935.png
Triplet,/home/emily/MMIP/week5/quiz1/data/query/truck/00081.png,truck,0.861238956451416,0.808442234992981,0.05279672145843506,1,/home/emily/MMIP/week5/quiz1/data/gallery/truck/00674.png
Triplet,/home/emily/MMIP/week5/quiz1/data/query/truck/00082.png,truck,0.8742095828056335,0.8240554332733154,0.050154149532318115,1,/home/emily/MMIP/week5/quiz1/data/gallery/truck/00462.png
Triplet,/home/emily/MMIP/week5/quiz1/data/query/truck/00083.png,truck,0.9334826469421387,0.821551501750946,0.11193114519119263,1,/home/emily/MMIP/week5/quiz1/data/gallery/truck/00641.png
Triplet,/home/emily/MMIP/week5/quiz1/data/query/truck/00084.png,truck,0.870442271232605,0.81832355260849,0.05211871862411499,1,/home/emily/MMIP/week5/quiz1/data/gallery/truck/00053.png
Triplet,/home/emily/MMIP/week5/quiz1/data/query/truck/00085.png,truck,0.8805865049362183,0.8353598117828369,0.04522669315338135,1,/home/emily/MMIP/week5/quiz1/data/gallery/truck/00799.png
Triplet,/home/emily/MMIP/week5/quiz1/data/query/truck/00086.png,truck,0.8444948196411133,0.833835780620575,0.01065903902053833,1,/home/emily/MMIP/week5/quiz1/data/gallery/truck/00360.png
Triplet,/home/emily/MMIP/week5/quiz1/data/query/truck/00087.png,truck,0.8253216743469238,0.7896720767021179,0.03564959764480591,1,/home/emily/MMIP/week5/quiz1/data/gallery/truck/00541.png
Triplet,/home/emily/MMIP/week5/quiz1/data/query/truck/00088.png,truck,0.9529005885124207,0.8154398798942566,0.13746070861816406,1,/home/emily/MMIP/week5/quiz1/data/gallery/truck/00708.png
Triplet,/home/emily/MMIP/week5/quiz1/data/query/truck/00089.png,truck,0.900134801864624,0.8092747926712036,0.09086000919342041,1,/home/emily/MMIP/week5/quiz1/data/gallery/truck/00583.png
Triplet,/home/emily/MMIP/week5/quiz1/data/query/truck/00090.png,truck,0.9520148634910583,0.7886434197425842,0.16337144374847412,1,/home/emily/MMIP/week5/quiz1/data/gallery/truck/00770.png
Triplet,/home/emily/MMIP/week5/quiz1/data/query/truck/00091.png,truck,0.872384786605835,0.8055732250213623,0.06681156158447266,1,/home/emily/MMIP/week5/quiz1/data/gallery/truck/00764.png
Triplet,/home/emily/MMIP/week5/quiz1/data/query/truck/00092.png,truck,0.9453290104866028,0.8014442920684814,0.14388471841812134,1,/home/emily/MMIP/week5/quiz1/data/gallery/truck/00386.png
Triplet,/home/emily/MMIP/week5/quiz1/data/query/truck/00093.png,truck,0.8598940372467041,0.8104876279830933,0.04940640926361084,1,/home/emily/MMIP/week5/quiz1/data/gallery/truck/00110.png
Triplet,/home/emily/MMIP/week5/quiz1/data/query/truck/00094.png,truck,0.8984440565109253,0.8778077363967896,0.020636320114135742,1,/home/emily/MMIP/week5/quiz1/data/gallery/truck/00292.png
Triplet,/home/emily/MMIP/week5/quiz1/data/query/truck/00095.png,truck,0.8053689002990723,0.8925817012786865,-0.08721280097961426,982,/home/emily/MMIP/week5/quiz1/data/gallery/truck/00831.png
Triplet,/home/emily/MMIP/week5/quiz1/data/query/truck/00096.png,truck,0.9001058340072632,0.836556077003479,0.06354975700378418,1,/home/emily/MMIP/week5/quiz1/data/gallery/truck/00124.png
Triplet,/home/emily/MMIP/week5/quiz1/data/query/truck/00097.png,truck,0.9516235589981079,0.8538370728492737,0.09778648614883423,1,/home/emily/MMIP/week5/quiz1/data/gallery/truck/00803.png
Triplet,/home/emily/MMIP/week5/quiz1/data/query/truck/00098.png,truck,0.9106825590133667,0.7918273210525513,0.11885523796081543,1,/home/emily/MMIP/week5/quiz1/data/gallery/truck/00854.png
Triplet,/home/emily/MMIP/week5/quiz1/data/query/truck/00099.png,truck,0.8911256790161133,0.842339038848877,0.04878664016723633,1,/home/emily/MMIP/week5/quiz1/data/gallery/truck/00680.png
