query_path,query_class,rank,gallery_path,gallery_class,cosine_similarity
/home/emily/MMIP/week5/quiz1/data/query/airplane/00000.png,airplane,1,/home/emily/MMIP/week5/quiz1/data/gallery/ship/00592.png,ship,0.817527
/home/emily/MMIP/week5/quiz1/data/query/airplane/00000.png,airplane,2,/home/emily/MMIP/week5/quiz1/data/gallery/airplane/00113.png,airplane,0.811431
/home/emily/MMIP/week5/quiz1/data/query/airplane/00000.png,airplane,3,/home/emily/MMIP/week5/quiz1/data/gallery/airplane/00763.png,airplane,0.806108
/home/emily/MMIP/week5/quiz1/data/query/airplane/00000.png,airplane,4,/home/emily/MMIP/week5/quiz1/data/gallery/airplane/00534.png,airplane,0.804508
/home/emily/MMIP/week5/quiz1/data/query/airplane/00000.png,airplane,5,/home/emily/MMIP/week5/quiz1/data/gallery/cat/00471.png,cat,0.793179
/home/emily/MMIP/week5/quiz1/data/query/airplane/00001.png,airplane,1,/home/emily/MMIP/week5/quiz1/data/gallery/airplane/00707.png,airplane,0.861377
/home/emily/MMIP/week5/quiz1/data/query/airplane/00001.png,airplane,2,/home/emily/MMIP/week5/quiz1/data/gallery/airplane/00154.png,airplane,0.856488
/home/emily/MMIP/week5/quiz1/data/query/airplane/00001.png,airplane,3,/home/emily/MMIP/week5/quiz1/data/gallery/airplane/00687.png,airplane,0.851733
/home/emily/MMIP/week5/quiz1/data/query/airplane/00001.png,airplane,4,/home/emily/MMIP/week5/quiz1/data/gallery/airplane/00258.png,airplane,0.848017
/home/emily/MMIP/week5/quiz1/data/query/airplane/00001.png,airplane,5,/home/emily/MMIP/week5/quiz1/data/gallery/airplane/00999.png,airplane,0.846528
/home/emily/MMIP/week5/quiz1/data/query/airplane/00002.png,airplane,1,/home/emily/MMIP/week5/quiz1/data/gallery/airplane/00376.png,airplane,0.920967
/home/emily/MMIP/week5/quiz1/data/query/airplane/00002.png,airplane,2,/home/emily/MMIP/week5/quiz1/data/gallery/airplane/00921.png,airplane,0.894545
/home/emily/MMIP/week5/quiz1/data/query/airplane/00002.png,airplane,3,/home/emily/MMIP/week5/quiz1/data/gallery/airplane/00596.png,airplane,0.880491
/home/emily/MMIP/week5/quiz1/data/query/airplane/00002.png,airplane,4,/home/emily/MMIP/week5/quiz1/data/gallery/airplane/00997.png,airplane,0.875899
/home/emily/MMIP/week5/quiz1/data/query/airplane/00002.png,airplane,5,/home/emily/MMIP/week5/quiz1/data/gallery/airplane/00157.png,airplane,0.875585
/home/emily/MMIP/week5/quiz1/data/query/airplane/00003.png,airplane,1,/home/emily/MMIP/week5/quiz1/data/gallery/airplane/00682.png,airplane,0.838406
/home/emily/MMIP/week5/quiz1/data/query/airplane/00003.png,airplane,2,/home/emily/MMIP/week5/quiz1/data/gallery/airplane/00959.png,airplane,0.829320
/home/emily/MMIP/week5/quiz1/data/query/airplane/00003.png,airplane,3,/home/emily/MMIP/week5/quiz1/data/gallery/airplane/00031.png,airplane,0.826656
/home/emily/MMIP/week5/quiz1/data/query/airplane/00003.png,airplane,4,/home/emily/MMIP/week5/quiz1/data/gallery/airplane/00065.png,airplane,0.825618
/home/emily/MMIP/week5/quiz1/data/query/airplane/00003.png,airplane,5,/home/emily/MMIP/week5/quiz1/data/gallery/airplane/00070.png,airplane,0.825564
/home/emily/MMIP/week5/quiz1/data/query/airplane/00004.png,airplane,1,/home/emily/MMIP/week5/quiz1/data/gallery/airplane/00419.png,airplane,0.851660
/home/emily/MMIP/week5/quiz1/data/query/airplane/00004.png,airplane,2,/home/emily/MMIP/week5/quiz1/data/gallery/airplane/00347.png,airplane,0.847251
/home/emily/MMIP/week5/quiz1/data/query/airplane/00004.png,airplane,3,/home/emily/MMIP/week5/quiz1/data/gallery/airplane/00501.png,airplane,0.844363
/home/emily/MMIP/week5/quiz1/data/query/airplane/00004.png,airplane,4,/home/emily/MMIP/week5/quiz1/data/gallery/airplane/00650.png,airplane,0.844010
/home/emily/MMIP/week5/quiz1/data/query/airplane/00004.png,airplane,5,/home/emily/MMIP/week5/quiz1/data/gallery/truck/00161.png,truck,0.841146
/home/emily/MMIP/week5/quiz1/data/query/airplane/00005.png,airplane,1,/home/emily/MMIP/week5/quiz1/data/gallery/frog/00352.png,frog,0.796970
/home/emily/MMIP/week5/quiz1/data/query/airplane/00005.png,airplane,2,/home/emily/MMIP/week5/quiz1/data/gallery/ship/00620.png,ship,0.788305
/home/emily/MMIP/week5/quiz1/data/query/airplane/00005.png,airplane,3,/home/emily/MMIP/week5/quiz1/data/gallery/frog/00198.png,frog,0.787753
/home/emily/MMIP/week5/quiz1/data/query/airplane/00005.png,airplane,4,/home/emily/MMIP/week5/quiz1/data/gallery/airplane/00847.png,airplane,0.773059
/home/emily/MMIP/week5/quiz1/data/query/airplane/00005.png,airplane,5,/home/emily/MMIP/week5/quiz1/data/gallery/deer/00992.png,deer,0.768352
/home/emily/MMIP/week5/quiz1/data/query/airplane/00006.png,airplane,1,/home/emily/MMIP/week5/quiz1/data/gallery/truck/00086.png,truck,0.876293
/home/emily/MMIP/week5/quiz1/data/query/airplane/00006.png,airplane,2,/home/emily/MMIP/week5/quiz1/data/gallery/automobile/00427.png,automobile,0.872277
/home/emily/MMIP/week5/quiz1/data/query/airplane/00006.png,airplane,3,/home/emily/MMIP/week5/quiz1/data/gallery/truck/00647.png,truck,0.871642
/home/emily/MMIP/week5/quiz1/data/query/airplane/00006.png,airplane,4,/home/emily/MMIP/week5/quiz1/data/gallery/ship/00670.png,ship,0.870980
/home/emily/MMIP/week5/quiz1/data/query/airplane/00006.png,airplane,5,/home/emily/MMIP/week5/quiz1/data/gallery/truck/00967.png,truck,0.870287
/home/emily/MMIP/week5/quiz1/data/query/airplane/00007.png,airplane,1,/home/emily/MMIP/week5/quiz1/data/gallery/airplane/00037.png,airplane,0.900292
/home/emily/MMIP/week5/quiz1/data/query/airplane/00007.png,airplane,2,/home/emily/MMIP/week5/quiz1/data/gallery/airplane/00935.png,airplane,0.900011
/home/emily/MMIP/week5/quiz1/data/query/airplane/00007.png,airplane,3,/home/emily/MMIP/week5/quiz1/data/gallery/ship/00162.png,ship,0.885409
/home/emily/MMIP/week5/quiz1/data/query/airplane/00007.png,airplane,4,/home/emily/MMIP/week5/quiz1/data/gallery/airplane/00088.png,airplane,0.880853
/home/emily/MMIP/week5/quiz1/data/query/airplane/00007.png,airplane,5,/home/emily/MMIP/week5/quiz1/data/gallery/automobile/00611.png,automobile,0.880574
/home/emily/MMIP/week5/quiz1/data/query/airplane/00008.png,airplane,1,/home/emily/MMIP/week5/quiz1/data/gallery/airplane/00864.png,airplane,0.783784
/home/emily/MMIP/week5/quiz1/data/query/airplane/00008.png,airplane,2,/home/emily/MMIP/week5/quiz1/data/gallery/airplane/00690.png,airplane,0.779578
/home/emily/MMIP/week5/quiz1/data/query/airplane/00008.png,airplane,3,/home/emily/MMIP/week5/quiz1/data/gallery/airplane/00657.png,airplane,0.762521
/home/emily/MMIP/week5/quiz1/data/query/airplane/00008.png,airplane,4,/home/emily/MMIP/week5/quiz1/data/gallery/airplane/00762.png,airplane,0.752051
/home/emily/MMIP/week5/quiz1/data/query/airplane/00008.png,airplane,5,/home/emily/MMIP/week5/quiz1/data/gallery/airplane/00912.png,airplane,0.748353
/home/emily/MMIP/week5/quiz1/data/query/airplane/00009.png,airplane,1,/home/emily/MMIP/week5/quiz1/data/gallery/airplane/00476.png,airplane,0.878353
/home/emily/MMIP/week5/quiz1/data/query/airplane/00009.png,airplane,2,/home/emily/MMIP/week5/quiz1/data/gallery/airplane/00725.png,airplane,0.863595
/home/emily/MMIP/week5/quiz1/data/query/airplane/00009.png,airplane,3,/home/emily/MMIP/week5/quiz1/data/gallery/airplane/00077.png,airplane,0.863492
/home/emily/MMIP/week5/quiz1/data/query/airplane/00009.png,airplane,4,/home/emily/MMIP/week5/quiz1/data/gallery/airplane/00257.png,airplane,0.860729
/home/emily/MMIP/week5/quiz1/data/query/airplane/00009.png,airplane,5,/home/emily/MMIP/week5/quiz1/data/gallery/airplane/00064.png,airplane,0.854089
/home/emily/MMIP/week5/quiz1/data/query/airplane/00010.png,airplane,1,/home/emily/MMIP/week5/quiz1/data/gallery/airplane/00752.png,airplane,0.883801
/home/emily/MMIP/week5/quiz1/data/query/airplane/00010.png,airplane,2,/home/emily/MMIP/week5/quiz1/data/gallery/airplane/00310.png,airplane,0.878844
/home/emily/MMIP/week5/quiz1/data/query/airplane/00010.png,airplane,3,/home/emily/MMIP/week5/quiz1/data/gallery/airplane/00660.png,airplane,0.851964
/home/emily/MMIP/week5/quiz1/data/query/airplane/00010.png,airplane,4,/home/emily/MMIP/week5/quiz1/data/gallery/airplane/00105.png,airplane,0.840904
/home/emily/MMIP/week5/quiz1/data/query/airplane/00010.png,airplane,5,/home/emily/MMIP/week5/quiz1/data/gallery/airplane/00903.png,airplane,0.840645
/home/emily/MMIP/week5/quiz1/data/query/airplane/00011.png,airplane,1,/home/emily/MMIP/week5/quiz1/data/gallery/airplane/00450.png,airplane,0.864765
/home/emily/MMIP/week5/quiz1/data/query/airplane/00011.png,airplane,2,/home/emily/MMIP/week5/quiz1/data/gallery/airplane/00050.png,airplane,0.859885
/home/emily/MMIP/week5/quiz1/data/query/airplane/00011.png,airplane,3,/home/emily/MMIP/week5/quiz1/data/gallery/airplane/00977.png,airplane,0.849844
/home/emily/MMIP/week5/quiz1/data/query/airplane/00011.png,airplane,4,/home/emily/MMIP/week5/quiz1/data/gallery/airplane/00210.png,airplane,0.847593
/home/emily/MMIP/week5/quiz1/data/query/airplane/00011.png,airplane,5,/home/emily/MMIP/week5/quiz1/data/gallery/airplane/00655.png,airplane,0.842036
/home/emily/MMIP/week5/quiz1/data/query/airplane/00012.png,airplane,1,/home/emily/MMIP/week5/quiz1/data/gallery/airplane/00425.png,airplane,0.838826
/home/emily/MMIP/week5/quiz1/data/query/airplane/00012.png,airplane,2,/home/emily/MMIP/week5/quiz1/data/gallery/airplane/00977.png,airplane,0.834124
/home/emily/MMIP/week5/quiz1/data/query/airplane/00012.png,airplane,3,/home/emily/MMIP/week5/quiz1/data/gallery/airplane/00661.png,airplane,0.829785
/home/emily/MMIP/week5/quiz1/data/query/airplane/00012.png,airplane,4,/home/emily/MMIP/week5/quiz1/data/gallery/airplane/00014.png,airplane,0.818002
/home/emily/MMIP/week5/quiz1/data/query/airplane/00012.png,airplane,5,/home/emily/MMIP/week5/quiz1/data/gallery/bird/00413.png,bird,0.815127
/home/emily/MMIP/week5/quiz1/data/query/airplane/00013.png,airplane,1,/home/emily/MMIP/week5/quiz1/data/gallery/truck/00465.png,truck,0.861549
/home/emily/MMIP/week5/quiz1/data/query/airplane/00013.png,airplane,2,/home/emily/MMIP/week5/quiz1/data/gallery/airplane/00567.png,airplane,0.851989
/home/emily/MMIP/week5/quiz1/data/query/airplane/00013.png,airplane,3,/home/emily/MMIP/week5/quiz1/data/gallery/truck/00879.png,truck,0.849389
/home/emily/MMIP/week5/quiz1/data/query/airplane/00013.png,airplane,4,/home/emily/MMIP/week5/quiz1/data/gallery/truck/00659.png,truck,0.848624
/home/emily/MMIP/week5/quiz1/data/query/airplane/00013.png,airplane,5,/home/emily/MMIP/week5/quiz1/data/gallery/airplane/00073.png,airplane,0.848152
/home/emily/MMIP/week5/quiz1/data/query/airplane/00014.png,airplane,1,/home/emily/MMIP/week5/quiz1/data/gallery/airplane/00871.png,airplane,0.880083
/home/emily/MMIP/week5/quiz1/data/query/airplane/00014.png,airplane,2,/home/emily/MMIP/week5/quiz1/data/gallery/airplane/00954.png,airplane,0.858812
/home/emily/MMIP/week5/quiz1/data/query/airplane/00014.png,airplane,3,/home/emily/MMIP/week5/quiz1/data/gallery/airplane/00740.png,airplane,0.855775
/home/emily/MMIP/week5/quiz1/data/query/airplane/00014.png,airplane,4,/home/emily/MMIP/week5/quiz1/data/gallery/airplane/00790.png,airplane,0.841228
/home/emily/MMIP/week5/quiz1/data/query/airplane/00014.png,airplane,5,/home/emily/MMIP/week5/quiz1/data/gallery/airplane/00064.png,airplane,0.838366
/home/emily/MMIP/week5/quiz1/data/query/airplane/00015.png,airplane,1,/home/emily/MMIP/week5/quiz1/data/gallery/airplane/00305.png,airplane,0.843887
/home/emily/MMIP/week5/quiz1/data/query/airplane/00015.png,airplane,2,/home/emily/MMIP/week5/quiz1/data/gallery/airplane/00609.png,airplane,0.841438
/home/emily/MMIP/week5/quiz1/data/query/airplane/00015.png,airplane,3,/home/emily/MMIP/week5/quiz1/data/gallery/ship/00964.png,ship,0.838256
/home/emily/MMIP/week5/quiz1/data/query/airplane/00015.png,airplane,4,/home/emily/MMIP/week5/quiz1/data/gallery/airplane/00169.png,airplane,0.834304
/home/emily/MMIP/week5/quiz1/data/query/airplane/00015.png,airplane,5,/home/emily/MMIP/week5/quiz1/data/gallery/airplane/00197.png,airplane,0.833506
/home/emily/MMIP/week5/quiz1/data/query/airplane/00016.png,airplane,1,/home/emily/MMIP/week5/quiz1/data/gallery/airplane/00036.png,airplane,0.888084
/home/emily/MMIP/week5/quiz1/data/query/airplane/00016.png,airplane,2,/home/emily/MMIP/week5/quiz1/data/gallery/airplane/00922.png,airplane,0.873450
/home/emily/MMIP/week5/quiz1/data/query/airplane/00016.png,airplane,3,/home/emily/MMIP/week5/quiz1/data/gallery/airplane/00316.png,airplane,0.872625
/home/emily/MMIP/week5/quiz1/data/query/airplane/00016.png,airplane,4,/home/emily/MMIP/week5/quiz1/data/gallery/truck/00410.png,truck,0.861500
/home/emily/MMIP/week5/quiz1/data/query/airplane/00016.png,airplane,5,/home/emily/MMIP/week5/quiz1/data/gallery/airplane/00991.png,airplane,0.860873
/home/emily/MMIP/week5/quiz1/data/query/airplane/00017.png,airplane,1,/home/emily/MMIP/week5/quiz1/data/gallery/airplane/00597.png,airplane,0.861893
/home/emily/MMIP/week5/quiz1/data/query/airplane/00017.png,airplane,2,/home/emily/MMIP/week5/quiz1/data/gallery/airplane/00375.png,airplane,0.824405
/home/emily/MMIP/week5/quiz1/data/query/airplane/00017.png,airplane,3,/home/emily/MMIP/week5/quiz1/data/gallery/deer/00731.png,deer,0.816634
/home/emily/MMIP/week5/quiz1/data/query/airplane/00017.png,airplane,4,/home/emily/MMIP/week5/quiz1/data/gallery/airplane/00240.png,airplane,0.815408
/home/emily/MMIP/week5/quiz1/data/query/airplane/00017.png,airplane,5,/home/emily/MMIP/week5/quiz1/data/gallery/cat/00045.png,cat,0.806947
/home/emily/MMIP/week5/quiz1/data/query/airplane/00018.png,airplane,1,/home/emily/MMIP/week5/quiz1/data/gallery/ship/00726.png,ship,0.874116
/home/emily/MMIP/week5/quiz1/data/query/airplane/00018.png,airplane,2,/home/emily/MMIP/week5/quiz1/data/gallery/airplane/00900.png,airplane,0.870604
/home/emily/MMIP/week5/quiz1/data/query/airplane/00018.png,airplane,3,/home/emily/MMIP/week5/quiz1/data/gallery/airplane/00467.png,airplane,0.867072
/home/emily/MMIP/week5/quiz1/data/query/airplane/00018.png,airplane,4,/home/emily/MMIP/week5/quiz1/data/gallery/ship/00720.png,ship,0.862791
/home/emily/MMIP/week5/quiz1/data/query/airplane/00018.png,airplane,5,/home/emily/MMIP/week5/quiz1/data/gallery/ship/00862.png,ship,0.860953
/home/emily/MMIP/week5/quiz1/data/query/airplane/00019.png,airplane,1,/home/emily/MMIP/week5/quiz1/data/gallery/horse/00535.png,horse,0.857658
/home/emily/MMIP/week5/quiz1/data/query/airplane/00019.png,airplane,2,/home/emily/MMIP/week5/quiz1/data/gallery/deer/00035.png,deer,0.840751
/home/emily/MMIP/week5/quiz1/data/query/airplane/00019.png,airplane,3,/home/emily/MMIP/week5/quiz1/data/gallery/ship/00271.png,ship,0.839287
/home/emily/MMIP/week5/quiz1/data/query/airplane/00019.png,airplane,4,/home/emily/MMIP/week5/quiz1/data/gallery/ship/00666.png,ship,0.837070
/home/emily/MMIP/week5/quiz1/data/query/airplane/00019.png,airplane,5,/home/emily/MMIP/week5/quiz1/data/gallery/airplane/00316.png,airplane,0.833004
/home/emily/MMIP/week5/quiz1/data/query/airplane/00020.png,airplane,1,/home/emily/MMIP/week5/quiz1/data/gallery/airplane/00571.png,airplane,0.853451
/home/emily/MMIP/week5/quiz1/data/query/airplane/00020.png,airplane,2,/home/emily/MMIP/week5/quiz1/data/gallery/airplane/00890.png,airplane,0.853419
/home/emily/MMIP/week5/quiz1/data/query/airplane/00020.png,airplane,3,/home/emily/MMIP/week5/quiz1/data/gallery/ship/00682.png,ship,0.849312
/home/emily/MMIP/week5/quiz1/data/query/airplane/00020.png,airplane,4,/home/emily/MMIP/week5/quiz1/data/gallery/airplane/00503.png,airplane,0.847664
/home/emily/MMIP/week5/quiz1/data/query/airplane/00020.png,airplane,5,/home/emily/MMIP/week5/quiz1/data/gallery/airplane/00580.png,airplane,0.846683
/home/emily/MMIP/week5/quiz1/data/query/airplane/00021.png,airplane,1,/home/emily/MMIP/week5/quiz1/data/gallery/airplane/00424.png,airplane,0.863471
/home/emily/MMIP/week5/quiz1/data/query/airplane/00021.png,airplane,2,/home/emily/MMIP/week5/quiz1/data/gallery/airplane/00813.png,airplane,0.860463
/home/emily/MMIP/week5/quiz1/data/query/airplane/00021.png,airplane,3,/home/emily/MMIP/week5/quiz1/data/gallery/airplane/00476.png,airplane,0.859960
/home/emily/MMIP/week5/quiz1/data/query/airplane/00021.png,airplane,4,/home/emily/MMIP/week5/quiz1/data/gallery/airplane/00769.png,airplane,0.848350
/home/emily/MMIP/week5/quiz1/data/query/airplane/00021.png,airplane,5,/home/emily/MMIP/week5/quiz1/data/gallery/airplane/00474.png,airplane,0.847263
/home/emily/MMIP/week5/quiz1/data/query/airplane/00022.png,airplane,1,/home/emily/MMIP/week5/quiz1/data/gallery/airplane/00500.png,airplane,0.900465
/home/emily/MMIP/week5/quiz1/data/query/airplane/00022.png,airplane,2,/home/emily/MMIP/week5/quiz1/data/gallery/airplane/00048.png,airplane,0.896006
/home/emily/MMIP/week5/quiz1/data/query/airplane/00022.png,airplane,3,/home/emily/MMIP/week5/quiz1/data/gallery/airplane/00661.png,airplane,0.892313
/home/emily/MMIP/week5/quiz1/data/query/airplane/00022.png,airplane,4,/home/emily/MMIP/week5/quiz1/data/gallery/airplane/00154.png,airplane,0.879750
/home/emily/MMIP/week5/quiz1/data/query/airplane/00022.png,airplane,5,/home/emily/MMIP/week5/quiz1/data/gallery/airplane/00311.png,airplane,0.876381
/home/emily/MMIP/week5/quiz1/data/query/airplane/00023.png,airplane,1,/home/emily/MMIP/week5/quiz1/data/gallery/truck/00755.png,truck,0.852262
/home/emily/MMIP/week5/quiz1/data/query/airplane/00023.png,airplane,2,/home/emily/MMIP/week5/quiz1/data/gallery/ship/00415.png,ship,0.850959
/home/emily/MMIP/week5/quiz1/data/query/airplane/00023.png,airplane,3,/home/emily/MMIP/week5/quiz1/data/gallery/ship/00595.png,ship,0.843787
/home/emily/MMIP/week5/quiz1/data/query/airplane/00023.png,airplane,4,/home/emily/MMIP/week5/quiz1/data/gallery/truck/00650.png,truck,0.842600
/home/emily/MMIP/week5/quiz1/data/query/airplane/00023.png,airplane,5,/home/emily/MMIP/week5/quiz1/data/gallery/horse/00730.png,horse,0.839931
/home/emily/MMIP/week5/quiz1/data/query/airplane/00024.png,airplane,1,/home/emily/MMIP/week5/quiz1/data/gallery/airplane/00614.png,airplane,0.883620
/home/emily/MMIP/week5/quiz1/data/query/airplane/00024.png,airplane,2,/home/emily/MMIP/week5/quiz1/data/gallery/airplane/00450.png,airplane,0.870996
/home/emily/MMIP/week5/quiz1/data/query/airplane/00024.png,airplane,3,/home/emily/MMIP/week5/quiz1/data/gallery/airplane/00014.png,airplane,0.862238
/home/emily/MMIP/week5/quiz1/data/query/airplane/00024.png,airplane,4,/home/emily/MMIP/week5/quiz1/data/gallery/airplane/00301.png,airplane,0.856735
/home/emily/MMIP/week5/quiz1/data/query/airplane/00024.png,airplane,5,/home/emily/MMIP/week5/quiz1/data/gallery/airplane/00366.png,airplane,0.851128
/home/emily/MMIP/week5/quiz1/data/query/airplane/00025.png,airplane,1,/home/emily/MMIP/week5/quiz1/data/gallery/ship/00272.png,ship,0.885377
/home/emily/MMIP/week5/quiz1/data/query/airplane/00025.png,airplane,2,/home/emily/MMIP/week5/quiz1/data/gallery/ship/00503.png,ship,0.869527
/home/emily/MMIP/week5/quiz1/data/query/airplane/00025.png,airplane,3,/home/emily/MMIP/week5/quiz1/data/gallery/ship/00614.png,ship,0.866893
/home/emily/MMIP/week5/quiz1/data/query/airplane/00025.png,airplane,4,/home/emily/MMIP/week5/quiz1/data/gallery/airplane/00006.png,airplane,0.866746
/home/emily/MMIP/week5/quiz1/data/query/airplane/00025.png,airplane,5,/home/emily/MMIP/week5/quiz1/data/gallery/ship/00944.png,ship,0.864468
/home/emily/MMIP/week5/quiz1/data/query/airplane/00026.png,airplane,1,/home/emily/MMIP/week5/quiz1/data/gallery/airplane/00679.png,airplane,0.836147
/home/emily/MMIP/week5/quiz1/data/query/airplane/00026.png,airplane,2,/home/emily/MMIP/week5/quiz1/data/gallery/airplane/00622.png,airplane,0.833264
/home/emily/MMIP/week5/quiz1/data/query/airplane/00026.png,airplane,3,/home/emily/MMIP/week5/quiz1/data/gallery/airplane/00471.png,airplane,0.829419
/home/emily/MMIP/week5/quiz1/data/query/airplane/00026.png,airplane,4,/home/emily/MMIP/week5/quiz1/data/gallery/airplane/00970.png,airplane,0.827890
/home/emily/MMIP/week5/quiz1/data/query/airplane/00026.png,airplane,5,/home/emily/MMIP/week5/quiz1/data/gallery/ship/00921.png,ship,0.823814
/home/emily/MMIP/week5/quiz1/data/query/airplane/00027.png,airplane,1,/home/emily/MMIP/week5/quiz1/data/gallery/airplane/00563.png,airplane,0.850939
/home/emily/MMIP/week5/quiz1/data/query/airplane/00027.png,airplane,2,/home/emily/MMIP/week5/quiz1/data/gallery/airplane/00920.png,airplane,0.846282
/home/emily/MMIP/week5/quiz1/data/query/airplane/00027.png,airplane,3,/home/emily/MMIP/week5/quiz1/data/gallery/airplane/00063.png,airplane,0.845630
/home/emily/MMIP/week5/quiz1/data/query/airplane/00027.png,airplane,4,/home/emily/MMIP/week5/quiz1/data/gallery/ship/00071.png,ship,0.842628
/home/emily/MMIP/week5/quiz1/data/query/airplane/00027.png,airplane,5,/home/emily/MMIP/week5/quiz1/data/gallery/airplane/00327.png,airplane,0.841368
/home/emily/MMIP/week5/quiz1/data/query/airplane/00028.png,airplane,1,/home/emily/MMIP/week5/quiz1/data/gallery/ship/00372.png,ship,0.864598
/home/emily/MMIP/week5/quiz1/data/query/airplane/00028.png,airplane,2,/home/emily/MMIP/week5/quiz1/data/gallery/automobile/00475.png,automobile,0.855456
/home/emily/MMIP/week5/quiz1/data/query/airplane/00028.png,airplane,3,/home/emily/MMIP/week5/quiz1/data/gallery/ship/00248.png,ship,0.853091
/home/emily/MMIP/week5/quiz1/data/query/airplane/00028.png,airplane,4,/home/emily/MMIP/week5/quiz1/data/gallery/ship/00086.png,ship,0.849477
/home/emily/MMIP/week5/quiz1/data/query/airplane/00028.png,airplane,5,/home/emily/MMIP/week5/quiz1/data/gallery/airplane/00954.png,airplane,0.847615
/home/emily/MMIP/week5/quiz1/data/query/airplane/00029.png,airplane,1,/home/emily/MMIP/week5/quiz1/data/gallery/airplane/00545.png,airplane,0.797388
/home/emily/MMIP/week5/quiz1/data/query/airplane/00029.png,airplane,2,/home/emily/MMIP/week5/quiz1/data/gallery/airplane/00070.png,airplane,0.793689
/home/emily/MMIP/week5/quiz1/data/query/airplane/00029.png,airplane,3,/home/emily/MMIP/week5/quiz1/data/gallery/airplane/00458.png,airplane,0.793084
/home/emily/MMIP/week5/quiz1/data/query/airplane/00029.png,airplane,4,/home/emily/MMIP/week5/quiz1/data/gallery/frog/00207.png,frog,0.783570
/home/emily/MMIP/week5/quiz1/data/query/airplane/00029.png,airplane,5,/home/emily/MMIP/week5/quiz1/data/gallery/cat/00753.png,cat,0.783375
/home/emily/MMIP/week5/quiz1/data/query/airplane/00030.png,airplane,1,/home/emily/MMIP/week5/quiz1/data/gallery/airplane/00922.png,airplane,0.828947
/home/emily/MMIP/week5/quiz1/data/query/airplane/00030.png,airplane,2,/home/emily/MMIP/week5/quiz1/data/gallery/airplane/00036.png,airplane,0.820839
/home/emily/MMIP/week5/quiz1/data/query/airplane/00030.png,airplane,3,/home/emily/MMIP/week5/quiz1/data/gallery/airplane/00549.png,airplane,0.819655
/home/emily/MMIP/week5/quiz1/data/query/airplane/00030.png,airplane,4,/home/emily/MMIP/week5/quiz1/data/gallery/airplane/00902.png,airplane,0.813772
/home/emily/MMIP/week5/quiz1/data/query/airplane/00030.png,airplane,5,/home/emily/MMIP/week5/quiz1/data/gallery/ship/00287.png,ship,0.813583
/home/emily/MMIP/week5/quiz1/data/query/airplane/00031.png,airplane,1,/home/emily/MMIP/week5/quiz1/data/gallery/airplane/00442.png,airplane,0.834747
/home/emily/MMIP/week5/quiz1/data/query/airplane/00031.png,airplane,2,/home/emily/MMIP/week5/quiz1/data/gallery/truck/00043.png,truck,0.833105
/home/emily/MMIP/week5/quiz1/data/query/airplane/00031.png,airplane,3,/home/emily/MMIP/week5/quiz1/data/gallery/airplane/00370.png,airplane,0.812361
/home/emily/MMIP/week5/quiz1/data/query/airplane/00031.png,airplane,4,/home/emily/MMIP/week5/quiz1/data/gallery/airplane/00121.png,airplane,0.803235
/home/emily/MMIP/week5/quiz1/data/query/airplane/00031.png,airplane,5,/home/emily/MMIP/week5/quiz1/data/gallery/airplane/00523.png,airplane,0.802209
/home/emily/MMIP/week5/quiz1/data/query/airplane/00032.png,airplane,1,/home/emily/MMIP/week5/quiz1/data/gallery/truck/00772.png,truck,0.840203
/home/emily/MMIP/week5/quiz1/data/query/airplane/00032.png,airplane,2,/home/emily/MMIP/week5/quiz1/data/gallery/truck/00849.png,truck,0.840111
/home/emily/MMIP/week5/quiz1/data/query/airplane/00032.png,airplane,3,/home/emily/MMIP/week5/quiz1/data/gallery/truck/00815.png,truck,0.839180
/home/emily/MMIP/week5/quiz1/data/query/airplane/00032.png,airplane,4,/home/emily/MMIP/week5/quiz1/data/gallery/truck/00966.png,truck,0.835302
/home/emily/MMIP/week5/quiz1/data/query/airplane/00032.png,airplane,5,/home/emily/MMIP/week5/quiz1/data/gallery/truck/00449.png,truck,0.827730
/home/emily/MMIP/week5/quiz1/data/query/airplane/00033.png,airplane,1,/home/emily/MMIP/week5/quiz1/data/gallery/ship/00149.png,ship,0.799995
/home/emily/MMIP/week5/quiz1/data/query/airplane/00033.png,airplane,2,/home/emily/MMIP/week5/quiz1/data/gallery/ship/00574.png,ship,0.790604
/home/emily/MMIP/week5/quiz1/data/query/airplane/00033.png,airplane,3,/home/emily/MMIP/week5/quiz1/data/gallery/ship/00109.png,ship,0.790203
/home/emily/MMIP/week5/quiz1/data/query/airplane/00033.png,airplane,4,/home/emily/MMIP/week5/quiz1/data/gallery/ship/00218.png,ship,0.789505
/home/emily/MMIP/week5/quiz1/data/query/airplane/00033.png,airplane,5,/home/emily/MMIP/week5/quiz1/data/gallery/airplane/00983.png,airplane,0.785557
/home/emily/MMIP/week5/quiz1/data/query/airplane/00034.png,airplane,1,/home/emily/MMIP/week5/quiz1/data/gallery/airplane/00879.png,airplane,0.855092
/home/emily/MMIP/week5/quiz1/data/query/airplane/00034.png,airplane,2,/home/emily/MMIP/week5/quiz1/data/gallery/airplane/00115.png,airplane,0.851493
/home/emily/MMIP/week5/quiz1/data/query/airplane/00034.png,airplane,3,/home/emily/MMIP/week5/quiz1/data/gallery/airplane/00761.png,airplane,0.848977
/home/emily/MMIP/week5/quiz1/data/query/airplane/00034.png,airplane,4,/home/emily/MMIP/week5/quiz1/data/gallery/airplane/00516.png,airplane,0.845907
/home/emily/MMIP/week5/quiz1/data/query/airplane/00034.png,airplane,5,/home/emily/MMIP/week5/quiz1/data/gallery/airplane/00596.png,airplane,0.841647
/home/emily/MMIP/week5/quiz1/data/query/airplane/00035.png,airplane,1,/home/emily/MMIP/week5/quiz1/data/gallery/airplane/00725.png,airplane,0.863855
/home/emily/MMIP/week5/quiz1/data/query/airplane/00035.png,airplane,2,/home/emily/MMIP/week5/quiz1/data/gallery/airplane/00798.png,airplane,0.859293
/home/emily/MMIP/week5/quiz1/data/query/airplane/00035.png,airplane,3,/home/emily/MMIP/week5/quiz1/data/gallery/airplane/00178.png,airplane,0.857243
/home/emily/MMIP/week5/quiz1/data/query/airplane/00035.png,airplane,4,/home/emily/MMIP/week5/quiz1/data/gallery/airplane/00065.png,airplane,0.850212
/home/emily/MMIP/week5/quiz1/data/query/airplane/00035.png,airplane,5,/home/emily/MMIP/week5/quiz1/data/gallery/airplane/00996.png,airplane,0.844609
/home/emily/MMIP/week5/quiz1/data/query/airplane/00036.png,airplane,1,/home/emily/MMIP/week5/quiz1/data/gallery/airplane/00601.png,airplane,0.765433
/home/emily/MMIP/week5/quiz1/data/query/airplane/00036.png,airplane,2,/home/emily/MMIP/week5/quiz1/data/gallery/ship/00714.png,ship,0.755623
/home/emily/MMIP/week5/quiz1/data/query/airplane/00036.png,airplane,3,/home/emily/MMIP/week5/quiz1/data/gallery/airplane/00325.png,airplane,0.747182
/home/emily/MMIP/week5/quiz1/data/query/airplane/00036.png,airplane,4,/home/emily/MMIP/week5/quiz1/data/gallery/ship/00622.png,ship,0.743769
/home/emily/MMIP/week5/quiz1/data/query/airplane/00036.png,airplane,5,/home/emily/MMIP/week5/quiz1/data/gallery/airplane/00849.png,airplane,0.734231
/home/emily/MMIP/week5/quiz1/data/query/airplane/00037.png,airplane,1,/home/emily/MMIP/week5/quiz1/data/gallery/airplane/00879.png,airplane,0.838486
/home/emily/MMIP/week5/quiz1/data/query/airplane/00037.png,airplane,2,/home/emily/MMIP/week5/quiz1/data/gallery/airplane/00957.png,airplane,0.826766
/home/emily/MMIP/week5/quiz1/data/query/airplane/00037.png,airplane,3,/home/emily/MMIP/week5/quiz1/data/gallery/airplane/00901.png,airplane,0.826557
/home/emily/MMIP/week5/quiz1/data/query/airplane/00037.png,airplane,4,/home/emily/MMIP/week5/quiz1/data/gallery/airplane/00744.png,airplane,0.824791
/home/emily/MMIP/week5/quiz1/data/query/airplane/00037.png,airplane,5,/home/emily/MMIP/week5/quiz1/data/gallery/airplane/00049.png,airplane,0.823886
/home/emily/MMIP/week5/quiz1/data/query/airplane/00038.png,airplane,1,/home/emily/MMIP/week5/quiz1/data/gallery/airplane/00655.png,airplane,0.827011
/home/emily/MMIP/week5/quiz1/data/query/airplane/00038.png,airplane,2,/home/emily/MMIP/week5/quiz1/data/gallery/airplane/00994.png,airplane,0.820856
/home/emily/MMIP/week5/quiz1/data/query/airplane/00038.png,airplane,3,/home/emily/MMIP/week5/quiz1/data/gallery/airplane/00485.png,airplane,0.809164
/home/emily/MMIP/week5/quiz1/data/query/airplane/00038.png,airplane,4,/home/emily/MMIP/week5/quiz1/data/gallery/airplane/00514.png,airplane,0.804470
/home/emily/MMIP/week5/quiz1/data/query/airplane/00038.png,airplane,5,/home/emily/MMIP/week5/quiz1/data/gallery/airplane/00762.png,airplane,0.804170
/home/emily/MMIP/week5/quiz1/data/query/airplane/00039.png,airplane,1,/home/emily/MMIP/week5/quiz1/data/gallery/truck/00273.png,truck,0.875607
/home/emily/MMIP/week5/quiz1/data/query/airplane/00039.png,airplane,2,/home/emily/MMIP/week5/quiz1/data/gallery/ship/00581.png,ship,0.875451
/home/emily/MMIP/week5/quiz1/data/query/airplane/00039.png,airplane,3,/home/emily/MMIP/week5/quiz1/data/gallery/ship/00051.png,ship,0.867188
/home/emily/MMIP/week5/quiz1/data/query/airplane/00039.png,airplane,4,/home/emily/MMIP/week5/quiz1/data/gallery/automobile/00657.png,automobile,0.865537
/home/emily/MMIP/week5/quiz1/data/query/airplane/00039.png,airplane,5,/home/emily/MMIP/week5/quiz1/data/gallery/ship/00300.png,ship,0.862331
/home/emily/MMIP/week5/quiz1/data/query/airplane/00040.png,airplane,1,/home/emily/MMIP/week5/quiz1/data/gallery/airplane/00943.png,airplane,0.872265
/home/emily/MMIP/week5/quiz1/data/query/airplane/00040.png,airplane,2,/home/emily/MMIP/week5/quiz1/data/gallery/airplane/00347.png,airplane,0.862810
/home/emily/MMIP/week5/quiz1/data/query/airplane/00040.png,airplane,3,/home/emily/MMIP/week5/quiz1/data/gallery/airplane/00863.png,airplane,0.859341
/home/emily/MMIP/week5/quiz1/data/query/airplane/00040.png,airplane,4,/home/emily/MMIP/week5/quiz1/data/gallery/airplane/00201.png,airplane,0.858401
/home/emily/MMIP/week5/quiz1/data/query/airplane/00040.png,airplane,5,/home/emily/MMIP/week5/quiz1/data/gallery/airplane/00551.png,airplane,0.854596
/home/emily/MMIP/week5/quiz1/data/query/airplane/00041.png,airplane,1,/home/emily/MMIP/week5/quiz1/data/gallery/airplane/00687.png,airplane,0.851660
/home/emily/MMIP/week5/quiz1/data/query/airplane/00041.png,airplane,2,/home/emily/MMIP/week5/quiz1/data/gallery/airplane/00808.png,airplane,0.850333
/home/emily/MMIP/week5/quiz1/data/query/airplane/00041.png,airplane,3,/home/emily/MMIP/week5/quiz1/data/gallery/airplane/00330.png,airplane,0.849810
/home/emily/MMIP/week5/quiz1/data/query/airplane/00041.png,airplane,4,/home/emily/MMIP/week5/quiz1/data/gallery/airplane/00923.png,airplane,0.845014
/home/emily/MMIP/week5/quiz1/data/query/airplane/00041.png,airplane,5,/home/emily/MMIP/week5/quiz1/data/gallery/airplane/00684.png,airplane,0.838560
/home/emily/MMIP/week5/quiz1/data/query/airplane/00042.png,airplane,1,/home/emily/MMIP/week5/quiz1/data/gallery/ship/00685.png,ship,0.810841
/home/emily/MMIP/week5/quiz1/data/query/airplane/00042.png,airplane,2,/home/emily/MMIP/week5/quiz1/data/gallery/ship/00785.png,ship,0.795789
/home/emily/MMIP/week5/quiz1/data/query/airplane/00042.png,airplane,3,/home/emily/MMIP/week5/quiz1/data/gallery/ship/00053.png,ship,0.794340
/home/emily/MMIP/week5/quiz1/data/query/airplane/00042.png,airplane,4,/home/emily/MMIP/week5/quiz1/data/gallery/ship/00290.png,ship,0.792839
/home/emily/MMIP/week5/quiz1/data/query/airplane/00042.png,airplane,5,/home/emily/MMIP/week5/quiz1/data/gallery/ship/00873.png,ship,0.791089
/home/emily/MMIP/week5/quiz1/data/query/airplane/00043.png,airplane,1,/home/emily/MMIP/week5/quiz1/data/gallery/airplane/00786.png,airplane,0.880588
/home/emily/MMIP/week5/quiz1/data/query/airplane/00043.png,airplane,2,/home/emily/MMIP/week5/quiz1/data/gallery/airplane/00667.png,airplane,0.865275
/home/emily/MMIP/week5/quiz1/data/query/airplane/00043.png,airplane,3,/home/emily/MMIP/week5/quiz1/data/gallery/airplane/00569.png,airplane,0.858226
/home/emily/MMIP/week5/quiz1/data/query/airplane/00043.png,airplane,4,/home/emily/MMIP/week5/quiz1/data/gallery/airplane/00921.png,airplane,0.853145
/home/emily/MMIP/week5/quiz1/data/query/airplane/00043.png,airplane,5,/home/emily/MMIP/week5/quiz1/data/gallery/airplane/00858.png,airplane,0.852134
/home/emily/MMIP/week5/quiz1/data/query/airplane/00044.png,airplane,1,/home/emily/MMIP/week5/quiz1/data/gallery/airplane/00030.png,airplane,0.875592
/home/emily/MMIP/week5/quiz1/data/query/airplane/00044.png,airplane,2,/home/emily/MMIP/week5/quiz1/data/gallery/ship/00465.png,ship,0.872690
/home/emily/MMIP/week5/quiz1/data/query/airplane/00044.png,airplane,3,/home/emily/MMIP/week5/quiz1/data/gallery/automobile/00879.png,automobile,0.869501
/home/emily/MMIP/week5/quiz1/data/query/airplane/00044.png,airplane,4,/home/emily/MMIP/week5/quiz1/data/gallery/ship/00937.png,ship,0.868385
/home/emily/MMIP/week5/quiz1/data/query/airplane/00044.png,airplane,5,/home/emily/MMIP/week5/quiz1/data/gallery/airplane/00369.png,airplane,0.867900
/home/emily/MMIP/week5/quiz1/data/query/airplane/00045.png,airplane,1,/home/emily/MMIP/week5/quiz1/data/gallery/airplane/00842.png,airplane,0.892762
/home/emily/MMIP/week5/quiz1/data/query/airplane/00045.png,airplane,2,/home/emily/MMIP/week5/quiz1/data/gallery/airplane/00080.png,airplane,0.880004
/home/emily/MMIP/week5/quiz1/data/query/airplane/00045.png,airplane,3,/home/emily/MMIP/week5/quiz1/data/gallery/airplane/00500.png,airplane,0.874598
/home/emily/MMIP/week5/quiz1/data/query/airplane/00045.png,airplane,4,/home/emily/MMIP/week5/quiz1/data/gallery/airplane/00048.png,airplane,0.873328
/home/emily/MMIP/week5/quiz1/data/query/airplane/00045.png,airplane,5,/home/emily/MMIP/week5/quiz1/data/gallery/airplane/00154.png,airplane,0.871933
/home/emily/MMIP/week5/quiz1/data/query/airplane/00046.png,airplane,1,/home/emily/MMIP/week5/quiz1/data/gallery/bird/00999.png,bird,0.860077
/home/emily/MMIP/week5/quiz1/data/query/airplane/00046.png,airplane,2,/home/emily/MMIP/week5/quiz1/data/gallery/airplane/00068.png,airplane,0.852803
/home/emily/MMIP/week5/quiz1/data/query/airplane/00046.png,airplane,3,/home/emily/MMIP/week5/quiz1/data/gallery/airplane/00930.png,airplane,0.850133
/home/emily/MMIP/week5/quiz1/data/query/airplane/00046.png,airplane,4,/home/emily/MMIP/week5/quiz1/data/gallery/airplane/00463.png,airplane,0.846795
/home/emily/MMIP/week5/quiz1/data/query/airplane/00046.png,airplane,5,/home/emily/MMIP/week5/quiz1/data/gallery/airplane/00901.png,airplane,0.843720
/home/emily/MMIP/week5/quiz1/data/query/airplane/00047.png,airplane,1,/home/emily/MMIP/week5/quiz1/data/gallery/ship/00160.png,ship,0.876659
/home/emily/MMIP/week5/quiz1/data/query/airplane/00047.png,airplane,2,/home/emily/MMIP/week5/quiz1/data/gallery/ship/00478.png,ship,0.870715
/home/emily/MMIP/week5/quiz1/data/query/airplane/00047.png,airplane,3,/home/emily/MMIP/week5/quiz1/data/gallery/ship/00125.png,ship,0.866800
/home/emily/MMIP/week5/quiz1/data/query/airplane/00047.png,airplane,4,/home/emily/MMIP/week5/quiz1/data/gallery/ship/00711.png,ship,0.864691
/home/emily/MMIP/week5/quiz1/data/query/airplane/00047.png,airplane,5,/home/emily/MMIP/week5/quiz1/data/gallery/airplane/00006.png,airplane,0.861905
/home/emily/MMIP/week5/quiz1/data/query/airplane/00048.png,airplane,1,/home/emily/MMIP/week5/quiz1/data/gallery/bird/00311.png,bird,0.801897
/home/emily/MMIP/week5/quiz1/data/query/airplane/00048.png,airplane,2,/home/emily/MMIP/week5/quiz1/data/gallery/airplane/00319.png,airplane,0.801298
/home/emily/MMIP/week5/quiz1/data/query/airplane/00048.png,airplane,3,/home/emily/MMIP/week5/quiz1/data/gallery/deer/00480.png,deer,0.796483
/home/emily/MMIP/week5/quiz1/data/query/airplane/00048.png,airplane,4,/home/emily/MMIP/week5/quiz1/data/gallery/bird/00693.png,bird,0.795275
/home/emily/MMIP/week5/quiz1/data/query/airplane/00048.png,airplane,5,/home/emily/MMIP/week5/quiz1/data/gallery/dog/00570.png,dog,0.795124
/home/emily/MMIP/week5/quiz1/data/query/airplane/00049.png,airplane,1,/home/emily/MMIP/week5/quiz1/data/gallery/automobile/00252.png,automobile,0.857411
/home/emily/MMIP/week5/quiz1/data/query/airplane/00049.png,airplane,2,/home/emily/MMIP/week5/quiz1/data/gallery/truck/00019.png,truck,0.853159
/home/emily/MMIP/week5/quiz1/data/query/airplane/00049.png,airplane,3,/home/emily/MMIP/week5/quiz1/data/gallery/airplane/00153.png,airplane,0.853085
/home/emily/MMIP/week5/quiz1/data/query/airplane/00049.png,airplane,4,/home/emily/MMIP/week5/quiz1/data/gallery/truck/00449.png,truck,0.852835
/home/emily/MMIP/week5/quiz1/data/query/airplane/00049.png,airplane,5,/home/emily/MMIP/week5/quiz1/data/gallery/ship/00452.png,ship,0.852563
/home/emily/MMIP/week5/quiz1/data/query/airplane/00050.png,airplane,1,/home/emily/MMIP/week5/quiz1/data/gallery/airplane/00249.png,airplane,0.905479
/home/emily/MMIP/week5/quiz1/data/query/airplane/00050.png,airplane,2,/home/emily/MMIP/week5/quiz1/data/gallery/airplane/00905.png,airplane,0.867627
/home/emily/MMIP/week5/quiz1/data/query/airplane/00050.png,airplane,3,/home/emily/MMIP/week5/quiz1/data/gallery/airplane/00525.png,airplane,0.866287
/home/emily/MMIP/week5/quiz1/data/query/airplane/00050.png,airplane,4,/home/emily/MMIP/week5/quiz1/data/gallery/bird/00782.png,bird,0.866254
/home/emily/MMIP/week5/quiz1/data/query/airplane/00050.png,airplane,5,/home/emily/MMIP/week5/quiz1/data/gallery/airplane/00800.png,airplane,0.852654
/home/emily/MMIP/week5/quiz1/data/query/airplane/00051.png,airplane,1,/home/emily/MMIP/week5/quiz1/data/gallery/airplane/00414.png,airplane,0.864312
/home/emily/MMIP/week5/quiz1/data/query/airplane/00051.png,airplane,2,/home/emily/MMIP/week5/quiz1/data/gallery/airplane/00612.png,airplane,0.853096
/home/emily/MMIP/week5/quiz1/data/query/airplane/00051.png,airplane,3,/home/emily/MMIP/week5/quiz1/data/gallery/airplane/00006.png,airplane,0.845350
/home/emily/MMIP/week5/quiz1/data/query/airplane/00051.png,airplane,4,/home/emily/MMIP/week5/quiz1/data/gallery/airplane/00808.png,airplane,0.844163
/home/emily/MMIP/week5/quiz1/data/query/airplane/00051.png,airplane,5,/home/emily/MMIP/week5/quiz1/data/gallery/airplane/00069.png,airplane,0.843264
/home/emily/MMIP/week5/quiz1/data/query/airplane/00052.png,airplane,1,/home/emily/MMIP/week5/quiz1/data/gallery/airplane/00206.png,airplane,0.906636
/home/emily/MMIP/week5/quiz1/data/query/airplane/00052.png,airplane,2,/home/emily/MMIP/week5/quiz1/data/gallery/truck/00468.png,truck,0.897305
/home/emily/MMIP/week5/quiz1/data/query/airplane/00052.png,airplane,3,/home/emily/MMIP/week5/quiz1/data/gallery/truck/00123.png,truck,0.887314
/home/emily/MMIP/week5/quiz1/data/query/airplane/00052.png,airplane,4,/home/emily/MMIP/week5/quiz1/data/gallery/truck/00019.png,truck,0.884126
/home/emily/MMIP/week5/quiz1/data/query/airplane/00052.png,airplane,5,/home/emily/MMIP/week5/quiz1/data/gallery/airplane/00030.png,airplane,0.873793
/home/emily/MMIP/week5/quiz1/data/query/airplane/00053.png,airplane,1,/home/emily/MMIP/week5/quiz1/data/gallery/airplane/00905.png,airplane,0.826060
/home/emily/MMIP/week5/quiz1/data/query/airplane/00053.png,airplane,2,/home/emily/MMIP/week5/quiz1/data/gallery/airplane/00136.png,airplane,0.809433
/home/emily/MMIP/week5/quiz1/data/query/airplane/00053.png,airplane,3,/home/emily/MMIP/week5/quiz1/data/gallery/airplane/00645.png,airplane,0.803915
/home/emily/MMIP/week5/quiz1/data/query/airplane/00053.png,airplane,4,/home/emily/MMIP/week5/quiz1/data/gallery/airplane/00325.png,airplane,0.802774
/home/emily/MMIP/week5/quiz1/data/query/airplane/00053.png,airplane,5,/home/emily/MMIP/week5/quiz1/data/gallery/airplane/00800.png,airplane,0.801539
/home/emily/MMIP/week5/quiz1/data/query/airplane/00054.png,airplane,1,/home/emily/MMIP/week5/quiz1/data/gallery/airplane/00893.png,airplane,0.871456
/home/emily/MMIP/week5/quiz1/data/query/airplane/00054.png,airplane,2,/home/emily/MMIP/week5/quiz1/data/gallery/airplane/00354.png,airplane,0.869685
/home/emily/MMIP/week5/quiz1/data/query/airplane/00054.png,airplane,3,/home/emily/MMIP/week5/quiz1/data/gallery/airplane/00000.png,airplane,0.864992
/home/emily/MMIP/week5/quiz1/data/query/airplane/00054.png,airplane,4,/home/emily/MMIP/week5/quiz1/data/gallery/airplane/00111.png,airplane,0.861547
/home/emily/MMIP/week5/quiz1/data/query/airplane/00054.png,airplane,5,/home/emily/MMIP/week5/quiz1/data/gallery/airplane/00516.png,airplane,0.861025
/home/emily/MMIP/week5/quiz1/data/query/airplane/00055.png,airplane,1,/home/emily/MMIP/week5/quiz1/data/gallery/airplane/00652.png,airplane,0.868475
/home/emily/MMIP/week5/quiz1/data/query/airplane/00055.png,airplane,2,/home/emily/MMIP/week5/quiz1/data/gallery/airplane/00488.png,airplane,0.841980
/home/emily/MMIP/week5/quiz1/data/query/airplane/00055.png,airplane,3,/home/emily/MMIP/week5/quiz1/data/gallery/ship/00396.png,ship,0.841850
/home/emily/MMIP/week5/quiz1/data/query/airplane/00055.png,airplane,4,/home/emily/MMIP/week5/quiz1/data/gallery/cat/00194.png,cat,0.841396
/home/emily/MMIP/week5/quiz1/data/query/airplane/00055.png,airplane,5,/home/emily/MMIP/week5/quiz1/data/gallery/airplane/00185.png,airplane,0.841339
/home/emily/MMIP/week5/quiz1/data/query/airplane/00056.png,airplane,1,/home/emily/MMIP/week5/quiz1/data/gallery/airplane/00376.png,airplane,0.901878
/home/emily/MMIP/week5/quiz1/data/query/airplane/00056.png,airplane,2,/home/emily/MMIP/week5/quiz1/data/gallery/airplane/00921.png,airplane,0.882219
/home/emily/MMIP/week5/quiz1/data/query/airplane/00056.png,airplane,3,/home/emily/MMIP/week5/quiz1/data/gallery/airplane/00521.png,airplane,0.874111
/home/emily/MMIP/week5/quiz1/data/query/airplane/00056.png,airplane,4,/home/emily/MMIP/week5/quiz1/data/gallery/airplane/00342.png,airplane,0.868252
/home/emily/MMIP/week5/quiz1/data/query/airplane/00056.png,airplane,5,/home/emily/MMIP/week5/quiz1/data/gallery/airplane/00974.png,airplane,0.865176
/home/emily/MMIP/week5/quiz1/data/query/airplane/00057.png,airplane,1,/home/emily/MMIP/week5/quiz1/data/gallery/deer/00116.png,deer,0.879110
/home/emily/MMIP/week5/quiz1/data/query/airplane/00057.png,airplane,2,/home/emily/MMIP/week5/quiz1/data/gallery/airplane/00216.png,airplane,0.877948
/home/emily/MMIP/week5/quiz1/data/query/airplane/00057.png,airplane,3,/home/emily/MMIP/week5/quiz1/data/gallery/airplane/00367.png,airplane,0.874981
/home/emily/MMIP/week5/quiz1/data/query/airplane/00057.png,airplane,4,/home/emily/MMIP/week5/quiz1/data/gallery/airplane/00479.png,airplane,0.861015
/home/emily/MMIP/week5/quiz1/data/query/airplane/00057.png,airplane,5,/home/emily/MMIP/week5/quiz1/data/gallery/airplane/00110.png,airplane,0.859560
/home/emily/MMIP/week5/quiz1/data/query/airplane/00058.png,airplane,1,/home/emily/MMIP/week5/quiz1/data/gallery/airplane/00710.png,airplane,0.874873
/home/emily/MMIP/week5/quiz1/data/query/airplane/00058.png,airplane,2,/home/emily/MMIP/week5/quiz1/data/gallery/ship/00555.png,ship,0.869869
/home/emily/MMIP/week5/quiz1/data/query/airplane/00058.png,airplane,3,/home/emily/MMIP/week5/quiz1/data/gallery/airplane/00993.png,airplane,0.868931
/home/emily/MMIP/week5/quiz1/data/query/airplane/00058.png,airplane,4,/home/emily/MMIP/week5/quiz1/data/gallery/airplane/00808.png,airplane,0.864578
/home/emily/MMIP/week5/quiz1/data/query/airplane/00058.png,airplane,5,/home/emily/MMIP/week5/quiz1/data/gallery/airplane/00315.png,airplane,0.860877
/home/emily/MMIP/week5/quiz1/data/query/airplane/00059.png,airplane,1,/home/emily/MMIP/week5/quiz1/data/gallery/airplane/00176.png,airplane,0.860888
/home/emily/MMIP/week5/quiz1/data/query/airplane/00059.png,airplane,2,/home/emily/MMIP/week5/quiz1/data/gallery/ship/00670.png,ship,0.857921
/home/emily/MMIP/week5/quiz1/data/query/airplane/00059.png,airplane,3,/home/emily/MMIP/week5/quiz1/data/gallery/airplane/00559.png,airplane,0.857191
/home/emily/MMIP/week5/quiz1/data/query/airplane/00059.png,airplane,4,/home/emily/MMIP/week5/quiz1/data/gallery/airplane/00714.png,airplane,0.854169
/home/emily/MMIP/week5/quiz1/data/query/airplane/00059.png,airplane,5,/home/emily/MMIP/week5/quiz1/data/gallery/airplane/00088.png,airplane,0.852401
/home/emily/MMIP/week5/quiz1/data/query/airplane/00060.png,airplane,1,/home/emily/MMIP/week5/quiz1/data/gallery/airplane/00191.png,airplane,0.862750
/home/emily/MMIP/week5/quiz1/data/query/airplane/00060.png,airplane,2,/home/emily/MMIP/week5/quiz1/data/gallery/airplane/00089.png,airplane,0.860660
/home/emily/MMIP/week5/quiz1/data/query/airplane/00060.png,airplane,3,/home/emily/MMIP/week5/quiz1/data/gallery/airplane/00781.png,airplane,0.852275
/home/emily/MMIP/week5/quiz1/data/query/airplane/00060.png,airplane,4,/home/emily/MMIP/week5/quiz1/data/gallery/airplane/00080.png,airplane,0.850498
/home/emily/MMIP/week5/quiz1/data/query/airplane/00060.png,airplane,5,/home/emily/MMIP/week5/quiz1/data/gallery/airplane/00988.png,airplane,0.849801
/home/emily/MMIP/week5/quiz1/data/query/airplane/00061.png,airplane,1,/home/emily/MMIP/week5/quiz1/data/gallery/airplane/00707.png,airplane,0.838604
/home/emily/MMIP/week5/quiz1/data/query/airplane/00061.png,airplane,2,/home/emily/MMIP/week5/quiz1/data/gallery/airplane/00546.png,airplane,0.837345
/home/emily/MMIP/week5/quiz1/data/query/airplane/00061.png,airplane,3,/home/emily/MMIP/week5/quiz1/data/gallery/airplane/00204.png,airplane,0.830727
/home/emily/MMIP/week5/quiz1/data/query/airplane/00061.png,airplane,4,/home/emily/MMIP/week5/quiz1/data/gallery/airplane/00918.png,airplane,0.829400
/home/emily/MMIP/week5/quiz1/data/query/airplane/00061.png,airplane,5,/home/emily/MMIP/week5/quiz1/data/gallery/airplane/00156.png,airplane,0.825783
/home/emily/MMIP/week5/quiz1/data/query/airplane/00062.png,airplane,1,/home/emily/MMIP/week5/quiz1/data/gallery/airplane/00359.png,airplane,0.890448
/home/emily/MMIP/week5/quiz1/data/query/airplane/00062.png,airplane,2,/home/emily/MMIP/week5/quiz1/data/gallery/airplane/00562.png,airplane,0.870714
/home/emily/MMIP/week5/quiz1/data/query/airplane/00062.png,airplane,3,/home/emily/MMIP/week5/quiz1/data/gallery/truck/00779.png,truck,0.868626
/home/emily/MMIP/week5/quiz1/data/query/airplane/00062.png,airplane,4,/home/emily/MMIP/week5/quiz1/data/gallery/airplane/00685.png,airplane,0.865370
/home/emily/MMIP/week5/quiz1/data/query/airplane/00062.png,airplane,5,/home/emily/MMIP/week5/quiz1/data/gallery/airplane/00563.png,airplane,0.865007
/home/emily/MMIP/week5/quiz1/data/query/airplane/00063.png,airplane,1,/home/emily/MMIP/week5/quiz1/data/gallery/airplane/00571.png,airplane,0.891364
/home/emily/MMIP/week5/quiz1/data/query/airplane/00063.png,airplane,2,/home/emily/MMIP/week5/quiz1/data/gallery/airplane/00705.png,airplane,0.886700
/home/emily/MMIP/week5/quiz1/data/query/airplane/00063.png,airplane,3,/home/emily/MMIP/week5/quiz1/data/gallery/airplane/00425.png,airplane,0.882609
/home/emily/MMIP/week5/quiz1/data/query/airplane/00063.png,airplane,4,/home/emily/MMIP/week5/quiz1/data/gallery/airplane/00188.png,airplane,0.871252
/home/emily/MMIP/week5/quiz1/data/query/airplane/00063.png,airplane,5,/home/emily/MMIP/week5/quiz1/data/gallery/airplane/00772.png,airplane,0.865369
/home/emily/MMIP/week5/quiz1/data/query/airplane/00064.png,airplane,1,/home/emily/MMIP/week5/quiz1/data/gallery/ship/00711.png,ship,0.872616
/home/emily/MMIP/week5/quiz1/data/query/airplane/00064.png,airplane,2,/home/emily/MMIP/week5/quiz1/data/gallery/ship/00526.png,ship,0.869575
/home/emily/MMIP/week5/quiz1/data/query/airplane/00064.png,airplane,3,/home/emily/MMIP/week5/quiz1/data/gallery/ship/00556.png,ship,0.863096
/home/emily/MMIP/week5/quiz1/data/query/airplane/00064.png,airplane,4,/home/emily/MMIP/week5/quiz1/data/gallery/ship/00247.png,ship,0.862662
/home/emily/MMIP/week5/quiz1/data/query/airplane/00064.png,airplane,5,/home/emily/MMIP/week5/quiz1/data/gallery/ship/00143.png,ship,0.861479
/home/emily/MMIP/week5/quiz1/data/query/airplane/00065.png,airplane,1,/home/emily/MMIP/week5/quiz1/data/gallery/airplane/00903.png,airplane,0.841290
/home/emily/MMIP/week5/quiz1/data/query/airplane/00065.png,airplane,2,/home/emily/MMIP/week5/quiz1/data/gallery/airplane/00425.png,airplane,0.834699
/home/emily/MMIP/week5/quiz1/data/query/airplane/00065.png,airplane,3,/home/emily/MMIP/week5/quiz1/data/gallery/airplane/00132.png,airplane,0.834227
/home/emily/MMIP/week5/quiz1/data/query/airplane/00065.png,airplane,4,/home/emily/MMIP/week5/quiz1/data/gallery/ship/00338.png,ship,0.833912
/home/emily/MMIP/week5/quiz1/data/query/airplane/00065.png,airplane,5,/home/emily/MMIP/week5/quiz1/data/gallery/airplane/00815.png,airplane,0.827309
/home/emily/MMIP/week5/quiz1/data/query/airplane/00066.png,airplane,1,/home/emily/MMIP/week5/quiz1/data/gallery/airplane/00526.png,airplane,0.894022
/home/emily/MMIP/week5/quiz1/data/query/airplane/00066.png,airplane,2,/home/emily/MMIP/week5/quiz1/data/gallery/airplane/00006.png,airplane,0.845102
/home/emily/MMIP/week5/quiz1/data/query/airplane/00066.png,airplane,3,/home/emily/MMIP/week5/quiz1/data/gallery/airplane/00923.png,airplane,0.842958
/home/emily/MMIP/week5/quiz1/data/query/airplane/00066.png,airplane,4,/home/emily/MMIP/week5/quiz1/data/gallery/airplane/00315.png,airplane,0.842151
/home/emily/MMIP/week5/quiz1/data/query/airplane/00066.png,airplane,5,/home/emily/MMIP/week5/quiz1/data/gallery/airplane/00808.png,airplane,0.839880
/home/emily/MMIP/week5/quiz1/data/query/airplane/00067.png,airplane,1,/home/emily/MMIP/week5/quiz1/data/gallery/airplane/00891.png,airplane,0.865361
/home/emily/MMIP/week5/quiz1/data/query/airplane/00067.png,airplane,2,/home/emily/MMIP/week5/quiz1/data/gallery/airplane/00551.png,airplane,0.857167
/home/emily/MMIP/week5/quiz1/data/query/airplane/00067.png,airplane,3,/home/emily/MMIP/week5/quiz1/data/gallery/airplane/00956.png,airplane,0.838731
/home/emily/MMIP/week5/quiz1/data/query/airplane/00067.png,airplane,4,/home/emily/MMIP/week5/quiz1/data/gallery/airplane/00490.png,airplane,0.834162
/home/emily/MMIP/week5/quiz1/data/query/airplane/00067.png,airplane,5,/home/emily/MMIP/week5/quiz1/data/gallery/ship/00864.png,ship,0.833283
/home/emily/MMIP/week5/quiz1/data/query/airplane/00068.png,airplane,1,/home/emily/MMIP/week5/quiz1/data/gallery/airplane/00364.png,airplane,0.854331
/home/emily/MMIP/week5/quiz1/data/query/airplane/00068.png,airplane,2,/home/emily/MMIP/week5/quiz1/data/gallery/airplane/00034.png,airplane,0.828051
/home/emily/MMIP/week5/quiz1/data/query/airplane/00068.png,airplane,3,/home/emily/MMIP/week5/quiz1/data/gallery/ship/00104.png,ship,0.818752
/home/emily/MMIP/week5/quiz1/data/query/airplane/00068.png,airplane,4,/home/emily/MMIP/week5/quiz1/data/gallery/airplane/00780.png,airplane,0.818695
/home/emily/MMIP/week5/quiz1/data/query/airplane/00068.png,airplane,5,/home/emily/MMIP/week5/quiz1/data/gallery/airplane/00622.png,airplane,0.816765
/home/emily/MMIP/week5/quiz1/data/query/airplane/00069.png,airplane,1,/home/emily/MMIP/week5/quiz1/data/gallery/airplane/00993.png,airplane,0.893908
/home/emily/MMIP/week5/quiz1/data/query/airplane/00069.png,airplane,2,/home/emily/MMIP/week5/quiz1/data/gallery/truck/00084.png,truck,0.880840
/home/emily/MMIP/week5/quiz1/data/query/airplane/00069.png,airplane,3,/home/emily/MMIP/week5/quiz1/data/gallery/airplane/00582.png,airplane,0.876422
/home/emily/MMIP/week5/quiz1/data/query/airplane/00069.png,airplane,4,/home/emily/MMIP/week5/quiz1/data/gallery/airplane/00088.png,airplane,0.866853
/home/emily/MMIP/week5/quiz1/data/query/airplane/00069.png,airplane,5,/home/emily/MMIP/week5/quiz1/data/gallery/airplane/00920.png,airplane,0.866705
/home/emily/MMIP/week5/quiz1/data/query/airplane/00070.png,airplane,1,/home/emily/MMIP/week5/quiz1/data/gallery/truck/00316.png,truck,0.817486
/home/emily/MMIP/week5/quiz1/data/query/airplane/00070.png,airplane,2,/home/emily/MMIP/week5/quiz1/data/gallery/airplane/00451.png,airplane,0.817480
/home/emily/MMIP/week5/quiz1/data/query/airplane/00070.png,airplane,3,/home/emily/MMIP/week5/quiz1/data/gallery/airplane/00073.png,airplane,0.816415
/home/emily/MMIP/week5/quiz1/data/query/airplane/00070.png,airplane,4,/home/emily/MMIP/week5/quiz1/data/gallery/truck/00936.png,truck,0.813346
/home/emily/MMIP/week5/quiz1/data/query/airplane/00070.png,airplane,5,/home/emily/MMIP/week5/quiz1/data/gallery/automobile/00614.png,automobile,0.810615
/home/emily/MMIP/week5/quiz1/data/query/airplane/00071.png,airplane,1,/home/emily/MMIP/week5/quiz1/data/gallery/airplane/00194.png,airplane,0.846237
/home/emily/MMIP/week5/quiz1/data/query/airplane/00071.png,airplane,2,/home/emily/MMIP/week5/quiz1/data/gallery/airplane/00624.png,airplane,0.834350
/home/emily/MMIP/week5/quiz1/data/query/airplane/00071.png,airplane,3,/home/emily/MMIP/week5/quiz1/data/gallery/airplane/00751.png,airplane,0.827755
/home/emily/MMIP/week5/quiz1/data/query/airplane/00071.png,airplane,4,/home/emily/MMIP/week5/quiz1/data/gallery/airplane/00595.png,airplane,0.825235
/home/emily/MMIP/week5/quiz1/data/query/airplane/00071.png,airplane,5,/home/emily/MMIP/week5/quiz1/data/gallery/truck/00114.png,truck,0.824861
/home/emily/MMIP/week5/quiz1/data/query/airplane/00072.png,airplane,1,/home/emily/MMIP/week5/quiz1/data/gallery/airplane/00676.png,airplane,0.853678
/home/emily/MMIP/week5/quiz1/data/query/airplane/00072.png,airplane,2,/home/emily/MMIP/week5/quiz1/data/gallery/deer/00513.png,deer,0.844743
/home/emily/MMIP/week5/quiz1/data/query/airplane/00072.png,airplane,3,/home/emily/MMIP/week5/quiz1/data/gallery/airplane/00075.png,airplane,0.844596
/home/emily/MMIP/week5/quiz1/data/query/airplane/00072.png,airplane,4,/home/emily/MMIP/week5/quiz1/data/gallery/airplane/00073.png,airplane,0.840474
/home/emily/MMIP/week5/quiz1/data/query/airplane/00072.png,airplane,5,/home/emily/MMIP/week5/quiz1/data/gallery/airplane/00653.png,airplane,0.827776
/home/emily/MMIP/week5/quiz1/data/query/airplane/00073.png,airplane,1,/home/emily/MMIP/week5/quiz1/data/gallery/airplane/00466.png,airplane,0.849377
/home/emily/MMIP/week5/quiz1/data/query/airplane/00073.png,airplane,2,/home/emily/MMIP/week5/quiz1/data/gallery/airplane/00590.png,airplane,0.846909
/home/emily/MMIP/week5/quiz1/data/query/airplane/00073.png,airplane,3,/home/emily/MMIP/week5/quiz1/data/gallery/airplane/00970.png,airplane,0.845186
/home/emily/MMIP/week5/quiz1/data/query/airplane/00073.png,airplane,4,/home/emily/MMIP/week5/quiz1/data/gallery/ship/00418.png,ship,0.844867
/home/emily/MMIP/week5/quiz1/data/query/airplane/00073.png,airplane,5,/home/emily/MMIP/week5/quiz1/data/gallery/automobile/00923.png,automobile,0.842954
/home/emily/MMIP/week5/quiz1/data/query/airplane/00074.png,airplane,1,/home/emily/MMIP/week5/quiz1/data/gallery/airplane/00517.png,airplane,0.862220
/home/emily/MMIP/week5/quiz1/data/query/airplane/00074.png,airplane,2,/home/emily/MMIP/week5/quiz1/data/gallery/airplane/00808.png,airplane,0.860146
/home/emily/MMIP/week5/quiz1/data/query/airplane/00074.png,airplane,3,/home/emily/MMIP/week5/quiz1/data/gallery/airplane/00893.png,airplane,0.857884
/home/emily/MMIP/week5/quiz1/data/query/airplane/00074.png,airplane,4,/home/emily/MMIP/week5/quiz1/data/gallery/airplane/00276.png,airplane,0.852164
/home/emily/MMIP/week5/quiz1/data/query/airplane/00074.png,airplane,5,/home/emily/MMIP/week5/quiz1/data/gallery/airplane/00728.png,airplane,0.848259
/home/emily/MMIP/week5/quiz1/data/query/airplane/00075.png,airplane,1,/home/emily/MMIP/week5/quiz1/data/gallery/truck/00251.png,truck,0.881227
/home/emily/MMIP/week5/quiz1/data/query/airplane/00075.png,airplane,2,/home/emily/MMIP/week5/quiz1/data/gallery/airplane/00011.png,airplane,0.879036
/home/emily/MMIP/week5/quiz1/data/query/airplane/00075.png,airplane,3,/home/emily/MMIP/week5/quiz1/data/gallery/truck/00090.png,truck,0.877513
/home/emily/MMIP/week5/quiz1/data/query/airplane/00075.png,airplane,4,/home/emily/MMIP/week5/quiz1/data/gallery/truck/00659.png,truck,0.869589
/home/emily/MMIP/week5/quiz1/data/query/airplane/00075.png,airplane,5,/home/emily/MMIP/week5/quiz1/data/gallery/truck/00242.png,truck,0.868008
/home/emily/MMIP/week5/quiz1/data/query/airplane/00076.png,airplane,1,/home/emily/MMIP/week5/quiz1/data/gallery/airplane/00901.png,airplane,0.870840
/home/emily/MMIP/week5/quiz1/data/query/airplane/00076.png,airplane,2,/home/emily/MMIP/week5/quiz1/data/gallery/airplane/00974.png,airplane,0.865742
/home/emily/MMIP/week5/quiz1/data/query/airplane/00076.png,airplane,3,/home/emily/MMIP/week5/quiz1/data/gallery/airplane/00969.png,airplane,0.857530
/home/emily/MMIP/week5/quiz1/data/query/airplane/00076.png,airplane,4,/home/emily/MMIP/week5/quiz1/data/gallery/airplane/00510.png,airplane,0.857470
/home/emily/MMIP/week5/quiz1/data/query/airplane/00076.png,airplane,5,/home/emily/MMIP/week5/quiz1/data/gallery/airplane/00596.png,airplane,0.851363
/home/emily/MMIP/week5/quiz1/data/query/airplane/00077.png,airplane,1,/home/emily/MMIP/week5/quiz1/data/gallery/airplane/00600.png,airplane,0.807699
/home/emily/MMIP/week5/quiz1/data/query/airplane/00077.png,airplane,2,/home/emily/MMIP/week5/quiz1/data/gallery/airplane/00247.png,airplane,0.804098
/home/emily/MMIP/week5/quiz1/data/query/airplane/00077.png,airplane,3,/home/emily/MMIP/week5/quiz1/data/gallery/airplane/00737.png,airplane,0.798715
/home/emily/MMIP/week5/quiz1/data/query/airplane/00077.png,airplane,4,/home/emily/MMIP/week5/quiz1/data/gallery/airplane/00207.png,airplane,0.789314
/home/emily/MMIP/week5/quiz1/data/query/airplane/00077.png,airplane,5,/home/emily/MMIP/week5/quiz1/data/gallery/bird/00477.png,bird,0.783695
/home/emily/MMIP/week5/quiz1/data/query/airplane/00078.png,airplane,1,/home/emily/MMIP/week5/quiz1/data/gallery/airplane/00176.png,airplane,0.857510
/home/emily/MMIP/week5/quiz1/data/query/airplane/00078.png,airplane,2,/home/emily/MMIP/week5/quiz1/data/gallery/airplane/00993.png,airplane,0.851238
/home/emily/MMIP/week5/quiz1/data/query/airplane/00078.png,airplane,3,/home/emily/MMIP/week5/quiz1/data/gallery/airplane/00079.png,airplane,0.849967
/home/emily/MMIP/week5/quiz1/data/query/airplane/00078.png,airplane,4,/home/emily/MMIP/week5/quiz1/data/gallery/automobile/00052.png,automobile,0.849655
/home/emily/MMIP/week5/quiz1/data/query/airplane/00078.png,airplane,5,/home/emily/MMIP/week5/quiz1/data/gallery/airplane/00582.png,airplane,0.849072
/home/emily/MMIP/week5/quiz1/data/query/airplane/00079.png,airplane,1,/home/emily/MMIP/week5/quiz1/data/gallery/airplane/00879.png,airplane,0.899559
/home/emily/MMIP/week5/quiz1/data/query/airplane/00079.png,airplane,2,/home/emily/MMIP/week5/quiz1/data/gallery/airplane/00214.png,airplane,0.888292
/home/emily/MMIP/week5/quiz1/data/query/airplane/00079.png,airplane,3,/home/emily/MMIP/week5/quiz1/data/gallery/airplane/00909.png,airplane,0.881642
/home/emily/MMIP/week5/quiz1/data/query/airplane/00079.png,airplane,4,/home/emily/MMIP/week5/quiz1/data/gallery/airplane/00730.png,airplane,0.862566
/home/emily/MMIP/week5/quiz1/data/query/airplane/00079.png,airplane,5,/home/emily/MMIP/week5/quiz1/data/gallery/airplane/00376.png,airplane,0.860636
/home/emily/MMIP/week5/quiz1/data/query/airplane/00080.png,airplane,1,/home/emily/MMIP/week5/quiz1/data/gallery/automobile/00348.png,automobile,0.886694
/home/emily/MMIP/week5/quiz1/data/query/airplane/00080.png,airplane,2,/home/emily/MMIP/week5/quiz1/data/gallery/airplane/00005.png,airplane,0.871017
/home/emily/MMIP/week5/quiz1/data/query/airplane/00080.png,airplane,3,/home/emily/MMIP/week5/quiz1/data/gallery/airplane/00192.png,airplane,0.869434
/home/emily/MMIP/week5/quiz1/data/query/airplane/00080.png,airplane,4,/home/emily/MMIP/week5/quiz1/data/gallery/airplane/00731.png,airplane,0.863704
/home/emily/MMIP/week5/quiz1/data/query/airplane/00080.png,airplane,5,/home/emily/MMIP/week5/quiz1/data/gallery/truck/00082.png,truck,0.862985
/home/emily/MMIP/week5/quiz1/data/query/airplane/00081.png,airplane,1,/home/emily/MMIP/week5/quiz1/data/gallery/airplane/00587.png,airplane,0.863264
/home/emily/MMIP/week5/quiz1/data/query/airplane/00081.png,airplane,2,/home/emily/MMIP/week5/quiz1/data/gallery/airplane/00906.png,airplane,0.856196
/home/emily/MMIP/week5/quiz1/data/query/airplane/00081.png,airplane,3,/home/emily/MMIP/week5/quiz1/data/gallery/airplane/00357.png,airplane,0.845697
/home/emily/MMIP/week5/quiz1/data/query/airplane/00081.png,airplane,4,/home/emily/MMIP/week5/quiz1/data/gallery/ship/00478.png,ship,0.844978
/home/emily/MMIP/week5/quiz1/data/query/airplane/00081.png,airplane,5,/home/emily/MMIP/week5/quiz1/data/gallery/automobile/00475.png,automobile,0.842028
/home/emily/MMIP/week5/quiz1/data/query/airplane/00082.png,airplane,1,/home/emily/MMIP/week5/quiz1/data/gallery/airplane/00607.png,airplane,0.869199
/home/emily/MMIP/week5/quiz1/data/query/airplane/00082.png,airplane,2,/home/emily/MMIP/week5/quiz1/data/gallery/airplane/00683.png,airplane,0.869088
/home/emily/MMIP/week5/quiz1/data/query/airplane/00082.png,airplane,3,/home/emily/MMIP/week5/quiz1/data/gallery/ship/00853.png,ship,0.851672
/home/emily/MMIP/week5/quiz1/data/query/airplane/00082.png,airplane,4,/home/emily/MMIP/week5/quiz1/data/gallery/ship/00174.png,ship,0.843006
/home/emily/MMIP/week5/quiz1/data/query/airplane/00082.png,airplane,5,/home/emily/MMIP/week5/quiz1/data/gallery/ship/00663.png,ship,0.842770
/home/emily/MMIP/week5/quiz1/data/query/airplane/00083.png,airplane,1,/home/emily/MMIP/week5/quiz1/data/gallery/truck/00084.png,truck,0.877162
/home/emily/MMIP/week5/quiz1/data/query/airplane/00083.png,airplane,2,/home/emily/MMIP/week5/quiz1/data/gallery/truck/00519.png,truck,0.872654
/home/emily/MMIP/week5/quiz1/data/query/airplane/00083.png,airplane,3,/home/emily/MMIP/week5/quiz1/data/gallery/truck/00967.png,truck,0.870667
/home/emily/MMIP/week5/quiz1/data/query/airplane/00083.png,airplane,4,/home/emily/MMIP/week5/quiz1/data/gallery/airplane/00401.png,airplane,0.863599
/home/emily/MMIP/week5/quiz1/data/query/airplane/00083.png,airplane,5,/home/emily/MMIP/week5/quiz1/data/gallery/airplane/00602.png,airplane,0.863260
/home/emily/MMIP/week5/quiz1/data/query/airplane/00084.png,airplane,1,/home/emily/MMIP/week5/quiz1/data/gallery/airplane/00337.png,airplane,0.912408
/home/emily/MMIP/week5/quiz1/data/query/airplane/00084.png,airplane,2,/home/emily/MMIP/week5/quiz1/data/gallery/airplane/00581.png,airplane,0.889495
/home/emily/MMIP/week5/quiz1/data/query/airplane/00084.png,airplane,3,/home/emily/MMIP/week5/quiz1/data/gallery/airplane/00027.png,airplane,0.887325
/home/emily/MMIP/week5/quiz1/data/query/airplane/00084.png,airplane,4,/home/emily/MMIP/week5/quiz1/data/gallery/airplane/00185.png,airplane,0.862336
/home/emily/MMIP/week5/quiz1/data/query/airplane/00084.png,airplane,5,/home/emily/MMIP/week5/quiz1/data/gallery/airplane/00367.png,airplane,0.855001
/home/emily/MMIP/week5/quiz1/data/query/airplane/00085.png,airplane,1,/home/emily/MMIP/week5/quiz1/data/gallery/airplane/00054.png,airplane,0.799465
/home/emily/MMIP/week5/quiz1/data/query/airplane/00085.png,airplane,2,/home/emily/MMIP/week5/quiz1/data/gallery/airplane/00758.png,airplane,0.791856
/home/emily/MMIP/week5/quiz1/data/query/airplane/00085.png,airplane,3,/home/emily/MMIP/week5/quiz1/data/gallery/airplane/00818.png,airplane,0.790002
/home/emily/MMIP/week5/quiz1/data/query/airplane/00085.png,airplane,4,/home/emily/MMIP/week5/quiz1/data/gallery/airplane/00525.png,airplane,0.789691
/home/emily/MMIP/week5/quiz1/data/query/airplane/00085.png,airplane,5,/home/emily/MMIP/week5/quiz1/data/gallery/airplane/00800.png,airplane,0.788498
/home/emily/MMIP/week5/quiz1/data/query/airplane/00086.png,airplane,1,/home/emily/MMIP/week5/quiz1/data/gallery/airplane/00154.png,airplane,0.870920
/home/emily/MMIP/week5/quiz1/data/query/airplane/00086.png,airplane,2,/home/emily/MMIP/week5/quiz1/data/gallery/airplane/00500.png,airplane,0.868188
/home/emily/MMIP/week5/quiz1/data/query/airplane/00086.png,airplane,3,/home/emily/MMIP/week5/quiz1/data/gallery/airplane/00056.png,airplane,0.861765
/home/emily/MMIP/week5/quiz1/data/query/airplane/00086.png,airplane,4,/home/emily/MMIP/week5/quiz1/data/gallery/airplane/00988.png,airplane,0.860469
/home/emily/MMIP/week5/quiz1/data/query/airplane/00086.png,airplane,5,/home/emily/MMIP/week5/quiz1/data/gallery/airplane/00960.png,airplane,0.854553
/home/emily/MMIP/week5/quiz1/data/query/airplane/00087.png,airplane,1,/home/emily/MMIP/week5/quiz1/data/gallery/airplane/00965.png,airplane,0.863398
/home/emily/MMIP/week5/quiz1/data/query/airplane/00087.png,airplane,2,/home/emily/MMIP/week5/quiz1/data/gallery/airplane/00197.png,airplane,0.862327
/home/emily/MMIP/week5/quiz1/data/query/airplane/00087.png,airplane,3,/home/emily/MMIP/week5/quiz1/data/gallery/airplane/00381.png,airplane,0.852653
/home/emily/MMIP/week5/quiz1/data/query/airplane/00087.png,airplane,4,/home/emily/MMIP/week5/quiz1/data/gallery/airplane/00736.png,airplane,0.851630
/home/emily/MMIP/week5/quiz1/data/query/airplane/00087.png,airplane,5,/home/emily/MMIP/week5/quiz1/data/gallery/airplane/00690.png,airplane,0.851477
/home/emily/MMIP/week5/quiz1/data/query/airplane/00088.png,airplane,1,/home/emily/MMIP/week5/quiz1/data/gallery/airplane/00597.png,airplane,0.836891
/home/emily/MMIP/week5/quiz1/data/query/airplane/00088.png,airplane,2,/home/emily/MMIP/week5/quiz1/data/gallery/airplane/00433.png,airplane,0.821732
/home/emily/MMIP/week5/quiz1/data/query/airplane/00088.png,airplane,3,/home/emily/MMIP/week5/quiz1/data/gallery/airplane/00516.png,airplane,0.817862
/home/emily/MMIP/week5/quiz1/data/query/airplane/00088.png,airplane,4,/home/emily/MMIP/week5/quiz1/data/gallery/airplane/00782.png,airplane,0.814694
/home/emily/MMIP/week5/quiz1/data/query/airplane/00088.png,airplane,5,/home/emily/MMIP/week5/quiz1/data/gallery/automobile/00475.png,automobile,0.808285
/home/emily/MMIP/week5/quiz1/data/query/airplane/00089.png,airplane,1,/home/emily/MMIP/week5/quiz1/data/gallery/airplane/00514.png,airplane,0.863252
/home/emily/MMIP/week5/quiz1/data/query/airplane/00089.png,airplane,2,/home/emily/MMIP/week5/quiz1/data/gallery/airplane/00994.png,airplane,0.857874
/home/emily/MMIP/week5/quiz1/data/query/airplane/00089.png,airplane,3,/home/emily/MMIP/week5/quiz1/data/gallery/airplane/00099.png,airplane,0.850820
/home/emily/MMIP/week5/quiz1/data/query/airplane/00089.png,airplane,4,/home/emily/MMIP/week5/quiz1/data/gallery/airplane/00332.png,airplane,0.850503
/home/emily/MMIP/week5/quiz1/data/query/airplane/00089.png,airplane,5,/home/emily/MMIP/week5/quiz1/data/gallery/bird/00623.png,bird,0.849761
/home/emily/MMIP/week5/quiz1/data/query/airplane/00090.png,airplane,1,/home/emily/MMIP/week5/quiz1/data/gallery/airplane/00464.png,airplane,0.873527
/home/emily/MMIP/week5/quiz1/data/query/airplane/00090.png,airplane,2,/home/emily/MMIP/week5/quiz1/data/gallery/airplane/00030.png,airplane,0.871538
/home/emily/MMIP/week5/quiz1/data/query/airplane/00090.png,airplane,3,/home/emily/MMIP/week5/quiz1/data/gallery/airplane/00582.png,airplane,0.862287
/home/emily/MMIP/week5/quiz1/data/query/airplane/00090.png,airplane,4,/home/emily/MMIP/week5/quiz1/data/gallery/automobile/00737.png,automobile,0.847245
/home/emily/MMIP/week5/quiz1/data/query/airplane/00090.png,airplane,5,/home/emily/MMIP/week5/quiz1/data/gallery/automobile/00286.png,automobile,0.846877
/home/emily/MMIP/week5/quiz1/data/query/airplane/00091.png,airplane,1,/home/emily/MMIP/week5/quiz1/data/gallery/automobile/00205.png,automobile,0.837795
/home/emily/MMIP/week5/quiz1/data/query/airplane/00091.png,airplane,2,/home/emily/MMIP/week5/quiz1/data/gallery/deer/00634.png,deer,0.832693
/home/emily/MMIP/week5/quiz1/data/query/airplane/00091.png,airplane,3,/home/emily/MMIP/week5/quiz1/data/gallery/ship/00314.png,ship,0.788954
/home/emily/MMIP/week5/quiz1/data/query/airplane/00091.png,airplane,4,/home/emily/MMIP/week5/quiz1/data/gallery/cat/00708.png,cat,0.774834
/home/emily/MMIP/week5/quiz1/data/query/airplane/00091.png,airplane,5,/home/emily/MMIP/week5/quiz1/data/gallery/ship/00095.png,ship,0.773031
/home/emily/MMIP/week5/quiz1/data/query/airplane/00092.png,airplane,1,/home/emily/MMIP/week5/quiz1/data/gallery/airplane/00446.png,airplane,0.849287
/home/emily/MMIP/week5/quiz1/data/query/airplane/00092.png,airplane,2,/home/emily/MMIP/week5/quiz1/data/gallery/airplane/00855.png,airplane,0.845728
/home/emily/MMIP/week5/quiz1/data/query/airplane/00092.png,airplane,3,/home/emily/MMIP/week5/quiz1/data/gallery/airplane/00356.png,airplane,0.839846
/home/emily/MMIP/week5/quiz1/data/query/airplane/00092.png,airplane,4,/home/emily/MMIP/week5/quiz1/data/gallery/automobile/00659.png,automobile,0.834576
/home/emily/MMIP/week5/quiz1/data/query/airplane/00092.png,airplane,5,/home/emily/MMIP/week5/quiz1/data/gallery/truck/00863.png,truck,0.833751
/home/emily/MMIP/week5/quiz1/data/query/airplane/00093.png,airplane,1,/home/emily/MMIP/week5/quiz1/data/gallery/airplane/00209.png,airplane,0.850378
/home/emily/MMIP/week5/quiz1/data/query/airplane/00093.png,airplane,2,/home/emily/MMIP/week5/quiz1/data/gallery/airplane/00469.png,airplane,0.839992
/home/emily/MMIP/week5/quiz1/data/query/airplane/00093.png,airplane,3,/home/emily/MMIP/week5/quiz1/data/gallery/airplane/00945.png,airplane,0.832545
/home/emily/MMIP/week5/quiz1/data/query/airplane/00093.png,airplane,4,/home/emily/MMIP/week5/quiz1/data/gallery/airplane/00202.png,airplane,0.822049
/home/emily/MMIP/week5/quiz1/data/query/airplane/00093.png,airplane,5,/home/emily/MMIP/week5/quiz1/data/gallery/airplane/00557.png,airplane,0.820620
/home/emily/MMIP/week5/quiz1/data/query/airplane/00094.png,airplane,1,/home/emily/MMIP/week5/quiz1/data/gallery/airplane/00732.png,airplane,0.824745
/home/emily/MMIP/week5/quiz1/data/query/airplane/00094.png,airplane,2,/home/emily/MMIP/week5/quiz1/data/gallery/ship/00634.png,ship,0.817656
/home/emily/MMIP/week5/quiz1/data/query/airplane/00094.png,airplane,3,/home/emily/MMIP/week5/quiz1/data/gallery/airplane/00124.png,airplane,0.817539
/home/emily/MMIP/week5/quiz1/data/query/airplane/00094.png,airplane,4,/home/emily/MMIP/week5/quiz1/data/gallery/ship/00697.png,ship,0.815570
/home/emily/MMIP/week5/quiz1/data/query/airplane/00094.png,airplane,5,/home/emily/MMIP/week5/quiz1/data/gallery/airplane/00798.png,airplane,0.811994
/home/emily/MMIP/week5/quiz1/data/query/airplane/00095.png,airplane,1,/home/emily/MMIP/week5/quiz1/data/gallery/airplane/00138.png,airplane,0.867543
/home/emily/MMIP/week5/quiz1/data/query/airplane/00095.png,airplane,2,/home/emily/MMIP/week5/quiz1/data/gallery/airplane/00114.png,airplane,0.867127
/home/emily/MMIP/week5/quiz1/data/query/airplane/00095.png,airplane,3,/home/emily/MMIP/week5/quiz1/data/gallery/airplane/00833.png,airplane,0.866709
/home/emily/MMIP/week5/quiz1/data/query/airplane/00095.png,airplane,4,/home/emily/MMIP/week5/quiz1/data/gallery/airplane/00599.png,airplane,0.864638
/home/emily/MMIP/week5/quiz1/data/query/airplane/00095.png,airplane,5,/home/emily/MMIP/week5/quiz1/data/gallery/airplane/00596.png,airplane,0.863769
/home/emily/MMIP/week5/quiz1/data/query/airplane/00096.png,airplane,1,/home/emily/MMIP/week5/quiz1/data/gallery/airplane/00193.png,airplane,0.888368
/home/emily/MMIP/week5/quiz1/data/query/airplane/00096.png,airplane,2,/home/emily/MMIP/week5/quiz1/data/gallery/ship/00715.png,ship,0.874030
/home/emily/MMIP/week5/quiz1/data/query/airplane/00096.png,airplane,3,/home/emily/MMIP/week5/quiz1/data/gallery/ship/00009.png,ship,0.871594
/home/emily/MMIP/week5/quiz1/data/query/airplane/00096.png,airplane,4,/home/emily/MMIP/week5/quiz1/data/gallery/ship/00174.png,ship,0.870776
/home/emily/MMIP/week5/quiz1/data/query/airplane/00096.png,airplane,5,/home/emily/MMIP/week5/quiz1/data/gallery/airplane/00785.png,airplane,0.870491
/home/emily/MMIP/week5/quiz1/data/query/airplane/00097.png,airplane,1,/home/emily/MMIP/week5/quiz1/data/gallery/airplane/00197.png,airplane,0.879186
/home/emily/MMIP/week5/quiz1/data/query/airplane/00097.png,airplane,2,/home/emily/MMIP/week5/quiz1/data/gallery/ship/00174.png,ship,0.876587
/home/emily/MMIP/week5/quiz1/data/query/airplane/00097.png,airplane,3,/home/emily/MMIP/week5/quiz1/data/gallery/airplane/00844.png,airplane,0.872562
/home/emily/MMIP/week5/quiz1/data/query/airplane/00097.png,airplane,4,/home/emily/MMIP/week5/quiz1/data/gallery/airplane/00937.png,airplane,0.865109
/home/emily/MMIP/week5/quiz1/data/query/airplane/00097.png,airplane,5,/home/emily/MMIP/week5/quiz1/data/gallery/airplane/00381.png,airplane,0.862645
/home/emily/MMIP/week5/quiz1/data/query/airplane/00098.png,airplane,1,/home/emily/MMIP/week5/quiz1/data/gallery/airplane/00068.png,airplane,0.892294
/home/emily/MMIP/week5/quiz1/data/query/airplane/00098.png,airplane,2,/home/emily/MMIP/week5/quiz1/data/gallery/airplane/00463.png,airplane,0.883929
/home/emily/MMIP/week5/quiz1/data/query/airplane/00098.png,airplane,3,/home/emily/MMIP/week5/quiz1/data/gallery/airplane/00368.png,airplane,0.883340
/home/emily/MMIP/week5/quiz1/data/query/airplane/00098.png,airplane,4,/home/emily/MMIP/week5/quiz1/data/gallery/airplane/00139.png,airplane,0.877535
/home/emily/MMIP/week5/quiz1/data/query/airplane/00098.png,airplane,5,/home/emily/MMIP/week5/quiz1/data/gallery/airplane/00830.png,airplane,0.858097
/home/emily/MMIP/week5/quiz1/data/query/airplane/00099.png,airplane,1,/home/emily/MMIP/week5/quiz1/data/gallery/ship/00759.png,ship,0.820767
/home/emily/MMIP/week5/quiz1/data/query/airplane/00099.png,airplane,2,/home/emily/MMIP/week5/quiz1/data/gallery/ship/00758.png,ship,0.816717
/home/emily/MMIP/week5/quiz1/data/query/airplane/00099.png,airplane,3,/home/emily/MMIP/week5/quiz1/data/gallery/ship/00576.png,ship,0.814893
/home/emily/MMIP/week5/quiz1/data/query/airplane/00099.png,airplane,4,/home/emily/MMIP/week5/quiz1/data/gallery/automobile/00329.png,automobile,0.814528
/home/emily/MMIP/week5/quiz1/data/query/airplane/00099.png,airplane,5,/home/emily/MMIP/week5/quiz1/data/gallery/ship/00924.png,ship,0.812515
/home/emily/MMIP/week5/quiz1/data/query/automobile/00000.png,automobile,1,/home/emily/MMIP/week5/quiz1/data/gallery/automobile/00688.png,automobile,0.863999
/home/emily/MMIP/week5/quiz1/data/query/automobile/00000.png,automobile,2,/home/emily/MMIP/week5/quiz1/data/gallery/automobile/00921.png,automobile,0.861749
/home/emily/MMIP/week5/quiz1/data/query/automobile/00000.png,automobile,3,/home/emily/MMIP/week5/quiz1/data/gallery/automobile/00191.png,automobile,0.857432
/home/emily/MMIP/week5/quiz1/data/query/automobile/00000.png,automobile,4,/home/emily/MMIP/week5/quiz1/data/gallery/automobile/00596.png,automobile,0.857082
/home/emily/MMIP/week5/quiz1/data/query/automobile/00000.png,automobile,5,/home/emily/MMIP/week5/quiz1/data/gallery/automobile/00449.png,automobile,0.856587
/home/emily/MMIP/week5/quiz1/data/query/automobile/00001.png,automobile,1,/home/emily/MMIP/week5/quiz1/data/gallery/automobile/00602.png,automobile,0.888913
/home/emily/MMIP/week5/quiz1/data/query/automobile/00001.png,automobile,2,/home/emily/MMIP/week5/quiz1/data/gallery/truck/00999.png,truck,0.888800
/home/emily/MMIP/week5/quiz1/data/query/automobile/00001.png,automobile,3,/home/emily/MMIP/week5/quiz1/data/gallery/truck/00159.png,truck,0.887707
/home/emily/MMIP/week5/quiz1/data/query/automobile/00001.png,automobile,4,/home/emily/MMIP/week5/quiz1/data/gallery/truck/00070.png,truck,0.885064
/home/emily/MMIP/week5/quiz1/data/query/automobile/00001.png,automobile,5,/home/emily/MMIP/week5/quiz1/data/gallery/automobile/00162.png,automobile,0.883940
/home/emily/MMIP/week5/quiz1/data/query/automobile/00002.png,automobile,1,/home/emily/MMIP/week5/quiz1/data/gallery/truck/00215.png,truck,0.884871
/home/emily/MMIP/week5/quiz1/data/query/automobile/00002.png,automobile,2,/home/emily/MMIP/week5/quiz1/data/gallery/truck/00028.png,truck,0.878351
/home/emily/MMIP/week5/quiz1/data/query/automobile/00002.png,automobile,3,/home/emily/MMIP/week5/quiz1/data/gallery/automobile/00602.png,automobile,0.877487
/home/emily/MMIP/week5/quiz1/data/query/automobile/00002.png,automobile,4,/home/emily/MMIP/week5/quiz1/data/gallery/truck/00868.png,truck,0.874651
/home/emily/MMIP/week5/quiz1/data/query/automobile/00002.png,automobile,5,/home/emily/MMIP/week5/quiz1/data/gallery/truck/00135.png,truck,0.874422
/home/emily/MMIP/week5/quiz1/data/query/automobile/00003.png,automobile,1,/home/emily/MMIP/week5/quiz1/data/gallery/automobile/00352.png,automobile,0.883605
/home/emily/MMIP/week5/quiz1/data/query/automobile/00003.png,automobile,2,/home/emily/MMIP/week5/quiz1/data/gallery/automobile/00516.png,automobile,0.881567
/home/emily/MMIP/week5/quiz1/data/query/automobile/00003.png,automobile,3,/home/emily/MMIP/week5/quiz1/data/gallery/automobile/00664.png,automobile,0.877450
/home/emily/MMIP/week5/quiz1/data/query/automobile/00003.png,automobile,4,/home/emily/MMIP/week5/quiz1/data/gallery/automobile/00471.png,automobile,0.877049
/home/emily/MMIP/week5/quiz1/data/query/automobile/00003.png,automobile,5,/home/emily/MMIP/week5/quiz1/data/gallery/automobile/00436.png,automobile,0.876816
/home/emily/MMIP/week5/quiz1/data/query/automobile/00004.png,automobile,1,/home/emily/MMIP/week5/quiz1/data/gallery/automobile/00494.png,automobile,0.832194
/home/emily/MMIP/week5/quiz1/data/query/automobile/00004.png,automobile,2,/home/emily/MMIP/week5/quiz1/data/gallery/truck/00707.png,truck,0.827718
/home/emily/MMIP/week5/quiz1/data/query/automobile/00004.png,automobile,3,/home/emily/MMIP/week5/quiz1/data/gallery/automobile/00699.png,automobile,0.819973
/home/emily/MMIP/week5/quiz1/data/query/automobile/00004.png,automobile,4,/home/emily/MMIP/week5/quiz1/data/gallery/automobile/00522.png,automobile,0.817793
/home/emily/MMIP/week5/quiz1/data/query/automobile/00004.png,automobile,5,/home/emily/MMIP/week5/quiz1/data/gallery/truck/00042.png,truck,0.816132
/home/emily/MMIP/week5/quiz1/data/query/automobile/00005.png,automobile,1,/home/emily/MMIP/week5/quiz1/data/gallery/automobile/00985.png,automobile,0.935243
/home/emily/MMIP/week5/quiz1/data/query/automobile/00005.png,automobile,2,/home/emily/MMIP/week5/quiz1/data/gallery/automobile/00807.png,automobile,0.902723
/home/emily/MMIP/week5/quiz1/data/query/automobile/00005.png,automobile,3,/home/emily/MMIP/week5/quiz1/data/gallery/automobile/00483.png,automobile,0.894723
/home/emily/MMIP/week5/quiz1/data/query/automobile/00005.png,automobile,4,/home/emily/MMIP/week5/quiz1/data/gallery/automobile/00097.png,automobile,0.892324
/home/emily/MMIP/week5/quiz1/data/query/automobile/00005.png,automobile,5,/home/emily/MMIP/week5/quiz1/data/gallery/automobile/00151.png,automobile,0.887218
/home/emily/MMIP/week5/quiz1/data/query/automobile/00006.png,automobile,1,/home/emily/MMIP/week5/quiz1/data/gallery/automobile/00962.png,automobile,0.899705
/home/emily/MMIP/week5/quiz1/data/query/automobile/00006.png,automobile,2,/home/emily/MMIP/week5/quiz1/data/gallery/automobile/00423.png,automobile,0.893618
/home/emily/MMIP/week5/quiz1/data/query/automobile/00006.png,automobile,3,/home/emily/MMIP/week5/quiz1/data/gallery/automobile/00104.png,automobile,0.893393
/home/emily/MMIP/week5/quiz1/data/query/automobile/00006.png,automobile,4,/home/emily/MMIP/week5/quiz1/data/gallery/automobile/00732.png,automobile,0.890424
/home/emily/MMIP/week5/quiz1/data/query/automobile/00006.png,automobile,5,/home/emily/MMIP/week5/quiz1/data/gallery/automobile/00353.png,automobile,0.890324
/home/emily/MMIP/week5/quiz1/data/query/automobile/00007.png,automobile,1,/home/emily/MMIP/week5/quiz1/data/gallery/automobile/00107.png,automobile,0.884083
/home/emily/MMIP/week5/quiz1/data/query/automobile/00007.png,automobile,2,/home/emily/MMIP/week5/quiz1/data/gallery/automobile/00554.png,automobile,0.878804
/home/emily/MMIP/week5/quiz1/data/query/automobile/00007.png,automobile,3,/home/emily/MMIP/week5/quiz1/data/gallery/automobile/00751.png,automobile,0.876176
/home/emily/MMIP/week5/quiz1/data/query/automobile/00007.png,automobile,4,/home/emily/MMIP/week5/quiz1/data/gallery/automobile/00372.png,automobile,0.862335
/home/emily/MMIP/week5/quiz1/data/query/automobile/00007.png,automobile,5,/home/emily/MMIP/week5/quiz1/data/gallery/automobile/00544.png,automobile,0.859507
/home/emily/MMIP/week5/quiz1/data/query/automobile/00008.png,automobile,1,/home/emily/MMIP/week5/quiz1/data/gallery/automobile/00660.png,automobile,0.918100
/home/emily/MMIP/week5/quiz1/data/query/automobile/00008.png,automobile,2,/home/emily/MMIP/week5/quiz1/data/gallery/automobile/00397.png,automobile,0.913876
/home/emily/MMIP/week5/quiz1/data/query/automobile/00008.png,automobile,3,/home/emily/MMIP/week5/quiz1/data/gallery/automobile/00130.png,automobile,0.905538
/home/emily/MMIP/week5/quiz1/data/query/automobile/00008.png,automobile,4,/home/emily/MMIP/week5/quiz1/data/gallery/automobile/00304.png,automobile,0.901726
/home/emily/MMIP/week5/quiz1/data/query/automobile/00008.png,automobile,5,/home/emily/MMIP/week5/quiz1/data/gallery/automobile/00573.png,automobile,0.899783
/home/emily/MMIP/week5/quiz1/data/query/automobile/00009.png,automobile,1,/home/emily/MMIP/week5/quiz1/data/gallery/automobile/00498.png,automobile,0.885905
/home/emily/MMIP/week5/quiz1/data/query/automobile/00009.png,automobile,2,/home/emily/MMIP/week5/quiz1/data/gallery/automobile/00658.png,automobile,0.885201
/home/emily/MMIP/week5/quiz1/data/query/automobile/00009.png,automobile,3,/home/emily/MMIP/week5/quiz1/data/gallery/automobile/00089.png,automobile,0.880635
/home/emily/MMIP/week5/quiz1/data/query/automobile/00009.png,automobile,4,/home/emily/MMIP/week5/quiz1/data/gallery/automobile/00352.png,automobile,0.878304
/home/emily/MMIP/week5/quiz1/data/query/automobile/00009.png,automobile,5,/home/emily/MMIP/week5/quiz1/data/gallery/automobile/00483.png,automobile,0.877142
/home/emily/MMIP/week5/quiz1/data/query/automobile/00010.png,automobile,1,/home/emily/MMIP/week5/quiz1/data/gallery/automobile/00797.png,automobile,0.964529
/home/emily/MMIP/week5/quiz1/data/query/automobile/00010.png,automobile,2,/home/emily/MMIP/week5/quiz1/data/gallery/automobile/00357.png,automobile,0.954693
/home/emily/MMIP/week5/quiz1/data/query/automobile/00010.png,automobile,3,/home/emily/MMIP/week5/quiz1/data/gallery/automobile/00229.png,automobile,0.954586
/home/emily/MMIP/week5/quiz1/data/query/automobile/00010.png,automobile,4,/home/emily/MMIP/week5/quiz1/data/gallery/automobile/00984.png,automobile,0.950001
/home/emily/MMIP/week5/quiz1/data/query/automobile/00010.png,automobile,5,/home/emily/MMIP/week5/quiz1/data/gallery/automobile/00355.png,automobile,0.937878
/home/emily/MMIP/week5/quiz1/data/query/automobile/00011.png,automobile,1,/home/emily/MMIP/week5/quiz1/data/gallery/truck/00430.png,truck,0.867865
/home/emily/MMIP/week5/quiz1/data/query/automobile/00011.png,automobile,2,/home/emily/MMIP/week5/quiz1/data/gallery/automobile/00389.png,automobile,0.865457
/home/emily/MMIP/week5/quiz1/data/query/automobile/00011.png,automobile,3,/home/emily/MMIP/week5/quiz1/data/gallery/automobile/00944.png,automobile,0.864803
/home/emily/MMIP/week5/quiz1/data/query/automobile/00011.png,automobile,4,/home/emily/MMIP/week5/quiz1/data/gallery/automobile/00745.png,automobile,0.858713
/home/emily/MMIP/week5/quiz1/data/query/automobile/00011.png,automobile,5,/home/emily/MMIP/week5/quiz1/data/gallery/automobile/00218.png,automobile,0.857758
/home/emily/MMIP/week5/quiz1/data/query/automobile/00012.png,automobile,1,/home/emily/MMIP/week5/quiz1/data/gallery/automobile/00186.png,automobile,0.901919
/home/emily/MMIP/week5/quiz1/data/query/automobile/00012.png,automobile,2,/home/emily/MMIP/week5/quiz1/data/gallery/automobile/00839.png,automobile,0.896547
/home/emily/MMIP/week5/quiz1/data/query/automobile/00012.png,automobile,3,/home/emily/MMIP/week5/quiz1/data/gallery/automobile/00561.png,automobile,0.896100
/home/emily/MMIP/week5/quiz1/data/query/automobile/00012.png,automobile,4,/home/emily/MMIP/week5/quiz1/data/gallery/automobile/00590.png,automobile,0.888979
/home/emily/MMIP/week5/quiz1/data/query/automobile/00012.png,automobile,5,/home/emily/MMIP/week5/quiz1/data/gallery/automobile/00352.png,automobile,0.885838
/home/emily/MMIP/week5/quiz1/data/query/automobile/00013.png,automobile,1,/home/emily/MMIP/week5/quiz1/data/gallery/automobile/00482.png,automobile,0.886028
/home/emily/MMIP/week5/quiz1/data/query/automobile/00013.png,automobile,2,/home/emily/MMIP/week5/quiz1/data/gallery/automobile/00150.png,automobile,0.879699
/home/emily/MMIP/week5/quiz1/data/query/automobile/00013.png,automobile,3,/home/emily/MMIP/week5/quiz1/data/gallery/automobile/00657.png,automobile,0.868625
/home/emily/MMIP/week5/quiz1/data/query/automobile/00013.png,automobile,4,/home/emily/MMIP/week5/quiz1/data/gallery/automobile/00658.png,automobile,0.865714
/home/emily/MMIP/week5/quiz1/data/query/automobile/00013.png,automobile,5,/home/emily/MMIP/week5/quiz1/data/gallery/truck/00128.png,truck,0.862988
/home/emily/MMIP/week5/quiz1/data/query/automobile/00014.png,automobile,1,/home/emily/MMIP/week5/quiz1/data/gallery/airplane/00789.png,airplane,0.869223
/home/emily/MMIP/week5/quiz1/data/query/automobile/00014.png,automobile,2,/home/emily/MMIP/week5/quiz1/data/gallery/automobile/00287.png,automobile,0.842428
/home/emily/MMIP/week5/quiz1/data/query/automobile/00014.png,automobile,3,/home/emily/MMIP/week5/quiz1/data/gallery/automobile/00931.png,automobile,0.841815
/home/emily/MMIP/week5/quiz1/data/query/automobile/00014.png,automobile,4,/home/emily/MMIP/week5/quiz1/data/gallery/airplane/00176.png,airplane,0.835507
/home/emily/MMIP/week5/quiz1/data/query/automobile/00014.png,automobile,5,/home/emily/MMIP/week5/quiz1/data/gallery/airplane/00061.png,airplane,0.832604
/home/emily/MMIP/week5/quiz1/data/query/automobile/00015.png,automobile,1,/home/emily/MMIP/week5/quiz1/data/gallery/automobile/00664.png,automobile,0.883694
/home/emily/MMIP/week5/quiz1/data/query/automobile/00015.png,automobile,2,/home/emily/MMIP/week5/quiz1/data/gallery/automobile/00002.png,automobile,0.882027
/home/emily/MMIP/week5/quiz1/data/query/automobile/00015.png,automobile,3,/home/emily/MMIP/week5/quiz1/data/gallery/automobile/00811.png,automobile,0.879598
/home/emily/MMIP/week5/quiz1/data/query/automobile/00015.png,automobile,4,/home/emily/MMIP/week5/quiz1/data/gallery/automobile/00768.png,automobile,0.876231
/home/emily/MMIP/week5/quiz1/data/query/automobile/00015.png,automobile,5,/home/emily/MMIP/week5/quiz1/data/gallery/automobile/00279.png,automobile,0.873567
/home/emily/MMIP/week5/quiz1/data/query/automobile/00016.png,automobile,1,/home/emily/MMIP/week5/quiz1/data/gallery/automobile/00522.png,automobile,0.901672
/home/emily/MMIP/week5/quiz1/data/query/automobile/00016.png,automobile,2,/home/emily/MMIP/week5/quiz1/data/gallery/automobile/00226.png,automobile,0.900994
/home/emily/MMIP/week5/quiz1/data/query/automobile/00016.png,automobile,3,/home/emily/MMIP/week5/quiz1/data/gallery/automobile/00157.png,automobile,0.896893
/home/emily/MMIP/week5/quiz1/data/query/automobile/00016.png,automobile,4,/home/emily/MMIP/week5/quiz1/data/gallery/automobile/00051.png,automobile,0.896887
/home/emily/MMIP/week5/quiz1/data/query/automobile/00016.png,automobile,5,/home/emily/MMIP/week5/quiz1/data/gallery/automobile/00316.png,automobile,0.896301
/home/emily/MMIP/week5/quiz1/data/query/automobile/00017.png,automobile,1,/home/emily/MMIP/week5/quiz1/data/gallery/automobile/00962.png,automobile,0.903157
/home/emily/MMIP/week5/quiz1/data/query/automobile/00017.png,automobile,2,/home/emily/MMIP/week5/quiz1/data/gallery/automobile/00652.png,automobile,0.902339
/home/emily/MMIP/week5/quiz1/data/query/automobile/00017.png,automobile,3,/home/emily/MMIP/week5/quiz1/data/gallery/automobile/00772.png,automobile,0.901552
/home/emily/MMIP/week5/quiz1/data/query/automobile/00017.png,automobile,4,/home/emily/MMIP/week5/quiz1/data/gallery/automobile/00837.png,automobile,0.900500
/home/emily/MMIP/week5/quiz1/data/query/automobile/00017.png,automobile,5,/home/emily/MMIP/week5/quiz1/data/gallery/automobile/00566.png,automobile,0.900343
/home/emily/MMIP/week5/quiz1/data/query/automobile/00018.png,automobile,1,/home/emily/MMIP/week5/quiz1/data/gallery/automobile/00172.png,automobile,0.892075
/home/emily/MMIP/week5/quiz1/data/query/automobile/00018.png,automobile,2,/home/emily/MMIP/week5/quiz1/data/gallery/automobile/00791.png,automobile,0.891165
/home/emily/MMIP/week5/quiz1/data/query/automobile/00018.png,automobile,3,/home/emily/MMIP/week5/quiz1/data/gallery/truck/00548.png,truck,0.889392
/home/emily/MMIP/week5/quiz1/data/query/automobile/00018.png,automobile,4,/home/emily/MMIP/week5/quiz1/data/gallery/automobile/00471.png,automobile,0.887380
/home/emily/MMIP/week5/quiz1/data/query/automobile/00018.png,automobile,5,/home/emily/MMIP/week5/quiz1/data/gallery/truck/00490.png,truck,0.883614
/home/emily/MMIP/week5/quiz1/data/query/automobile/00019.png,automobile,1,/home/emily/MMIP/week5/quiz1/data/gallery/automobile/00889.png,automobile,0.897695
/home/emily/MMIP/week5/quiz1/data/query/automobile/00019.png,automobile,2,/home/emily/MMIP/week5/quiz1/data/gallery/automobile/00699.png,automobile,0.871049
/home/emily/MMIP/week5/quiz1/data/query/automobile/00019.png,automobile,3,/home/emily/MMIP/week5/quiz1/data/gallery/automobile/00464.png,automobile,0.870690
/home/emily/MMIP/week5/quiz1/data/query/automobile/00019.png,automobile,4,/home/emily/MMIP/week5/quiz1/data/gallery/automobile/00105.png,automobile,0.862346
/home/emily/MMIP/week5/quiz1/data/query/automobile/00019.png,automobile,5,/home/emily/MMIP/week5/quiz1/data/gallery/automobile/00835.png,automobile,0.857546
/home/emily/MMIP/week5/quiz1/data/query/automobile/00020.png,automobile,1,/home/emily/MMIP/week5/quiz1/data/gallery/automobile/00863.png,automobile,0.903990
/home/emily/MMIP/week5/quiz1/data/query/automobile/00020.png,automobile,2,/home/emily/MMIP/week5/quiz1/data/gallery/automobile/00002.png,automobile,0.877779
/home/emily/MMIP/week5/quiz1/data/query/automobile/00020.png,automobile,3,/home/emily/MMIP/week5/quiz1/data/gallery/automobile/00256.png,automobile,0.869929
/home/emily/MMIP/week5/quiz1/data/query/automobile/00020.png,automobile,4,/home/emily/MMIP/week5/quiz1/data/gallery/automobile/00941.png,automobile,0.861891
/home/emily/MMIP/week5/quiz1/data/query/automobile/00020.png,automobile,5,/home/emily/MMIP/week5/quiz1/data/gallery/automobile/00404.png,automobile,0.860339
/home/emily/MMIP/week5/quiz1/data/query/automobile/00021.png,automobile,1,/home/emily/MMIP/week5/quiz1/data/gallery/automobile/00186.png,automobile,0.905184
/home/emily/MMIP/week5/quiz1/data/query/automobile/00021.png,automobile,2,/home/emily/MMIP/week5/quiz1/data/gallery/automobile/00529.png,automobile,0.901561
/home/emily/MMIP/week5/quiz1/data/query/automobile/00021.png,automobile,3,/home/emily/MMIP/week5/quiz1/data/gallery/automobile/00219.png,automobile,0.897740
/home/emily/MMIP/week5/quiz1/data/query/automobile/00021.png,automobile,4,/home/emily/MMIP/week5/quiz1/data/gallery/automobile/00896.png,automobile,0.896975
/home/emily/MMIP/week5/quiz1/data/query/automobile/00021.png,automobile,5,/home/emily/MMIP/week5/quiz1/data/gallery/automobile/00742.png,automobile,0.892951
/home/emily/MMIP/week5/quiz1/data/query/automobile/00022.png,automobile,1,/home/emily/MMIP/week5/quiz1/data/gallery/ship/00637.png,ship,0.851379
/home/emily/MMIP/week5/quiz1/data/query/automobile/00022.png,automobile,2,/home/emily/MMIP/week5/quiz1/data/gallery/automobile/00276.png,automobile,0.849837
/home/emily/MMIP/week5/quiz1/data/query/automobile/00022.png,automobile,3,/home/emily/MMIP/week5/quiz1/data/gallery/truck/00189.png,truck,0.840475
/home/emily/MMIP/week5/quiz1/data/query/automobile/00022.png,automobile,4,/home/emily/MMIP/week5/quiz1/data/gallery/automobile/00362.png,automobile,0.836730
/home/emily/MMIP/week5/quiz1/data/query/automobile/00022.png,automobile,5,/home/emily/MMIP/week5/quiz1/data/gallery/automobile/00798.png,automobile,0.835483
/home/emily/MMIP/week5/quiz1/data/query/automobile/00023.png,automobile,1,/home/emily/MMIP/week5/quiz1/data/gallery/automobile/00811.png,automobile,0.885564
/home/emily/MMIP/week5/quiz1/data/query/automobile/00023.png,automobile,2,/home/emily/MMIP/week5/quiz1/data/gallery/automobile/00002.png,automobile,0.876607
/home/emily/MMIP/week5/quiz1/data/query/automobile/00023.png,automobile,3,/home/emily/MMIP/week5/quiz1/data/gallery/automobile/00566.png,automobile,0.875060
/home/emily/MMIP/week5/quiz1/data/query/automobile/00023.png,automobile,4,/home/emily/MMIP/week5/quiz1/data/gallery/automobile/00768.png,automobile,0.867601
/home/emily/MMIP/week5/quiz1/data/query/automobile/00023.png,automobile,5,/home/emily/MMIP/week5/quiz1/data/gallery/automobile/00436.png,automobile,0.866378
/home/emily/MMIP/week5/quiz1/data/query/automobile/00024.png,automobile,1,/home/emily/MMIP/week5/quiz1/data/gallery/airplane/00216.png,airplane,0.867133
/home/emily/MMIP/week5/quiz1/data/query/automobile/00024.png,automobile,2,/home/emily/MMIP/week5/quiz1/data/gallery/automobile/00144.png,automobile,0.863747
/home/emily/MMIP/week5/quiz1/data/query/automobile/00024.png,automobile,3,/home/emily/MMIP/week5/quiz1/data/gallery/airplane/00821.png,airplane,0.862870
/home/emily/MMIP/week5/quiz1/data/query/automobile/00024.png,automobile,4,/home/emily/MMIP/week5/quiz1/data/gallery/airplane/00086.png,airplane,0.849073
/home/emily/MMIP/week5/quiz1/data/query/automobile/00024.png,automobile,5,/home/emily/MMIP/week5/quiz1/data/gallery/airplane/00808.png,airplane,0.848319
/home/emily/MMIP/week5/quiz1/data/query/automobile/00025.png,automobile,1,/home/emily/MMIP/week5/quiz1/data/gallery/automobile/00758.png,automobile,0.907180
/home/emily/MMIP/week5/quiz1/data/query/automobile/00025.png,automobile,2,/home/emily/MMIP/week5/quiz1/data/gallery/automobile/00191.png,automobile,0.892547
/home/emily/MMIP/week5/quiz1/data/query/automobile/00025.png,automobile,3,/home/emily/MMIP/week5/quiz1/data/gallery/automobile/00607.png,automobile,0.890895
/home/emily/MMIP/week5/quiz1/data/query/automobile/00025.png,automobile,4,/home/emily/MMIP/week5/quiz1/data/gallery/automobile/00530.png,automobile,0.887207
/home/emily/MMIP/week5/quiz1/data/query/automobile/00025.png,automobile,5,/home/emily/MMIP/week5/quiz1/data/gallery/automobile/00067.png,automobile,0.880306
/home/emily/MMIP/week5/quiz1/data/query/automobile/00026.png,automobile,1,/home/emily/MMIP/week5/quiz1/data/gallery/automobile/00677.png,automobile,0.859453
/home/emily/MMIP/week5/quiz1/data/query/automobile/00026.png,automobile,2,/home/emily/MMIP/week5/quiz1/data/gallery/automobile/00788.png,automobile,0.858873
/home/emily/MMIP/week5/quiz1/data/query/automobile/00026.png,automobile,3,/home/emily/MMIP/week5/quiz1/data/gallery/horse/00132.png,horse,0.854429
/home/emily/MMIP/week5/quiz1/data/query/automobile/00026.png,automobile,4,/home/emily/MMIP/week5/quiz1/data/gallery/automobile/00616.png,automobile,0.853399
/home/emily/MMIP/week5/quiz1/data/query/automobile/00026.png,automobile,5,/home/emily/MMIP/week5/quiz1/data/gallery/bird/00690.png,bird,0.851379
/home/emily/MMIP/week5/quiz1/data/query/automobile/00027.png,automobile,1,/home/emily/MMIP/week5/quiz1/data/gallery/automobile/00807.png,automobile,0.928468
/home/emily/MMIP/week5/quiz1/data/query/automobile/00027.png,automobile,2,/home/emily/MMIP/week5/quiz1/data/gallery/automobile/00483.png,automobile,0.905579
/home/emily/MMIP/week5/quiz1/data/query/automobile/00027.png,automobile,3,/home/emily/MMIP/week5/quiz1/data/gallery/automobile/00402.png,automobile,0.899668
/home/emily/MMIP/week5/quiz1/data/query/automobile/00027.png,automobile,4,/home/emily/MMIP/week5/quiz1/data/gallery/automobile/00668.png,automobile,0.895954
/home/emily/MMIP/week5/quiz1/data/query/automobile/00027.png,automobile,5,/home/emily/MMIP/week5/quiz1/data/gallery/automobile/00430.png,automobile,0.889630
/home/emily/MMIP/week5/quiz1/data/query/automobile/00028.png,automobile,1,/home/emily/MMIP/week5/quiz1/data/gallery/automobile/00426.png,automobile,0.901734
/home/emily/MMIP/week5/quiz1/data/query/automobile/00028.png,automobile,2,/home/emily/MMIP/week5/quiz1/data/gallery/automobile/00553.png,automobile,0.900411
/home/emily/MMIP/week5/quiz1/data/query/automobile/00028.png,automobile,3,/home/emily/MMIP/week5/quiz1/data/gallery/automobile/00965.png,automobile,0.899833
/home/emily/MMIP/week5/quiz1/data/query/automobile/00028.png,automobile,4,/home/emily/MMIP/week5/quiz1/data/gallery/automobile/00531.png,automobile,0.898269
/home/emily/MMIP/week5/quiz1/data/query/automobile/00028.png,automobile,5,/home/emily/MMIP/week5/quiz1/data/gallery/automobile/00201.png,automobile,0.895383
/home/emily/MMIP/week5/quiz1/data/query/automobile/00029.png,automobile,1,/home/emily/MMIP/week5/quiz1/data/gallery/automobile/00186.png,automobile,0.895911
/home/emily/MMIP/week5/quiz1/data/query/automobile/00029.png,automobile,2,/home/emily/MMIP/week5/quiz1/data/gallery/automobile/00735.png,automobile,0.895898
/home/emily/MMIP/week5/quiz1/data/query/automobile/00029.png,automobile,3,/home/emily/MMIP/week5/quiz1/data/gallery/automobile/00650.png,automobile,0.895149
/home/emily/MMIP/week5/quiz1/data/query/automobile/00029.png,automobile,4,/home/emily/MMIP/week5/quiz1/data/gallery/automobile/00087.png,automobile,0.892175
/home/emily/MMIP/week5/quiz1/data/query/automobile/00029.png,automobile,5,/home/emily/MMIP/week5/quiz1/data/gallery/truck/00010.png,truck,0.890780
/home/emily/MMIP/week5/quiz1/data/query/automobile/00030.png,automobile,1,/home/emily/MMIP/week5/quiz1/data/gallery/automobile/00093.png,automobile,0.905455
/home/emily/MMIP/week5/quiz1/data/query/automobile/00030.png,automobile,2,/home/emily/MMIP/week5/quiz1/data/gallery/automobile/00096.png,automobile,0.867452
/home/emily/MMIP/week5/quiz1/data/query/automobile/00030.png,automobile,3,/home/emily/MMIP/week5/quiz1/data/gallery/automobile/00137.png,automobile,0.857648
/home/emily/MMIP/week5/quiz1/data/query/automobile/00030.png,automobile,4,/home/emily/MMIP/week5/quiz1/data/gallery/truck/00050.png,truck,0.853375
/home/emily/MMIP/week5/quiz1/data/query/automobile/00030.png,automobile,5,/home/emily/MMIP/week5/quiz1/data/gallery/truck/00775.png,truck,0.852865
/home/emily/MMIP/week5/quiz1/data/query/automobile/00031.png,automobile,1,/home/emily/MMIP/week5/quiz1/data/gallery/automobile/00006.png,automobile,0.873990
/home/emily/MMIP/week5/quiz1/data/query/automobile/00031.png,automobile,2,/home/emily/MMIP/week5/quiz1/data/gallery/truck/00944.png,truck,0.873778
/home/emily/MMIP/week5/quiz1/data/query/automobile/00031.png,automobile,3,/home/emily/MMIP/week5/quiz1/data/gallery/automobile/00829.png,automobile,0.872467
/home/emily/MMIP/week5/quiz1/data/query/automobile/00031.png,automobile,4,/home/emily/MMIP/week5/quiz1/data/gallery/automobile/00361.png,automobile,0.869726
/home/emily/MMIP/week5/quiz1/data/query/automobile/00031.png,automobile,5,/home/emily/MMIP/week5/quiz1/data/gallery/automobile/00109.png,automobile,0.867895
/home/emily/MMIP/week5/quiz1/data/query/automobile/00032.png,automobile,1,/home/emily/MMIP/week5/quiz1/data/gallery/automobile/00848.png,automobile,0.876287
/home/emily/MMIP/week5/quiz1/data/query/automobile/00032.png,automobile,2,/home/emily/MMIP/week5/quiz1/data/gallery/automobile/00811.png,automobile,0.868519
/home/emily/MMIP/week5/quiz1/data/query/automobile/00032.png,automobile,3,/home/emily/MMIP/week5/quiz1/data/gallery/automobile/00267.png,automobile,0.865252
/home/emily/MMIP/week5/quiz1/data/query/automobile/00032.png,automobile,4,/home/emily/MMIP/week5/quiz1/data/gallery/automobile/00867.png,automobile,0.865047
/home/emily/MMIP/week5/quiz1/data/query/automobile/00032.png,automobile,5,/home/emily/MMIP/week5/quiz1/data/gallery/automobile/00241.png,automobile,0.863145
/home/emily/MMIP/week5/quiz1/data/query/automobile/00033.png,automobile,1,/home/emily/MMIP/week5/quiz1/data/gallery/automobile/00430.png,automobile,0.903132
/home/emily/MMIP/week5/quiz1/data/query/automobile/00033.png,automobile,2,/home/emily/MMIP/week5/quiz1/data/gallery/automobile/00894.png,automobile,0.889173
/home/emily/MMIP/week5/quiz1/data/query/automobile/00033.png,automobile,3,/home/emily/MMIP/week5/quiz1/data/gallery/automobile/00914.png,automobile,0.888150
/home/emily/MMIP/week5/quiz1/data/query/automobile/00033.png,automobile,4,/home/emily/MMIP/week5/quiz1/data/gallery/automobile/00668.png,automobile,0.884018
/home/emily/MMIP/week5/quiz1/data/query/automobile/00033.png,automobile,5,/home/emily/MMIP/week5/quiz1/data/gallery/automobile/00471.png,automobile,0.883169
/home/emily/MMIP/week5/quiz1/data/query/automobile/00034.png,automobile,1,/home/emily/MMIP/week5/quiz1/data/gallery/truck/00835.png,truck,0.897317
/home/emily/MMIP/week5/quiz1/data/query/automobile/00034.png,automobile,2,/home/emily/MMIP/week5/quiz1/data/gallery/automobile/00920.png,automobile,0.889369
/home/emily/MMIP/week5/quiz1/data/query/automobile/00034.png,automobile,3,/home/emily/MMIP/week5/quiz1/data/gallery/truck/00014.png,truck,0.886961
/home/emily/MMIP/week5/quiz1/data/query/automobile/00034.png,automobile,4,/home/emily/MMIP/week5/quiz1/data/gallery/truck/00772.png,truck,0.883686
/home/emily/MMIP/week5/quiz1/data/query/automobile/00034.png,automobile,5,/home/emily/MMIP/week5/quiz1/data/gallery/truck/00853.png,truck,0.883574
/home/emily/MMIP/week5/quiz1/data/query/automobile/00035.png,automobile,1,/home/emily/MMIP/week5/quiz1/data/gallery/automobile/00433.png,automobile,0.932041
/home/emily/MMIP/week5/quiz1/data/query/automobile/00035.png,automobile,2,/home/emily/MMIP/week5/quiz1/data/gallery/truck/00283.png,truck,0.881621
/home/emily/MMIP/week5/quiz1/data/query/automobile/00035.png,automobile,3,/home/emily/MMIP/week5/quiz1/data/gallery/automobile/00253.png,automobile,0.881134
/home/emily/MMIP/week5/quiz1/data/query/automobile/00035.png,automobile,4,/home/emily/MMIP/week5/quiz1/data/gallery/truck/00766.png,truck,0.876168
/home/emily/MMIP/week5/quiz1/data/query/automobile/00035.png,automobile,5,/home/emily/MMIP/week5/quiz1/data/gallery/truck/00151.png,truck,0.876028
/home/emily/MMIP/week5/quiz1/data/query/automobile/00036.png,automobile,1,/home/emily/MMIP/week5/quiz1/data/gallery/automobile/00167.png,automobile,0.923254
/home/emily/MMIP/week5/quiz1/data/query/automobile/00036.png,automobile,2,/home/emily/MMIP/week5/quiz1/data/gallery/automobile/00336.png,automobile,0.876599
/home/emily/MMIP/week5/quiz1/data/query/automobile/00036.png,automobile,3,/home/emily/MMIP/week5/quiz1/data/gallery/automobile/00069.png,automobile,0.872091
/home/emily/MMIP/week5/quiz1/data/query/automobile/00036.png,automobile,4,/home/emily/MMIP/week5/quiz1/data/gallery/automobile/00400.png,automobile,0.862996
/home/emily/MMIP/week5/quiz1/data/query/automobile/00036.png,automobile,5,/home/emily/MMIP/week5/quiz1/data/gallery/automobile/00615.png,automobile,0.861384
/home/emily/MMIP/week5/quiz1/data/query/automobile/00037.png,automobile,1,/home/emily/MMIP/week5/quiz1/data/gallery/automobile/00313.png,automobile,0.887811
/home/emily/MMIP/week5/quiz1/data/query/automobile/00037.png,automobile,2,/home/emily/MMIP/week5/quiz1/data/gallery/automobile/00502.png,automobile,0.884080
/home/emily/MMIP/week5/quiz1/data/query/automobile/00037.png,automobile,3,/home/emily/MMIP/week5/quiz1/data/gallery/automobile/00600.png,automobile,0.880839
/home/emily/MMIP/week5/quiz1/data/query/automobile/00037.png,automobile,4,/home/emily/MMIP/week5/quiz1/data/gallery/automobile/00669.png,automobile,0.877536
/home/emily/MMIP/week5/quiz1/data/query/automobile/00037.png,automobile,5,/home/emily/MMIP/week5/quiz1/data/gallery/automobile/00701.png,automobile,0.876437
/home/emily/MMIP/week5/quiz1/data/query/automobile/00038.png,automobile,1,/home/emily/MMIP/week5/quiz1/data/gallery/automobile/00933.png,automobile,0.901403
/home/emily/MMIP/week5/quiz1/data/query/automobile/00038.png,automobile,2,/home/emily/MMIP/week5/quiz1/data/gallery/automobile/00376.png,automobile,0.898912
/home/emily/MMIP/week5/quiz1/data/query/automobile/00038.png,automobile,3,/home/emily/MMIP/week5/quiz1/data/gallery/automobile/00097.png,automobile,0.896927
/home/emily/MMIP/week5/quiz1/data/query/automobile/00038.png,automobile,4,/home/emily/MMIP/week5/quiz1/data/gallery/automobile/00885.png,automobile,0.895404
/home/emily/MMIP/week5/quiz1/data/query/automobile/00038.png,automobile,5,/home/emily/MMIP/week5/quiz1/data/gallery/automobile/00040.png,automobile,0.894793
/home/emily/MMIP/week5/quiz1/data/query/automobile/00039.png,automobile,1,/home/emily/MMIP/week5/quiz1/data/gallery/automobile/00516.png,automobile,0.905506
/home/emily/MMIP/week5/quiz1/data/query/automobile/00039.png,automobile,2,/home/emily/MMIP/week5/quiz1/data/gallery/automobile/00566.png,automobile,0.900863
/home/emily/MMIP/week5/quiz1/data/query/automobile/00039.png,automobile,3,/home/emily/MMIP/week5/quiz1/data/gallery/automobile/00002.png,automobile,0.898461
/home/emily/MMIP/week5/quiz1/data/query/automobile/00039.png,automobile,4,/home/emily/MMIP/week5/quiz1/data/gallery/automobile/00597.png,automobile,0.893087
/home/emily/MMIP/week5/quiz1/data/query/automobile/00039.png,automobile,5,/home/emily/MMIP/week5/quiz1/data/gallery/automobile/00765.png,automobile,0.891155
/home/emily/MMIP/week5/quiz1/data/query/automobile/00040.png,automobile,1,/home/emily/MMIP/week5/quiz1/data/gallery/automobile/00625.png,automobile,0.901293
/home/emily/MMIP/week5/quiz1/data/query/automobile/00040.png,automobile,2,/home/emily/MMIP/week5/quiz1/data/gallery/automobile/00715.png,automobile,0.899384
/home/emily/MMIP/week5/quiz1/data/query/automobile/00040.png,automobile,3,/home/emily/MMIP/week5/quiz1/data/gallery/automobile/00898.png,automobile,0.890703
/home/emily/MMIP/week5/quiz1/data/query/automobile/00040.png,automobile,4,/home/emily/MMIP/week5/quiz1/data/gallery/automobile/00189.png,automobile,0.889483
/home/emily/MMIP/week5/quiz1/data/query/automobile/00040.png,automobile,5,/home/emily/MMIP/week5/quiz1/data/gallery/automobile/00751.png,automobile,0.889330
/home/emily/MMIP/week5/quiz1/data/query/automobile/00041.png,automobile,1,/home/emily/MMIP/week5/quiz1/data/gallery/automobile/00914.png,automobile,0.922841
/home/emily/MMIP/week5/quiz1/data/query/automobile/00041.png,automobile,2,/home/emily/MMIP/week5/quiz1/data/gallery/automobile/00402.png,automobile,0.890355
/home/emily/MMIP/week5/quiz1/data/query/automobile/00041.png,automobile,3,/home/emily/MMIP/week5/quiz1/data/gallery/truck/00647.png,truck,0.889795
/home/emily/MMIP/week5/quiz1/data/query/automobile/00041.png,automobile,4,/home/emily/MMIP/week5/quiz1/data/gallery/automobile/00549.png,automobile,0.889396
/home/emily/MMIP/week5/quiz1/data/query/automobile/00041.png,automobile,5,/home/emily/MMIP/week5/quiz1/data/gallery/automobile/00483.png,automobile,0.887658
/home/emily/MMIP/week5/quiz1/data/query/automobile/00042.png,automobile,1,/home/emily/MMIP/week5/quiz1/data/gallery/automobile/00886.png,automobile,0.906791
/home/emily/MMIP/week5/quiz1/data/query/automobile/00042.png,automobile,2,/home/emily/MMIP/week5/quiz1/data/gallery/automobile/00609.png,automobile,0.904083
/home/emily/MMIP/week5/quiz1/data/query/automobile/00042.png,automobile,3,/home/emily/MMIP/week5/quiz1/data/gallery/truck/00358.png,truck,0.901837
/home/emily/MMIP/week5/quiz1/data/query/automobile/00042.png,automobile,4,/home/emily/MMIP/week5/quiz1/data/gallery/automobile/00667.png,automobile,0.898095
/home/emily/MMIP/week5/quiz1/data/query/automobile/00042.png,automobile,5,/home/emily/MMIP/week5/quiz1/data/gallery/automobile/00891.png,automobile,0.897587
/home/emily/MMIP/week5/quiz1/data/query/automobile/00043.png,automobile,1,/home/emily/MMIP/week5/quiz1/data/gallery/automobile/00068.png,automobile,0.961748
/home/emily/MMIP/week5/quiz1/data/query/automobile/00043.png,automobile,2,/home/emily/MMIP/week5/quiz1/data/gallery/automobile/00520.png,automobile,0.944100
/home/emily/MMIP/week5/quiz1/data/query/automobile/00043.png,automobile,3,/home/emily/MMIP/week5/quiz1/data/gallery/automobile/00742.png,automobile,0.932363
/home/emily/MMIP/week5/quiz1/data/query/automobile/00043.png,automobile,4,/home/emily/MMIP/week5/quiz1/data/gallery/automobile/00186.png,automobile,0.924493
/home/emily/MMIP/week5/quiz1/data/query/automobile/00043.png,automobile,5,/home/emily/MMIP/week5/quiz1/data/gallery/automobile/00537.png,automobile,0.917530
/home/emily/MMIP/week5/quiz1/data/query/automobile/00044.png,automobile,1,/home/emily/MMIP/week5/quiz1/data/gallery/automobile/00436.png,automobile,0.904436
/home/emily/MMIP/week5/quiz1/data/query/automobile/00044.png,automobile,2,/home/emily/MMIP/week5/quiz1/data/gallery/automobile/00516.png,automobile,0.894013
/home/emily/MMIP/week5/quiz1/data/query/automobile/00044.png,automobile,3,/home/emily/MMIP/week5/quiz1/data/gallery/automobile/00420.png,automobile,0.892880
/home/emily/MMIP/week5/quiz1/data/query/automobile/00044.png,automobile,4,/home/emily/MMIP/week5/quiz1/data/gallery/automobile/00566.png,automobile,0.891753
/home/emily/MMIP/week5/quiz1/data/query/automobile/00044.png,automobile,5,/home/emily/MMIP/week5/quiz1/data/gallery/automobile/00187.png,automobile,0.890718
/home/emily/MMIP/week5/quiz1/data/query/automobile/00045.png,automobile,1,/home/emily/MMIP/week5/quiz1/data/gallery/horse/00134.png,horse,0.862440
/home/emily/MMIP/week5/quiz1/data/query/automobile/00045.png,automobile,2,/home/emily/MMIP/week5/quiz1/data/gallery/automobile/00403.png,automobile,0.855994
/home/emily/MMIP/week5/quiz1/data/query/automobile/00045.png,automobile,3,/home/emily/MMIP/week5/quiz1/data/gallery/automobile/00386.png,automobile,0.853514
/home/emily/MMIP/week5/quiz1/data/query/automobile/00045.png,automobile,4,/home/emily/MMIP/week5/quiz1/data/gallery/horse/00596.png,horse,0.853007
/home/emily/MMIP/week5/quiz1/data/query/automobile/00045.png,automobile,5,/home/emily/MMIP/week5/quiz1/data/gallery/truck/00190.png,truck,0.851457
/home/emily/MMIP/week5/quiz1/data/query/automobile/00046.png,automobile,1,/home/emily/MMIP/week5/quiz1/data/gallery/automobile/00130.png,automobile,0.928561
/home/emily/MMIP/week5/quiz1/data/query/automobile/00046.png,automobile,2,/home/emily/MMIP/week5/quiz1/data/gallery/automobile/00397.png,automobile,0.921301
/home/emily/MMIP/week5/quiz1/data/query/automobile/00046.png,automobile,3,/home/emily/MMIP/week5/quiz1/data/gallery/automobile/00983.png,automobile,0.914028
/home/emily/MMIP/week5/quiz1/data/query/automobile/00046.png,automobile,4,/home/emily/MMIP/week5/quiz1/data/gallery/automobile/00227.png,automobile,0.913028
/home/emily/MMIP/week5/quiz1/data/query/automobile/00046.png,automobile,5,/home/emily/MMIP/week5/quiz1/data/gallery/automobile/00521.png,automobile,0.911834
/home/emily/MMIP/week5/quiz1/data/query/automobile/00047.png,automobile,1,/home/emily/MMIP/week5/quiz1/data/gallery/automobile/00024.png,automobile,0.911412
/home/emily/MMIP/week5/quiz1/data/query/automobile/00047.png,automobile,2,/home/emily/MMIP/week5/quiz1/data/gallery/automobile/00258.png,automobile,0.909396
/home/emily/MMIP/week5/quiz1/data/query/automobile/00047.png,automobile,3,/home/emily/MMIP/week5/quiz1/data/gallery/automobile/00905.png,automobile,0.907539
/home/emily/MMIP/week5/quiz1/data/query/automobile/00047.png,automobile,4,/home/emily/MMIP/week5/quiz1/data/gallery/automobile/00842.png,automobile,0.895880
/home/emily/MMIP/week5/quiz1/data/query/automobile/00047.png,automobile,5,/home/emily/MMIP/week5/quiz1/data/gallery/automobile/00031.png,automobile,0.892684
/home/emily/MMIP/week5/quiz1/data/query/automobile/00048.png,automobile,1,/home/emily/MMIP/week5/quiz1/data/gallery/automobile/00040.png,automobile,0.919837
/home/emily/MMIP/week5/quiz1/data/query/automobile/00048.png,automobile,2,/home/emily/MMIP/week5/quiz1/data/gallery/automobile/00644.png,automobile,0.918145
/home/emily/MMIP/week5/quiz1/data/query/automobile/00048.png,automobile,3,/home/emily/MMIP/week5/quiz1/data/gallery/automobile/00982.png,automobile,0.911921
/home/emily/MMIP/week5/quiz1/data/query/automobile/00048.png,automobile,4,/home/emily/MMIP/week5/quiz1/data/gallery/automobile/00759.png,automobile,0.906381
/home/emily/MMIP/week5/quiz1/data/query/automobile/00048.png,automobile,5,/home/emily/MMIP/week5/quiz1/data/gallery/automobile/00654.png,automobile,0.901446
/home/emily/MMIP/week5/quiz1/data/query/automobile/00049.png,automobile,1,/home/emily/MMIP/week5/quiz1/data/gallery/truck/00284.png,truck,0.870857
/home/emily/MMIP/week5/quiz1/data/query/automobile/00049.png,automobile,2,/home/emily/MMIP/week5/quiz1/data/gallery/automobile/00531.png,automobile,0.867657
/home/emily/MMIP/week5/quiz1/data/query/automobile/00049.png,automobile,3,/home/emily/MMIP/week5/quiz1/data/gallery/automobile/00655.png,automobile,0.867615
/home/emily/MMIP/week5/quiz1/data/query/automobile/00049.png,automobile,4,/home/emily/MMIP/week5/quiz1/data/gallery/automobile/00348.png,automobile,0.866291
/home/emily/MMIP/week5/quiz1/data/query/automobile/00049.png,automobile,5,/home/emily/MMIP/week5/quiz1/data/gallery/truck/00599.png,truck,0.862679
/home/emily/MMIP/week5/quiz1/data/query/automobile/00050.png,automobile,1,/home/emily/MMIP/week5/quiz1/data/gallery/automobile/00569.png,automobile,0.913824
/home/emily/MMIP/week5/quiz1/data/query/automobile/00050.png,automobile,2,/home/emily/MMIP/week5/quiz1/data/gallery/automobile/00239.png,automobile,0.906067
/home/emily/MMIP/week5/quiz1/data/query/automobile/00050.png,automobile,3,/home/emily/MMIP/week5/quiz1/data/gallery/automobile/00540.png,automobile,0.904740
/home/emily/MMIP/week5/quiz1/data/query/automobile/00050.png,automobile,4,/home/emily/MMIP/week5/quiz1/data/gallery/automobile/00343.png,automobile,0.897856
/home/emily/MMIP/week5/quiz1/data/query/automobile/00050.png,automobile,5,/home/emily/MMIP/week5/quiz1/data/gallery/automobile/00344.png,automobile,0.887668
/home/emily/MMIP/week5/quiz1/data/query/automobile/00051.png,automobile,1,/home/emily/MMIP/week5/quiz1/data/gallery/automobile/00896.png,automobile,0.964456
/home/emily/MMIP/week5/quiz1/data/query/automobile/00051.png,automobile,2,/home/emily/MMIP/week5/quiz1/data/gallery/automobile/00520.png,automobile,0.945650
/home/emily/MMIP/week5/quiz1/data/query/automobile/00051.png,automobile,3,/home/emily/MMIP/week5/quiz1/data/gallery/automobile/00186.png,automobile,0.940188
/home/emily/MMIP/week5/quiz1/data/query/automobile/00051.png,automobile,4,/home/emily/MMIP/week5/quiz1/data/gallery/automobile/00742.png,automobile,0.930717
/home/emily/MMIP/week5/quiz1/data/query/automobile/00051.png,automobile,5,/home/emily/MMIP/week5/quiz1/data/gallery/automobile/00537.png,automobile,0.924943
/home/emily/MMIP/week5/quiz1/data/query/automobile/00052.png,automobile,1,/home/emily/MMIP/week5/quiz1/data/gallery/automobile/00005.png,automobile,0.898465
/home/emily/MMIP/week5/quiz1/data/query/automobile/00052.png,automobile,2,/home/emily/MMIP/week5/quiz1/data/gallery/automobile/00399.png,automobile,0.892491
/home/emily/MMIP/week5/quiz1/data/query/automobile/00052.png,automobile,3,/home/emily/MMIP/week5/quiz1/data/gallery/automobile/00436.png,automobile,0.890228
/home/emily/MMIP/week5/quiz1/data/query/automobile/00052.png,automobile,4,/home/emily/MMIP/week5/quiz1/data/gallery/automobile/00873.png,automobile,0.887419
/home/emily/MMIP/week5/quiz1/data/query/automobile/00052.png,automobile,5,/home/emily/MMIP/week5/quiz1/data/gallery/automobile/00113.png,automobile,0.883062
/home/emily/MMIP/week5/quiz1/data/query/automobile/00053.png,automobile,1,/home/emily/MMIP/week5/quiz1/data/gallery/automobile/00036.png,automobile,0.878206
/home/emily/MMIP/week5/quiz1/data/query/automobile/00053.png,automobile,2,/home/emily/MMIP/week5/quiz1/data/gallery/automobile/00386.png,automobile,0.868051
/home/emily/MMIP/week5/quiz1/data/query/automobile/00053.png,automobile,3,/home/emily/MMIP/week5/quiz1/data/gallery/automobile/00235.png,automobile,0.867206
/home/emily/MMIP/week5/quiz1/data/query/automobile/00053.png,automobile,4,/home/emily/MMIP/week5/quiz1/data/gallery/automobile/00089.png,automobile,0.865297
/home/emily/MMIP/week5/quiz1/data/query/automobile/00053.png,automobile,5,/home/emily/MMIP/week5/quiz1/data/gallery/automobile/00088.png,automobile,0.862666
/home/emily/MMIP/week5/quiz1/data/query/automobile/00054.png,automobile,1,/home/emily/MMIP/week5/quiz1/data/gallery/automobile/00017.png,automobile,0.894253
/home/emily/MMIP/week5/quiz1/data/query/automobile/00054.png,automobile,2,/home/emily/MMIP/week5/quiz1/data/gallery/automobile/00340.png,automobile,0.891656
/home/emily/MMIP/week5/quiz1/data/query/automobile/00054.png,automobile,3,/home/emily/MMIP/week5/quiz1/data/gallery/automobile/00896.png,automobile,0.889431
/home/emily/MMIP/week5/quiz1/data/query/automobile/00054.png,automobile,4,/home/emily/MMIP/week5/quiz1/data/gallery/automobile/00159.png,automobile,0.887594
/home/emily/MMIP/week5/quiz1/data/query/automobile/00054.png,automobile,5,/home/emily/MMIP/week5/quiz1/data/gallery/automobile/00617.png,automobile,0.885051
/home/emily/MMIP/week5/quiz1/data/query/automobile/00055.png,automobile,1,/home/emily/MMIP/week5/quiz1/data/gallery/automobile/00301.png,automobile,0.900427
/home/emily/MMIP/week5/quiz1/data/query/automobile/00055.png,automobile,2,/home/emily/MMIP/week5/quiz1/data/gallery/automobile/00388.png,automobile,0.894947
/home/emily/MMIP/week5/quiz1/data/query/automobile/00055.png,automobile,3,/home/emily/MMIP/week5/quiz1/data/gallery/automobile/00130.png,automobile,0.891776
/home/emily/MMIP/week5/quiz1/data/query/automobile/00055.png,automobile,4,/home/emily/MMIP/week5/quiz1/data/gallery/automobile/00440.png,automobile,0.887832
/home/emily/MMIP/week5/quiz1/data/query/automobile/00055.png,automobile,5,/home/emily/MMIP/week5/quiz1/data/gallery/automobile/00983.png,automobile,0.879509
/home/emily/MMIP/week5/quiz1/data/query/automobile/00056.png,automobile,1,/home/emily/MMIP/week5/quiz1/data/gallery/automobile/00848.png,automobile,0.926647
/home/emily/MMIP/week5/quiz1/data/query/automobile/00056.png,automobile,2,/home/emily/MMIP/week5/quiz1/data/gallery/automobile/00002.png,automobile,0.912993
/home/emily/MMIP/week5/quiz1/data/query/automobile/00056.png,automobile,3,/home/emily/MMIP/week5/quiz1/data/gallery/automobile/00062.png,automobile,0.906488
/home/emily/MMIP/week5/quiz1/data/query/automobile/00056.png,automobile,4,/home/emily/MMIP/week5/quiz1/data/gallery/automobile/00833.png,automobile,0.904155
/home/emily/MMIP/week5/quiz1/data/query/automobile/00056.png,automobile,5,/home/emily/MMIP/week5/quiz1/data/gallery/automobile/00436.png,automobile,0.901491
/home/emily/MMIP/week5/quiz1/data/query/automobile/00057.png,automobile,1,/home/emily/MMIP/week5/quiz1/data/gallery/automobile/00004.png,automobile,0.891600
/home/emily/MMIP/week5/quiz1/data/query/automobile/00057.png,automobile,2,/home/emily/MMIP/week5/quiz1/data/gallery/automobile/00919.png,automobile,0.891496
/home/emily/MMIP/week5/quiz1/data/query/automobile/00057.png,automobile,3,/home/emily/MMIP/week5/quiz1/data/gallery/truck/00346.png,truck,0.890930
/home/emily/MMIP/week5/quiz1/data/query/automobile/00057.png,automobile,4,/home/emily/MMIP/week5/quiz1/data/gallery/automobile/00843.png,automobile,0.889243
/home/emily/MMIP/week5/quiz1/data/query/automobile/00057.png,automobile,5,/home/emily/MMIP/week5/quiz1/data/gallery/automobile/00513.png,automobile,0.885619
/home/emily/MMIP/week5/quiz1/data/query/automobile/00058.png,automobile,1,/home/emily/MMIP/week5/quiz1/data/gallery/ship/00590.png,ship,0.901821
/home/emily/MMIP/week5/quiz1/data/query/automobile/00058.png,automobile,2,/home/emily/MMIP/week5/quiz1/data/gallery/automobile/00454.png,automobile,0.898448
/home/emily/MMIP/week5/quiz1/data/query/automobile/00058.png,automobile,3,/home/emily/MMIP/week5/quiz1/data/gallery/airplane/00753.png,airplane,0.887326
/home/emily/MMIP/week5/quiz1/data/query/automobile/00058.png,automobile,4,/home/emily/MMIP/week5/quiz1/data/gallery/automobile/00650.png,automobile,0.886267
/home/emily/MMIP/week5/quiz1/data/query/automobile/00058.png,automobile,5,/home/emily/MMIP/week5/quiz1/data/gallery/ship/00756.png,ship,0.885874
/home/emily/MMIP/week5/quiz1/data/query/automobile/00059.png,automobile,1,/home/emily/MMIP/week5/quiz1/data/gallery/automobile/00921.png,automobile,0.911062
/home/emily/MMIP/week5/quiz1/data/query/automobile/00059.png,automobile,2,/home/emily/MMIP/week5/quiz1/data/gallery/automobile/00449.png,automobile,0.907445
/home/emily/MMIP/week5/quiz1/data/query/automobile/00059.png,automobile,3,/home/emily/MMIP/week5/quiz1/data/gallery/automobile/00338.png,automobile,0.898593
/home/emily/MMIP/week5/quiz1/data/query/automobile/00059.png,automobile,4,/home/emily/MMIP/week5/quiz1/data/gallery/automobile/00374.png,automobile,0.887688
/home/emily/MMIP/week5/quiz1/data/query/automobile/00059.png,automobile,5,/home/emily/MMIP/week5/quiz1/data/gallery/automobile/00399.png,automobile,0.884252
/home/emily/MMIP/week5/quiz1/data/query/automobile/00060.png,automobile,1,/home/emily/MMIP/week5/quiz1/data/gallery/truck/00682.png,truck,0.864848
/home/emily/MMIP/week5/quiz1/data/query/automobile/00060.png,automobile,2,/home/emily/MMIP/week5/quiz1/data/gallery/truck/00326.png,truck,0.848906
/home/emily/MMIP/week5/quiz1/data/query/automobile/00060.png,automobile,3,/home/emily/MMIP/week5/quiz1/data/gallery/automobile/00269.png,automobile,0.847131
/home/emily/MMIP/week5/quiz1/data/query/automobile/00060.png,automobile,4,/home/emily/MMIP/week5/quiz1/data/gallery/automobile/00059.png,automobile,0.844318
/home/emily/MMIP/week5/quiz1/data/query/automobile/00060.png,automobile,5,/home/emily/MMIP/week5/quiz1/data/gallery/truck/00373.png,truck,0.843560
/home/emily/MMIP/week5/quiz1/data/query/automobile/00061.png,automobile,1,/home/emily/MMIP/week5/quiz1/data/gallery/automobile/00546.png,automobile,0.914677
/home/emily/MMIP/week5/quiz1/data/query/automobile/00061.png,automobile,2,/home/emily/MMIP/week5/quiz1/data/gallery/automobile/00282.png,automobile,0.905540
/home/emily/MMIP/week5/quiz1/data/query/automobile/00061.png,automobile,3,/home/emily/MMIP/week5/quiz1/data/gallery/automobile/00201.png,automobile,0.902250
/home/emily/MMIP/week5/quiz1/data/query/automobile/00061.png,automobile,4,/home/emily/MMIP/week5/quiz1/data/gallery/automobile/00130.png,automobile,0.901232
/home/emily/MMIP/week5/quiz1/data/query/automobile/00061.png,automobile,5,/home/emily/MMIP/week5/quiz1/data/gallery/automobile/00609.png,automobile,0.898144
/home/emily/MMIP/week5/quiz1/data/query/automobile/00062.png,automobile,1,/home/emily/MMIP/week5/quiz1/data/gallery/automobile/00896.png,automobile,0.909332
/home/emily/MMIP/week5/quiz1/data/query/automobile/00062.png,automobile,2,/home/emily/MMIP/week5/quiz1/data/gallery/truck/00891.png,truck,0.907673
/home/emily/MMIP/week5/quiz1/data/query/automobile/00062.png,automobile,3,/home/emily/MMIP/week5/quiz1/data/gallery/automobile/00273.png,automobile,0.906484
/home/emily/MMIP/week5/quiz1/data/query/automobile/00062.png,automobile,4,/home/emily/MMIP/week5/quiz1/data/gallery/automobile/00520.png,automobile,0.906388
/home/emily/MMIP/week5/quiz1/data/query/automobile/00062.png,automobile,5,/home/emily/MMIP/week5/quiz1/data/gallery/automobile/00186.png,automobile,0.899307
/home/emily/MMIP/week5/quiz1/data/query/automobile/00063.png,automobile,1,/home/emily/MMIP/week5/quiz1/data/gallery/automobile/00657.png,automobile,0.887356
/home/emily/MMIP/week5/quiz1/data/query/automobile/00063.png,automobile,2,/home/emily/MMIP/week5/quiz1/data/gallery/ship/00162.png,ship,0.886687
/home/emily/MMIP/week5/quiz1/data/query/automobile/00063.png,automobile,3,/home/emily/MMIP/week5/quiz1/data/gallery/truck/00128.png,truck,0.883555
/home/emily/MMIP/week5/quiz1/data/query/automobile/00063.png,automobile,4,/home/emily/MMIP/week5/quiz1/data/gallery/automobile/00668.png,automobile,0.880972
/home/emily/MMIP/week5/quiz1/data/query/automobile/00063.png,automobile,5,/home/emily/MMIP/week5/quiz1/data/gallery/ship/00794.png,ship,0.877571
/home/emily/MMIP/week5/quiz1/data/query/automobile/00064.png,automobile,1,/home/emily/MMIP/week5/quiz1/data/gallery/automobile/00140.png,automobile,0.885939
/home/emily/MMIP/week5/quiz1/data/query/automobile/00064.png,automobile,2,/home/emily/MMIP/week5/quiz1/data/gallery/automobile/00768.png,automobile,0.879713
/home/emily/MMIP/week5/quiz1/data/query/automobile/00064.png,automobile,3,/home/emily/MMIP/week5/quiz1/data/gallery/automobile/00830.png,automobile,0.875030
/home/emily/MMIP/week5/quiz1/data/query/automobile/00064.png,automobile,4,/home/emily/MMIP/week5/quiz1/data/gallery/automobile/00275.png,automobile,0.868385
/home/emily/MMIP/week5/quiz1/data/query/automobile/00064.png,automobile,5,/home/emily/MMIP/week5/quiz1/data/gallery/automobile/00471.png,automobile,0.868002
/home/emily/MMIP/week5/quiz1/data/query/automobile/00065.png,automobile,1,/home/emily/MMIP/week5/quiz1/data/gallery/automobile/00516.png,automobile,0.862386
/home/emily/MMIP/week5/quiz1/data/query/automobile/00065.png,automobile,2,/home/emily/MMIP/week5/quiz1/data/gallery/automobile/00113.png,automobile,0.858977
/home/emily/MMIP/week5/quiz1/data/query/automobile/00065.png,automobile,3,/home/emily/MMIP/week5/quiz1/data/gallery/automobile/00200.png,automobile,0.855143
/home/emily/MMIP/week5/quiz1/data/query/automobile/00065.png,automobile,4,/home/emily/MMIP/week5/quiz1/data/gallery/automobile/00617.png,automobile,0.853428
/home/emily/MMIP/week5/quiz1/data/query/automobile/00065.png,automobile,5,/home/emily/MMIP/week5/quiz1/data/gallery/truck/00924.png,truck,0.852660
/home/emily/MMIP/week5/quiz1/data/query/automobile/00066.png,automobile,1,/home/emily/MMIP/week5/quiz1/data/gallery/automobile/00033.png,automobile,0.859671
/home/emily/MMIP/week5/quiz1/data/query/automobile/00066.png,automobile,2,/home/emily/MMIP/week5/quiz1/data/gallery/automobile/00640.png,automobile,0.859650
/home/emily/MMIP/week5/quiz1/data/query/automobile/00066.png,automobile,3,/home/emily/MMIP/week5/quiz1/data/gallery/automobile/00887.png,automobile,0.858180
/home/emily/MMIP/week5/quiz1/data/query/automobile/00066.png,automobile,4,/home/emily/MMIP/week5/quiz1/data/gallery/automobile/00002.png,automobile,0.856198
/home/emily/MMIP/week5/quiz1/data/query/automobile/00066.png,automobile,5,/home/emily/MMIP/week5/quiz1/data/gallery/automobile/00829.png,automobile,0.854439
/home/emily/MMIP/week5/quiz1/data/query/automobile/00067.png,automobile,1,/home/emily/MMIP/week5/quiz1/data/gallery/automobile/00729.png,automobile,0.880640
/home/emily/MMIP/week5/quiz1/data/query/automobile/00067.png,automobile,2,/home/emily/MMIP/week5/quiz1/data/gallery/automobile/00772.png,automobile,0.874579
/home/emily/MMIP/week5/quiz1/data/query/automobile/00067.png,automobile,3,/home/emily/MMIP/week5/quiz1/data/gallery/automobile/00556.png,automobile,0.873421
/home/emily/MMIP/week5/quiz1/data/query/automobile/00067.png,automobile,4,/home/emily/MMIP/week5/quiz1/data/gallery/automobile/00449.png,automobile,0.871016
/home/emily/MMIP/week5/quiz1/data/query/automobile/00067.png,automobile,5,/home/emily/MMIP/week5/quiz1/data/gallery/automobile/00896.png,automobile,0.866688
/home/emily/MMIP/week5/quiz1/data/query/automobile/00068.png,automobile,1,/home/emily/MMIP/week5/quiz1/data/gallery/truck/00470.png,truck,0.896199
/home/emily/MMIP/week5/quiz1/data/query/automobile/00068.png,automobile,2,/home/emily/MMIP/week5/quiz1/data/gallery/truck/00412.png,truck,0.892731
/home/emily/MMIP/week5/quiz1/data/query/automobile/00068.png,automobile,3,/home/emily/MMIP/week5/quiz1/data/gallery/truck/00647.png,truck,0.887888
/home/emily/MMIP/week5/quiz1/data/query/automobile/00068.png,automobile,4,/home/emily/MMIP/week5/quiz1/data/gallery/truck/00010.png,truck,0.887722
/home/emily/MMIP/week5/quiz1/data/query/automobile/00068.png,automobile,5,/home/emily/MMIP/week5/quiz1/data/gallery/truck/00640.png,truck,0.887019
/home/emily/MMIP/week5/quiz1/data/query/automobile/00069.png,automobile,1,/home/emily/MMIP/week5/quiz1/data/gallery/automobile/00516.png,automobile,0.901177
/home/emily/MMIP/week5/quiz1/data/query/automobile/00069.png,automobile,2,/home/emily/MMIP/week5/quiz1/data/gallery/automobile/00664.png,automobile,0.891939
/home/emily/MMIP/week5/quiz1/data/query/automobile/00069.png,automobile,3,/home/emily/MMIP/week5/quiz1/data/gallery/automobile/00566.png,automobile,0.891204
/home/emily/MMIP/week5/quiz1/data/query/automobile/00069.png,automobile,4,/home/emily/MMIP/week5/quiz1/data/gallery/automobile/00603.png,automobile,0.888941
/home/emily/MMIP/week5/quiz1/data/query/automobile/00069.png,automobile,5,/home/emily/MMIP/week5/quiz1/data/gallery/automobile/00736.png,automobile,0.887501
/home/emily/MMIP/week5/quiz1/data/query/automobile/00070.png,automobile,1,/home/emily/MMIP/week5/quiz1/data/gallery/automobile/00313.png,automobile,0.908915
/home/emily/MMIP/week5/quiz1/data/query/automobile/00070.png,automobile,2,/home/emily/MMIP/week5/quiz1/data/gallery/automobile/00673.png,automobile,0.894952
/home/emily/MMIP/week5/quiz1/data/query/automobile/00070.png,automobile,3,/home/emily/MMIP/week5/quiz1/data/gallery/automobile/00295.png,automobile,0.894505
/home/emily/MMIP/week5/quiz1/data/query/automobile/00070.png,automobile,4,/home/emily/MMIP/week5/quiz1/data/gallery/automobile/00954.png,automobile,0.889304
/home/emily/MMIP/week5/quiz1/data/query/automobile/00070.png,automobile,5,/home/emily/MMIP/week5/quiz1/data/gallery/automobile/00983.png,automobile,0.884778
/home/emily/MMIP/week5/quiz1/data/query/automobile/00071.png,automobile,1,/home/emily/MMIP/week5/quiz1/data/gallery/automobile/00640.png,automobile,0.875415
/home/emily/MMIP/week5/quiz1/data/query/automobile/00071.png,automobile,2,/home/emily/MMIP/week5/quiz1/data/gallery/automobile/00778.png,automobile,0.843179
/home/emily/MMIP/week5/quiz1/data/query/automobile/00071.png,automobile,3,/home/emily/MMIP/week5/quiz1/data/gallery/automobile/00642.png,automobile,0.842852
/home/emily/MMIP/week5/quiz1/data/query/automobile/00071.png,automobile,4,/home/emily/MMIP/week5/quiz1/data/gallery/automobile/00691.png,automobile,0.840827
/home/emily/MMIP/week5/quiz1/data/query/automobile/00071.png,automobile,5,/home/emily/MMIP/week5/quiz1/data/gallery/automobile/00603.png,automobile,0.831950
/home/emily/MMIP/week5/quiz1/data/query/automobile/00072.png,automobile,1,/home/emily/MMIP/week5/quiz1/data/gallery/automobile/00561.png,automobile,0.902469
/home/emily/MMIP/week5/quiz1/data/query/automobile/00072.png,automobile,2,/home/emily/MMIP/week5/quiz1/data/gallery/automobile/00027.png,automobile,0.900688
/home/emily/MMIP/week5/quiz1/data/query/automobile/00072.png,automobile,3,/home/emily/MMIP/week5/quiz1/data/gallery/automobile/00962.png,automobile,0.899642
/home/emily/MMIP/week5/quiz1/data/query/automobile/00072.png,automobile,4,/home/emily/MMIP/week5/quiz1/data/gallery/automobile/00769.png,automobile,0.897801
/home/emily/MMIP/week5/quiz1/data/query/automobile/00072.png,automobile,5,/home/emily/MMIP/week5/quiz1/data/gallery/automobile/00429.png,automobile,0.896833
/home/emily/MMIP/week5/quiz1/data/query/automobile/00073.png,automobile,1,/home/emily/MMIP/week5/quiz1/data/gallery/automobile/00918.png,automobile,0.893169
/home/emily/MMIP/week5/quiz1/data/query/automobile/00073.png,automobile,2,/home/emily/MMIP/week5/quiz1/data/gallery/automobile/00664.png,automobile,0.880010
/home/emily/MMIP/week5/quiz1/data/query/automobile/00073.png,automobile,3,/home/emily/MMIP/week5/quiz1/data/gallery/automobile/00949.png,automobile,0.874641
/home/emily/MMIP/week5/quiz1/data/query/automobile/00073.png,automobile,4,/home/emily/MMIP/week5/quiz1/data/gallery/automobile/00737.png,automobile,0.869203
/home/emily/MMIP/week5/quiz1/data/query/automobile/00073.png,automobile,5,/home/emily/MMIP/week5/quiz1/data/gallery/automobile/00436.png,automobile,0.868752
/home/emily/MMIP/week5/quiz1/data/query/automobile/00074.png,automobile,1,/home/emily/MMIP/week5/quiz1/data/gallery/automobile/00837.png,automobile,0.895766
/home/emily/MMIP/week5/quiz1/data/query/automobile/00074.png,automobile,2,/home/emily/MMIP/week5/quiz1/data/gallery/automobile/00948.png,automobile,0.894548
/home/emily/MMIP/week5/quiz1/data/query/automobile/00074.png,automobile,3,/home/emily/MMIP/week5/quiz1/data/gallery/automobile/00449.png,automobile,0.888904
/home/emily/MMIP/week5/quiz1/data/query/automobile/00074.png,automobile,4,/home/emily/MMIP/week5/quiz1/data/gallery/automobile/00319.png,automobile,0.882662
/home/emily/MMIP/week5/quiz1/data/query/automobile/00074.png,automobile,5,/home/emily/MMIP/week5/quiz1/data/gallery/automobile/00644.png,automobile,0.881189
/home/emily/MMIP/week5/quiz1/data/query/automobile/00075.png,automobile,1,/home/emily/MMIP/week5/quiz1/data/gallery/automobile/00444.png,automobile,0.880362
/home/emily/MMIP/week5/quiz1/data/query/automobile/00075.png,automobile,2,/home/emily/MMIP/week5/quiz1/data/gallery/automobile/00122.png,automobile,0.879078
/home/emily/MMIP/week5/quiz1/data/query/automobile/00075.png,automobile,3,/home/emily/MMIP/week5/quiz1/data/gallery/truck/00146.png,truck,0.878541
/home/emily/MMIP/week5/quiz1/data/query/automobile/00075.png,automobile,4,/home/emily/MMIP/week5/quiz1/data/gallery/automobile/00121.png,automobile,0.877859
/home/emily/MMIP/week5/quiz1/data/query/automobile/00075.png,automobile,5,/home/emily/MMIP/week5/quiz1/data/gallery/truck/00103.png,truck,0.876405
/home/emily/MMIP/week5/quiz1/data/query/automobile/00076.png,automobile,1,/home/emily/MMIP/week5/quiz1/data/gallery/automobile/00836.png,automobile,0.883936
/home/emily/MMIP/week5/quiz1/data/query/automobile/00076.png,automobile,2,/home/emily/MMIP/week5/quiz1/data/gallery/automobile/00743.png,automobile,0.875815
/home/emily/MMIP/week5/quiz1/data/query/automobile/00076.png,automobile,3,/home/emily/MMIP/week5/quiz1/data/gallery/automobile/00280.png,automobile,0.875511
/home/emily/MMIP/week5/quiz1/data/query/automobile/00076.png,automobile,4,/home/emily/MMIP/week5/quiz1/data/gallery/automobile/00034.png,automobile,0.875102
/home/emily/MMIP/week5/quiz1/data/query/automobile/00076.png,automobile,5,/home/emily/MMIP/week5/quiz1/data/gallery/automobile/00993.png,automobile,0.874187
/home/emily/MMIP/week5/quiz1/data/query/automobile/00077.png,automobile,1,/home/emily/MMIP/week5/quiz1/data/gallery/automobile/00772.png,automobile,0.908912
/home/emily/MMIP/week5/quiz1/data/query/automobile/00077.png,automobile,2,/home/emily/MMIP/week5/quiz1/data/gallery/automobile/00062.png,automobile,0.903292
/home/emily/MMIP/week5/quiz1/data/query/automobile/00077.png,automobile,3,/home/emily/MMIP/week5/quiz1/data/gallery/automobile/00347.png,automobile,0.901899
/home/emily/MMIP/week5/quiz1/data/query/automobile/00077.png,automobile,4,/home/emily/MMIP/week5/quiz1/data/gallery/automobile/00962.png,automobile,0.900696
/home/emily/MMIP/week5/quiz1/data/query/automobile/00077.png,automobile,5,/home/emily/MMIP/week5/quiz1/data/gallery/automobile/00273.png,automobile,0.896930
/home/emily/MMIP/week5/quiz1/data/query/automobile/00078.png,automobile,1,/home/emily/MMIP/week5/quiz1/data/gallery/automobile/00840.png,automobile,0.873842
/home/emily/MMIP/week5/quiz1/data/query/automobile/00078.png,automobile,2,/home/emily/MMIP/week5/quiz1/data/gallery/truck/00146.png,truck,0.870267
/home/emily/MMIP/week5/quiz1/data/query/automobile/00078.png,automobile,3,/home/emily/MMIP/week5/quiz1/data/gallery/automobile/00696.png,automobile,0.868756
/home/emily/MMIP/week5/quiz1/data/query/automobile/00078.png,automobile,4,/home/emily/MMIP/week5/quiz1/data/gallery/truck/00707.png,truck,0.866497
/home/emily/MMIP/week5/quiz1/data/query/automobile/00078.png,automobile,5,/home/emily/MMIP/week5/quiz1/data/gallery/truck/00764.png,truck,0.862303
/home/emily/MMIP/week5/quiz1/data/query/automobile/00079.png,automobile,1,/home/emily/MMIP/week5/quiz1/data/gallery/automobile/00724.png,automobile,0.877780
/home/emily/MMIP/week5/quiz1/data/query/automobile/00079.png,automobile,2,/home/emily/MMIP/week5/quiz1/data/gallery/automobile/00335.png,automobile,0.877196
/home/emily/MMIP/week5/quiz1/data/query/automobile/00079.png,automobile,3,/home/emily/MMIP/week5/quiz1/data/gallery/automobile/00112.png,automobile,0.872530
/home/emily/MMIP/week5/quiz1/data/query/automobile/00079.png,automobile,4,/home/emily/MMIP/week5/quiz1/data/gallery/automobile/00746.png,automobile,0.869250
/home/emily/MMIP/week5/quiz1/data/query/automobile/00079.png,automobile,5,/home/emily/MMIP/week5/quiz1/data/gallery/automobile/00658.png,automobile,0.865779
/home/emily/MMIP/week5/quiz1/data/query/automobile/00080.png,automobile,1,/home/emily/MMIP/week5/quiz1/data/gallery/cat/00884.png,cat,0.855988
/home/emily/MMIP/week5/quiz1/data/query/automobile/00080.png,automobile,2,/home/emily/MMIP/week5/quiz1/data/gallery/cat/00025.png,cat,0.850452
/home/emily/MMIP/week5/quiz1/data/query/automobile/00080.png,automobile,3,/home/emily/MMIP/week5/quiz1/data/gallery/cat/00594.png,cat,0.847422
/home/emily/MMIP/week5/quiz1/data/query/automobile/00080.png,automobile,4,/home/emily/MMIP/week5/quiz1/data/gallery/cat/00511.png,cat,0.843847
/home/emily/MMIP/week5/quiz1/data/query/automobile/00080.png,automobile,5,/home/emily/MMIP/week5/quiz1/data/gallery/ship/00237.png,ship,0.840185
/home/emily/MMIP/week5/quiz1/data/query/automobile/00081.png,automobile,1,/home/emily/MMIP/week5/quiz1/data/gallery/automobile/00960.png,automobile,0.861165
/home/emily/MMIP/week5/quiz1/data/query/automobile/00081.png,automobile,2,/home/emily/MMIP/week5/quiz1/data/gallery/automobile/00247.png,automobile,0.858916
/home/emily/MMIP/week5/quiz1/data/query/automobile/00081.png,automobile,3,/home/emily/MMIP/week5/quiz1/data/gallery/automobile/00676.png,automobile,0.845946
/home/emily/MMIP/week5/quiz1/data/query/automobile/00081.png,automobile,4,/home/emily/MMIP/week5/quiz1/data/gallery/automobile/00904.png,automobile,0.843702
/home/emily/MMIP/week5/quiz1/data/query/automobile/00081.png,automobile,5,/home/emily/MMIP/week5/quiz1/data/gallery/automobile/00556.png,automobile,0.843619
/home/emily/MMIP/week5/quiz1/data/query/automobile/00082.png,automobile,1,/home/emily/MMIP/week5/quiz1/data/gallery/truck/00900.png,truck,0.874883
/home/emily/MMIP/week5/quiz1/data/query/automobile/00082.png,automobile,2,/home/emily/MMIP/week5/quiz1/data/gallery/truck/00457.png,truck,0.873947
/home/emily/MMIP/week5/quiz1/data/query/automobile/00082.png,automobile,3,/home/emily/MMIP/week5/quiz1/data/gallery/truck/00539.png,truck,0.873078
/home/emily/MMIP/week5/quiz1/data/query/automobile/00082.png,automobile,4,/home/emily/MMIP/week5/quiz1/data/gallery/truck/00518.png,truck,0.867109
/home/emily/MMIP/week5/quiz1/data/query/automobile/00082.png,automobile,5,/home/emily/MMIP/week5/quiz1/data/gallery/truck/00025.png,truck,0.865994
/home/emily/MMIP/week5/quiz1/data/query/automobile/00083.png,automobile,1,/home/emily/MMIP/week5/quiz1/data/gallery/automobile/00679.png,automobile,0.891246
/home/emily/MMIP/week5/quiz1/data/query/automobile/00083.png,automobile,2,/home/emily/MMIP/week5/quiz1/data/gallery/automobile/00793.png,automobile,0.890174
/home/emily/MMIP/week5/quiz1/data/query/automobile/00083.png,automobile,3,/home/emily/MMIP/week5/quiz1/data/gallery/automobile/00062.png,automobile,0.889770
/home/emily/MMIP/week5/quiz1/data/query/automobile/00083.png,automobile,4,/home/emily/MMIP/week5/quiz1/data/gallery/automobile/00172.png,automobile,0.886978
/home/emily/MMIP/week5/quiz1/data/query/automobile/00083.png,automobile,5,/home/emily/MMIP/week5/quiz1/data/gallery/automobile/00571.png,automobile,0.885116
/home/emily/MMIP/week5/quiz1/data/query/automobile/00084.png,automobile,1,/home/emily/MMIP/week5/quiz1/data/gallery/automobile/00137.png,automobile,0.860941
/home/emily/MMIP/week5/quiz1/data/query/automobile/00084.png,automobile,2,/home/emily/MMIP/week5/quiz1/data/gallery/automobile/00584.png,automobile,0.857611
/home/emily/MMIP/week5/quiz1/data/query/automobile/00084.png,automobile,3,/home/emily/MMIP/week5/quiz1/data/gallery/automobile/00001.png,automobile,0.854632
/home/emily/MMIP/week5/quiz1/data/query/automobile/00084.png,automobile,4,/home/emily/MMIP/week5/quiz1/data/gallery/automobile/00547.png,automobile,0.854607
/home/emily/MMIP/week5/quiz1/data/query/automobile/00084.png,automobile,5,/home/emily/MMIP/week5/quiz1/data/gallery/automobile/00394.png,automobile,0.854153
/home/emily/MMIP/week5/quiz1/data/query/automobile/00085.png,automobile,1,/home/emily/MMIP/week5/quiz1/data/gallery/automobile/00580.png,automobile,0.861559
/home/emily/MMIP/week5/quiz1/data/query/automobile/00085.png,automobile,2,/home/emily/MMIP/week5/quiz1/data/gallery/automobile/00137.png,automobile,0.855226
/home/emily/MMIP/week5/quiz1/data/query/automobile/00085.png,automobile,3,/home/emily/MMIP/week5/quiz1/data/gallery/automobile/00379.png,automobile,0.853082
/home/emily/MMIP/week5/quiz1/data/query/automobile/00085.png,automobile,4,/home/emily/MMIP/week5/quiz1/data/gallery/automobile/00218.png,automobile,0.852345
/home/emily/MMIP/week5/quiz1/data/query/automobile/00085.png,automobile,5,/home/emily/MMIP/week5/quiz1/data/gallery/automobile/00329.png,automobile,0.851600
/home/emily/MMIP/week5/quiz1/data/query/automobile/00086.png,automobile,1,/home/emily/MMIP/week5/quiz1/data/gallery/automobile/00028.png,automobile,0.913835
/home/emily/MMIP/week5/quiz1/data/query/automobile/00086.png,automobile,2,/home/emily/MMIP/week5/quiz1/data/gallery/automobile/00731.png,automobile,0.903880
/home/emily/MMIP/week5/quiz1/data/query/automobile/00086.png,automobile,3,/home/emily/MMIP/week5/quiz1/data/gallery/automobile/00829.png,automobile,0.902145
/home/emily/MMIP/week5/quiz1/data/query/automobile/00086.png,automobile,4,/home/emily/MMIP/week5/quiz1/data/gallery/automobile/00456.png,automobile,0.901892
/home/emily/MMIP/week5/quiz1/data/query/automobile/00086.png,automobile,5,/home/emily/MMIP/week5/quiz1/data/gallery/automobile/00452.png,automobile,0.900786
/home/emily/MMIP/week5/quiz1/data/query/automobile/00087.png,automobile,1,/home/emily/MMIP/week5/quiz1/data/gallery/automobile/00471.png,automobile,0.892953
/home/emily/MMIP/week5/quiz1/data/query/automobile/00087.png,automobile,2,/home/emily/MMIP/week5/quiz1/data/gallery/automobile/00002.png,automobile,0.889223
/home/emily/MMIP/week5/quiz1/data/query/automobile/00087.png,automobile,3,/home/emily/MMIP/week5/quiz1/data/gallery/automobile/00777.png,automobile,0.889147
/home/emily/MMIP/week5/quiz1/data/query/automobile/00087.png,automobile,4,/home/emily/MMIP/week5/quiz1/data/gallery/automobile/00347.png,automobile,0.888309
/home/emily/MMIP/week5/quiz1/data/query/automobile/00087.png,automobile,5,/home/emily/MMIP/week5/quiz1/data/gallery/automobile/00516.png,automobile,0.888085
/home/emily/MMIP/week5/quiz1/data/query/automobile/00088.png,automobile,1,/home/emily/MMIP/week5/quiz1/data/gallery/automobile/00603.png,automobile,0.868689
/home/emily/MMIP/week5/quiz1/data/query/automobile/00088.png,automobile,2,/home/emily/MMIP/week5/quiz1/data/gallery/truck/00632.png,truck,0.866797
/home/emily/MMIP/week5/quiz1/data/query/automobile/00088.png,automobile,3,/home/emily/MMIP/week5/quiz1/data/gallery/truck/00070.png,truck,0.860229
/home/emily/MMIP/week5/quiz1/data/query/automobile/00088.png,automobile,4,/home/emily/MMIP/week5/quiz1/data/gallery/automobile/00025.png,automobile,0.859437
/home/emily/MMIP/week5/quiz1/data/query/automobile/00088.png,automobile,5,/home/emily/MMIP/week5/quiz1/data/gallery/truck/00448.png,truck,0.858946
/home/emily/MMIP/week5/quiz1/data/query/automobile/00089.png,automobile,1,/home/emily/MMIP/week5/quiz1/data/gallery/automobile/00681.png,automobile,0.903086
/home/emily/MMIP/week5/quiz1/data/query/automobile/00089.png,automobile,2,/home/emily/MMIP/week5/quiz1/data/gallery/automobile/00467.png,automobile,0.897990
/home/emily/MMIP/week5/quiz1/data/query/automobile/00089.png,automobile,3,/home/emily/MMIP/week5/quiz1/data/gallery/automobile/00795.png,automobile,0.896424
/home/emily/MMIP/week5/quiz1/data/query/automobile/00089.png,automobile,4,/home/emily/MMIP/week5/quiz1/data/gallery/automobile/00873.png,automobile,0.893277
/home/emily/MMIP/week5/quiz1/data/query/automobile/00089.png,automobile,5,/home/emily/MMIP/week5/quiz1/data/gallery/automobile/00838.png,automobile,0.889006
/home/emily/MMIP/week5/quiz1/data/query/automobile/00090.png,automobile,1,/home/emily/MMIP/week5/quiz1/data/gallery/automobile/00201.png,automobile,0.889397
/home/emily/MMIP/week5/quiz1/data/query/automobile/00090.png,automobile,2,/home/emily/MMIP/week5/quiz1/data/gallery/automobile/00886.png,automobile,0.882087
/home/emily/MMIP/week5/quiz1/data/query/automobile/00090.png,automobile,3,/home/emily/MMIP/week5/quiz1/data/gallery/automobile/00933.png,automobile,0.882078
/home/emily/MMIP/week5/quiz1/data/query/automobile/00090.png,automobile,4,/home/emily/MMIP/week5/quiz1/data/gallery/automobile/00426.png,automobile,0.881721
/home/emily/MMIP/week5/quiz1/data/query/automobile/00090.png,automobile,5,/home/emily/MMIP/week5/quiz1/data/gallery/truck/00153.png,truck,0.878581
/home/emily/MMIP/week5/quiz1/data/query/automobile/00091.png,automobile,1,/home/emily/MMIP/week5/quiz1/data/gallery/automobile/00599.png,automobile,0.903269
/home/emily/MMIP/week5/quiz1/data/query/automobile/00091.png,automobile,2,/home/emily/MMIP/week5/quiz1/data/gallery/automobile/00238.png,automobile,0.896094
/home/emily/MMIP/week5/quiz1/data/query/automobile/00091.png,automobile,3,/home/emily/MMIP/week5/quiz1/data/gallery/automobile/00992.png,automobile,0.895527
/home/emily/MMIP/week5/quiz1/data/query/automobile/00091.png,automobile,4,/home/emily/MMIP/week5/quiz1/data/gallery/automobile/00016.png,automobile,0.893551
/home/emily/MMIP/week5/quiz1/data/query/automobile/00091.png,automobile,5,/home/emily/MMIP/week5/quiz1/data/gallery/automobile/00388.png,automobile,0.893536
/home/emily/MMIP/week5/quiz1/data/query/automobile/00092.png,automobile,1,/home/emily/MMIP/week5/quiz1/data/gallery/automobile/00426.png,automobile,0.918886
/home/emily/MMIP/week5/quiz1/data/query/automobile/00092.png,automobile,2,/home/emily/MMIP/week5/quiz1/data/gallery/automobile/00553.png,automobile,0.890061
/home/emily/MMIP/week5/quiz1/data/query/automobile/00092.png,automobile,3,/home/emily/MMIP/week5/quiz1/data/gallery/truck/00042.png,truck,0.886503
/home/emily/MMIP/week5/quiz1/data/query/automobile/00092.png,automobile,4,/home/emily/MMIP/week5/quiz1/data/gallery/automobile/00334.png,automobile,0.882996
/home/emily/MMIP/week5/quiz1/data/query/automobile/00092.png,automobile,5,/home/emily/MMIP/week5/quiz1/data/gallery/automobile/00965.png,automobile,0.882473
/home/emily/MMIP/week5/quiz1/data/query/automobile/00093.png,automobile,1,/home/emily/MMIP/week5/quiz1/data/gallery/automobile/00639.png,automobile,0.892450
/home/emily/MMIP/week5/quiz1/data/query/automobile/00093.png,automobile,2,/home/emily/MMIP/week5/quiz1/data/gallery/automobile/00002.png,automobile,0.887260
/home/emily/MMIP/week5/quiz1/data/query/automobile/00093.png,automobile,3,/home/emily/MMIP/week5/quiz1/data/gallery/automobile/00859.png,automobile,0.885886
/home/emily/MMIP/week5/quiz1/data/query/automobile/00093.png,automobile,4,/home/emily/MMIP/week5/quiz1/data/gallery/automobile/00811.png,automobile,0.883756
/home/emily/MMIP/week5/quiz1/data/query/automobile/00093.png,automobile,5,/home/emily/MMIP/week5/quiz1/data/gallery/automobile/00122.png,automobile,0.882363
/home/emily/MMIP/week5/quiz1/data/query/automobile/00094.png,automobile,1,/home/emily/MMIP/week5/quiz1/data/gallery/automobile/00579.png,automobile,0.847371
/home/emily/MMIP/week5/quiz1/data/query/automobile/00094.png,automobile,2,/home/emily/MMIP/week5/quiz1/data/gallery/automobile/00348.png,automobile,0.845664
/home/emily/MMIP/week5/quiz1/data/query/automobile/00094.png,automobile,3,/home/emily/MMIP/week5/quiz1/data/gallery/automobile/00663.png,automobile,0.844416
/home/emily/MMIP/week5/quiz1/data/query/automobile/00094.png,automobile,4,/home/emily/MMIP/week5/quiz1/data/gallery/ship/00891.png,ship,0.843494
/home/emily/MMIP/week5/quiz1/data/query/automobile/00094.png,automobile,5,/home/emily/MMIP/week5/quiz1/data/gallery/airplane/00030.png,airplane,0.840892
/home/emily/MMIP/week5/quiz1/data/query/automobile/00095.png,automobile,1,/home/emily/MMIP/week5/quiz1/data/gallery/automobile/00159.png,automobile,0.875778
/home/emily/MMIP/week5/quiz1/data/query/automobile/00095.png,automobile,2,/home/emily/MMIP/week5/quiz1/data/gallery/automobile/00691.png,automobile,0.875608
/home/emily/MMIP/week5/quiz1/data/query/automobile/00095.png,automobile,3,/home/emily/MMIP/week5/quiz1/data/gallery/automobile/00079.png,automobile,0.872681
/home/emily/MMIP/week5/quiz1/data/query/automobile/00095.png,automobile,4,/home/emily/MMIP/week5/quiz1/data/gallery/automobile/00696.png,automobile,0.868532
/home/emily/MMIP/week5/quiz1/data/query/automobile/00095.png,automobile,5,/home/emily/MMIP/week5/quiz1/data/gallery/automobile/00896.png,automobile,0.867413
/home/emily/MMIP/week5/quiz1/data/query/automobile/00096.png,automobile,1,/home/emily/MMIP/week5/quiz1/data/gallery/automobile/00578.png,automobile,0.886910
/home/emily/MMIP/week5/quiz1/data/query/automobile/00096.png,automobile,2,/home/emily/MMIP/week5/quiz1/data/gallery/automobile/00772.png,automobile,0.877922
/home/emily/MMIP/week5/quiz1/data/query/automobile/00096.png,automobile,3,/home/emily/MMIP/week5/quiz1/data/gallery/automobile/00017.png,automobile,0.876360
/home/emily/MMIP/week5/quiz1/data/query/automobile/00096.png,automobile,4,/home/emily/MMIP/week5/quiz1/data/gallery/automobile/00002.png,automobile,0.874109
/home/emily/MMIP/week5/quiz1/data/query/automobile/00096.png,automobile,5,/home/emily/MMIP/week5/quiz1/data/gallery/automobile/00555.png,automobile,0.874097
/home/emily/MMIP/week5/quiz1/data/query/automobile/00097.png,automobile,1,/home/emily/MMIP/week5/quiz1/data/gallery/automobile/00332.png,automobile,0.915839
/home/emily/MMIP/week5/quiz1/data/query/automobile/00097.png,automobile,2,/home/emily/MMIP/week5/quiz1/data/gallery/automobile/00412.png,automobile,0.901663
/home/emily/MMIP/week5/quiz1/data/query/automobile/00097.png,automobile,3,/home/emily/MMIP/week5/quiz1/data/gallery/automobile/00388.png,automobile,0.901590
/home/emily/MMIP/week5/quiz1/data/query/automobile/00097.png,automobile,4,/home/emily/MMIP/week5/quiz1/data/gallery/automobile/00159.png,automobile,0.901072
/home/emily/MMIP/week5/quiz1/data/query/automobile/00097.png,automobile,5,/home/emily/MMIP/week5/quiz1/data/gallery/automobile/00723.png,automobile,0.895536
/home/emily/MMIP/week5/quiz1/data/query/automobile/00098.png,automobile,1,/home/emily/MMIP/week5/quiz1/data/gallery/truck/00752.png,truck,0.878662
/home/emily/MMIP/week5/quiz1/data/query/automobile/00098.png,automobile,2,/home/emily/MMIP/week5/quiz1/data/gallery/truck/00226.png,truck,0.858369
/home/emily/MMIP/week5/quiz1/data/query/automobile/00098.png,automobile,3,/home/emily/MMIP/week5/quiz1/data/gallery/automobile/00770.png,automobile,0.857579
/home/emily/MMIP/week5/quiz1/data/query/automobile/00098.png,automobile,4,/home/emily/MMIP/week5/quiz1/data/gallery/truck/00310.png,truck,0.856358
/home/emily/MMIP/week5/quiz1/data/query/automobile/00098.png,automobile,5,/home/emily/MMIP/week5/quiz1/data/gallery/truck/00959.png,truck,0.853919
/home/emily/MMIP/week5/quiz1/data/query/automobile/00099.png,automobile,1,/home/emily/MMIP/week5/quiz1/data/gallery/automobile/00137.png,automobile,0.883708
/home/emily/MMIP/week5/quiz1/data/query/automobile/00099.png,automobile,2,/home/emily/MMIP/week5/quiz1/data/gallery/automobile/00424.png,automobile,0.882739
/home/emily/MMIP/week5/quiz1/data/query/automobile/00099.png,automobile,3,/home/emily/MMIP/week5/quiz1/data/gallery/automobile/00001.png,automobile,0.871680
/home/emily/MMIP/week5/quiz1/data/query/automobile/00099.png,automobile,4,/home/emily/MMIP/week5/quiz1/data/gallery/automobile/00785.png,automobile,0.871625
/home/emily/MMIP/week5/quiz1/data/query/automobile/00099.png,automobile,5,/home/emily/MMIP/week5/quiz1/data/gallery/automobile/00547.png,automobile,0.870240
/home/emily/MMIP/week5/quiz1/data/query/bird/00000.png,bird,1,/home/emily/MMIP/week5/quiz1/data/gallery/dog/00358.png,dog,0.855977
/home/emily/MMIP/week5/quiz1/data/query/bird/00000.png,bird,2,/home/emily/MMIP/week5/quiz1/data/gallery/deer/00105.png,deer,0.838039
/home/emily/MMIP/week5/quiz1/data/query/bird/00000.png,bird,3,/home/emily/MMIP/week5/quiz1/data/gallery/deer/00193.png,deer,0.835651
/home/emily/MMIP/week5/quiz1/data/query/bird/00000.png,bird,4,/home/emily/MMIP/week5/quiz1/data/gallery/deer/00238.png,deer,0.835138
/home/emily/MMIP/week5/quiz1/data/query/bird/00000.png,bird,5,/home/emily/MMIP/week5/quiz1/data/gallery/horse/00771.png,horse,0.828438
/home/emily/MMIP/week5/quiz1/data/query/bird/00001.png,bird,1,/home/emily/MMIP/week5/quiz1/data/gallery/bird/00230.png,bird,0.832819
/home/emily/MMIP/week5/quiz1/data/query/bird/00001.png,bird,2,/home/emily/MMIP/week5/quiz1/data/gallery/bird/00693.png,bird,0.826899
/home/emily/MMIP/week5/quiz1/data/query/bird/00001.png,bird,3,/home/emily/MMIP/week5/quiz1/data/gallery/bird/00330.png,bird,0.823757
/home/emily/MMIP/week5/quiz1/data/query/bird/00001.png,bird,4,/home/emily/MMIP/week5/quiz1/data/gallery/bird/00325.png,bird,0.820668
/home/emily/MMIP/week5/quiz1/data/query/bird/00001.png,bird,5,/home/emily/MMIP/week5/quiz1/data/gallery/cat/00364.png,cat,0.819179
/home/emily/MMIP/week5/quiz1/data/query/bird/00002.png,bird,1,/home/emily/MMIP/week5/quiz1/data/gallery/bird/00205.png,bird,0.901579
/home/emily/MMIP/week5/quiz1/data/query/bird/00002.png,bird,2,/home/emily/MMIP/week5/quiz1/data/gallery/frog/00695.png,frog,0.892142
/home/emily/MMIP/week5/quiz1/data/query/bird/00002.png,bird,3,/home/emily/MMIP/week5/quiz1/data/gallery/bird/00268.png,bird,0.889501
/home/emily/MMIP/week5/quiz1/data/query/bird/00002.png,bird,4,/home/emily/MMIP/week5/quiz1/data/gallery/frog/00817.png,frog,0.879905
/home/emily/MMIP/week5/quiz1/data/query/bird/00002.png,bird,5,/home/emily/MMIP/week5/quiz1/data/gallery/bird/00522.png,bird,0.874944
/home/emily/MMIP/week5/quiz1/data/query/bird/00003.png,bird,1,/home/emily/MMIP/week5/quiz1/data/gallery/bird/00399.png,bird,0.824446
/home/emily/MMIP/week5/quiz1/data/query/bird/00003.png,bird,2,/home/emily/MMIP/week5/quiz1/data/gallery/bird/00985.png,bird,0.819327
/home/emily/MMIP/week5/quiz1/data/query/bird/00003.png,bird,3,/home/emily/MMIP/week5/quiz1/data/gallery/airplane/00442.png,airplane,0.808558
/home/emily/MMIP/week5/quiz1/data/query/bird/00003.png,bird,4,/home/emily/MMIP/week5/quiz1/data/gallery/ship/00038.png,ship,0.803673
/home/emily/MMIP/week5/quiz1/data/query/bird/00003.png,bird,5,/home/emily/MMIP/week5/quiz1/data/gallery/airplane/00278.png,airplane,0.802688
/home/emily/MMIP/week5/quiz1/data/query/bird/00004.png,bird,1,/home/emily/MMIP/week5/quiz1/data/gallery/airplane/00145.png,airplane,0.872078
/home/emily/MMIP/week5/quiz1/data/query/bird/00004.png,bird,2,/home/emily/MMIP/week5/quiz1/data/gallery/airplane/00898.png,airplane,0.863922
/home/emily/MMIP/week5/quiz1/data/query/bird/00004.png,bird,3,/home/emily/MMIP/week5/quiz1/data/gallery/bird/00188.png,bird,0.859126
/home/emily/MMIP/week5/quiz1/data/query/bird/00004.png,bird,4,/home/emily/MMIP/week5/quiz1/data/gallery/bird/00257.png,bird,0.849170
/home/emily/MMIP/week5/quiz1/data/query/bird/00004.png,bird,5,/home/emily/MMIP/week5/quiz1/data/gallery/frog/00352.png,frog,0.847480
/home/emily/MMIP/week5/quiz1/data/query/bird/00005.png,bird,1,/home/emily/MMIP/week5/quiz1/data/gallery/bird/00098.png,bird,0.860374
/home/emily/MMIP/week5/quiz1/data/query/bird/00005.png,bird,2,/home/emily/MMIP/week5/quiz1/data/gallery/bird/00113.png,bird,0.848984
/home/emily/MMIP/week5/quiz1/data/query/bird/00005.png,bird,3,/home/emily/MMIP/week5/quiz1/data/gallery/bird/00717.png,bird,0.840960
/home/emily/MMIP/week5/quiz1/data/query/bird/00005.png,bird,4,/home/emily/MMIP/week5/quiz1/data/gallery/bird/00840.png,bird,0.839054
/home/emily/MMIP/week5/quiz1/data/query/bird/00005.png,bird,5,/home/emily/MMIP/week5/quiz1/data/gallery/bird/00083.png,bird,0.838961
/home/emily/MMIP/week5/quiz1/data/query/bird/00006.png,bird,1,/home/emily/MMIP/week5/quiz1/data/gallery/bird/00263.png,bird,0.837763
/home/emily/MMIP/week5/quiz1/data/query/bird/00006.png,bird,2,/home/emily/MMIP/week5/quiz1/data/gallery/cat/00022.png,cat,0.824705
/home/emily/MMIP/week5/quiz1/data/query/bird/00006.png,bird,3,/home/emily/MMIP/week5/quiz1/data/gallery/frog/00091.png,frog,0.817984
/home/emily/MMIP/week5/quiz1/data/query/bird/00006.png,bird,4,/home/emily/MMIP/week5/quiz1/data/gallery/bird/00455.png,bird,0.816940
/home/emily/MMIP/week5/quiz1/data/query/bird/00006.png,bird,5,/home/emily/MMIP/week5/quiz1/data/gallery/cat/00005.png,cat,0.816209
/home/emily/MMIP/week5/quiz1/data/query/bird/00007.png,bird,1,/home/emily/MMIP/week5/quiz1/data/gallery/bird/00425.png,bird,0.884466
/home/emily/MMIP/week5/quiz1/data/query/bird/00007.png,bird,2,/home/emily/MMIP/week5/quiz1/data/gallery/cat/00729.png,cat,0.845202
/home/emily/MMIP/week5/quiz1/data/query/bird/00007.png,bird,3,/home/emily/MMIP/week5/quiz1/data/gallery/bird/00966.png,bird,0.844715
/home/emily/MMIP/week5/quiz1/data/query/bird/00007.png,bird,4,/home/emily/MMIP/week5/quiz1/data/gallery/horse/00566.png,horse,0.837768
/home/emily/MMIP/week5/quiz1/data/query/bird/00007.png,bird,5,/home/emily/MMIP/week5/quiz1/data/gallery/bird/00061.png,bird,0.833956
/home/emily/MMIP/week5/quiz1/data/query/bird/00008.png,bird,1,/home/emily/MMIP/week5/quiz1/data/gallery/bird/00406.png,bird,0.832816
/home/emily/MMIP/week5/quiz1/data/query/bird/00008.png,bird,2,/home/emily/MMIP/week5/quiz1/data/gallery/bird/00972.png,bird,0.823781
/home/emily/MMIP/week5/quiz1/data/query/bird/00008.png,bird,3,/home/emily/MMIP/week5/quiz1/data/gallery/cat/00632.png,cat,0.817753
/home/emily/MMIP/week5/quiz1/data/query/bird/00008.png,bird,4,/home/emily/MMIP/week5/quiz1/data/gallery/bird/00716.png,bird,0.813109
/home/emily/MMIP/week5/quiz1/data/query/bird/00008.png,bird,5,/home/emily/MMIP/week5/quiz1/data/gallery/cat/00943.png,cat,0.810706
/home/emily/MMIP/week5/quiz1/data/query/bird/00009.png,bird,1,/home/emily/MMIP/week5/quiz1/data/gallery/frog/00815.png,frog,0.806429
/home/emily/MMIP/week5/quiz1/data/query/bird/00009.png,bird,2,/home/emily/MMIP/week5/quiz1/data/gallery/cat/00674.png,cat,0.796039
/home/emily/MMIP/week5/quiz1/data/query/bird/00009.png,bird,3,/home/emily/MMIP/week5/quiz1/data/gallery/cat/00972.png,cat,0.794601
/home/emily/MMIP/week5/quiz1/data/query/bird/00009.png,bird,4,/home/emily/MMIP/week5/quiz1/data/gallery/cat/00286.png,cat,0.792202
/home/emily/MMIP/week5/quiz1/data/query/bird/00009.png,bird,5,/home/emily/MMIP/week5/quiz1/data/gallery/frog/00388.png,frog,0.790596
/home/emily/MMIP/week5/quiz1/data/query/bird/00010.png,bird,1,/home/emily/MMIP/week5/quiz1/data/gallery/bird/00785.png,bird,0.852795
/home/emily/MMIP/week5/quiz1/data/query/bird/00010.png,bird,2,/home/emily/MMIP/week5/quiz1/data/gallery/bird/00750.png,bird,0.849541
/home/emily/MMIP/week5/quiz1/data/query/bird/00010.png,bird,3,/home/emily/MMIP/week5/quiz1/data/gallery/bird/00289.png,bird,0.836127
/home/emily/MMIP/week5/quiz1/data/query/bird/00010.png,bird,4,/home/emily/MMIP/week5/quiz1/data/gallery/bird/00707.png,bird,0.833012
/home/emily/MMIP/week5/quiz1/data/query/bird/00010.png,bird,5,/home/emily/MMIP/week5/quiz1/data/gallery/bird/00377.png,bird,0.829227
/home/emily/MMIP/week5/quiz1/data/query/bird/00011.png,bird,1,/home/emily/MMIP/week5/quiz1/data/gallery/bird/00635.png,bird,0.823731
/home/emily/MMIP/week5/quiz1/data/query/bird/00011.png,bird,2,/home/emily/MMIP/week5/quiz1/data/gallery/bird/00803.png,bird,0.818250
/home/emily/MMIP/week5/quiz1/data/query/bird/00011.png,bird,3,/home/emily/MMIP/week5/quiz1/data/gallery/bird/00922.png,bird,0.807283
/home/emily/MMIP/week5/quiz1/data/query/bird/00011.png,bird,4,/home/emily/MMIP/week5/quiz1/data/gallery/bird/00054.png,bird,0.806611
/home/emily/MMIP/week5/quiz1/data/query/bird/00011.png,bird,5,/home/emily/MMIP/week5/quiz1/data/gallery/bird/00135.png,bird,0.805824
/home/emily/MMIP/week5/quiz1/data/query/bird/00012.png,bird,1,/home/emily/MMIP/week5/quiz1/data/gallery/bird/00046.png,bird,0.882130
/home/emily/MMIP/week5/quiz1/data/query/bird/00012.png,bird,2,/home/emily/MMIP/week5/quiz1/data/gallery/bird/00290.png,bird,0.873801
/home/emily/MMIP/week5/quiz1/data/query/bird/00012.png,bird,3,/home/emily/MMIP/week5/quiz1/data/gallery/cat/00015.png,cat,0.854644
/home/emily/MMIP/week5/quiz1/data/query/bird/00012.png,bird,4,/home/emily/MMIP/week5/quiz1/data/gallery/bird/00429.png,bird,0.846863
/home/emily/MMIP/week5/quiz1/data/query/bird/00012.png,bird,5,/home/emily/MMIP/week5/quiz1/data/gallery/bird/00690.png,bird,0.842185
/home/emily/MMIP/week5/quiz1/data/query/bird/00013.png,bird,1,/home/emily/MMIP/week5/quiz1/data/gallery/bird/00120.png,bird,0.877842
/home/emily/MMIP/week5/quiz1/data/query/bird/00013.png,bird,2,/home/emily/MMIP/week5/quiz1/data/gallery/frog/00602.png,frog,0.856481
/home/emily/MMIP/week5/quiz1/data/query/bird/00013.png,bird,3,/home/emily/MMIP/week5/quiz1/data/gallery/deer/00302.png,deer,0.856225
/home/emily/MMIP/week5/quiz1/data/query/bird/00013.png,bird,4,/home/emily/MMIP/week5/quiz1/data/gallery/frog/00936.png,frog,0.851861
/home/emily/MMIP/week5/quiz1/data/query/bird/00013.png,bird,5,/home/emily/MMIP/week5/quiz1/data/gallery/bird/00695.png,bird,0.851257
/home/emily/MMIP/week5/quiz1/data/query/bird/00014.png,bird,1,/home/emily/MMIP/week5/quiz1/data/gallery/dog/00850.png,dog,0.862685
/home/emily/MMIP/week5/quiz1/data/query/bird/00014.png,bird,2,/home/emily/MMIP/week5/quiz1/data/gallery/dog/00205.png,dog,0.859105
/home/emily/MMIP/week5/quiz1/data/query/bird/00014.png,bird,3,/home/emily/MMIP/week5/quiz1/data/gallery/dog/00907.png,dog,0.851679
/home/emily/MMIP/week5/quiz1/data/query/bird/00014.png,bird,4,/home/emily/MMIP/week5/quiz1/data/gallery/bird/00705.png,bird,0.845119
/home/emily/MMIP/week5/quiz1/data/query/bird/00014.png,bird,5,/home/emily/MMIP/week5/quiz1/data/gallery/dog/00305.png,dog,0.839180
/home/emily/MMIP/week5/quiz1/data/query/bird/00015.png,bird,1,/home/emily/MMIP/week5/quiz1/data/gallery/bird/00861.png,bird,0.851905
/home/emily/MMIP/week5/quiz1/data/query/bird/00015.png,bird,2,/home/emily/MMIP/week5/quiz1/data/gallery/dog/00341.png,dog,0.829247
/home/emily/MMIP/week5/quiz1/data/query/bird/00015.png,bird,3,/home/emily/MMIP/week5/quiz1/data/gallery/dog/00309.png,dog,0.822582
/home/emily/MMIP/week5/quiz1/data/query/bird/00015.png,bird,4,/home/emily/MMIP/week5/quiz1/data/gallery/dog/00282.png,dog,0.821981
/home/emily/MMIP/week5/quiz1/data/query/bird/00015.png,bird,5,/home/emily/MMIP/week5/quiz1/data/gallery/dog/00356.png,dog,0.821383
/home/emily/MMIP/week5/quiz1/data/query/bird/00016.png,bird,1,/home/emily/MMIP/week5/quiz1/data/gallery/frog/00957.png,frog,0.819034
/home/emily/MMIP/week5/quiz1/data/query/bird/00016.png,bird,2,/home/emily/MMIP/week5/quiz1/data/gallery/dog/00100.png,dog,0.817711
/home/emily/MMIP/week5/quiz1/data/query/bird/00016.png,bird,3,/home/emily/MMIP/week5/quiz1/data/gallery/cat/00255.png,cat,0.814180
/home/emily/MMIP/week5/quiz1/data/query/bird/00016.png,bird,4,/home/emily/MMIP/week5/quiz1/data/gallery/cat/00939.png,cat,0.811764
/home/emily/MMIP/week5/quiz1/data/query/bird/00016.png,bird,5,/home/emily/MMIP/week5/quiz1/data/gallery/dog/00831.png,dog,0.811549
/home/emily/MMIP/week5/quiz1/data/query/bird/00017.png,bird,1,/home/emily/MMIP/week5/quiz1/data/gallery/deer/00679.png,deer,0.824158
/home/emily/MMIP/week5/quiz1/data/query/bird/00017.png,bird,2,/home/emily/MMIP/week5/quiz1/data/gallery/airplane/00850.png,airplane,0.816239
/home/emily/MMIP/week5/quiz1/data/query/bird/00017.png,bird,3,/home/emily/MMIP/week5/quiz1/data/gallery/bird/00233.png,bird,0.816013
/home/emily/MMIP/week5/quiz1/data/query/bird/00017.png,bird,4,/home/emily/MMIP/week5/quiz1/data/gallery/airplane/00832.png,airplane,0.808637
/home/emily/MMIP/week5/quiz1/data/query/bird/00017.png,bird,5,/home/emily/MMIP/week5/quiz1/data/gallery/airplane/00068.png,airplane,0.806774
/home/emily/MMIP/week5/quiz1/data/query/bird/00018.png,bird,1,/home/emily/MMIP/week5/quiz1/data/gallery/bird/00746.png,bird,0.851903
/home/emily/MMIP/week5/quiz1/data/query/bird/00018.png,bird,2,/home/emily/MMIP/week5/quiz1/data/gallery/bird/00185.png,bird,0.850188
/home/emily/MMIP/week5/quiz1/data/query/bird/00018.png,bird,3,/home/emily/MMIP/week5/quiz1/data/gallery/bird/00448.png,bird,0.837803
/home/emily/MMIP/week5/quiz1/data/query/bird/00018.png,bird,4,/home/emily/MMIP/week5/quiz1/data/gallery/bird/00960.png,bird,0.832860
/home/emily/MMIP/week5/quiz1/data/query/bird/00018.png,bird,5,/home/emily/MMIP/week5/quiz1/data/gallery/bird/00113.png,bird,0.827338
/home/emily/MMIP/week5/quiz1/data/query/bird/00019.png,bird,1,/home/emily/MMIP/week5/quiz1/data/gallery/dog/00851.png,dog,0.839354
/home/emily/MMIP/week5/quiz1/data/query/bird/00019.png,bird,2,/home/emily/MMIP/week5/quiz1/data/gallery/frog/00358.png,frog,0.830699
/home/emily/MMIP/week5/quiz1/data/query/bird/00019.png,bird,3,/home/emily/MMIP/week5/quiz1/data/gallery/airplane/00894.png,airplane,0.827373
/home/emily/MMIP/week5/quiz1/data/query/bird/00019.png,bird,4,/home/emily/MMIP/week5/quiz1/data/gallery/deer/00294.png,deer,0.824992
/home/emily/MMIP/week5/quiz1/data/query/bird/00019.png,bird,5,/home/emily/MMIP/week5/quiz1/data/gallery/frog/00085.png,frog,0.822456
/home/emily/MMIP/week5/quiz1/data/query/bird/00020.png,bird,1,/home/emily/MMIP/week5/quiz1/data/gallery/deer/00273.png,deer,0.849638
/home/emily/MMIP/week5/quiz1/data/query/bird/00020.png,bird,2,/home/emily/MMIP/week5/quiz1/data/gallery/horse/00067.png,horse,0.835686
/home/emily/MMIP/week5/quiz1/data/query/bird/00020.png,bird,3,/home/emily/MMIP/week5/quiz1/data/gallery/deer/00874.png,deer,0.829216
/home/emily/MMIP/week5/quiz1/data/query/bird/00020.png,bird,4,/home/emily/MMIP/week5/quiz1/data/gallery/deer/00159.png,deer,0.828256
/home/emily/MMIP/week5/quiz1/data/query/bird/00020.png,bird,5,/home/emily/MMIP/week5/quiz1/data/gallery/horse/00087.png,horse,0.824950
/home/emily/MMIP/week5/quiz1/data/query/bird/00021.png,bird,1,/home/emily/MMIP/week5/quiz1/data/gallery/bird/00740.png,bird,0.955535
/home/emily/MMIP/week5/quiz1/data/query/bird/00021.png,bird,2,/home/emily/MMIP/week5/quiz1/data/gallery/bird/00517.png,bird,0.888204
/home/emily/MMIP/week5/quiz1/data/query/bird/00021.png,bird,3,/home/emily/MMIP/week5/quiz1/data/gallery/bird/00832.png,bird,0.882844
/home/emily/MMIP/week5/quiz1/data/query/bird/00021.png,bird,4,/home/emily/MMIP/week5/quiz1/data/gallery/bird/00214.png,bird,0.877724
/home/emily/MMIP/week5/quiz1/data/query/bird/00021.png,bird,5,/home/emily/MMIP/week5/quiz1/data/gallery/bird/00748.png,bird,0.875560
/home/emily/MMIP/week5/quiz1/data/query/bird/00022.png,bird,1,/home/emily/MMIP/week5/quiz1/data/gallery/deer/00622.png,deer,0.815554
/home/emily/MMIP/week5/quiz1/data/query/bird/00022.png,bird,2,/home/emily/MMIP/week5/quiz1/data/gallery/bird/00806.png,bird,0.814359
/home/emily/MMIP/week5/quiz1/data/query/bird/00022.png,bird,3,/home/emily/MMIP/week5/quiz1/data/gallery/truck/00545.png,truck,0.812642
/home/emily/MMIP/week5/quiz1/data/query/bird/00022.png,bird,4,/home/emily/MMIP/week5/quiz1/data/gallery/frog/00826.png,frog,0.807261
/home/emily/MMIP/week5/quiz1/data/query/bird/00022.png,bird,5,/home/emily/MMIP/week5/quiz1/data/gallery/frog/00807.png,frog,0.803444
/home/emily/MMIP/week5/quiz1/data/query/bird/00023.png,bird,1,/home/emily/MMIP/week5/quiz1/data/gallery/frog/00878.png,frog,0.843895
/home/emily/MMIP/week5/quiz1/data/query/bird/00023.png,bird,2,/home/emily/MMIP/week5/quiz1/data/gallery/horse/00618.png,horse,0.843252
/home/emily/MMIP/week5/quiz1/data/query/bird/00023.png,bird,3,/home/emily/MMIP/week5/quiz1/data/gallery/frog/00418.png,frog,0.830193
/home/emily/MMIP/week5/quiz1/data/query/bird/00023.png,bird,4,/home/emily/MMIP/week5/quiz1/data/gallery/bird/00627.png,bird,0.829900
/home/emily/MMIP/week5/quiz1/data/query/bird/00023.png,bird,5,/home/emily/MMIP/week5/quiz1/data/gallery/dog/00337.png,dog,0.827458
/home/emily/MMIP/week5/quiz1/data/query/bird/00024.png,bird,1,/home/emily/MMIP/week5/quiz1/data/gallery/horse/00749.png,horse,0.847780
/home/emily/MMIP/week5/quiz1/data/query/bird/00024.png,bird,2,/home/emily/MMIP/week5/quiz1/data/gallery/bird/00849.png,bird,0.842627
/home/emily/MMIP/week5/quiz1/data/query/bird/00024.png,bird,3,/home/emily/MMIP/week5/quiz1/data/gallery/dog/00173.png,dog,0.840494
/home/emily/MMIP/week5/quiz1/data/query/bird/00024.png,bird,4,/home/emily/MMIP/week5/quiz1/data/gallery/frog/00709.png,frog,0.834105
/home/emily/MMIP/week5/quiz1/data/query/bird/00024.png,bird,5,/home/emily/MMIP/week5/quiz1/data/gallery/deer/00638.png,deer,0.833938
/home/emily/MMIP/week5/quiz1/data/query/bird/00025.png,bird,1,/home/emily/MMIP/week5/quiz1/data/gallery/bird/00619.png,bird,0.852017
/home/emily/MMIP/week5/quiz1/data/query/bird/00025.png,bird,2,/home/emily/MMIP/week5/quiz1/data/gallery/bird/00293.png,bird,0.851506
/home/emily/MMIP/week5/quiz1/data/query/bird/00025.png,bird,3,/home/emily/MMIP/week5/quiz1/data/gallery/bird/00686.png,bird,0.849520
/home/emily/MMIP/week5/quiz1/data/query/bird/00025.png,bird,4,/home/emily/MMIP/week5/quiz1/data/gallery/bird/00568.png,bird,0.843526
/home/emily/MMIP/week5/quiz1/data/query/bird/00025.png,bird,5,/home/emily/MMIP/week5/quiz1/data/gallery/bird/00405.png,bird,0.841230
/home/emily/MMIP/week5/quiz1/data/query/bird/00026.png,bird,1,/home/emily/MMIP/week5/quiz1/data/gallery/bird/00819.png,bird,0.854495
/home/emily/MMIP/week5/quiz1/data/query/bird/00026.png,bird,2,/home/emily/MMIP/week5/quiz1/data/gallery/bird/00295.png,bird,0.852277
/home/emily/MMIP/week5/quiz1/data/query/bird/00026.png,bird,3,/home/emily/MMIP/week5/quiz1/data/gallery/bird/00438.png,bird,0.843909
/home/emily/MMIP/week5/quiz1/data/query/bird/00026.png,bird,4,/home/emily/MMIP/week5/quiz1/data/gallery/bird/00297.png,bird,0.839468
/home/emily/MMIP/week5/quiz1/data/query/bird/00026.png,bird,5,/home/emily/MMIP/week5/quiz1/data/gallery/bird/00121.png,bird,0.838103
/home/emily/MMIP/week5/quiz1/data/query/bird/00027.png,bird,1,/home/emily/MMIP/week5/quiz1/data/gallery/bird/00405.png,bird,0.848723
/home/emily/MMIP/week5/quiz1/data/query/bird/00027.png,bird,2,/home/emily/MMIP/week5/quiz1/data/gallery/bird/00875.png,bird,0.829981
/home/emily/MMIP/week5/quiz1/data/query/bird/00027.png,bird,3,/home/emily/MMIP/week5/quiz1/data/gallery/bird/00891.png,bird,0.824792
/home/emily/MMIP/week5/quiz1/data/query/bird/00027.png,bird,4,/home/emily/MMIP/week5/quiz1/data/gallery/horse/00150.png,horse,0.821152
/home/emily/MMIP/week5/quiz1/data/query/bird/00027.png,bird,5,/home/emily/MMIP/week5/quiz1/data/gallery/bird/00108.png,bird,0.813656
/home/emily/MMIP/week5/quiz1/data/query/bird/00028.png,bird,1,/home/emily/MMIP/week5/quiz1/data/gallery/bird/00021.png,bird,0.831157
/home/emily/MMIP/week5/quiz1/data/query/bird/00028.png,bird,2,/home/emily/MMIP/week5/quiz1/data/gallery/frog/00831.png,frog,0.825614
/home/emily/MMIP/week5/quiz1/data/query/bird/00028.png,bird,3,/home/emily/MMIP/week5/quiz1/data/gallery/deer/00395.png,deer,0.824247
/home/emily/MMIP/week5/quiz1/data/query/bird/00028.png,bird,4,/home/emily/MMIP/week5/quiz1/data/gallery/frog/00093.png,frog,0.823737
/home/emily/MMIP/week5/quiz1/data/query/bird/00028.png,bird,5,/home/emily/MMIP/week5/quiz1/data/gallery/frog/00307.png,frog,0.820147
/home/emily/MMIP/week5/quiz1/data/query/bird/00029.png,bird,1,/home/emily/MMIP/week5/quiz1/data/gallery/frog/00878.png,frog,0.838994
/home/emily/MMIP/week5/quiz1/data/query/bird/00029.png,bird,2,/home/emily/MMIP/week5/quiz1/data/gallery/deer/00715.png,deer,0.832094
/home/emily/MMIP/week5/quiz1/data/query/bird/00029.png,bird,3,/home/emily/MMIP/week5/quiz1/data/gallery/deer/00373.png,deer,0.826946
/home/emily/MMIP/week5/quiz1/data/query/bird/00029.png,bird,4,/home/emily/MMIP/week5/quiz1/data/gallery/horse/00694.png,horse,0.826762
/home/emily/MMIP/week5/quiz1/data/query/bird/00029.png,bird,5,/home/emily/MMIP/week5/quiz1/data/gallery/bird/00283.png,bird,0.826530
/home/emily/MMIP/week5/quiz1/data/query/bird/00030.png,bird,1,/home/emily/MMIP/week5/quiz1/data/gallery/frog/00477.png,frog,0.799825
/home/emily/MMIP/week5/quiz1/data/query/bird/00030.png,bird,2,/home/emily/MMIP/week5/quiz1/data/gallery/frog/00865.png,frog,0.793876
/home/emily/MMIP/week5/quiz1/data/query/bird/00030.png,bird,3,/home/emily/MMIP/week5/quiz1/data/gallery/frog/00190.png,frog,0.792482
/home/emily/MMIP/week5/quiz1/data/query/bird/00030.png,bird,4,/home/emily/MMIP/week5/quiz1/data/gallery/frog/00874.png,frog,0.792036
/home/emily/MMIP/week5/quiz1/data/query/bird/00030.png,bird,5,/home/emily/MMIP/week5/quiz1/data/gallery/frog/00228.png,frog,0.784309
/home/emily/MMIP/week5/quiz1/data/query/bird/00031.png,bird,1,/home/emily/MMIP/week5/quiz1/data/gallery/bird/00626.png,bird,0.948633
/home/emily/MMIP/week5/quiz1/data/query/bird/00031.png,bird,2,/home/emily/MMIP/week5/quiz1/data/gallery/bird/00625.png,bird,0.902040
/home/emily/MMIP/week5/quiz1/data/query/bird/00031.png,bird,3,/home/emily/MMIP/week5/quiz1/data/gallery/airplane/00974.png,airplane,0.862515
/home/emily/MMIP/week5/quiz1/data/query/bird/00031.png,bird,4,/home/emily/MMIP/week5/quiz1/data/gallery/bird/00541.png,bird,0.854909
/home/emily/MMIP/week5/quiz1/data/query/bird/00031.png,bird,5,/home/emily/MMIP/week5/quiz1/data/gallery/airplane/00930.png,airplane,0.846442
/home/emily/MMIP/week5/quiz1/data/query/bird/00032.png,bird,1,/home/emily/MMIP/week5/quiz1/data/gallery/bird/00222.png,bird,0.841429
/home/emily/MMIP/week5/quiz1/data/query/bird/00032.png,bird,2,/home/emily/MMIP/week5/quiz1/data/gallery/bird/00837.png,bird,0.833666
/home/emily/MMIP/week5/quiz1/data/query/bird/00032.png,bird,3,/home/emily/MMIP/week5/quiz1/data/gallery/airplane/00181.png,airplane,0.827338
/home/emily/MMIP/week5/quiz1/data/query/bird/00032.png,bird,4,/home/emily/MMIP/week5/quiz1/data/gallery/bird/00555.png,bird,0.827290
/home/emily/MMIP/week5/quiz1/data/query/bird/00032.png,bird,5,/home/emily/MMIP/week5/quiz1/data/gallery/bird/00764.png,bird,0.825966
/home/emily/MMIP/week5/quiz1/data/query/bird/00033.png,bird,1,/home/emily/MMIP/week5/quiz1/data/gallery/deer/00316.png,deer,0.842629
/home/emily/MMIP/week5/quiz1/data/query/bird/00033.png,bird,2,/home/emily/MMIP/week5/quiz1/data/gallery/cat/00506.png,cat,0.841234
/home/emily/MMIP/week5/quiz1/data/query/bird/00033.png,bird,3,/home/emily/MMIP/week5/quiz1/data/gallery/frog/00564.png,frog,0.838289
/home/emily/MMIP/week5/quiz1/data/query/bird/00033.png,bird,4,/home/emily/MMIP/week5/quiz1/data/gallery/cat/00089.png,cat,0.831810
/home/emily/MMIP/week5/quiz1/data/query/bird/00033.png,bird,5,/home/emily/MMIP/week5/quiz1/data/gallery/frog/00191.png,frog,0.830605
/home/emily/MMIP/week5/quiz1/data/query/bird/00034.png,bird,1,/home/emily/MMIP/week5/quiz1/data/gallery/bird/00143.png,bird,0.821128
/home/emily/MMIP/week5/quiz1/data/query/bird/00034.png,bird,2,/home/emily/MMIP/week5/quiz1/data/gallery/bird/00482.png,bird,0.819479
/home/emily/MMIP/week5/quiz1/data/query/bird/00034.png,bird,3,/home/emily/MMIP/week5/quiz1/data/gallery/dog/00174.png,dog,0.817819
/home/emily/MMIP/week5/quiz1/data/query/bird/00034.png,bird,4,/home/emily/MMIP/week5/quiz1/data/gallery/dog/00978.png,dog,0.817116
/home/emily/MMIP/week5/quiz1/data/query/bird/00034.png,bird,5,/home/emily/MMIP/week5/quiz1/data/gallery/bird/00943.png,bird,0.816366
/home/emily/MMIP/week5/quiz1/data/query/bird/00035.png,bird,1,/home/emily/MMIP/week5/quiz1/data/gallery/bird/00539.png,bird,0.822439
/home/emily/MMIP/week5/quiz1/data/query/bird/00035.png,bird,2,/home/emily/MMIP/week5/quiz1/data/gallery/frog/00622.png,frog,0.813513
/home/emily/MMIP/week5/quiz1/data/query/bird/00035.png,bird,3,/home/emily/MMIP/week5/quiz1/data/gallery/bird/00061.png,bird,0.809955
/home/emily/MMIP/week5/quiz1/data/query/bird/00035.png,bird,4,/home/emily/MMIP/week5/quiz1/data/gallery/bird/00003.png,bird,0.808623
/home/emily/MMIP/week5/quiz1/data/query/bird/00035.png,bird,5,/home/emily/MMIP/week5/quiz1/data/gallery/bird/00011.png,bird,0.807418
/home/emily/MMIP/week5/quiz1/data/query/bird/00036.png,bird,1,/home/emily/MMIP/week5/quiz1/data/gallery/cat/00444.png,cat,0.848394
/home/emily/MMIP/week5/quiz1/data/query/bird/00036.png,bird,2,/home/emily/MMIP/week5/quiz1/data/gallery/bird/00524.png,bird,0.848020
/home/emily/MMIP/week5/quiz1/data/query/bird/00036.png,bird,3,/home/emily/MMIP/week5/quiz1/data/gallery/cat/00701.png,cat,0.847224
/home/emily/MMIP/week5/quiz1/data/query/bird/00036.png,bird,4,/home/emily/MMIP/week5/quiz1/data/gallery/bird/00730.png,bird,0.842622
/home/emily/MMIP/week5/quiz1/data/query/bird/00036.png,bird,5,/home/emily/MMIP/week5/quiz1/data/gallery/frog/00659.png,frog,0.836923
/home/emily/MMIP/week5/quiz1/data/query/bird/00037.png,bird,1,/home/emily/MMIP/week5/quiz1/data/gallery/horse/00015.png,horse,0.834806
/home/emily/MMIP/week5/quiz1/data/query/bird/00037.png,bird,2,/home/emily/MMIP/week5/quiz1/data/gallery/bird/00138.png,bird,0.834093
/home/emily/MMIP/week5/quiz1/data/query/bird/00037.png,bird,3,/home/emily/MMIP/week5/quiz1/data/gallery/cat/00976.png,cat,0.826637
/home/emily/MMIP/week5/quiz1/data/query/bird/00037.png,bird,4,/home/emily/MMIP/week5/quiz1/data/gallery/bird/00007.png,bird,0.826090
/home/emily/MMIP/week5/quiz1/data/query/bird/00037.png,bird,5,/home/emily/MMIP/week5/quiz1/data/gallery/bird/00785.png,bird,0.823653
/home/emily/MMIP/week5/quiz1/data/query/bird/00038.png,bird,1,/home/emily/MMIP/week5/quiz1/data/gallery/frog/00857.png,frog,0.838903
/home/emily/MMIP/week5/quiz1/data/query/bird/00038.png,bird,2,/home/emily/MMIP/week5/quiz1/data/gallery/dog/00264.png,dog,0.835934
/home/emily/MMIP/week5/quiz1/data/query/bird/00038.png,bird,3,/home/emily/MMIP/week5/quiz1/data/gallery/dog/00988.png,dog,0.832523
/home/emily/MMIP/week5/quiz1/data/query/bird/00038.png,bird,4,/home/emily/MMIP/week5/quiz1/data/gallery/dog/00006.png,dog,0.826246
/home/emily/MMIP/week5/quiz1/data/query/bird/00038.png,bird,5,/home/emily/MMIP/week5/quiz1/data/gallery/cat/00178.png,cat,0.820002
/home/emily/MMIP/week5/quiz1/data/query/bird/00039.png,bird,1,/home/emily/MMIP/week5/quiz1/data/gallery/airplane/00661.png,airplane,0.851211
/home/emily/MMIP/week5/quiz1/data/query/bird/00039.png,bird,2,/home/emily/MMIP/week5/quiz1/data/gallery/airplane/00311.png,airplane,0.840972
/home/emily/MMIP/week5/quiz1/data/query/bird/00039.png,bird,3,/home/emily/MMIP/week5/quiz1/data/gallery/airplane/00143.png,airplane,0.840849
/home/emily/MMIP/week5/quiz1/data/query/bird/00039.png,bird,4,/home/emily/MMIP/week5/quiz1/data/gallery/bird/00837.png,bird,0.840568
/home/emily/MMIP/week5/quiz1/data/query/bird/00039.png,bird,5,/home/emily/MMIP/week5/quiz1/data/gallery/airplane/00417.png,airplane,0.838180
/home/emily/MMIP/week5/quiz1/data/query/bird/00040.png,bird,1,/home/emily/MMIP/week5/quiz1/data/gallery/bird/00950.png,bird,0.837952
/home/emily/MMIP/week5/quiz1/data/query/bird/00040.png,bird,2,/home/emily/MMIP/week5/quiz1/data/gallery/deer/00661.png,deer,0.833105
/home/emily/MMIP/week5/quiz1/data/query/bird/00040.png,bird,3,/home/emily/MMIP/week5/quiz1/data/gallery/bird/00842.png,bird,0.829065
/home/emily/MMIP/week5/quiz1/data/query/bird/00040.png,bird,4,/home/emily/MMIP/week5/quiz1/data/gallery/horse/00075.png,horse,0.822828
/home/emily/MMIP/week5/quiz1/data/query/bird/00040.png,bird,5,/home/emily/MMIP/week5/quiz1/data/gallery/deer/00567.png,deer,0.822679
/home/emily/MMIP/week5/quiz1/data/query/bird/00041.png,bird,1,/home/emily/MMIP/week5/quiz1/data/gallery/bird/00046.png,bird,0.834093
/home/emily/MMIP/week5/quiz1/data/query/bird/00041.png,bird,2,/home/emily/MMIP/week5/quiz1/data/gallery/bird/00065.png,bird,0.824348
/home/emily/MMIP/week5/quiz1/data/query/bird/00041.png,bird,3,/home/emily/MMIP/week5/quiz1/data/gallery/bird/00559.png,bird,0.822068
/home/emily/MMIP/week5/quiz1/data/query/bird/00041.png,bird,4,/home/emily/MMIP/week5/quiz1/data/gallery/cat/00301.png,cat,0.818145
/home/emily/MMIP/week5/quiz1/data/query/bird/00041.png,bird,5,/home/emily/MMIP/week5/quiz1/data/gallery/horse/00541.png,horse,0.811592
/home/emily/MMIP/week5/quiz1/data/query/bird/00042.png,bird,1,/home/emily/MMIP/week5/quiz1/data/gallery/bird/00900.png,bird,0.846834
/home/emily/MMIP/week5/quiz1/data/query/bird/00042.png,bird,2,/home/emily/MMIP/week5/quiz1/data/gallery/bird/00992.png,bird,0.822847
/home/emily/MMIP/week5/quiz1/data/query/bird/00042.png,bird,3,/home/emily/MMIP/week5/quiz1/data/gallery/bird/00911.png,bird,0.821887
/home/emily/MMIP/week5/quiz1/data/query/bird/00042.png,bird,4,/home/emily/MMIP/week5/quiz1/data/gallery/bird/00906.png,bird,0.821446
/home/emily/MMIP/week5/quiz1/data/query/bird/00042.png,bird,5,/home/emily/MMIP/week5/quiz1/data/gallery/bird/00194.png,bird,0.820935
/home/emily/MMIP/week5/quiz1/data/query/bird/00043.png,bird,1,/home/emily/MMIP/week5/quiz1/data/gallery/bird/00220.png,bird,0.859886
/home/emily/MMIP/week5/quiz1/data/query/bird/00043.png,bird,2,/home/emily/MMIP/week5/quiz1/data/gallery/bird/00035.png,bird,0.846085
/home/emily/MMIP/week5/quiz1/data/query/bird/00043.png,bird,3,/home/emily/MMIP/week5/quiz1/data/gallery/bird/00297.png,bird,0.846020
/home/emily/MMIP/week5/quiz1/data/query/bird/00043.png,bird,4,/home/emily/MMIP/week5/quiz1/data/gallery/bird/00775.png,bird,0.825761
/home/emily/MMIP/week5/quiz1/data/query/bird/00043.png,bird,5,/home/emily/MMIP/week5/quiz1/data/gallery/bird/00395.png,bird,0.822043
/home/emily/MMIP/week5/quiz1/data/query/bird/00044.png,bird,1,/home/emily/MMIP/week5/quiz1/data/gallery/bird/00951.png,bird,0.844822
/home/emily/MMIP/week5/quiz1/data/query/bird/00044.png,bird,2,/home/emily/MMIP/week5/quiz1/data/gallery/bird/00269.png,bird,0.843938
/home/emily/MMIP/week5/quiz1/data/query/bird/00044.png,bird,3,/home/emily/MMIP/week5/quiz1/data/gallery/bird/00770.png,bird,0.841052
/home/emily/MMIP/week5/quiz1/data/query/bird/00044.png,bird,4,/home/emily/MMIP/week5/quiz1/data/gallery/bird/00155.png,bird,0.827697
/home/emily/MMIP/week5/quiz1/data/query/bird/00044.png,bird,5,/home/emily/MMIP/week5/quiz1/data/gallery/bird/00369.png,bird,0.823692
/home/emily/MMIP/week5/quiz1/data/query/bird/00045.png,bird,1,/home/emily/MMIP/week5/quiz1/data/gallery/bird/00156.png,bird,0.831686
/home/emily/MMIP/week5/quiz1/data/query/bird/00045.png,bird,2,/home/emily/MMIP/week5/quiz1/data/gallery/deer/00135.png,deer,0.818064
/home/emily/MMIP/week5/quiz1/data/query/bird/00045.png,bird,3,/home/emily/MMIP/week5/quiz1/data/gallery/bird/00554.png,bird,0.814751
/home/emily/MMIP/week5/quiz1/data/query/bird/00045.png,bird,4,/home/emily/MMIP/week5/quiz1/data/gallery/dog/00815.png,dog,0.814556
/home/emily/MMIP/week5/quiz1/data/query/bird/00045.png,bird,5,/home/emily/MMIP/week5/quiz1/data/gallery/cat/00612.png,cat,0.811689
/home/emily/MMIP/week5/quiz1/data/query/bird/00046.png,bird,1,/home/emily/MMIP/week5/quiz1/data/gallery/bird/00637.png,bird,0.860237
/home/emily/MMIP/week5/quiz1/data/query/bird/00046.png,bird,2,/home/emily/MMIP/week5/quiz1/data/gallery/bird/00340.png,bird,0.858552
/home/emily/MMIP/week5/quiz1/data/query/bird/00046.png,bird,3,/home/emily/MMIP/week5/quiz1/data/gallery/bird/00504.png,bird,0.855102
/home/emily/MMIP/week5/quiz1/data/query/bird/00046.png,bird,4,/home/emily/MMIP/week5/quiz1/data/gallery/bird/00583.png,bird,0.850984
/home/emily/MMIP/week5/quiz1/data/query/bird/00046.png,bird,5,/home/emily/MMIP/week5/quiz1/data/gallery/bird/00755.png,bird,0.849252
/home/emily/MMIP/week5/quiz1/data/query/bird/00047.png,bird,1,/home/emily/MMIP/week5/quiz1/data/gallery/bird/00999.png,bird,0.895772
/home/emily/MMIP/week5/quiz1/data/query/bird/00047.png,bird,2,/home/emily/MMIP/week5/quiz1/data/gallery/airplane/00930.png,airplane,0.886329
/home/emily/MMIP/week5/quiz1/data/query/bird/00047.png,bird,3,/home/emily/MMIP/week5/quiz1/data/gallery/airplane/00850.png,airplane,0.872756
/home/emily/MMIP/week5/quiz1/data/query/bird/00047.png,bird,4,/home/emily/MMIP/week5/quiz1/data/gallery/airplane/00139.png,airplane,0.867539
/home/emily/MMIP/week5/quiz1/data/query/bird/00047.png,bird,5,/home/emily/MMIP/week5/quiz1/data/gallery/airplane/00302.png,airplane,0.866204
/home/emily/MMIP/week5/quiz1/data/query/bird/00048.png,bird,1,/home/emily/MMIP/week5/quiz1/data/gallery/bird/00107.png,bird,0.870875
/home/emily/MMIP/week5/quiz1/data/query/bird/00048.png,bird,2,/home/emily/MMIP/week5/quiz1/data/gallery/bird/00415.png,bird,0.858166
/home/emily/MMIP/week5/quiz1/data/query/bird/00048.png,bird,3,/home/emily/MMIP/week5/quiz1/data/gallery/bird/00598.png,bird,0.852015
/home/emily/MMIP/week5/quiz1/data/query/bird/00048.png,bird,4,/home/emily/MMIP/week5/quiz1/data/gallery/bird/00331.png,bird,0.844225
/home/emily/MMIP/week5/quiz1/data/query/bird/00048.png,bird,5,/home/emily/MMIP/week5/quiz1/data/gallery/bird/00388.png,bird,0.841786
/home/emily/MMIP/week5/quiz1/data/query/bird/00049.png,bird,1,/home/emily/MMIP/week5/quiz1/data/gallery/horse/00637.png,horse,0.807102
/home/emily/MMIP/week5/quiz1/data/query/bird/00049.png,bird,2,/home/emily/MMIP/week5/quiz1/data/gallery/bird/00169.png,bird,0.800257
/home/emily/MMIP/week5/quiz1/data/query/bird/00049.png,bird,3,/home/emily/MMIP/week5/quiz1/data/gallery/bird/00961.png,bird,0.795981
/home/emily/MMIP/week5/quiz1/data/query/bird/00049.png,bird,4,/home/emily/MMIP/week5/quiz1/data/gallery/bird/00932.png,bird,0.795263
/home/emily/MMIP/week5/quiz1/data/query/bird/00049.png,bird,5,/home/emily/MMIP/week5/quiz1/data/gallery/cat/00923.png,cat,0.794060
/home/emily/MMIP/week5/quiz1/data/query/bird/00050.png,bird,1,/home/emily/MMIP/week5/quiz1/data/gallery/bird/00980.png,bird,0.879386
/home/emily/MMIP/week5/quiz1/data/query/bird/00050.png,bird,2,/home/emily/MMIP/week5/quiz1/data/gallery/bird/00202.png,bird,0.874240
/home/emily/MMIP/week5/quiz1/data/query/bird/00050.png,bird,3,/home/emily/MMIP/week5/quiz1/data/gallery/bird/00235.png,bird,0.868351
/home/emily/MMIP/week5/quiz1/data/query/bird/00050.png,bird,4,/home/emily/MMIP/week5/quiz1/data/gallery/bird/00456.png,bird,0.860015
/home/emily/MMIP/week5/quiz1/data/query/bird/00050.png,bird,5,/home/emily/MMIP/week5/quiz1/data/gallery/bird/00289.png,bird,0.855413
/home/emily/MMIP/week5/quiz1/data/query/bird/00051.png,bird,1,/home/emily/MMIP/week5/quiz1/data/gallery/bird/00306.png,bird,0.863138
/home/emily/MMIP/week5/quiz1/data/query/bird/00051.png,bird,2,/home/emily/MMIP/week5/quiz1/data/gallery/frog/00116.png,frog,0.849428
/home/emily/MMIP/week5/quiz1/data/query/bird/00051.png,bird,3,/home/emily/MMIP/week5/quiz1/data/gallery/bird/00592.png,bird,0.846025
/home/emily/MMIP/week5/quiz1/data/query/bird/00051.png,bird,4,/home/emily/MMIP/week5/quiz1/data/gallery/frog/00106.png,frog,0.843650
/home/emily/MMIP/week5/quiz1/data/query/bird/00051.png,bird,5,/home/emily/MMIP/week5/quiz1/data/gallery/bird/00471.png,bird,0.841072
/home/emily/MMIP/week5/quiz1/data/query/bird/00052.png,bird,1,/home/emily/MMIP/week5/quiz1/data/gallery/bird/00917.png,bird,0.852748
/home/emily/MMIP/week5/quiz1/data/query/bird/00052.png,bird,2,/home/emily/MMIP/week5/quiz1/data/gallery/bird/00443.png,bird,0.849603
/home/emily/MMIP/week5/quiz1/data/query/bird/00052.png,bird,3,/home/emily/MMIP/week5/quiz1/data/gallery/bird/00115.png,bird,0.846152
/home/emily/MMIP/week5/quiz1/data/query/bird/00052.png,bird,4,/home/emily/MMIP/week5/quiz1/data/gallery/bird/00425.png,bird,0.841664
/home/emily/MMIP/week5/quiz1/data/query/bird/00052.png,bird,5,/home/emily/MMIP/week5/quiz1/data/gallery/bird/00111.png,bird,0.838102
/home/emily/MMIP/week5/quiz1/data/query/bird/00053.png,bird,1,/home/emily/MMIP/week5/quiz1/data/gallery/bird/00665.png,bird,0.849961
/home/emily/MMIP/week5/quiz1/data/query/bird/00053.png,bird,2,/home/emily/MMIP/week5/quiz1/data/gallery/bird/00848.png,bird,0.849606
/home/emily/MMIP/week5/quiz1/data/query/bird/00053.png,bird,3,/home/emily/MMIP/week5/quiz1/data/gallery/bird/00222.png,bird,0.848245
/home/emily/MMIP/week5/quiz1/data/query/bird/00053.png,bird,4,/home/emily/MMIP/week5/quiz1/data/gallery/bird/00928.png,bird,0.840463
/home/emily/MMIP/week5/quiz1/data/query/bird/00053.png,bird,5,/home/emily/MMIP/week5/quiz1/data/gallery/bird/00761.png,bird,0.839935
/home/emily/MMIP/week5/quiz1/data/query/bird/00054.png,bird,1,/home/emily/MMIP/week5/quiz1/data/gallery/deer/00260.png,deer,0.861776
/home/emily/MMIP/week5/quiz1/data/query/bird/00054.png,bird,2,/home/emily/MMIP/week5/quiz1/data/gallery/bird/00658.png,bird,0.838856
/home/emily/MMIP/week5/quiz1/data/query/bird/00054.png,bird,3,/home/emily/MMIP/week5/quiz1/data/gallery/dog/00264.png,dog,0.838850
/home/emily/MMIP/week5/quiz1/data/query/bird/00054.png,bird,4,/home/emily/MMIP/week5/quiz1/data/gallery/deer/00704.png,deer,0.836719
/home/emily/MMIP/week5/quiz1/data/query/bird/00054.png,bird,5,/home/emily/MMIP/week5/quiz1/data/gallery/frog/00254.png,frog,0.835785
/home/emily/MMIP/week5/quiz1/data/query/bird/00055.png,bird,1,/home/emily/MMIP/week5/quiz1/data/gallery/bird/00267.png,bird,0.878777
/home/emily/MMIP/week5/quiz1/data/query/bird/00055.png,bird,2,/home/emily/MMIP/week5/quiz1/data/gallery/deer/00848.png,deer,0.876165
/home/emily/MMIP/week5/quiz1/data/query/bird/00055.png,bird,3,/home/emily/MMIP/week5/quiz1/data/gallery/deer/00159.png,deer,0.872949
/home/emily/MMIP/week5/quiz1/data/query/bird/00055.png,bird,4,/home/emily/MMIP/week5/quiz1/data/gallery/bird/00147.png,bird,0.869731
/home/emily/MMIP/week5/quiz1/data/query/bird/00055.png,bird,5,/home/emily/MMIP/week5/quiz1/data/gallery/horse/00067.png,horse,0.868831
/home/emily/MMIP/week5/quiz1/data/query/bird/00056.png,bird,1,/home/emily/MMIP/week5/quiz1/data/gallery/frog/00163.png,frog,0.843596
/home/emily/MMIP/week5/quiz1/data/query/bird/00056.png,bird,2,/home/emily/MMIP/week5/quiz1/data/gallery/bird/00751.png,bird,0.834834
/home/emily/MMIP/week5/quiz1/data/query/bird/00056.png,bird,3,/home/emily/MMIP/week5/quiz1/data/gallery/bird/00550.png,bird,0.833881
/home/emily/MMIP/week5/quiz1/data/query/bird/00056.png,bird,4,/home/emily/MMIP/week5/quiz1/data/gallery/frog/00805.png,frog,0.833424
/home/emily/MMIP/week5/quiz1/data/query/bird/00056.png,bird,5,/home/emily/MMIP/week5/quiz1/data/gallery/frog/00188.png,frog,0.831746
/home/emily/MMIP/week5/quiz1/data/query/bird/00057.png,bird,1,/home/emily/MMIP/week5/quiz1/data/gallery/bird/00105.png,bird,0.834638
/home/emily/MMIP/week5/quiz1/data/query/bird/00057.png,bird,2,/home/emily/MMIP/week5/quiz1/data/gallery/bird/00054.png,bird,0.834197
/home/emily/MMIP/week5/quiz1/data/query/bird/00057.png,bird,3,/home/emily/MMIP/week5/quiz1/data/gallery/bird/00093.png,bird,0.832095
/home/emily/MMIP/week5/quiz1/data/query/bird/00057.png,bird,4,/home/emily/MMIP/week5/quiz1/data/gallery/bird/00563.png,bird,0.831439
/home/emily/MMIP/week5/quiz1/data/query/bird/00057.png,bird,5,/home/emily/MMIP/week5/quiz1/data/gallery/bird/00414.png,bird,0.829804
/home/emily/MMIP/week5/quiz1/data/query/bird/00058.png,bird,1,/home/emily/MMIP/week5/quiz1/data/gallery/bird/00113.png,bird,0.856598
/home/emily/MMIP/week5/quiz1/data/query/bird/00058.png,bird,2,/home/emily/MMIP/week5/quiz1/data/gallery/bird/00098.png,bird,0.838620
/home/emily/MMIP/week5/quiz1/data/query/bird/00058.png,bird,3,/home/emily/MMIP/week5/quiz1/data/gallery/bird/00523.png,bird,0.834697
/home/emily/MMIP/week5/quiz1/data/query/bird/00058.png,bird,4,/home/emily/MMIP/week5/quiz1/data/gallery/bird/00755.png,bird,0.828225
/home/emily/MMIP/week5/quiz1/data/query/bird/00058.png,bird,5,/home/emily/MMIP/week5/quiz1/data/gallery/bird/00848.png,bird,0.827969
/home/emily/MMIP/week5/quiz1/data/query/bird/00059.png,bird,1,/home/emily/MMIP/week5/quiz1/data/gallery/horse/00067.png,horse,0.825014
/home/emily/MMIP/week5/quiz1/data/query/bird/00059.png,bird,2,/home/emily/MMIP/week5/quiz1/data/gallery/cat/00101.png,cat,0.814338
/home/emily/MMIP/week5/quiz1/data/query/bird/00059.png,bird,3,/home/emily/MMIP/week5/quiz1/data/gallery/deer/00580.png,deer,0.810952
/home/emily/MMIP/week5/quiz1/data/query/bird/00059.png,bird,4,/home/emily/MMIP/week5/quiz1/data/gallery/bird/00216.png,bird,0.808001
/home/emily/MMIP/week5/quiz1/data/query/bird/00059.png,bird,5,/home/emily/MMIP/week5/quiz1/data/gallery/bird/00402.png,bird,0.807758
/home/emily/MMIP/week5/quiz1/data/query/bird/00060.png,bird,1,/home/emily/MMIP/week5/quiz1/data/gallery/bird/00348.png,bird,0.813872
/home/emily/MMIP/week5/quiz1/data/query/bird/00060.png,bird,2,/home/emily/MMIP/week5/quiz1/data/gallery/bird/00759.png,bird,0.811003
/home/emily/MMIP/week5/quiz1/data/query/bird/00060.png,bird,3,/home/emily/MMIP/week5/quiz1/data/gallery/bird/00478.png,bird,0.807882
/home/emily/MMIP/week5/quiz1/data/query/bird/00060.png,bird,4,/home/emily/MMIP/week5/quiz1/data/gallery/bird/00701.png,bird,0.807382
/home/emily/MMIP/week5/quiz1/data/query/bird/00060.png,bird,5,/home/emily/MMIP/week5/quiz1/data/gallery/bird/00796.png,bird,0.806140
/home/emily/MMIP/week5/quiz1/data/query/bird/00061.png,bird,1,/home/emily/MMIP/week5/quiz1/data/gallery/bird/00277.png,bird,0.885986
/home/emily/MMIP/week5/quiz1/data/query/bird/00061.png,bird,2,/home/emily/MMIP/week5/quiz1/data/gallery/bird/00036.png,bird,0.856387
/home/emily/MMIP/week5/quiz1/data/query/bird/00061.png,bird,3,/home/emily/MMIP/week5/quiz1/data/gallery/bird/00006.png,bird,0.817303
/home/emily/MMIP/week5/quiz1/data/query/bird/00061.png,bird,4,/home/emily/MMIP/week5/quiz1/data/gallery/deer/00362.png,deer,0.814500
/home/emily/MMIP/week5/quiz1/data/query/bird/00061.png,bird,5,/home/emily/MMIP/week5/quiz1/data/gallery/bird/00428.png,bird,0.813844
/home/emily/MMIP/week5/quiz1/data/query/bird/00062.png,bird,1,/home/emily/MMIP/week5/quiz1/data/gallery/deer/00122.png,deer,0.819446
/home/emily/MMIP/week5/quiz1/data/query/bird/00062.png,bird,2,/home/emily/MMIP/week5/quiz1/data/gallery/deer/00038.png,deer,0.819395
/home/emily/MMIP/week5/quiz1/data/query/bird/00062.png,bird,3,/home/emily/MMIP/week5/quiz1/data/gallery/bird/00585.png,bird,0.815267
/home/emily/MMIP/week5/quiz1/data/query/bird/00062.png,bird,4,/home/emily/MMIP/week5/quiz1/data/gallery/truck/00664.png,truck,0.813354
/home/emily/MMIP/week5/quiz1/data/query/bird/00062.png,bird,5,/home/emily/MMIP/week5/quiz1/data/gallery/deer/00812.png,deer,0.812631
/home/emily/MMIP/week5/quiz1/data/query/bird/00063.png,bird,1,/home/emily/MMIP/week5/quiz1/data/gallery/airplane/00399.png,airplane,0.819275
/home/emily/MMIP/week5/quiz1/data/query/bird/00063.png,bird,2,/home/emily/MMIP/week5/quiz1/data/gallery/bird/00518.png,bird,0.815152
/home/emily/MMIP/week5/quiz1/data/query/bird/00063.png,bird,3,/home/emily/MMIP/week5/quiz1/data/gallery/horse/00389.png,horse,0.814473
/home/emily/MMIP/week5/quiz1/data/query/bird/00063.png,bird,4,/home/emily/MMIP/week5/quiz1/data/gallery/ship/00104.png,ship,0.812271
/home/emily/MMIP/week5/quiz1/data/query/bird/00063.png,bird,5,/home/emily/MMIP/week5/quiz1/data/gallery/horse/00787.png,horse,0.806848
/home/emily/MMIP/week5/quiz1/data/query/bird/00064.png,bird,1,/home/emily/MMIP/week5/quiz1/data/gallery/bird/00761.png,bird,0.863580
/home/emily/MMIP/week5/quiz1/data/query/bird/00064.png,bird,2,/home/emily/MMIP/week5/quiz1/data/gallery/bird/00555.png,bird,0.852401
/home/emily/MMIP/week5/quiz1/data/query/bird/00064.png,bird,3,/home/emily/MMIP/week5/quiz1/data/gallery/bird/00261.png,bird,0.850951
/home/emily/MMIP/week5/quiz1/data/query/bird/00064.png,bird,4,/home/emily/MMIP/week5/quiz1/data/gallery/bird/00766.png,bird,0.842044
/home/emily/MMIP/week5/quiz1/data/query/bird/00064.png,bird,5,/home/emily/MMIP/week5/quiz1/data/gallery/bird/00698.png,bird,0.841034
/home/emily/MMIP/week5/quiz1/data/query/bird/00065.png,bird,1,/home/emily/MMIP/week5/quiz1/data/gallery/airplane/00243.png,airplane,0.847135
/home/emily/MMIP/week5/quiz1/data/query/bird/00065.png,bird,2,/home/emily/MMIP/week5/quiz1/data/gallery/airplane/00977.png,airplane,0.834901
/home/emily/MMIP/week5/quiz1/data/query/bird/00065.png,bird,3,/home/emily/MMIP/week5/quiz1/data/gallery/airplane/00028.png,airplane,0.820988
/home/emily/MMIP/week5/quiz1/data/query/bird/00065.png,bird,4,/home/emily/MMIP/week5/quiz1/data/gallery/airplane/00281.png,airplane,0.813711
/home/emily/MMIP/week5/quiz1/data/query/bird/00065.png,bird,5,/home/emily/MMIP/week5/quiz1/data/gallery/cat/00015.png,cat,0.812519
/home/emily/MMIP/week5/quiz1/data/query/bird/00066.png,bird,1,/home/emily/MMIP/week5/quiz1/data/gallery/cat/00141.png,cat,0.828419
/home/emily/MMIP/week5/quiz1/data/query/bird/00066.png,bird,2,/home/emily/MMIP/week5/quiz1/data/gallery/cat/00174.png,cat,0.811143
/home/emily/MMIP/week5/quiz1/data/query/bird/00066.png,bird,3,/home/emily/MMIP/week5/quiz1/data/gallery/cat/00436.png,cat,0.810234
/home/emily/MMIP/week5/quiz1/data/query/bird/00066.png,bird,4,/home/emily/MMIP/week5/quiz1/data/gallery/cat/00534.png,cat,0.807870
/home/emily/MMIP/week5/quiz1/data/query/bird/00066.png,bird,5,/home/emily/MMIP/week5/quiz1/data/gallery/bird/00579.png,bird,0.805340
/home/emily/MMIP/week5/quiz1/data/query/bird/00067.png,bird,1,/home/emily/MMIP/week5/quiz1/data/gallery/bird/00024.png,bird,0.849025
/home/emily/MMIP/week5/quiz1/data/query/bird/00067.png,bird,2,/home/emily/MMIP/week5/quiz1/data/gallery/dog/00454.png,dog,0.816426
/home/emily/MMIP/week5/quiz1/data/query/bird/00067.png,bird,3,/home/emily/MMIP/week5/quiz1/data/gallery/bird/00900.png,bird,0.809103
/home/emily/MMIP/week5/quiz1/data/query/bird/00067.png,bird,4,/home/emily/MMIP/week5/quiz1/data/gallery/bird/00723.png,bird,0.808682
/home/emily/MMIP/week5/quiz1/data/query/bird/00067.png,bird,5,/home/emily/MMIP/week5/quiz1/data/gallery/bird/00091.png,bird,0.807245
/home/emily/MMIP/week5/quiz1/data/query/bird/00068.png,bird,1,/home/emily/MMIP/week5/quiz1/data/gallery/bird/00064.png,bird,0.862142
/home/emily/MMIP/week5/quiz1/data/query/bird/00068.png,bird,2,/home/emily/MMIP/week5/quiz1/data/gallery/bird/00912.png,bird,0.839442
/home/emily/MMIP/week5/quiz1/data/query/bird/00068.png,bird,3,/home/emily/MMIP/week5/quiz1/data/gallery/bird/00979.png,bird,0.836035
/home/emily/MMIP/week5/quiz1/data/query/bird/00068.png,bird,4,/home/emily/MMIP/week5/quiz1/data/gallery/bird/00762.png,bird,0.832752
/home/emily/MMIP/week5/quiz1/data/query/bird/00068.png,bird,5,/home/emily/MMIP/week5/quiz1/data/gallery/bird/00817.png,bird,0.830649
/home/emily/MMIP/week5/quiz1/data/query/bird/00069.png,bird,1,/home/emily/MMIP/week5/quiz1/data/gallery/airplane/00332.png,airplane,0.855494
/home/emily/MMIP/week5/quiz1/data/query/bird/00069.png,bird,2,/home/emily/MMIP/week5/quiz1/data/gallery/bird/00850.png,bird,0.851982
/home/emily/MMIP/week5/quiz1/data/query/bird/00069.png,bird,3,/home/emily/MMIP/week5/quiz1/data/gallery/ship/00287.png,ship,0.842284
/home/emily/MMIP/week5/quiz1/data/query/bird/00069.png,bird,4,/home/emily/MMIP/week5/quiz1/data/gallery/ship/00562.png,ship,0.839627
/home/emily/MMIP/week5/quiz1/data/query/bird/00069.png,bird,5,/home/emily/MMIP/week5/quiz1/data/gallery/horse/00866.png,horse,0.839572
/home/emily/MMIP/week5/quiz1/data/query/bird/00070.png,bird,1,/home/emily/MMIP/week5/quiz1/data/gallery/airplane/00338.png,airplane,0.838146
/home/emily/MMIP/week5/quiz1/data/query/bird/00070.png,bird,2,/home/emily/MMIP/week5/quiz1/data/gallery/airplane/00782.png,airplane,0.829154
/home/emily/MMIP/week5/quiz1/data/query/bird/00070.png,bird,3,/home/emily/MMIP/week5/quiz1/data/gallery/bird/00617.png,bird,0.808152
/home/emily/MMIP/week5/quiz1/data/query/bird/00070.png,bird,4,/home/emily/MMIP/week5/quiz1/data/gallery/airplane/00521.png,airplane,0.788078
/home/emily/MMIP/week5/quiz1/data/query/bird/00070.png,bird,5,/home/emily/MMIP/week5/quiz1/data/gallery/airplane/00573.png,airplane,0.787305
/home/emily/MMIP/week5/quiz1/data/query/bird/00071.png,bird,1,/home/emily/MMIP/week5/quiz1/data/gallery/bird/00721.png,bird,0.862038
/home/emily/MMIP/week5/quiz1/data/query/bird/00071.png,bird,2,/home/emily/MMIP/week5/quiz1/data/gallery/bird/00278.png,bird,0.836697
/home/emily/MMIP/week5/quiz1/data/query/bird/00071.png,bird,3,/home/emily/MMIP/week5/quiz1/data/gallery/bird/00792.png,bird,0.822043
/home/emily/MMIP/week5/quiz1/data/query/bird/00071.png,bird,4,/home/emily/MMIP/week5/quiz1/data/gallery/bird/00438.png,bird,0.819194
/home/emily/MMIP/week5/quiz1/data/query/bird/00071.png,bird,5,/home/emily/MMIP/week5/quiz1/data/gallery/bird/00207.png,bird,0.817402
/home/emily/MMIP/week5/quiz1/data/query/bird/00072.png,bird,1,/home/emily/MMIP/week5/quiz1/data/gallery/bird/00220.png,bird,0.858283
/home/emily/MMIP/week5/quiz1/data/query/bird/00072.png,bird,2,/home/emily/MMIP/week5/quiz1/data/gallery/bird/00508.png,bird,0.848250
/home/emily/MMIP/week5/quiz1/data/query/bird/00072.png,bird,3,/home/emily/MMIP/week5/quiz1/data/gallery/bird/00540.png,bird,0.846249
/home/emily/MMIP/week5/quiz1/data/query/bird/00072.png,bird,4,/home/emily/MMIP/week5/quiz1/data/gallery/bird/00516.png,bird,0.842482
/home/emily/MMIP/week5/quiz1/data/query/bird/00072.png,bird,5,/home/emily/MMIP/week5/quiz1/data/gallery/bird/00410.png,bird,0.841848
/home/emily/MMIP/week5/quiz1/data/query/bird/00073.png,bird,1,/home/emily/MMIP/week5/quiz1/data/gallery/airplane/00756.png,airplane,0.875589
/home/emily/MMIP/week5/quiz1/data/query/bird/00073.png,bird,2,/home/emily/MMIP/week5/quiz1/data/gallery/airplane/00311.png,airplane,0.873294
/home/emily/MMIP/week5/quiz1/data/query/bird/00073.png,bird,3,/home/emily/MMIP/week5/quiz1/data/gallery/airplane/00307.png,airplane,0.870114
/home/emily/MMIP/week5/quiz1/data/query/bird/00073.png,bird,4,/home/emily/MMIP/week5/quiz1/data/gallery/airplane/00081.png,airplane,0.867629
/home/emily/MMIP/week5/quiz1/data/query/bird/00073.png,bird,5,/home/emily/MMIP/week5/quiz1/data/gallery/airplane/00853.png,airplane,0.866003
/home/emily/MMIP/week5/quiz1/data/query/bird/00074.png,bird,1,/home/emily/MMIP/week5/quiz1/data/gallery/bird/00319.png,bird,0.857348
/home/emily/MMIP/week5/quiz1/data/query/bird/00074.png,bird,2,/home/emily/MMIP/week5/quiz1/data/gallery/bird/00333.png,bird,0.856140
/home/emily/MMIP/week5/quiz1/data/query/bird/00074.png,bird,3,/home/emily/MMIP/week5/quiz1/data/gallery/bird/00717.png,bird,0.853966
/home/emily/MMIP/week5/quiz1/data/query/bird/00074.png,bird,4,/home/emily/MMIP/week5/quiz1/data/gallery/bird/00083.png,bird,0.853668
/home/emily/MMIP/week5/quiz1/data/query/bird/00074.png,bird,5,/home/emily/MMIP/week5/quiz1/data/gallery/bird/00607.png,bird,0.851639
/home/emily/MMIP/week5/quiz1/data/query/bird/00075.png,bird,1,/home/emily/MMIP/week5/quiz1/data/gallery/horse/00177.png,horse,0.843111
/home/emily/MMIP/week5/quiz1/data/query/bird/00075.png,bird,2,/home/emily/MMIP/week5/quiz1/data/gallery/bird/00990.png,bird,0.835614
/home/emily/MMIP/week5/quiz1/data/query/bird/00075.png,bird,3,/home/emily/MMIP/week5/quiz1/data/gallery/bird/00482.png,bird,0.831367
/home/emily/MMIP/week5/quiz1/data/query/bird/00075.png,bird,4,/home/emily/MMIP/week5/quiz1/data/gallery/dog/00450.png,dog,0.829755
/home/emily/MMIP/week5/quiz1/data/query/bird/00075.png,bird,5,/home/emily/MMIP/week5/quiz1/data/gallery/bird/00125.png,bird,0.828155
/home/emily/MMIP/week5/quiz1/data/query/bird/00076.png,bird,1,/home/emily/MMIP/week5/quiz1/data/gallery/bird/00448.png,bird,0.821003
/home/emily/MMIP/week5/quiz1/data/query/bird/00076.png,bird,2,/home/emily/MMIP/week5/quiz1/data/gallery/bird/00663.png,bird,0.820689
/home/emily/MMIP/week5/quiz1/data/query/bird/00076.png,bird,3,/home/emily/MMIP/week5/quiz1/data/gallery/bird/00578.png,bird,0.813385
/home/emily/MMIP/week5/quiz1/data/query/bird/00076.png,bird,4,/home/emily/MMIP/week5/quiz1/data/gallery/frog/00434.png,frog,0.804502
/home/emily/MMIP/week5/quiz1/data/query/bird/00076.png,bird,5,/home/emily/MMIP/week5/quiz1/data/gallery/frog/00100.png,frog,0.803136
/home/emily/MMIP/week5/quiz1/data/query/bird/00077.png,bird,1,/home/emily/MMIP/week5/quiz1/data/gallery/bird/00293.png,bird,0.875584
/home/emily/MMIP/week5/quiz1/data/query/bird/00077.png,bird,2,/home/emily/MMIP/week5/quiz1/data/gallery/bird/00860.png,bird,0.863298
/home/emily/MMIP/week5/quiz1/data/query/bird/00077.png,bird,3,/home/emily/MMIP/week5/quiz1/data/gallery/bird/00747.png,bird,0.861261
/home/emily/MMIP/week5/quiz1/data/query/bird/00077.png,bird,4,/home/emily/MMIP/week5/quiz1/data/gallery/bird/00553.png,bird,0.855148
/home/emily/MMIP/week5/quiz1/data/query/bird/00077.png,bird,5,/home/emily/MMIP/week5/quiz1/data/gallery/bird/00686.png,bird,0.852993
/home/emily/MMIP/week5/quiz1/data/query/bird/00078.png,bird,1,/home/emily/MMIP/week5/quiz1/data/gallery/deer/00814.png,deer,0.870166
/home/emily/MMIP/week5/quiz1/data/query/bird/00078.png,bird,2,/home/emily/MMIP/week5/quiz1/data/gallery/deer/00757.png,deer,0.864652
/home/emily/MMIP/week5/quiz1/data/query/bird/00078.png,bird,3,/home/emily/MMIP/week5/quiz1/data/gallery/deer/00848.png,deer,0.852954
/home/emily/MMIP/week5/quiz1/data/query/bird/00078.png,bird,4,/home/emily/MMIP/week5/quiz1/data/gallery/deer/00133.png,deer,0.852585
/home/emily/MMIP/week5/quiz1/data/query/bird/00078.png,bird,5,/home/emily/MMIP/week5/quiz1/data/gallery/cat/00916.png,cat,0.852278
/home/emily/MMIP/week5/quiz1/data/query/bird/00079.png,bird,1,/home/emily/MMIP/week5/quiz1/data/gallery/bird/00423.png,bird,0.840919
/home/emily/MMIP/week5/quiz1/data/query/bird/00079.png,bird,2,/home/emily/MMIP/week5/quiz1/data/gallery/bird/00211.png,bird,0.840496
/home/emily/MMIP/week5/quiz1/data/query/bird/00079.png,bird,3,/home/emily/MMIP/week5/quiz1/data/gallery/bird/00534.png,bird,0.838741
/home/emily/MMIP/week5/quiz1/data/query/bird/00079.png,bird,4,/home/emily/MMIP/week5/quiz1/data/gallery/bird/00284.png,bird,0.838364
/home/emily/MMIP/week5/quiz1/data/query/bird/00079.png,bird,5,/home/emily/MMIP/week5/quiz1/data/gallery/cat/00033.png,cat,0.834385
/home/emily/MMIP/week5/quiz1/data/query/bird/00080.png,bird,1,/home/emily/MMIP/week5/quiz1/data/gallery/bird/00582.png,bird,0.831230
/home/emily/MMIP/week5/quiz1/data/query/bird/00080.png,bird,2,/home/emily/MMIP/week5/quiz1/data/gallery/deer/00027.png,deer,0.822889
/home/emily/MMIP/week5/quiz1/data/query/bird/00080.png,bird,3,/home/emily/MMIP/week5/quiz1/data/gallery/bird/00313.png,bird,0.814809
/home/emily/MMIP/week5/quiz1/data/query/bird/00080.png,bird,4,/home/emily/MMIP/week5/quiz1/data/gallery/bird/00732.png,bird,0.811930
/home/emily/MMIP/week5/quiz1/data/query/bird/00080.png,bird,5,/home/emily/MMIP/week5/quiz1/data/gallery/bird/00465.png,bird,0.811346
/home/emily/MMIP/week5/quiz1/data/query/bird/00081.png,bird,1,/home/emily/MMIP/week5/quiz1/data/gallery/bird/00319.png,bird,0.860724
/home/emily/MMIP/week5/quiz1/data/query/bird/00081.png,bird,2,/home/emily/MMIP/week5/quiz1/data/gallery/bird/00993.png,bird,0.858517
/home/emily/MMIP/week5/quiz1/data/query/bird/00081.png,bird,3,/home/emily/MMIP/week5/quiz1/data/gallery/bird/00989.png,bird,0.856636
/home/emily/MMIP/week5/quiz1/data/query/bird/00081.png,bird,4,/home/emily/MMIP/week5/quiz1/data/gallery/bird/00840.png,bird,0.855274
/home/emily/MMIP/week5/quiz1/data/query/bird/00081.png,bird,5,/home/emily/MMIP/week5/quiz1/data/gallery/bird/00498.png,bird,0.853868
/home/emily/MMIP/week5/quiz1/data/query/bird/00082.png,bird,1,/home/emily/MMIP/week5/quiz1/data/gallery/bird/00540.png,bird,0.862780
/home/emily/MMIP/week5/quiz1/data/query/bird/00082.png,bird,2,/home/emily/MMIP/week5/quiz1/data/gallery/bird/00699.png,bird,0.849707
/home/emily/MMIP/week5/quiz1/data/query/bird/00082.png,bird,3,/home/emily/MMIP/week5/quiz1/data/gallery/bird/00508.png,bird,0.842088
/home/emily/MMIP/week5/quiz1/data/query/bird/00082.png,bird,4,/home/emily/MMIP/week5/quiz1/data/gallery/bird/00065.png,bird,0.836246
/home/emily/MMIP/week5/quiz1/data/query/bird/00082.png,bird,5,/home/emily/MMIP/week5/quiz1/data/gallery/bird/00202.png,bird,0.834516
/home/emily/MMIP/week5/quiz1/data/query/bird/00083.png,bird,1,/home/emily/MMIP/week5/quiz1/data/gallery/bird/00279.png,bird,0.884549
/home/emily/MMIP/week5/quiz1/data/query/bird/00083.png,bird,2,/home/emily/MMIP/week5/quiz1/data/gallery/frog/00106.png,frog,0.874359
/home/emily/MMIP/week5/quiz1/data/query/bird/00083.png,bird,3,/home/emily/MMIP/week5/quiz1/data/gallery/frog/00003.png,frog,0.851811
/home/emily/MMIP/week5/quiz1/data/query/bird/00083.png,bird,4,/home/emily/MMIP/week5/quiz1/data/gallery/bird/00014.png,bird,0.850700
/home/emily/MMIP/week5/quiz1/data/query/bird/00083.png,bird,5,/home/emily/MMIP/week5/quiz1/data/gallery/bird/00306.png,bird,0.845016
/home/emily/MMIP/week5/quiz1/data/query/bird/00084.png,bird,1,/home/emily/MMIP/week5/quiz1/data/gallery/bird/00823.png,bird,0.848991
/home/emily/MMIP/week5/quiz1/data/query/bird/00084.png,bird,2,/home/emily/MMIP/week5/quiz1/data/gallery/cat/00894.png,cat,0.841391
/home/emily/MMIP/week5/quiz1/data/query/bird/00084.png,bird,3,/home/emily/MMIP/week5/quiz1/data/gallery/deer/00575.png,deer,0.840977
/home/emily/MMIP/week5/quiz1/data/query/bird/00084.png,bird,4,/home/emily/MMIP/week5/quiz1/data/gallery/horse/00079.png,horse,0.839809
/home/emily/MMIP/week5/quiz1/data/query/bird/00084.png,bird,5,/home/emily/MMIP/week5/quiz1/data/gallery/dog/00794.png,dog,0.831780
/home/emily/MMIP/week5/quiz1/data/query/bird/00085.png,bird,1,/home/emily/MMIP/week5/quiz1/data/gallery/bird/00892.png,bird,0.861893
/home/emily/MMIP/week5/quiz1/data/query/bird/00085.png,bird,2,/home/emily/MMIP/week5/quiz1/data/gallery/deer/00603.png,deer,0.859156
/home/emily/MMIP/week5/quiz1/data/query/bird/00085.png,bird,3,/home/emily/MMIP/week5/quiz1/data/gallery/bird/00856.png,bird,0.856163
/home/emily/MMIP/week5/quiz1/data/query/bird/00085.png,bird,4,/home/emily/MMIP/week5/quiz1/data/gallery/deer/00392.png,deer,0.856079
/home/emily/MMIP/week5/quiz1/data/query/bird/00085.png,bird,5,/home/emily/MMIP/week5/quiz1/data/gallery/deer/00279.png,deer,0.854297
/home/emily/MMIP/week5/quiz1/data/query/bird/00086.png,bird,1,/home/emily/MMIP/week5/quiz1/data/gallery/bird/00261.png,bird,0.919347
/home/emily/MMIP/week5/quiz1/data/query/bird/00086.png,bird,2,/home/emily/MMIP/week5/quiz1/data/gallery/bird/00694.png,bird,0.880887
/home/emily/MMIP/week5/quiz1/data/query/bird/00086.png,bird,3,/home/emily/MMIP/week5/quiz1/data/gallery/bird/00603.png,bird,0.851386
/home/emily/MMIP/week5/quiz1/data/query/bird/00086.png,bird,4,/home/emily/MMIP/week5/quiz1/data/gallery/bird/00838.png,bird,0.845364
/home/emily/MMIP/week5/quiz1/data/query/bird/00086.png,bird,5,/home/emily/MMIP/week5/quiz1/data/gallery/bird/00766.png,bird,0.839970
/home/emily/MMIP/week5/quiz1/data/query/bird/00087.png,bird,1,/home/emily/MMIP/week5/quiz1/data/gallery/dog/00396.png,dog,0.850690
/home/emily/MMIP/week5/quiz1/data/query/bird/00087.png,bird,2,/home/emily/MMIP/week5/quiz1/data/gallery/bird/00718.png,bird,0.842862
/home/emily/MMIP/week5/quiz1/data/query/bird/00087.png,bird,3,/home/emily/MMIP/week5/quiz1/data/gallery/bird/00313.png,bird,0.841844
/home/emily/MMIP/week5/quiz1/data/query/bird/00087.png,bird,4,/home/emily/MMIP/week5/quiz1/data/gallery/bird/00040.png,bird,0.837385
/home/emily/MMIP/week5/quiz1/data/query/bird/00087.png,bird,5,/home/emily/MMIP/week5/quiz1/data/gallery/bird/00295.png,bird,0.835642
/home/emily/MMIP/week5/quiz1/data/query/bird/00088.png,bird,1,/home/emily/MMIP/week5/quiz1/data/gallery/bird/00583.png,bird,0.861568
/home/emily/MMIP/week5/quiz1/data/query/bird/00088.png,bird,2,/home/emily/MMIP/week5/quiz1/data/gallery/bird/00716.png,bird,0.854715
/home/emily/MMIP/week5/quiz1/data/query/bird/00088.png,bird,3,/home/emily/MMIP/week5/quiz1/data/gallery/bird/00489.png,bird,0.854406
/home/emily/MMIP/week5/quiz1/data/query/bird/00088.png,bird,4,/home/emily/MMIP/week5/quiz1/data/gallery/bird/00840.png,bird,0.851868
/home/emily/MMIP/week5/quiz1/data/query/bird/00088.png,bird,5,/home/emily/MMIP/week5/quiz1/data/gallery/bird/00123.png,bird,0.849831
/home/emily/MMIP/week5/quiz1/data/query/bird/00089.png,bird,1,/home/emily/MMIP/week5/quiz1/data/gallery/bird/00254.png,bird,0.854628
/home/emily/MMIP/week5/quiz1/data/query/bird/00089.png,bird,2,/home/emily/MMIP/week5/quiz1/data/gallery/bird/00998.png,bird,0.849885
/home/emily/MMIP/week5/quiz1/data/query/bird/00089.png,bird,3,/home/emily/MMIP/week5/quiz1/data/gallery/bird/00662.png,bird,0.846822
/home/emily/MMIP/week5/quiz1/data/query/bird/00089.png,bird,4,/home/emily/MMIP/week5/quiz1/data/gallery/bird/00135.png,bird,0.846506
/home/emily/MMIP/week5/quiz1/data/query/bird/00089.png,bird,5,/home/emily/MMIP/week5/quiz1/data/gallery/bird/00055.png,bird,0.843768
/home/emily/MMIP/week5/quiz1/data/query/bird/00090.png,bird,1,/home/emily/MMIP/week5/quiz1/data/gallery/bird/00114.png,bird,0.917064
/home/emily/MMIP/week5/quiz1/data/query/bird/00090.png,bird,2,/home/emily/MMIP/week5/quiz1/data/gallery/bird/00891.png,bird,0.861132
/home/emily/MMIP/week5/quiz1/data/query/bird/00090.png,bird,3,/home/emily/MMIP/week5/quiz1/data/gallery/bird/00600.png,bird,0.835215
/home/emily/MMIP/week5/quiz1/data/query/bird/00090.png,bird,4,/home/emily/MMIP/week5/quiz1/data/gallery/bird/00876.png,bird,0.825308
/home/emily/MMIP/week5/quiz1/data/query/bird/00090.png,bird,5,/home/emily/MMIP/week5/quiz1/data/gallery/bird/00672.png,bird,0.817126
/home/emily/MMIP/week5/quiz1/data/query/bird/00091.png,bird,1,/home/emily/MMIP/week5/quiz1/data/gallery/dog/00507.png,dog,0.827940
/home/emily/MMIP/week5/quiz1/data/query/bird/00091.png,bird,2,/home/emily/MMIP/week5/quiz1/data/gallery/dog/00297.png,dog,0.823239
/home/emily/MMIP/week5/quiz1/data/query/bird/00091.png,bird,3,/home/emily/MMIP/week5/quiz1/data/gallery/cat/00545.png,cat,0.817851
/home/emily/MMIP/week5/quiz1/data/query/bird/00091.png,bird,4,/home/emily/MMIP/week5/quiz1/data/gallery/frog/00720.png,frog,0.815890
/home/emily/MMIP/week5/quiz1/data/query/bird/00091.png,bird,5,/home/emily/MMIP/week5/quiz1/data/gallery/cat/00737.png,cat,0.815812
/home/emily/MMIP/week5/quiz1/data/query/bird/00092.png,bird,1,/home/emily/MMIP/week5/quiz1/data/gallery/cat/00341.png,cat,0.825639
/home/emily/MMIP/week5/quiz1/data/query/bird/00092.png,bird,2,/home/emily/MMIP/week5/quiz1/data/gallery/bird/00473.png,bird,0.825538
/home/emily/MMIP/week5/quiz1/data/query/bird/00092.png,bird,3,/home/emily/MMIP/week5/quiz1/data/gallery/bird/00565.png,bird,0.823535
/home/emily/MMIP/week5/quiz1/data/query/bird/00092.png,bird,4,/home/emily/MMIP/week5/quiz1/data/gallery/cat/00461.png,cat,0.822369
/home/emily/MMIP/week5/quiz1/data/query/bird/00092.png,bird,5,/home/emily/MMIP/week5/quiz1/data/gallery/deer/00803.png,deer,0.816707
/home/emily/MMIP/week5/quiz1/data/query/bird/00093.png,bird,1,/home/emily/MMIP/week5/quiz1/data/gallery/bird/00434.png,bird,0.854831
/home/emily/MMIP/week5/quiz1/data/query/bird/00093.png,bird,2,/home/emily/MMIP/week5/quiz1/data/gallery/bird/00055.png,bird,0.847107
/home/emily/MMIP/week5/quiz1/data/query/bird/00093.png,bird,3,/home/emily/MMIP/week5/quiz1/data/gallery/bird/00045.png,bird,0.844360
/home/emily/MMIP/week5/quiz1/data/query/bird/00093.png,bird,4,/home/emily/MMIP/week5/quiz1/data/gallery/bird/00633.png,bird,0.843850
/home/emily/MMIP/week5/quiz1/data/query/bird/00093.png,bird,5,/home/emily/MMIP/week5/quiz1/data/gallery/horse/00079.png,horse,0.843631
/home/emily/MMIP/week5/quiz1/data/query/bird/00094.png,bird,1,/home/emily/MMIP/week5/quiz1/data/gallery/bird/00461.png,bird,0.817997
/home/emily/MMIP/week5/quiz1/data/query/bird/00094.png,bird,2,/home/emily/MMIP/week5/quiz1/data/gallery/deer/00647.png,deer,0.804259
/home/emily/MMIP/week5/quiz1/data/query/bird/00094.png,bird,3,/home/emily/MMIP/week5/quiz1/data/gallery/bird/00427.png,bird,0.801278
/home/emily/MMIP/week5/quiz1/data/query/bird/00094.png,bird,4,/home/emily/MMIP/week5/quiz1/data/gallery/deer/00210.png,deer,0.797402
/home/emily/MMIP/week5/quiz1/data/query/bird/00094.png,bird,5,/home/emily/MMIP/week5/quiz1/data/gallery/bird/00755.png,bird,0.794330
/home/emily/MMIP/week5/quiz1/data/query/bird/00095.png,bird,1,/home/emily/MMIP/week5/quiz1/data/gallery/bird/00272.png,bird,0.850067
/home/emily/MMIP/week5/quiz1/data/query/bird/00095.png,bird,2,/home/emily/MMIP/week5/quiz1/data/gallery/bird/00851.png,bird,0.846462
/home/emily/MMIP/week5/quiz1/data/query/bird/00095.png,bird,3,/home/emily/MMIP/week5/quiz1/data/gallery/bird/00054.png,bird,0.841744
/home/emily/MMIP/week5/quiz1/data/query/bird/00095.png,bird,4,/home/emily/MMIP/week5/quiz1/data/gallery/bird/00194.png,bird,0.838542
/home/emily/MMIP/week5/quiz1/data/query/bird/00095.png,bird,5,/home/emily/MMIP/week5/quiz1/data/gallery/bird/00298.png,bird,0.833279
/home/emily/MMIP/week5/quiz1/data/query/bird/00096.png,bird,1,/home/emily/MMIP/week5/quiz1/data/gallery/bird/00891.png,bird,0.913383
/home/emily/MMIP/week5/quiz1/data/query/bird/00096.png,bird,2,/home/emily/MMIP/week5/quiz1/data/gallery/bird/00114.png,bird,0.889287
/home/emily/MMIP/week5/quiz1/data/query/bird/00096.png,bird,3,/home/emily/MMIP/week5/quiz1/data/gallery/bird/00876.png,bird,0.840776
/home/emily/MMIP/week5/quiz1/data/query/bird/00096.png,bird,4,/home/emily/MMIP/week5/quiz1/data/gallery/bird/00697.png,bird,0.832560
/home/emily/MMIP/week5/quiz1/data/query/bird/00096.png,bird,5,/home/emily/MMIP/week5/quiz1/data/gallery/bird/00816.png,bird,0.830147
/home/emily/MMIP/week5/quiz1/data/query/bird/00097.png,bird,1,/home/emily/MMIP/week5/quiz1/data/gallery/deer/00466.png,deer,0.858667
/home/emily/MMIP/week5/quiz1/data/query/bird/00097.png,bird,2,/home/emily/MMIP/week5/quiz1/data/gallery/frog/00099.png,frog,0.853009
/home/emily/MMIP/week5/quiz1/data/query/bird/00097.png,bird,3,/home/emily/MMIP/week5/quiz1/data/gallery/frog/00066.png,frog,0.850448
/home/emily/MMIP/week5/quiz1/data/query/bird/00097.png,bird,4,/home/emily/MMIP/week5/quiz1/data/gallery/cat/00430.png,cat,0.840323
/home/emily/MMIP/week5/quiz1/data/query/bird/00097.png,bird,5,/home/emily/MMIP/week5/quiz1/data/gallery/frog/00435.png,frog,0.837840
/home/emily/MMIP/week5/quiz1/data/query/bird/00098.png,bird,1,/home/emily/MMIP/week5/quiz1/data/gallery/bird/00114.png,bird,0.853954
/home/emily/MMIP/week5/quiz1/data/query/bird/00098.png,bird,2,/home/emily/MMIP/week5/quiz1/data/gallery/bird/00860.png,bird,0.852434
/home/emily/MMIP/week5/quiz1/data/query/bird/00098.png,bird,3,/home/emily/MMIP/week5/quiz1/data/gallery/bird/00194.png,bird,0.851314
/home/emily/MMIP/week5/quiz1/data/query/bird/00098.png,bird,4,/home/emily/MMIP/week5/quiz1/data/gallery/bird/00774.png,bird,0.846420
/home/emily/MMIP/week5/quiz1/data/query/bird/00098.png,bird,5,/home/emily/MMIP/week5/quiz1/data/gallery/bird/00956.png,bird,0.842505
/home/emily/MMIP/week5/quiz1/data/query/bird/00099.png,bird,1,/home/emily/MMIP/week5/quiz1/data/gallery/airplane/00644.png,airplane,0.807161
/home/emily/MMIP/week5/quiz1/data/query/bird/00099.png,bird,2,/home/emily/MMIP/week5/quiz1/data/gallery/bird/00674.png,bird,0.804734
/home/emily/MMIP/week5/quiz1/data/query/bird/00099.png,bird,3,/home/emily/MMIP/week5/quiz1/data/gallery/ship/00778.png,ship,0.803486
/home/emily/MMIP/week5/quiz1/data/query/bird/00099.png,bird,4,/home/emily/MMIP/week5/quiz1/data/gallery/frog/00821.png,frog,0.799790
/home/emily/MMIP/week5/quiz1/data/query/bird/00099.png,bird,5,/home/emily/MMIP/week5/quiz1/data/gallery/automobile/00977.png,automobile,0.797962
/home/emily/MMIP/week5/quiz1/data/query/cat/00000.png,cat,1,/home/emily/MMIP/week5/quiz1/data/gallery/cat/00386.png,cat,0.874933
/home/emily/MMIP/week5/quiz1/data/query/cat/00000.png,cat,2,/home/emily/MMIP/week5/quiz1/data/gallery/cat/00849.png,cat,0.851731
/home/emily/MMIP/week5/quiz1/data/query/cat/00000.png,cat,3,/home/emily/MMIP/week5/quiz1/data/gallery/cat/00926.png,cat,0.850961
/home/emily/MMIP/week5/quiz1/data/query/cat/00000.png,cat,4,/home/emily/MMIP/week5/quiz1/data/gallery/cat/00052.png,cat,0.850502
/home/emily/MMIP/week5/quiz1/data/query/cat/00000.png,cat,5,/home/emily/MMIP/week5/quiz1/data/gallery/cat/00879.png,cat,0.845104
/home/emily/MMIP/week5/quiz1/data/query/cat/00001.png,cat,1,/home/emily/MMIP/week5/quiz1/data/gallery/cat/00925.png,cat,0.857133
/home/emily/MMIP/week5/quiz1/data/query/cat/00001.png,cat,2,/home/emily/MMIP/week5/quiz1/data/gallery/cat/00420.png,cat,0.852262
/home/emily/MMIP/week5/quiz1/data/query/cat/00001.png,cat,3,/home/emily/MMIP/week5/quiz1/data/gallery/cat/00174.png,cat,0.851285
/home/emily/MMIP/week5/quiz1/data/query/cat/00001.png,cat,4,/home/emily/MMIP/week5/quiz1/data/gallery/cat/00592.png,cat,0.850177
/home/emily/MMIP/week5/quiz1/data/query/cat/00001.png,cat,5,/home/emily/MMIP/week5/quiz1/data/gallery/cat/00250.png,cat,0.844530
/home/emily/MMIP/week5/quiz1/data/query/cat/00002.png,cat,1,/home/emily/MMIP/week5/quiz1/data/gallery/dog/00631.png,dog,0.861069
/home/emily/MMIP/week5/quiz1/data/query/cat/00002.png,cat,2,/home/emily/MMIP/week5/quiz1/data/gallery/cat/00122.png,cat,0.845986
/home/emily/MMIP/week5/quiz1/data/query/cat/00002.png,cat,3,/home/emily/MMIP/week5/quiz1/data/gallery/dog/00380.png,dog,0.843294
/home/emily/MMIP/week5/quiz1/data/query/cat/00002.png,cat,4,/home/emily/MMIP/week5/quiz1/data/gallery/dog/00918.png,dog,0.841402
/home/emily/MMIP/week5/quiz1/data/query/cat/00002.png,cat,5,/home/emily/MMIP/week5/quiz1/data/gallery/dog/00433.png,dog,0.835898
/home/emily/MMIP/week5/quiz1/data/query/cat/00003.png,cat,1,/home/emily/MMIP/week5/quiz1/data/gallery/cat/00420.png,cat,0.862707
/home/emily/MMIP/week5/quiz1/data/query/cat/00003.png,cat,2,/home/emily/MMIP/week5/quiz1/data/gallery/cat/00393.png,cat,0.856802
/home/emily/MMIP/week5/quiz1/data/query/cat/00003.png,cat,3,/home/emily/MMIP/week5/quiz1/data/gallery/cat/00062.png,cat,0.845694
/home/emily/MMIP/week5/quiz1/data/query/cat/00003.png,cat,4,/home/emily/MMIP/week5/quiz1/data/gallery/cat/00227.png,cat,0.844903
/home/emily/MMIP/week5/quiz1/data/query/cat/00003.png,cat,5,/home/emily/MMIP/week5/quiz1/data/gallery/cat/00115.png,cat,0.838505
/home/emily/MMIP/week5/quiz1/data/query/cat/00004.png,cat,1,/home/emily/MMIP/week5/quiz1/data/gallery/bird/00111.png,bird,0.856264
/home/emily/MMIP/week5/quiz1/data/query/cat/00004.png,cat,2,/home/emily/MMIP/week5/quiz1/data/gallery/frog/00744.png,frog,0.854327
/home/emily/MMIP/week5/quiz1/data/query/cat/00004.png,cat,3,/home/emily/MMIP/week5/quiz1/data/gallery/frog/00453.png,frog,0.852979
/home/emily/MMIP/week5/quiz1/data/query/cat/00004.png,cat,4,/home/emily/MMIP/week5/quiz1/data/gallery/frog/00350.png,frog,0.852348
/home/emily/MMIP/week5/quiz1/data/query/cat/00004.png,cat,5,/home/emily/MMIP/week5/quiz1/data/gallery/cat/00258.png,cat,0.850426
/home/emily/MMIP/week5/quiz1/data/query/cat/00005.png,cat,1,/home/emily/MMIP/week5/quiz1/data/gallery/ship/00386.png,ship,0.835906
/home/emily/MMIP/week5/quiz1/data/query/cat/00005.png,cat,2,/home/emily/MMIP/week5/quiz1/data/gallery/cat/00164.png,cat,0.825975
/home/emily/MMIP/week5/quiz1/data/query/cat/00005.png,cat,3,/home/emily/MMIP/week5/quiz1/data/gallery/ship/00920.png,ship,0.825424
/home/emily/MMIP/week5/quiz1/data/query/cat/00005.png,cat,4,/home/emily/MMIP/week5/quiz1/data/gallery/cat/00898.png,cat,0.821956
/home/emily/MMIP/week5/quiz1/data/query/cat/00005.png,cat,5,/home/emily/MMIP/week5/quiz1/data/gallery/cat/00887.png,cat,0.821593
/home/emily/MMIP/week5/quiz1/data/query/cat/00006.png,cat,1,/home/emily/MMIP/week5/quiz1/data/gallery/cat/00070.png,cat,0.857092
/home/emily/MMIP/week5/quiz1/data/query/cat/00006.png,cat,2,/home/emily/MMIP/week5/quiz1/data/gallery/frog/00195.png,frog,0.853077
/home/emily/MMIP/week5/quiz1/data/query/cat/00006.png,cat,3,/home/emily/MMIP/week5/quiz1/data/gallery/deer/00341.png,deer,0.852373
/home/emily/MMIP/week5/quiz1/data/query/cat/00006.png,cat,4,/home/emily/MMIP/week5/quiz1/data/gallery/horse/00905.png,horse,0.852312
/home/emily/MMIP/week5/quiz1/data/query/cat/00006.png,cat,5,/home/emily/MMIP/week5/quiz1/data/gallery/frog/00396.png,frog,0.848676
/home/emily/MMIP/week5/quiz1/data/query/cat/00007.png,cat,1,/home/emily/MMIP/week5/quiz1/data/gallery/cat/00416.png,cat,0.845201
/home/emily/MMIP/week5/quiz1/data/query/cat/00007.png,cat,2,/home/emily/MMIP/week5/quiz1/data/gallery/cat/00540.png,cat,0.838391
/home/emily/MMIP/week5/quiz1/data/query/cat/00007.png,cat,3,/home/emily/MMIP/week5/quiz1/data/gallery/cat/00687.png,cat,0.836482
/home/emily/MMIP/week5/quiz1/data/query/cat/00007.png,cat,4,/home/emily/MMIP/week5/quiz1/data/gallery/dog/00618.png,dog,0.831898
/home/emily/MMIP/week5/quiz1/data/query/cat/00007.png,cat,5,/home/emily/MMIP/week5/quiz1/data/gallery/dog/00096.png,dog,0.824124
/home/emily/MMIP/week5/quiz1/data/query/cat/00008.png,cat,1,/home/emily/MMIP/week5/quiz1/data/gallery/dog/00488.png,dog,0.839279
/home/emily/MMIP/week5/quiz1/data/query/cat/00008.png,cat,2,/home/emily/MMIP/week5/quiz1/data/gallery/dog/00574.png,dog,0.836283
/home/emily/MMIP/week5/quiz1/data/query/cat/00008.png,cat,3,/home/emily/MMIP/week5/quiz1/data/gallery/horse/00075.png,horse,0.832229
/home/emily/MMIP/week5/quiz1/data/query/cat/00008.png,cat,4,/home/emily/MMIP/week5/quiz1/data/gallery/dog/00399.png,dog,0.827372
/home/emily/MMIP/week5/quiz1/data/query/cat/00008.png,cat,5,/home/emily/MMIP/week5/quiz1/data/gallery/horse/00737.png,horse,0.826917
/home/emily/MMIP/week5/quiz1/data/query/cat/00009.png,cat,1,/home/emily/MMIP/week5/quiz1/data/gallery/cat/00250.png,cat,0.844609
/home/emily/MMIP/week5/quiz1/data/query/cat/00009.png,cat,2,/home/emily/MMIP/week5/quiz1/data/gallery/cat/00404.png,cat,0.832126
/home/emily/MMIP/week5/quiz1/data/query/cat/00009.png,cat,3,/home/emily/MMIP/week5/quiz1/data/gallery/dog/00470.png,dog,0.823416
/home/emily/MMIP/week5/quiz1/data/query/cat/00009.png,cat,4,/home/emily/MMIP/week5/quiz1/data/gallery/cat/00620.png,cat,0.819862
/home/emily/MMIP/week5/quiz1/data/query/cat/00009.png,cat,5,/home/emily/MMIP/week5/quiz1/data/gallery/dog/00139.png,dog,0.819022
/home/emily/MMIP/week5/quiz1/data/query/cat/00010.png,cat,1,/home/emily/MMIP/week5/quiz1/data/gallery/cat/00129.png,cat,0.849003
/home/emily/MMIP/week5/quiz1/data/query/cat/00010.png,cat,2,/home/emily/MMIP/week5/quiz1/data/gallery/cat/00552.png,cat,0.847966
/home/emily/MMIP/week5/quiz1/data/query/cat/00010.png,cat,3,/home/emily/MMIP/week5/quiz1/data/gallery/cat/00592.png,cat,0.840746
/home/emily/MMIP/week5/quiz1/data/query/cat/00010.png,cat,4,/home/emily/MMIP/week5/quiz1/data/gallery/cat/00797.png,cat,0.825464
/home/emily/MMIP/week5/quiz1/data/query/cat/00010.png,cat,5,/home/emily/MMIP/week5/quiz1/data/gallery/dog/00750.png,dog,0.825160
/home/emily/MMIP/week5/quiz1/data/query/cat/00011.png,cat,1,/home/emily/MMIP/week5/quiz1/data/gallery/cat/00524.png,cat,0.846187
/home/emily/MMIP/week5/quiz1/data/query/cat/00011.png,cat,2,/home/emily/MMIP/week5/quiz1/data/gallery/cat/00742.png,cat,0.837384
/home/emily/MMIP/week5/quiz1/data/query/cat/00011.png,cat,3,/home/emily/MMIP/week5/quiz1/data/gallery/frog/00387.png,frog,0.825721
/home/emily/MMIP/week5/quiz1/data/query/cat/00011.png,cat,4,/home/emily/MMIP/week5/quiz1/data/gallery/frog/00034.png,frog,0.820800
/home/emily/MMIP/week5/quiz1/data/query/cat/00011.png,cat,5,/home/emily/MMIP/week5/quiz1/data/gallery/cat/00797.png,cat,0.820562
/home/emily/MMIP/week5/quiz1/data/query/cat/00012.png,cat,1,/home/emily/MMIP/week5/quiz1/data/gallery/cat/00228.png,cat,0.847865
/home/emily/MMIP/week5/quiz1/data/query/cat/00012.png,cat,2,/home/emily/MMIP/week5/quiz1/data/gallery/cat/00907.png,cat,0.846774
/home/emily/MMIP/week5/quiz1/data/query/cat/00012.png,cat,3,/home/emily/MMIP/week5/quiz1/data/gallery/cat/00134.png,cat,0.845710
/home/emily/MMIP/week5/quiz1/data/query/cat/00012.png,cat,4,/home/emily/MMIP/week5/quiz1/data/gallery/cat/00528.png,cat,0.845540
/home/emily/MMIP/week5/quiz1/data/query/cat/00012.png,cat,5,/home/emily/MMIP/week5/quiz1/data/gallery/cat/00796.png,cat,0.845483
/home/emily/MMIP/week5/quiz1/data/query/cat/00013.png,cat,1,/home/emily/MMIP/week5/quiz1/data/gallery/dog/00008.png,dog,0.827097
/home/emily/MMIP/week5/quiz1/data/query/cat/00013.png,cat,2,/home/emily/MMIP/week5/quiz1/data/gallery/horse/00526.png,horse,0.817274
/home/emily/MMIP/week5/quiz1/data/query/cat/00013.png,cat,3,/home/emily/MMIP/week5/quiz1/data/gallery/cat/00158.png,cat,0.816311
/home/emily/MMIP/week5/quiz1/data/query/cat/00013.png,cat,4,/home/emily/MMIP/week5/quiz1/data/gallery/cat/00572.png,cat,0.812846
/home/emily/MMIP/week5/quiz1/data/query/cat/00013.png,cat,5,/home/emily/MMIP/week5/quiz1/data/gallery/dog/00958.png,dog,0.810202
/home/emily/MMIP/week5/quiz1/data/query/cat/00014.png,cat,1,/home/emily/MMIP/week5/quiz1/data/gallery/cat/00927.png,cat,0.855119
/home/emily/MMIP/week5/quiz1/data/query/cat/00014.png,cat,2,/home/emily/MMIP/week5/quiz1/data/gallery/cat/00420.png,cat,0.847903
/home/emily/MMIP/week5/quiz1/data/query/cat/00014.png,cat,3,/home/emily/MMIP/week5/quiz1/data/gallery/deer/00623.png,deer,0.844326
/home/emily/MMIP/week5/quiz1/data/query/cat/00014.png,cat,4,/home/emily/MMIP/week5/quiz1/data/gallery/bird/00188.png,bird,0.844310
/home/emily/MMIP/week5/quiz1/data/query/cat/00014.png,cat,5,/home/emily/MMIP/week5/quiz1/data/gallery/frog/00557.png,frog,0.843027
/home/emily/MMIP/week5/quiz1/data/query/cat/00015.png,cat,1,/home/emily/MMIP/week5/quiz1/data/gallery/cat/00936.png,cat,0.899413
/home/emily/MMIP/week5/quiz1/data/query/cat/00015.png,cat,2,/home/emily/MMIP/week5/quiz1/data/gallery/cat/00971.png,cat,0.877867
/home/emily/MMIP/week5/quiz1/data/query/cat/00015.png,cat,3,/home/emily/MMIP/week5/quiz1/data/gallery/cat/00216.png,cat,0.850905
/home/emily/MMIP/week5/quiz1/data/query/cat/00015.png,cat,4,/home/emily/MMIP/week5/quiz1/data/gallery/cat/00752.png,cat,0.850309
/home/emily/MMIP/week5/quiz1/data/query/cat/00015.png,cat,5,/home/emily/MMIP/week5/quiz1/data/gallery/cat/00096.png,cat,0.843792
/home/emily/MMIP/week5/quiz1/data/query/cat/00016.png,cat,1,/home/emily/MMIP/week5/quiz1/data/gallery/cat/00487.png,cat,0.845167
/home/emily/MMIP/week5/quiz1/data/query/cat/00016.png,cat,2,/home/emily/MMIP/week5/quiz1/data/gallery/frog/00509.png,frog,0.843539
/home/emily/MMIP/week5/quiz1/data/query/cat/00016.png,cat,3,/home/emily/MMIP/week5/quiz1/data/gallery/frog/00043.png,frog,0.823846
/home/emily/MMIP/week5/quiz1/data/query/cat/00016.png,cat,4,/home/emily/MMIP/week5/quiz1/data/gallery/cat/00338.png,cat,0.820814
/home/emily/MMIP/week5/quiz1/data/query/cat/00016.png,cat,5,/home/emily/MMIP/week5/quiz1/data/gallery/cat/00115.png,cat,0.820158
/home/emily/MMIP/week5/quiz1/data/query/cat/00017.png,cat,1,/home/emily/MMIP/week5/quiz1/data/gallery/frog/00720.png,frog,0.852742
/home/emily/MMIP/week5/quiz1/data/query/cat/00017.png,cat,2,/home/emily/MMIP/week5/quiz1/data/gallery/cat/00295.png,cat,0.851582
/home/emily/MMIP/week5/quiz1/data/query/cat/00017.png,cat,3,/home/emily/MMIP/week5/quiz1/data/gallery/horse/00079.png,horse,0.840170
/home/emily/MMIP/week5/quiz1/data/query/cat/00017.png,cat,4,/home/emily/MMIP/week5/quiz1/data/gallery/cat/00872.png,cat,0.840139
/home/emily/MMIP/week5/quiz1/data/query/cat/00017.png,cat,5,/home/emily/MMIP/week5/quiz1/data/gallery/frog/00075.png,frog,0.839042
/home/emily/MMIP/week5/quiz1/data/query/cat/00018.png,cat,1,/home/emily/MMIP/week5/quiz1/data/gallery/cat/00714.png,cat,0.875500
/home/emily/MMIP/week5/quiz1/data/query/cat/00018.png,cat,2,/home/emily/MMIP/week5/quiz1/data/gallery/cat/00536.png,cat,0.870679
/home/emily/MMIP/week5/quiz1/data/query/cat/00018.png,cat,3,/home/emily/MMIP/week5/quiz1/data/gallery/horse/00749.png,horse,0.866805
/home/emily/MMIP/week5/quiz1/data/query/cat/00018.png,cat,4,/home/emily/MMIP/week5/quiz1/data/gallery/cat/00420.png,cat,0.864067
/home/emily/MMIP/week5/quiz1/data/query/cat/00018.png,cat,5,/home/emily/MMIP/week5/quiz1/data/gallery/cat/00832.png,cat,0.856174
/home/emily/MMIP/week5/quiz1/data/query/cat/00019.png,cat,1,/home/emily/MMIP/week5/quiz1/data/gallery/cat/00719.png,cat,0.846489
/home/emily/MMIP/week5/quiz1/data/query/cat/00019.png,cat,2,/home/emily/MMIP/week5/quiz1/data/gallery/cat/00265.png,cat,0.831816
/home/emily/MMIP/week5/quiz1/data/query/cat/00019.png,cat,3,/home/emily/MMIP/week5/quiz1/data/gallery/dog/00348.png,dog,0.829130
/home/emily/MMIP/week5/quiz1/data/query/cat/00019.png,cat,4,/home/emily/MMIP/week5/quiz1/data/gallery/cat/00631.png,cat,0.822975
/home/emily/MMIP/week5/quiz1/data/query/cat/00019.png,cat,5,/home/emily/MMIP/week5/quiz1/data/gallery/cat/00433.png,cat,0.817668
/home/emily/MMIP/week5/quiz1/data/query/cat/00020.png,cat,1,/home/emily/MMIP/week5/quiz1/data/gallery/cat/00894.png,cat,0.877353
/home/emily/MMIP/week5/quiz1/data/query/cat/00020.png,cat,2,/home/emily/MMIP/week5/quiz1/data/gallery/cat/00759.png,cat,0.868106
/home/emily/MMIP/week5/quiz1/data/query/cat/00020.png,cat,3,/home/emily/MMIP/week5/quiz1/data/gallery/cat/00418.png,cat,0.867373
/home/emily/MMIP/week5/quiz1/data/query/cat/00020.png,cat,4,/home/emily/MMIP/week5/quiz1/data/gallery/cat/00634.png,cat,0.866265
/home/emily/MMIP/week5/quiz1/data/query/cat/00020.png,cat,5,/home/emily/MMIP/week5/quiz1/data/gallery/cat/00643.png,cat,0.861522
/home/emily/MMIP/week5/quiz1/data/query/cat/00021.png,cat,1,/home/emily/MMIP/week5/quiz1/data/gallery/cat/00365.png,cat,0.818536
/home/emily/MMIP/week5/quiz1/data/query/cat/00021.png,cat,2,/home/emily/MMIP/week5/quiz1/data/gallery/frog/00862.png,frog,0.818176
/home/emily/MMIP/week5/quiz1/data/query/cat/00021.png,cat,3,/home/emily/MMIP/week5/quiz1/data/gallery/frog/00317.png,frog,0.810975
/home/emily/MMIP/week5/quiz1/data/query/cat/00021.png,cat,4,/home/emily/MMIP/week5/quiz1/data/gallery/frog/00140.png,frog,0.810536
/home/emily/MMIP/week5/quiz1/data/query/cat/00021.png,cat,5,/home/emily/MMIP/week5/quiz1/data/gallery/cat/00799.png,cat,0.809676
/home/emily/MMIP/week5/quiz1/data/query/cat/00022.png,cat,1,/home/emily/MMIP/week5/quiz1/data/gallery/horse/00694.png,horse,0.833009
/home/emily/MMIP/week5/quiz1/data/query/cat/00022.png,cat,2,/home/emily/MMIP/week5/quiz1/data/gallery/cat/00741.png,cat,0.817569
/home/emily/MMIP/week5/quiz1/data/query/cat/00022.png,cat,3,/home/emily/MMIP/week5/quiz1/data/gallery/cat/00706.png,cat,0.812071
/home/emily/MMIP/week5/quiz1/data/query/cat/00022.png,cat,4,/home/emily/MMIP/week5/quiz1/data/gallery/dog/00477.png,dog,0.811317
/home/emily/MMIP/week5/quiz1/data/query/cat/00022.png,cat,5,/home/emily/MMIP/week5/quiz1/data/gallery/dog/00117.png,dog,0.810826
/home/emily/MMIP/week5/quiz1/data/query/cat/00023.png,cat,1,/home/emily/MMIP/week5/quiz1/data/gallery/cat/00634.png,cat,0.882789
/home/emily/MMIP/week5/quiz1/data/query/cat/00023.png,cat,2,/home/emily/MMIP/week5/quiz1/data/gallery/cat/00375.png,cat,0.866522
/home/emily/MMIP/week5/quiz1/data/query/cat/00023.png,cat,3,/home/emily/MMIP/week5/quiz1/data/gallery/dog/00257.png,dog,0.860569
/home/emily/MMIP/week5/quiz1/data/query/cat/00023.png,cat,4,/home/emily/MMIP/week5/quiz1/data/gallery/cat/00643.png,cat,0.858253
/home/emily/MMIP/week5/quiz1/data/query/cat/00023.png,cat,5,/home/emily/MMIP/week5/quiz1/data/gallery/cat/00802.png,cat,0.851215
/home/emily/MMIP/week5/quiz1/data/query/cat/00024.png,cat,1,/home/emily/MMIP/week5/quiz1/data/gallery/cat/00215.png,cat,0.843028
/home/emily/MMIP/week5/quiz1/data/query/cat/00024.png,cat,2,/home/emily/MMIP/week5/quiz1/data/gallery/cat/00550.png,cat,0.832104
/home/emily/MMIP/week5/quiz1/data/query/cat/00024.png,cat,3,/home/emily/MMIP/week5/quiz1/data/gallery/airplane/00172.png,airplane,0.827164
/home/emily/MMIP/week5/quiz1/data/query/cat/00024.png,cat,4,/home/emily/MMIP/week5/quiz1/data/gallery/cat/00263.png,cat,0.822900
/home/emily/MMIP/week5/quiz1/data/query/cat/00024.png,cat,5,/home/emily/MMIP/week5/quiz1/data/gallery/dog/00420.png,dog,0.818433
/home/emily/MMIP/week5/quiz1/data/query/cat/00025.png,cat,1,/home/emily/MMIP/week5/quiz1/data/gallery/cat/00323.png,cat,0.860751
/home/emily/MMIP/week5/quiz1/data/query/cat/00025.png,cat,2,/home/emily/MMIP/week5/quiz1/data/gallery/cat/00972.png,cat,0.836926
/home/emily/MMIP/week5/quiz1/data/query/cat/00025.png,cat,3,/home/emily/MMIP/week5/quiz1/data/gallery/cat/00651.png,cat,0.826521
/home/emily/MMIP/week5/quiz1/data/query/cat/00025.png,cat,4,/home/emily/MMIP/week5/quiz1/data/gallery/dog/00104.png,dog,0.819092
/home/emily/MMIP/week5/quiz1/data/query/cat/00025.png,cat,5,/home/emily/MMIP/week5/quiz1/data/gallery/cat/00128.png,cat,0.817023
/home/emily/MMIP/week5/quiz1/data/query/cat/00026.png,cat,1,/home/emily/MMIP/week5/quiz1/data/gallery/ship/00443.png,ship,0.832991
/home/emily/MMIP/week5/quiz1/data/query/cat/00026.png,cat,2,/home/emily/MMIP/week5/quiz1/data/gallery/cat/00889.png,cat,0.814644
/home/emily/MMIP/week5/quiz1/data/query/cat/00026.png,cat,3,/home/emily/MMIP/week5/quiz1/data/gallery/deer/00115.png,deer,0.814507
/home/emily/MMIP/week5/quiz1/data/query/cat/00026.png,cat,4,/home/emily/MMIP/week5/quiz1/data/gallery/horse/00422.png,horse,0.804493
/home/emily/MMIP/week5/quiz1/data/query/cat/00026.png,cat,5,/home/emily/MMIP/week5/quiz1/data/gallery/bird/00499.png,bird,0.803598
/home/emily/MMIP/week5/quiz1/data/query/cat/00027.png,cat,1,/home/emily/MMIP/week5/quiz1/data/gallery/deer/00635.png,deer,0.856282
/home/emily/MMIP/week5/quiz1/data/query/cat/00027.png,cat,2,/home/emily/MMIP/week5/quiz1/data/gallery/dog/00431.png,dog,0.851068
/home/emily/MMIP/week5/quiz1/data/query/cat/00027.png,cat,3,/home/emily/MMIP/week5/quiz1/data/gallery/frog/00739.png,frog,0.847484
/home/emily/MMIP/week5/quiz1/data/query/cat/00027.png,cat,4,/home/emily/MMIP/week5/quiz1/data/gallery/cat/00341.png,cat,0.844949
/home/emily/MMIP/week5/quiz1/data/query/cat/00027.png,cat,5,/home/emily/MMIP/week5/quiz1/data/gallery/deer/00052.png,deer,0.844436
/home/emily/MMIP/week5/quiz1/data/query/cat/00028.png,cat,1,/home/emily/MMIP/week5/quiz1/data/gallery/cat/00687.png,cat,0.863856
/home/emily/MMIP/week5/quiz1/data/query/cat/00028.png,cat,2,/home/emily/MMIP/week5/quiz1/data/gallery/cat/00543.png,cat,0.854220
/home/emily/MMIP/week5/quiz1/data/query/cat/00028.png,cat,3,/home/emily/MMIP/week5/quiz1/data/gallery/cat/00158.png,cat,0.854157
/home/emily/MMIP/week5/quiz1/data/query/cat/00028.png,cat,4,/home/emily/MMIP/week5/quiz1/data/gallery/cat/00364.png,cat,0.849039
/home/emily/MMIP/week5/quiz1/data/query/cat/00028.png,cat,5,/home/emily/MMIP/week5/quiz1/data/gallery/dog/00689.png,dog,0.845646
/home/emily/MMIP/week5/quiz1/data/query/cat/00029.png,cat,1,/home/emily/MMIP/week5/quiz1/data/gallery/horse/00615.png,horse,0.847190
/home/emily/MMIP/week5/quiz1/data/query/cat/00029.png,cat,2,/home/emily/MMIP/week5/quiz1/data/gallery/horse/00003.png,horse,0.843500
/home/emily/MMIP/week5/quiz1/data/query/cat/00029.png,cat,3,/home/emily/MMIP/week5/quiz1/data/gallery/dog/00258.png,dog,0.835282
/home/emily/MMIP/week5/quiz1/data/query/cat/00029.png,cat,4,/home/emily/MMIP/week5/quiz1/data/gallery/deer/00930.png,deer,0.832909
/home/emily/MMIP/week5/quiz1/data/query/cat/00029.png,cat,5,/home/emily/MMIP/week5/quiz1/data/gallery/deer/00279.png,deer,0.832760
/home/emily/MMIP/week5/quiz1/data/query/cat/00030.png,cat,1,/home/emily/MMIP/week5/quiz1/data/gallery/cat/00394.png,cat,0.869885
/home/emily/MMIP/week5/quiz1/data/query/cat/00030.png,cat,2,/home/emily/MMIP/week5/quiz1/data/gallery/cat/00176.png,cat,0.864421
/home/emily/MMIP/week5/quiz1/data/query/cat/00030.png,cat,3,/home/emily/MMIP/week5/quiz1/data/gallery/cat/00340.png,cat,0.864400
/home/emily/MMIP/week5/quiz1/data/query/cat/00030.png,cat,4,/home/emily/MMIP/week5/quiz1/data/gallery/cat/00592.png,cat,0.857405
/home/emily/MMIP/week5/quiz1/data/query/cat/00030.png,cat,5,/home/emily/MMIP/week5/quiz1/data/gallery/cat/00836.png,cat,0.848289
/home/emily/MMIP/week5/quiz1/data/query/cat/00031.png,cat,1,/home/emily/MMIP/week5/quiz1/data/gallery/cat/00338.png,cat,0.831172
/home/emily/MMIP/week5/quiz1/data/query/cat/00031.png,cat,2,/home/emily/MMIP/week5/quiz1/data/gallery/cat/00267.png,cat,0.829418
/home/emily/MMIP/week5/quiz1/data/query/cat/00031.png,cat,3,/home/emily/MMIP/week5/quiz1/data/gallery/frog/00828.png,frog,0.828240
/home/emily/MMIP/week5/quiz1/data/query/cat/00031.png,cat,4,/home/emily/MMIP/week5/quiz1/data/gallery/cat/00929.png,cat,0.819848
/home/emily/MMIP/week5/quiz1/data/query/cat/00031.png,cat,5,/home/emily/MMIP/week5/quiz1/data/gallery/cat/00344.png,cat,0.818577
/home/emily/MMIP/week5/quiz1/data/query/cat/00032.png,cat,1,/home/emily/MMIP/week5/quiz1/data/gallery/cat/00289.png,cat,0.851219
/home/emily/MMIP/week5/quiz1/data/query/cat/00032.png,cat,2,/home/emily/MMIP/week5/quiz1/data/gallery/cat/00914.png,cat,0.849195
/home/emily/MMIP/week5/quiz1/data/query/cat/00032.png,cat,3,/home/emily/MMIP/week5/quiz1/data/gallery/dog/00935.png,dog,0.848476
/home/emily/MMIP/week5/quiz1/data/query/cat/00032.png,cat,4,/home/emily/MMIP/week5/quiz1/data/gallery/cat/00682.png,cat,0.847272
/home/emily/MMIP/week5/quiz1/data/query/cat/00032.png,cat,5,/home/emily/MMIP/week5/quiz1/data/gallery/cat/00846.png,cat,0.843612
/home/emily/MMIP/week5/quiz1/data/query/cat/00033.png,cat,1,/home/emily/MMIP/week5/quiz1/data/gallery/cat/00450.png,cat,0.857267
/home/emily/MMIP/week5/quiz1/data/query/cat/00033.png,cat,2,/home/emily/MMIP/week5/quiz1/data/gallery/cat/00647.png,cat,0.856043
/home/emily/MMIP/week5/quiz1/data/query/cat/00033.png,cat,3,/home/emily/MMIP/week5/quiz1/data/gallery/cat/00414.png,cat,0.854450
/home/emily/MMIP/week5/quiz1/data/query/cat/00033.png,cat,4,/home/emily/MMIP/week5/quiz1/data/gallery/cat/00358.png,cat,0.843238
/home/emily/MMIP/week5/quiz1/data/query/cat/00033.png,cat,5,/home/emily/MMIP/week5/quiz1/data/gallery/cat/00394.png,cat,0.835745
/home/emily/MMIP/week5/quiz1/data/query/cat/00034.png,cat,1,/home/emily/MMIP/week5/quiz1/data/gallery/cat/00326.png,cat,0.859755
/home/emily/MMIP/week5/quiz1/data/query/cat/00034.png,cat,2,/home/emily/MMIP/week5/quiz1/data/gallery/dog/00348.png,dog,0.858626
/home/emily/MMIP/week5/quiz1/data/query/cat/00034.png,cat,3,/home/emily/MMIP/week5/quiz1/data/gallery/dog/00678.png,dog,0.837612
/home/emily/MMIP/week5/quiz1/data/query/cat/00034.png,cat,4,/home/emily/MMIP/week5/quiz1/data/gallery/dog/00879.png,dog,0.825065
/home/emily/MMIP/week5/quiz1/data/query/cat/00034.png,cat,5,/home/emily/MMIP/week5/quiz1/data/gallery/frog/00564.png,frog,0.824969
/home/emily/MMIP/week5/quiz1/data/query/cat/00035.png,cat,1,/home/emily/MMIP/week5/quiz1/data/gallery/cat/00655.png,cat,0.853227
/home/emily/MMIP/week5/quiz1/data/query/cat/00035.png,cat,2,/home/emily/MMIP/week5/quiz1/data/gallery/cat/00560.png,cat,0.848193
/home/emily/MMIP/week5/quiz1/data/query/cat/00035.png,cat,3,/home/emily/MMIP/week5/quiz1/data/gallery/cat/00138.png,cat,0.847578
/home/emily/MMIP/week5/quiz1/data/query/cat/00035.png,cat,4,/home/emily/MMIP/week5/quiz1/data/gallery/dog/00216.png,dog,0.845464
/home/emily/MMIP/week5/quiz1/data/query/cat/00035.png,cat,5,/home/emily/MMIP/week5/quiz1/data/gallery/dog/00220.png,dog,0.844734
/home/emily/MMIP/week5/quiz1/data/query/cat/00036.png,cat,1,/home/emily/MMIP/week5/quiz1/data/gallery/dog/00200.png,dog,0.844629
/home/emily/MMIP/week5/quiz1/data/query/cat/00036.png,cat,2,/home/emily/MMIP/week5/quiz1/data/gallery/cat/00190.png,cat,0.836324
/home/emily/MMIP/week5/quiz1/data/query/cat/00036.png,cat,3,/home/emily/MMIP/week5/quiz1/data/gallery/cat/00687.png,cat,0.826254
/home/emily/MMIP/week5/quiz1/data/query/cat/00036.png,cat,4,/home/emily/MMIP/week5/quiz1/data/gallery/cat/00925.png,cat,0.824777
/home/emily/MMIP/week5/quiz1/data/query/cat/00036.png,cat,5,/home/emily/MMIP/week5/quiz1/data/gallery/cat/00276.png,cat,0.821562
/home/emily/MMIP/week5/quiz1/data/query/cat/00037.png,cat,1,/home/emily/MMIP/week5/quiz1/data/gallery/cat/00233.png,cat,0.842342
/home/emily/MMIP/week5/quiz1/data/query/cat/00037.png,cat,2,/home/emily/MMIP/week5/quiz1/data/gallery/cat/00177.png,cat,0.838225
/home/emily/MMIP/week5/quiz1/data/query/cat/00037.png,cat,3,/home/emily/MMIP/week5/quiz1/data/gallery/dog/00207.png,dog,0.831665
/home/emily/MMIP/week5/quiz1/data/query/cat/00037.png,cat,4,/home/emily/MMIP/week5/quiz1/data/gallery/cat/00218.png,cat,0.826825
/home/emily/MMIP/week5/quiz1/data/query/cat/00037.png,cat,5,/home/emily/MMIP/week5/quiz1/data/gallery/horse/00845.png,horse,0.824922
/home/emily/MMIP/week5/quiz1/data/query/cat/00038.png,cat,1,/home/emily/MMIP/week5/quiz1/data/gallery/cat/00306.png,cat,0.850774
/home/emily/MMIP/week5/quiz1/data/query/cat/00038.png,cat,2,/home/emily/MMIP/week5/quiz1/data/gallery/cat/00348.png,cat,0.844654
/home/emily/MMIP/week5/quiz1/data/query/cat/00038.png,cat,3,/home/emily/MMIP/week5/quiz1/data/gallery/cat/00193.png,cat,0.831529
/home/emily/MMIP/week5/quiz1/data/query/cat/00038.png,cat,4,/home/emily/MMIP/week5/quiz1/data/gallery/deer/00295.png,deer,0.826765
/home/emily/MMIP/week5/quiz1/data/query/cat/00038.png,cat,5,/home/emily/MMIP/week5/quiz1/data/gallery/dog/00902.png,dog,0.825229
/home/emily/MMIP/week5/quiz1/data/query/cat/00039.png,cat,1,/home/emily/MMIP/week5/quiz1/data/gallery/dog/00771.png,dog,0.865448
/home/emily/MMIP/week5/quiz1/data/query/cat/00039.png,cat,2,/home/emily/MMIP/week5/quiz1/data/gallery/cat/00701.png,cat,0.854085
/home/emily/MMIP/week5/quiz1/data/query/cat/00039.png,cat,3,/home/emily/MMIP/week5/quiz1/data/gallery/horse/00795.png,horse,0.848678
/home/emily/MMIP/week5/quiz1/data/query/cat/00039.png,cat,4,/home/emily/MMIP/week5/quiz1/data/gallery/horse/00633.png,horse,0.847263
/home/emily/MMIP/week5/quiz1/data/query/cat/00039.png,cat,5,/home/emily/MMIP/week5/quiz1/data/gallery/cat/00009.png,cat,0.839553
/home/emily/MMIP/week5/quiz1/data/query/cat/00040.png,cat,1,/home/emily/MMIP/week5/quiz1/data/gallery/dog/00994.png,dog,0.840831
/home/emily/MMIP/week5/quiz1/data/query/cat/00040.png,cat,2,/home/emily/MMIP/week5/quiz1/data/gallery/frog/00195.png,frog,0.827142
/home/emily/MMIP/week5/quiz1/data/query/cat/00040.png,cat,3,/home/emily/MMIP/week5/quiz1/data/gallery/frog/00801.png,frog,0.826369
/home/emily/MMIP/week5/quiz1/data/query/cat/00040.png,cat,4,/home/emily/MMIP/week5/quiz1/data/gallery/dog/00953.png,dog,0.824106
/home/emily/MMIP/week5/quiz1/data/query/cat/00040.png,cat,5,/home/emily/MMIP/week5/quiz1/data/gallery/frog/00795.png,frog,0.819627
/home/emily/MMIP/week5/quiz1/data/query/cat/00041.png,cat,1,/home/emily/MMIP/week5/quiz1/data/gallery/cat/00797.png,cat,0.854035
/home/emily/MMIP/week5/quiz1/data/query/cat/00041.png,cat,2,/home/emily/MMIP/week5/quiz1/data/gallery/cat/00414.png,cat,0.852924
/home/emily/MMIP/week5/quiz1/data/query/cat/00041.png,cat,3,/home/emily/MMIP/week5/quiz1/data/gallery/cat/00102.png,cat,0.851476
/home/emily/MMIP/week5/quiz1/data/query/cat/00041.png,cat,4,/home/emily/MMIP/week5/quiz1/data/gallery/cat/00358.png,cat,0.849241
/home/emily/MMIP/week5/quiz1/data/query/cat/00041.png,cat,5,/home/emily/MMIP/week5/quiz1/data/gallery/cat/00836.png,cat,0.848525
/home/emily/MMIP/week5/quiz1/data/query/cat/00042.png,cat,1,/home/emily/MMIP/week5/quiz1/data/gallery/truck/00928.png,truck,0.849825
/home/emily/MMIP/week5/quiz1/data/query/cat/00042.png,cat,2,/home/emily/MMIP/week5/quiz1/data/gallery/horse/00773.png,horse,0.841778
/home/emily/MMIP/week5/quiz1/data/query/cat/00042.png,cat,3,/home/emily/MMIP/week5/quiz1/data/gallery/cat/00898.png,cat,0.829436
/home/emily/MMIP/week5/quiz1/data/query/cat/00042.png,cat,4,/home/emily/MMIP/week5/quiz1/data/gallery/dog/00680.png,dog,0.827648
/home/emily/MMIP/week5/quiz1/data/query/cat/00042.png,cat,5,/home/emily/MMIP/week5/quiz1/data/gallery/automobile/00820.png,automobile,0.827265
/home/emily/MMIP/week5/quiz1/data/query/cat/00043.png,cat,1,/home/emily/MMIP/week5/quiz1/data/gallery/cat/00602.png,cat,0.846709
/home/emily/MMIP/week5/quiz1/data/query/cat/00043.png,cat,2,/home/emily/MMIP/week5/quiz1/data/gallery/dog/00542.png,dog,0.820697
/home/emily/MMIP/week5/quiz1/data/query/cat/00043.png,cat,3,/home/emily/MMIP/week5/quiz1/data/gallery/cat/00291.png,cat,0.816503
/home/emily/MMIP/week5/quiz1/data/query/cat/00043.png,cat,4,/home/emily/MMIP/week5/quiz1/data/gallery/cat/00663.png,cat,0.813949
/home/emily/MMIP/week5/quiz1/data/query/cat/00043.png,cat,5,/home/emily/MMIP/week5/quiz1/data/gallery/cat/00741.png,cat,0.810750
/home/emily/MMIP/week5/quiz1/data/query/cat/00044.png,cat,1,/home/emily/MMIP/week5/quiz1/data/gallery/horse/00930.png,horse,0.837227
/home/emily/MMIP/week5/quiz1/data/query/cat/00044.png,cat,2,/home/emily/MMIP/week5/quiz1/data/gallery/cat/00872.png,cat,0.829176
/home/emily/MMIP/week5/quiz1/data/query/cat/00044.png,cat,3,/home/emily/MMIP/week5/quiz1/data/gallery/deer/00455.png,deer,0.820410
/home/emily/MMIP/week5/quiz1/data/query/cat/00044.png,cat,4,/home/emily/MMIP/week5/quiz1/data/gallery/dog/00222.png,dog,0.819993
/home/emily/MMIP/week5/quiz1/data/query/cat/00044.png,cat,5,/home/emily/MMIP/week5/quiz1/data/gallery/horse/00249.png,horse,0.819885
/home/emily/MMIP/week5/quiz1/data/query/cat/00045.png,cat,1,/home/emily/MMIP/week5/quiz1/data/gallery/deer/00489.png,deer,0.889535
/home/emily/MMIP/week5/quiz1/data/query/cat/00045.png,cat,2,/home/emily/MMIP/week5/quiz1/data/gallery/cat/00304.png,cat,0.875655
/home/emily/MMIP/week5/quiz1/data/query/cat/00045.png,cat,3,/home/emily/MMIP/week5/quiz1/data/gallery/deer/00413.png,deer,0.871074
/home/emily/MMIP/week5/quiz1/data/query/cat/00045.png,cat,4,/home/emily/MMIP/week5/quiz1/data/gallery/deer/00760.png,deer,0.868602
/home/emily/MMIP/week5/quiz1/data/query/cat/00045.png,cat,5,/home/emily/MMIP/week5/quiz1/data/gallery/deer/00417.png,deer,0.866228
/home/emily/MMIP/week5/quiz1/data/query/cat/00046.png,cat,1,/home/emily/MMIP/week5/quiz1/data/gallery/cat/00592.png,cat,0.858423
/home/emily/MMIP/week5/quiz1/data/query/cat/00046.png,cat,2,/home/emily/MMIP/week5/quiz1/data/gallery/cat/00482.png,cat,0.856909
/home/emily/MMIP/week5/quiz1/data/query/cat/00046.png,cat,3,/home/emily/MMIP/week5/quiz1/data/gallery/cat/00899.png,cat,0.855109
/home/emily/MMIP/week5/quiz1/data/query/cat/00046.png,cat,4,/home/emily/MMIP/week5/quiz1/data/gallery/cat/00539.png,cat,0.845414
/home/emily/MMIP/week5/quiz1/data/query/cat/00046.png,cat,5,/home/emily/MMIP/week5/quiz1/data/gallery/cat/00063.png,cat,0.844453
/home/emily/MMIP/week5/quiz1/data/query/cat/00047.png,cat,1,/home/emily/MMIP/week5/quiz1/data/gallery/cat/00414.png,cat,0.856281
/home/emily/MMIP/week5/quiz1/data/query/cat/00047.png,cat,2,/home/emily/MMIP/week5/quiz1/data/gallery/cat/00060.png,cat,0.834598
/home/emily/MMIP/week5/quiz1/data/query/cat/00047.png,cat,3,/home/emily/MMIP/week5/quiz1/data/gallery/frog/00293.png,frog,0.832886
/home/emily/MMIP/week5/quiz1/data/query/cat/00047.png,cat,4,/home/emily/MMIP/week5/quiz1/data/gallery/cat/00579.png,cat,0.831101
/home/emily/MMIP/week5/quiz1/data/query/cat/00047.png,cat,5,/home/emily/MMIP/week5/quiz1/data/gallery/cat/00255.png,cat,0.821736
/home/emily/MMIP/week5/quiz1/data/query/cat/00048.png,cat,1,/home/emily/MMIP/week5/quiz1/data/gallery/cat/00111.png,cat,0.846410
/home/emily/MMIP/week5/quiz1/data/query/cat/00048.png,cat,2,/home/emily/MMIP/week5/quiz1/data/gallery/dog/00778.png,dog,0.843967
/home/emily/MMIP/week5/quiz1/data/query/cat/00048.png,cat,3,/home/emily/MMIP/week5/quiz1/data/gallery/frog/00744.png,frog,0.837032
/home/emily/MMIP/week5/quiz1/data/query/cat/00048.png,cat,4,/home/emily/MMIP/week5/quiz1/data/gallery/cat/00295.png,cat,0.836489
/home/emily/MMIP/week5/quiz1/data/query/cat/00048.png,cat,5,/home/emily/MMIP/week5/quiz1/data/gallery/bird/00425.png,bird,0.833677
/home/emily/MMIP/week5/quiz1/data/query/cat/00049.png,cat,1,/home/emily/MMIP/week5/quiz1/data/gallery/cat/00454.png,cat,0.831738
/home/emily/MMIP/week5/quiz1/data/query/cat/00049.png,cat,2,/home/emily/MMIP/week5/quiz1/data/gallery/cat/00635.png,cat,0.822399
/home/emily/MMIP/week5/quiz1/data/query/cat/00049.png,cat,3,/home/emily/MMIP/week5/quiz1/data/gallery/cat/00068.png,cat,0.813889
/home/emily/MMIP/week5/quiz1/data/query/cat/00049.png,cat,4,/home/emily/MMIP/week5/quiz1/data/gallery/cat/00497.png,cat,0.813051
/home/emily/MMIP/week5/quiz1/data/query/cat/00049.png,cat,5,/home/emily/MMIP/week5/quiz1/data/gallery/frog/00267.png,frog,0.808533
/home/emily/MMIP/week5/quiz1/data/query/cat/00050.png,cat,1,/home/emily/MMIP/week5/quiz1/data/gallery/cat/00921.png,cat,0.844460
/home/emily/MMIP/week5/quiz1/data/query/cat/00050.png,cat,2,/home/emily/MMIP/week5/quiz1/data/gallery/cat/00970.png,cat,0.841200
/home/emily/MMIP/week5/quiz1/data/query/cat/00050.png,cat,3,/home/emily/MMIP/week5/quiz1/data/gallery/cat/00203.png,cat,0.825075
/home/emily/MMIP/week5/quiz1/data/query/cat/00050.png,cat,4,/home/emily/MMIP/week5/quiz1/data/gallery/cat/00379.png,cat,0.819246
/home/emily/MMIP/week5/quiz1/data/query/cat/00050.png,cat,5,/home/emily/MMIP/week5/quiz1/data/gallery/cat/00059.png,cat,0.818848
/home/emily/MMIP/week5/quiz1/data/query/cat/00051.png,cat,1,/home/emily/MMIP/week5/quiz1/data/gallery/cat/00460.png,cat,0.865723
/home/emily/MMIP/week5/quiz1/data/query/cat/00051.png,cat,2,/home/emily/MMIP/week5/quiz1/data/gallery/cat/00734.png,cat,0.857727
/home/emily/MMIP/week5/quiz1/data/query/cat/00051.png,cat,3,/home/emily/MMIP/week5/quiz1/data/gallery/cat/00710.png,cat,0.848574
/home/emily/MMIP/week5/quiz1/data/query/cat/00051.png,cat,4,/home/emily/MMIP/week5/quiz1/data/gallery/cat/00124.png,cat,0.842357
/home/emily/MMIP/week5/quiz1/data/query/cat/00051.png,cat,5,/home/emily/MMIP/week5/quiz1/data/gallery/dog/00393.png,dog,0.842119
/home/emily/MMIP/week5/quiz1/data/query/cat/00052.png,cat,1,/home/emily/MMIP/week5/quiz1/data/gallery/cat/00276.png,cat,0.840461
/home/emily/MMIP/week5/quiz1/data/query/cat/00052.png,cat,2,/home/emily/MMIP/week5/quiz1/data/gallery/cat/00565.png,cat,0.832000
/home/emily/MMIP/week5/quiz1/data/query/cat/00052.png,cat,3,/home/emily/MMIP/week5/quiz1/data/gallery/automobile/00394.png,automobile,0.829167
/home/emily/MMIP/week5/quiz1/data/query/cat/00052.png,cat,4,/home/emily/MMIP/week5/quiz1/data/gallery/dog/00376.png,dog,0.827273
/home/emily/MMIP/week5/quiz1/data/query/cat/00052.png,cat,5,/home/emily/MMIP/week5/quiz1/data/gallery/dog/00198.png,dog,0.820871
/home/emily/MMIP/week5/quiz1/data/query/cat/00053.png,cat,1,/home/emily/MMIP/week5/quiz1/data/gallery/frog/00615.png,frog,0.871699
/home/emily/MMIP/week5/quiz1/data/query/cat/00053.png,cat,2,/home/emily/MMIP/week5/quiz1/data/gallery/frog/00725.png,frog,0.851192
/home/emily/MMIP/week5/quiz1/data/query/cat/00053.png,cat,3,/home/emily/MMIP/week5/quiz1/data/gallery/horse/00163.png,horse,0.850392
/home/emily/MMIP/week5/quiz1/data/query/cat/00053.png,cat,4,/home/emily/MMIP/week5/quiz1/data/gallery/horse/00618.png,horse,0.843657
/home/emily/MMIP/week5/quiz1/data/query/cat/00053.png,cat,5,/home/emily/MMIP/week5/quiz1/data/gallery/dog/00608.png,dog,0.840990
/home/emily/MMIP/week5/quiz1/data/query/cat/00054.png,cat,1,/home/emily/MMIP/week5/quiz1/data/gallery/horse/00167.png,horse,0.855841
/home/emily/MMIP/week5/quiz1/data/query/cat/00054.png,cat,2,/home/emily/MMIP/week5/quiz1/data/gallery/horse/00316.png,horse,0.850017
/home/emily/MMIP/week5/quiz1/data/query/cat/00054.png,cat,3,/home/emily/MMIP/week5/quiz1/data/gallery/truck/00188.png,truck,0.848195
/home/emily/MMIP/week5/quiz1/data/query/cat/00054.png,cat,4,/home/emily/MMIP/week5/quiz1/data/gallery/horse/00795.png,horse,0.847283
/home/emily/MMIP/week5/quiz1/data/query/cat/00054.png,cat,5,/home/emily/MMIP/week5/quiz1/data/gallery/horse/00062.png,horse,0.846280
/home/emily/MMIP/week5/quiz1/data/query/cat/00055.png,cat,1,/home/emily/MMIP/week5/quiz1/data/gallery/cat/00958.png,cat,0.882713
/home/emily/MMIP/week5/quiz1/data/query/cat/00055.png,cat,2,/home/emily/MMIP/week5/quiz1/data/gallery/cat/00420.png,cat,0.881657
/home/emily/MMIP/week5/quiz1/data/query/cat/00055.png,cat,3,/home/emily/MMIP/week5/quiz1/data/gallery/frog/00739.png,frog,0.878034
/home/emily/MMIP/week5/quiz1/data/query/cat/00055.png,cat,4,/home/emily/MMIP/week5/quiz1/data/gallery/cat/00981.png,cat,0.860313
/home/emily/MMIP/week5/quiz1/data/query/cat/00055.png,cat,5,/home/emily/MMIP/week5/quiz1/data/gallery/cat/00151.png,cat,0.856994
/home/emily/MMIP/week5/quiz1/data/query/cat/00056.png,cat,1,/home/emily/MMIP/week5/quiz1/data/gallery/cat/00305.png,cat,0.861392
/home/emily/MMIP/week5/quiz1/data/query/cat/00056.png,cat,2,/home/emily/MMIP/week5/quiz1/data/gallery/cat/00447.png,cat,0.843952
/home/emily/MMIP/week5/quiz1/data/query/cat/00056.png,cat,3,/home/emily/MMIP/week5/quiz1/data/gallery/cat/00496.png,cat,0.839859
/home/emily/MMIP/week5/quiz1/data/query/cat/00056.png,cat,4,/home/emily/MMIP/week5/quiz1/data/gallery/cat/00746.png,cat,0.836447
/home/emily/MMIP/week5/quiz1/data/query/cat/00056.png,cat,5,/home/emily/MMIP/week5/quiz1/data/gallery/dog/00120.png,dog,0.827960
/home/emily/MMIP/week5/quiz1/data/query/cat/00057.png,cat,1,/home/emily/MMIP/week5/quiz1/data/gallery/ship/00382.png,ship,0.831727
/home/emily/MMIP/week5/quiz1/data/query/cat/00057.png,cat,2,/home/emily/MMIP/week5/quiz1/data/gallery/cat/00350.png,cat,0.830046
/home/emily/MMIP/week5/quiz1/data/query/cat/00057.png,cat,3,/home/emily/MMIP/week5/quiz1/data/gallery/cat/00528.png,cat,0.829299
/home/emily/MMIP/week5/quiz1/data/query/cat/00057.png,cat,4,/home/emily/MMIP/week5/quiz1/data/gallery/cat/00647.png,cat,0.827708
/home/emily/MMIP/week5/quiz1/data/query/cat/00057.png,cat,5,/home/emily/MMIP/week5/quiz1/data/gallery/cat/00839.png,cat,0.816922
/home/emily/MMIP/week5/quiz1/data/query/cat/00058.png,cat,1,/home/emily/MMIP/week5/quiz1/data/gallery/bird/00071.png,bird,0.837487
/home/emily/MMIP/week5/quiz1/data/query/cat/00058.png,cat,2,/home/emily/MMIP/week5/quiz1/data/gallery/bird/00966.png,bird,0.833902
/home/emily/MMIP/week5/quiz1/data/query/cat/00058.png,cat,3,/home/emily/MMIP/week5/quiz1/data/gallery/deer/00341.png,deer,0.832136
/home/emily/MMIP/week5/quiz1/data/query/cat/00058.png,cat,4,/home/emily/MMIP/week5/quiz1/data/gallery/bird/00336.png,bird,0.828429
/home/emily/MMIP/week5/quiz1/data/query/cat/00058.png,cat,5,/home/emily/MMIP/week5/quiz1/data/gallery/ship/00544.png,ship,0.825819
/home/emily/MMIP/week5/quiz1/data/query/cat/00059.png,cat,1,/home/emily/MMIP/week5/quiz1/data/gallery/cat/00313.png,cat,0.866724
/home/emily/MMIP/week5/quiz1/data/query/cat/00059.png,cat,2,/home/emily/MMIP/week5/quiz1/data/gallery/cat/00958.png,cat,0.861183
/home/emily/MMIP/week5/quiz1/data/query/cat/00059.png,cat,3,/home/emily/MMIP/week5/quiz1/data/gallery/cat/00057.png,cat,0.847405
/home/emily/MMIP/week5/quiz1/data/query/cat/00059.png,cat,4,/home/emily/MMIP/week5/quiz1/data/gallery/cat/00440.png,cat,0.844055
/home/emily/MMIP/week5/quiz1/data/query/cat/00059.png,cat,5,/home/emily/MMIP/week5/quiz1/data/gallery/cat/00822.png,cat,0.843551
/home/emily/MMIP/week5/quiz1/data/query/cat/00060.png,cat,1,/home/emily/MMIP/week5/quiz1/data/gallery/bird/00953.png,bird,0.821977
/home/emily/MMIP/week5/quiz1/data/query/cat/00060.png,cat,2,/home/emily/MMIP/week5/quiz1/data/gallery/cat/00001.png,cat,0.817148
/home/emily/MMIP/week5/quiz1/data/query/cat/00060.png,cat,3,/home/emily/MMIP/week5/quiz1/data/gallery/cat/00445.png,cat,0.806966
/home/emily/MMIP/week5/quiz1/data/query/cat/00060.png,cat,4,/home/emily/MMIP/week5/quiz1/data/gallery/bird/00264.png,bird,0.806495
/home/emily/MMIP/week5/quiz1/data/query/cat/00060.png,cat,5,/home/emily/MMIP/week5/quiz1/data/gallery/frog/00182.png,frog,0.805412
/home/emily/MMIP/week5/quiz1/data/query/cat/00061.png,cat,1,/home/emily/MMIP/week5/quiz1/data/gallery/cat/00462.png,cat,0.851218
/home/emily/MMIP/week5/quiz1/data/query/cat/00061.png,cat,2,/home/emily/MMIP/week5/quiz1/data/gallery/cat/00018.png,cat,0.848638
/home/emily/MMIP/week5/quiz1/data/query/cat/00061.png,cat,3,/home/emily/MMIP/week5/quiz1/data/gallery/cat/00420.png,cat,0.837245
/home/emily/MMIP/week5/quiz1/data/query/cat/00061.png,cat,4,/home/emily/MMIP/week5/quiz1/data/gallery/cat/00539.png,cat,0.831970
/home/emily/MMIP/week5/quiz1/data/query/cat/00061.png,cat,5,/home/emily/MMIP/week5/quiz1/data/gallery/cat/00707.png,cat,0.831138
/home/emily/MMIP/week5/quiz1/data/query/cat/00062.png,cat,1,/home/emily/MMIP/week5/quiz1/data/gallery/automobile/00598.png,automobile,0.840384
/home/emily/MMIP/week5/quiz1/data/query/cat/00062.png,cat,2,/home/emily/MMIP/week5/quiz1/data/gallery/dog/00243.png,dog,0.827878
/home/emily/MMIP/week5/quiz1/data/query/cat/00062.png,cat,3,/home/emily/MMIP/week5/quiz1/data/gallery/automobile/00605.png,automobile,0.817196
/home/emily/MMIP/week5/quiz1/data/query/cat/00062.png,cat,4,/home/emily/MMIP/week5/quiz1/data/gallery/cat/00300.png,cat,0.812344
/home/emily/MMIP/week5/quiz1/data/query/cat/00062.png,cat,5,/home/emily/MMIP/week5/quiz1/data/gallery/truck/00928.png,truck,0.811396
/home/emily/MMIP/week5/quiz1/data/query/cat/00063.png,cat,1,/home/emily/MMIP/week5/quiz1/data/gallery/bird/00750.png,bird,0.887190
/home/emily/MMIP/week5/quiz1/data/query/cat/00063.png,cat,2,/home/emily/MMIP/week5/quiz1/data/gallery/bird/00988.png,bird,0.871113
/home/emily/MMIP/week5/quiz1/data/query/cat/00063.png,cat,3,/home/emily/MMIP/week5/quiz1/data/gallery/bird/00022.png,bird,0.871038
/home/emily/MMIP/week5/quiz1/data/query/cat/00063.png,cat,4,/home/emily/MMIP/week5/quiz1/data/gallery/dog/00638.png,dog,0.868028
/home/emily/MMIP/week5/quiz1/data/query/cat/00063.png,cat,5,/home/emily/MMIP/week5/quiz1/data/gallery/cat/00542.png,cat,0.863247
/home/emily/MMIP/week5/quiz1/data/query/cat/00064.png,cat,1,/home/emily/MMIP/week5/quiz1/data/gallery/cat/00107.png,cat,0.849998
/home/emily/MMIP/week5/quiz1/data/query/cat/00064.png,cat,2,/home/emily/MMIP/week5/quiz1/data/gallery/cat/00385.png,cat,0.840797
/home/emily/MMIP/week5/quiz1/data/query/cat/00064.png,cat,3,/home/emily/MMIP/week5/quiz1/data/gallery/cat/00289.png,cat,0.835187
/home/emily/MMIP/week5/quiz1/data/query/cat/00064.png,cat,4,/home/emily/MMIP/week5/quiz1/data/gallery/cat/00703.png,cat,0.830365
/home/emily/MMIP/week5/quiz1/data/query/cat/00064.png,cat,5,/home/emily/MMIP/week5/quiz1/data/gallery/cat/00999.png,cat,0.825079
/home/emily/MMIP/week5/quiz1/data/query/cat/00065.png,cat,1,/home/emily/MMIP/week5/quiz1/data/gallery/cat/00576.png,cat,0.842215
/home/emily/MMIP/week5/quiz1/data/query/cat/00065.png,cat,2,/home/emily/MMIP/week5/quiz1/data/gallery/cat/00450.png,cat,0.825280
/home/emily/MMIP/week5/quiz1/data/query/cat/00065.png,cat,3,/home/emily/MMIP/week5/quiz1/data/gallery/cat/00255.png,cat,0.817334
/home/emily/MMIP/week5/quiz1/data/query/cat/00065.png,cat,4,/home/emily/MMIP/week5/quiz1/data/gallery/bird/00002.png,bird,0.813425
/home/emily/MMIP/week5/quiz1/data/query/cat/00065.png,cat,5,/home/emily/MMIP/week5/quiz1/data/gallery/cat/00068.png,cat,0.813425
/home/emily/MMIP/week5/quiz1/data/query/cat/00066.png,cat,1,/home/emily/MMIP/week5/quiz1/data/gallery/cat/00884.png,cat,0.856522
/home/emily/MMIP/week5/quiz1/data/query/cat/00066.png,cat,2,/home/emily/MMIP/week5/quiz1/data/gallery/cat/00062.png,cat,0.850923
/home/emily/MMIP/week5/quiz1/data/query/cat/00066.png,cat,3,/home/emily/MMIP/week5/quiz1/data/gallery/cat/00910.png,cat,0.850637
/home/emily/MMIP/week5/quiz1/data/query/cat/00066.png,cat,4,/home/emily/MMIP/week5/quiz1/data/gallery/cat/00822.png,cat,0.849294
/home/emily/MMIP/week5/quiz1/data/query/cat/00066.png,cat,5,/home/emily/MMIP/week5/quiz1/data/gallery/cat/00151.png,cat,0.841894
/home/emily/MMIP/week5/quiz1/data/query/cat/00067.png,cat,1,/home/emily/MMIP/week5/quiz1/data/gallery/cat/00113.png,cat,0.834397
/home/emily/MMIP/week5/quiz1/data/query/cat/00067.png,cat,2,/home/emily/MMIP/week5/quiz1/data/gallery/cat/00797.png,cat,0.830551
/home/emily/MMIP/week5/quiz1/data/query/cat/00067.png,cat,3,/home/emily/MMIP/week5/quiz1/data/gallery/cat/00414.png,cat,0.830419
/home/emily/MMIP/week5/quiz1/data/query/cat/00067.png,cat,4,/home/emily/MMIP/week5/quiz1/data/gallery/dog/00902.png,dog,0.827914
/home/emily/MMIP/week5/quiz1/data/query/cat/00067.png,cat,5,/home/emily/MMIP/week5/quiz1/data/gallery/frog/00800.png,frog,0.823969
/home/emily/MMIP/week5/quiz1/data/query/cat/00068.png,cat,1,/home/emily/MMIP/week5/quiz1/data/gallery/cat/00035.png,cat,0.864928
/home/emily/MMIP/week5/quiz1/data/query/cat/00068.png,cat,2,/home/emily/MMIP/week5/quiz1/data/gallery/cat/00930.png,cat,0.848615
/home/emily/MMIP/week5/quiz1/data/query/cat/00068.png,cat,3,/home/emily/MMIP/week5/quiz1/data/gallery/frog/00828.png,frog,0.848300
/home/emily/MMIP/week5/quiz1/data/query/cat/00068.png,cat,4,/home/emily/MMIP/week5/quiz1/data/gallery/deer/00953.png,deer,0.844696
/home/emily/MMIP/week5/quiz1/data/query/cat/00068.png,cat,5,/home/emily/MMIP/week5/quiz1/data/gallery/deer/00260.png,deer,0.844279
/home/emily/MMIP/week5/quiz1/data/query/cat/00069.png,cat,1,/home/emily/MMIP/week5/quiz1/data/gallery/cat/00414.png,cat,0.864542
/home/emily/MMIP/week5/quiz1/data/query/cat/00069.png,cat,2,/home/emily/MMIP/week5/quiz1/data/gallery/cat/00252.png,cat,0.855933
/home/emily/MMIP/week5/quiz1/data/query/cat/00069.png,cat,3,/home/emily/MMIP/week5/quiz1/data/gallery/cat/00316.png,cat,0.855149
/home/emily/MMIP/week5/quiz1/data/query/cat/00069.png,cat,4,/home/emily/MMIP/week5/quiz1/data/gallery/cat/00184.png,cat,0.849741
/home/emily/MMIP/week5/quiz1/data/query/cat/00069.png,cat,5,/home/emily/MMIP/week5/quiz1/data/gallery/cat/00935.png,cat,0.846063
/home/emily/MMIP/week5/quiz1/data/query/cat/00070.png,cat,1,/home/emily/MMIP/week5/quiz1/data/gallery/cat/00138.png,cat,0.860093
/home/emily/MMIP/week5/quiz1/data/query/cat/00070.png,cat,2,/home/emily/MMIP/week5/quiz1/data/gallery/cat/00925.png,cat,0.858895
/home/emily/MMIP/week5/quiz1/data/query/cat/00070.png,cat,3,/home/emily/MMIP/week5/quiz1/data/gallery/cat/00613.png,cat,0.857044
/home/emily/MMIP/week5/quiz1/data/query/cat/00070.png,cat,4,/home/emily/MMIP/week5/quiz1/data/gallery/cat/00879.png,cat,0.855802
/home/emily/MMIP/week5/quiz1/data/query/cat/00070.png,cat,5,/home/emily/MMIP/week5/quiz1/data/gallery/cat/00995.png,cat,0.853587
/home/emily/MMIP/week5/quiz1/data/query/cat/00071.png,cat,1,/home/emily/MMIP/week5/quiz1/data/gallery/cat/00030.png,cat,0.868870
/home/emily/MMIP/week5/quiz1/data/query/cat/00071.png,cat,2,/home/emily/MMIP/week5/quiz1/data/gallery/cat/00855.png,cat,0.862415
/home/emily/MMIP/week5/quiz1/data/query/cat/00071.png,cat,3,/home/emily/MMIP/week5/quiz1/data/gallery/cat/00544.png,cat,0.858659
/home/emily/MMIP/week5/quiz1/data/query/cat/00071.png,cat,4,/home/emily/MMIP/week5/quiz1/data/gallery/bird/00188.png,bird,0.857878
/home/emily/MMIP/week5/quiz1/data/query/cat/00071.png,cat,5,/home/emily/MMIP/week5/quiz1/data/gallery/cat/00325.png,cat,0.856869
/home/emily/MMIP/week5/quiz1/data/query/cat/00072.png,cat,1,/home/emily/MMIP/week5/quiz1/data/gallery/automobile/00160.png,automobile,0.836202
/home/emily/MMIP/week5/quiz1/data/query/cat/00072.png,cat,2,/home/emily/MMIP/week5/quiz1/data/gallery/cat/00095.png,cat,0.827272
/home/emily/MMIP/week5/quiz1/data/query/cat/00072.png,cat,3,/home/emily/MMIP/week5/quiz1/data/gallery/dog/00374.png,dog,0.826506
/home/emily/MMIP/week5/quiz1/data/query/cat/00072.png,cat,4,/home/emily/MMIP/week5/quiz1/data/gallery/truck/00007.png,truck,0.822071
/home/emily/MMIP/week5/quiz1/data/query/cat/00072.png,cat,5,/home/emily/MMIP/week5/quiz1/data/gallery/cat/00867.png,cat,0.820896
/home/emily/MMIP/week5/quiz1/data/query/cat/00073.png,cat,1,/home/emily/MMIP/week5/quiz1/data/gallery/horse/00003.png,horse,0.864233
/home/emily/MMIP/week5/quiz1/data/query/cat/00073.png,cat,2,/home/emily/MMIP/week5/quiz1/data/gallery/dog/00078.png,dog,0.848379
/home/emily/MMIP/week5/quiz1/data/query/cat/00073.png,cat,3,/home/emily/MMIP/week5/quiz1/data/gallery/horse/00135.png,horse,0.844903
/home/emily/MMIP/week5/quiz1/data/query/cat/00073.png,cat,4,/home/emily/MMIP/week5/quiz1/data/gallery/cat/00848.png,cat,0.844051
/home/emily/MMIP/week5/quiz1/data/query/cat/00073.png,cat,5,/home/emily/MMIP/week5/quiz1/data/gallery/cat/00202.png,cat,0.841419
/home/emily/MMIP/week5/quiz1/data/query/cat/00074.png,cat,1,/home/emily/MMIP/week5/quiz1/data/gallery/horse/00416.png,horse,0.803405
/home/emily/MMIP/week5/quiz1/data/query/cat/00074.png,cat,2,/home/emily/MMIP/week5/quiz1/data/gallery/deer/00247.png,deer,0.802543
/home/emily/MMIP/week5/quiz1/data/query/cat/00074.png,cat,3,/home/emily/MMIP/week5/quiz1/data/gallery/horse/00869.png,horse,0.800180
/home/emily/MMIP/week5/quiz1/data/query/cat/00074.png,cat,4,/home/emily/MMIP/week5/quiz1/data/gallery/dog/00251.png,dog,0.793767
/home/emily/MMIP/week5/quiz1/data/query/cat/00074.png,cat,5,/home/emily/MMIP/week5/quiz1/data/gallery/cat/00550.png,cat,0.792762
/home/emily/MMIP/week5/quiz1/data/query/cat/00075.png,cat,1,/home/emily/MMIP/week5/quiz1/data/gallery/cat/00380.png,cat,0.875283
/home/emily/MMIP/week5/quiz1/data/query/cat/00075.png,cat,2,/home/emily/MMIP/week5/quiz1/data/gallery/cat/00414.png,cat,0.854626
/home/emily/MMIP/week5/quiz1/data/query/cat/00075.png,cat,3,/home/emily/MMIP/week5/quiz1/data/gallery/cat/00091.png,cat,0.851763
/home/emily/MMIP/week5/quiz1/data/query/cat/00075.png,cat,4,/home/emily/MMIP/week5/quiz1/data/gallery/cat/00338.png,cat,0.850394
/home/emily/MMIP/week5/quiz1/data/query/cat/00075.png,cat,5,/home/emily/MMIP/week5/quiz1/data/gallery/cat/00836.png,cat,0.847288
/home/emily/MMIP/week5/quiz1/data/query/cat/00076.png,cat,1,/home/emily/MMIP/week5/quiz1/data/gallery/frog/00324.png,frog,0.846761
/home/emily/MMIP/week5/quiz1/data/query/cat/00076.png,cat,2,/home/emily/MMIP/week5/quiz1/data/gallery/cat/00857.png,cat,0.841509
/home/emily/MMIP/week5/quiz1/data/query/cat/00076.png,cat,3,/home/emily/MMIP/week5/quiz1/data/gallery/frog/00783.png,frog,0.823369
/home/emily/MMIP/week5/quiz1/data/query/cat/00076.png,cat,4,/home/emily/MMIP/week5/quiz1/data/gallery/deer/00475.png,deer,0.812414
/home/emily/MMIP/week5/quiz1/data/query/cat/00076.png,cat,5,/home/emily/MMIP/week5/quiz1/data/gallery/deer/00419.png,deer,0.810145
/home/emily/MMIP/week5/quiz1/data/query/cat/00077.png,cat,1,/home/emily/MMIP/week5/quiz1/data/gallery/frog/00441.png,frog,0.834109
/home/emily/MMIP/week5/quiz1/data/query/cat/00077.png,cat,2,/home/emily/MMIP/week5/quiz1/data/gallery/frog/00434.png,frog,0.832532
/home/emily/MMIP/week5/quiz1/data/query/cat/00077.png,cat,3,/home/emily/MMIP/week5/quiz1/data/gallery/dog/00487.png,dog,0.830531
/home/emily/MMIP/week5/quiz1/data/query/cat/00077.png,cat,4,/home/emily/MMIP/week5/quiz1/data/gallery/frog/00588.png,frog,0.828111
/home/emily/MMIP/week5/quiz1/data/query/cat/00077.png,cat,5,/home/emily/MMIP/week5/quiz1/data/gallery/horse/00541.png,horse,0.828017
/home/emily/MMIP/week5/quiz1/data/query/cat/00078.png,cat,1,/home/emily/MMIP/week5/quiz1/data/gallery/dog/00902.png,dog,0.841114
/home/emily/MMIP/week5/quiz1/data/query/cat/00078.png,cat,2,/home/emily/MMIP/week5/quiz1/data/gallery/dog/00351.png,dog,0.828412
/home/emily/MMIP/week5/quiz1/data/query/cat/00078.png,cat,3,/home/emily/MMIP/week5/quiz1/data/gallery/frog/00231.png,frog,0.825957
/home/emily/MMIP/week5/quiz1/data/query/cat/00078.png,cat,4,/home/emily/MMIP/week5/quiz1/data/gallery/dog/00681.png,dog,0.821322
/home/emily/MMIP/week5/quiz1/data/query/cat/00078.png,cat,5,/home/emily/MMIP/week5/quiz1/data/gallery/cat/00327.png,cat,0.820942
/home/emily/MMIP/week5/quiz1/data/query/cat/00079.png,cat,1,/home/emily/MMIP/week5/quiz1/data/gallery/cat/00656.png,cat,0.827749
/home/emily/MMIP/week5/quiz1/data/query/cat/00079.png,cat,2,/home/emily/MMIP/week5/quiz1/data/gallery/deer/00904.png,deer,0.823850
/home/emily/MMIP/week5/quiz1/data/query/cat/00079.png,cat,3,/home/emily/MMIP/week5/quiz1/data/gallery/bird/00729.png,bird,0.823824
/home/emily/MMIP/week5/quiz1/data/query/cat/00079.png,cat,4,/home/emily/MMIP/week5/quiz1/data/gallery/cat/00665.png,cat,0.823036
/home/emily/MMIP/week5/quiz1/data/query/cat/00079.png,cat,5,/home/emily/MMIP/week5/quiz1/data/gallery/cat/00605.png,cat,0.822037
/home/emily/MMIP/week5/quiz1/data/query/cat/00080.png,cat,1,/home/emily/MMIP/week5/quiz1/data/gallery/horse/00686.png,horse,0.853820
/home/emily/MMIP/week5/quiz1/data/query/cat/00080.png,cat,2,/home/emily/MMIP/week5/quiz1/data/gallery/dog/00528.png,dog,0.847875
/home/emily/MMIP/week5/quiz1/data/query/cat/00080.png,cat,3,/home/emily/MMIP/week5/quiz1/data/gallery/cat/00341.png,cat,0.841034
/home/emily/MMIP/week5/quiz1/data/query/cat/00080.png,cat,4,/home/emily/MMIP/week5/quiz1/data/gallery/cat/00479.png,cat,0.839498
/home/emily/MMIP/week5/quiz1/data/query/cat/00080.png,cat,5,/home/emily/MMIP/week5/quiz1/data/gallery/dog/00100.png,dog,0.827196
/home/emily/MMIP/week5/quiz1/data/query/cat/00081.png,cat,1,/home/emily/MMIP/week5/quiz1/data/gallery/cat/00745.png,cat,0.840782
/home/emily/MMIP/week5/quiz1/data/query/cat/00081.png,cat,2,/home/emily/MMIP/week5/quiz1/data/gallery/cat/00248.png,cat,0.817138
/home/emily/MMIP/week5/quiz1/data/query/cat/00081.png,cat,3,/home/emily/MMIP/week5/quiz1/data/gallery/frog/00207.png,frog,0.815200
/home/emily/MMIP/week5/quiz1/data/query/cat/00081.png,cat,4,/home/emily/MMIP/week5/quiz1/data/gallery/cat/00706.png,cat,0.815113
/home/emily/MMIP/week5/quiz1/data/query/cat/00081.png,cat,5,/home/emily/MMIP/week5/quiz1/data/gallery/dog/00454.png,dog,0.814936
/home/emily/MMIP/week5/quiz1/data/query/cat/00082.png,cat,1,/home/emily/MMIP/week5/quiz1/data/gallery/horse/00535.png,horse,0.793034
/home/emily/MMIP/week5/quiz1/data/query/cat/00082.png,cat,2,/home/emily/MMIP/week5/quiz1/data/gallery/truck/00037.png,truck,0.792558
/home/emily/MMIP/week5/quiz1/data/query/cat/00082.png,cat,3,/home/emily/MMIP/week5/quiz1/data/gallery/truck/00404.png,truck,0.792473
/home/emily/MMIP/week5/quiz1/data/query/cat/00082.png,cat,4,/home/emily/MMIP/week5/quiz1/data/gallery/ship/00131.png,ship,0.788520
/home/emily/MMIP/week5/quiz1/data/query/cat/00082.png,cat,5,/home/emily/MMIP/week5/quiz1/data/gallery/horse/00322.png,horse,0.785039
/home/emily/MMIP/week5/quiz1/data/query/cat/00083.png,cat,1,/home/emily/MMIP/week5/quiz1/data/gallery/deer/00727.png,deer,0.813279
/home/emily/MMIP/week5/quiz1/data/query/cat/00083.png,cat,2,/home/emily/MMIP/week5/quiz1/data/gallery/deer/00270.png,deer,0.805393
/home/emily/MMIP/week5/quiz1/data/query/cat/00083.png,cat,3,/home/emily/MMIP/week5/quiz1/data/gallery/airplane/00298.png,airplane,0.805364
/home/emily/MMIP/week5/quiz1/data/query/cat/00083.png,cat,4,/home/emily/MMIP/week5/quiz1/data/gallery/cat/00412.png,cat,0.804508
/home/emily/MMIP/week5/quiz1/data/query/cat/00083.png,cat,5,/home/emily/MMIP/week5/quiz1/data/gallery/cat/00516.png,cat,0.803798
/home/emily/MMIP/week5/quiz1/data/query/cat/00084.png,cat,1,/home/emily/MMIP/week5/quiz1/data/gallery/frog/00853.png,frog,0.857257
/home/emily/MMIP/week5/quiz1/data/query/cat/00084.png,cat,2,/home/emily/MMIP/week5/quiz1/data/gallery/frog/00210.png,frog,0.855131
/home/emily/MMIP/week5/quiz1/data/query/cat/00084.png,cat,3,/home/emily/MMIP/week5/quiz1/data/gallery/frog/00856.png,frog,0.849491
/home/emily/MMIP/week5/quiz1/data/query/cat/00084.png,cat,4,/home/emily/MMIP/week5/quiz1/data/gallery/frog/00113.png,frog,0.840105
/home/emily/MMIP/week5/quiz1/data/query/cat/00084.png,cat,5,/home/emily/MMIP/week5/quiz1/data/gallery/frog/00342.png,frog,0.839206
/home/emily/MMIP/week5/quiz1/data/query/cat/00085.png,cat,1,/home/emily/MMIP/week5/quiz1/data/gallery/cat/00745.png,cat,0.864134
/home/emily/MMIP/week5/quiz1/data/query/cat/00085.png,cat,2,/home/emily/MMIP/week5/quiz1/data/gallery/frog/00857.png,frog,0.857574
/home/emily/MMIP/week5/quiz1/data/query/cat/00085.png,cat,3,/home/emily/MMIP/week5/quiz1/data/gallery/dog/00247.png,dog,0.848937
/home/emily/MMIP/week5/quiz1/data/query/cat/00085.png,cat,4,/home/emily/MMIP/week5/quiz1/data/gallery/cat/00183.png,cat,0.838749
/home/emily/MMIP/week5/quiz1/data/query/cat/00085.png,cat,5,/home/emily/MMIP/week5/quiz1/data/gallery/dog/00454.png,dog,0.833014
/home/emily/MMIP/week5/quiz1/data/query/cat/00086.png,cat,1,/home/emily/MMIP/week5/quiz1/data/gallery/cat/00700.png,cat,0.868910
/home/emily/MMIP/week5/quiz1/data/query/cat/00086.png,cat,2,/home/emily/MMIP/week5/quiz1/data/gallery/dog/00793.png,dog,0.850338
/home/emily/MMIP/week5/quiz1/data/query/cat/00086.png,cat,3,/home/emily/MMIP/week5/quiz1/data/gallery/cat/00348.png,cat,0.845257
/home/emily/MMIP/week5/quiz1/data/query/cat/00086.png,cat,4,/home/emily/MMIP/week5/quiz1/data/gallery/cat/00883.png,cat,0.836204
/home/emily/MMIP/week5/quiz1/data/query/cat/00086.png,cat,5,/home/emily/MMIP/week5/quiz1/data/gallery/cat/00671.png,cat,0.833994
/home/emily/MMIP/week5/quiz1/data/query/cat/00087.png,cat,1,/home/emily/MMIP/week5/quiz1/data/gallery/cat/00454.png,cat,0.818098
/home/emily/MMIP/week5/quiz1/data/query/cat/00087.png,cat,2,/home/emily/MMIP/week5/quiz1/data/gallery/bird/00234.png,bird,0.815828
/home/emily/MMIP/week5/quiz1/data/query/cat/00087.png,cat,3,/home/emily/MMIP/week5/quiz1/data/gallery/cat/00241.png,cat,0.815111
/home/emily/MMIP/week5/quiz1/data/query/cat/00087.png,cat,4,/home/emily/MMIP/week5/quiz1/data/gallery/cat/00572.png,cat,0.813602
/home/emily/MMIP/week5/quiz1/data/query/cat/00087.png,cat,5,/home/emily/MMIP/week5/quiz1/data/gallery/frog/00267.png,frog,0.813509
/home/emily/MMIP/week5/quiz1/data/query/cat/00088.png,cat,1,/home/emily/MMIP/week5/quiz1/data/gallery/dog/00243.png,dog,0.828957
/home/emily/MMIP/week5/quiz1/data/query/cat/00088.png,cat,2,/home/emily/MMIP/week5/quiz1/data/gallery/dog/00798.png,dog,0.805938
/home/emily/MMIP/week5/quiz1/data/query/cat/00088.png,cat,3,/home/emily/MMIP/week5/quiz1/data/gallery/cat/00291.png,cat,0.798062
/home/emily/MMIP/week5/quiz1/data/query/cat/00088.png,cat,4,/home/emily/MMIP/week5/quiz1/data/gallery/cat/00762.png,cat,0.797362
/home/emily/MMIP/week5/quiz1/data/query/cat/00088.png,cat,5,/home/emily/MMIP/week5/quiz1/data/gallery/cat/00277.png,cat,0.796762
/home/emily/MMIP/week5/quiz1/data/query/cat/00089.png,cat,1,/home/emily/MMIP/week5/quiz1/data/gallery/cat/00127.png,cat,0.827462
/home/emily/MMIP/week5/quiz1/data/query/cat/00089.png,cat,2,/home/emily/MMIP/week5/quiz1/data/gallery/dog/00150.png,dog,0.821889
/home/emily/MMIP/week5/quiz1/data/query/cat/00089.png,cat,3,/home/emily/MMIP/week5/quiz1/data/gallery/cat/00280.png,cat,0.816667
/home/emily/MMIP/week5/quiz1/data/query/cat/00089.png,cat,4,/home/emily/MMIP/week5/quiz1/data/gallery/horse/00326.png,horse,0.801483
/home/emily/MMIP/week5/quiz1/data/query/cat/00089.png,cat,5,/home/emily/MMIP/week5/quiz1/data/gallery/deer/00463.png,deer,0.799230
/home/emily/MMIP/week5/quiz1/data/query/cat/00090.png,cat,1,/home/emily/MMIP/week5/quiz1/data/gallery/ship/00125.png,ship,0.826201
/home/emily/MMIP/week5/quiz1/data/query/cat/00090.png,cat,2,/home/emily/MMIP/week5/quiz1/data/gallery/horse/00962.png,horse,0.821254
/home/emily/MMIP/week5/quiz1/data/query/cat/00090.png,cat,3,/home/emily/MMIP/week5/quiz1/data/gallery/airplane/00780.png,airplane,0.819164
/home/emily/MMIP/week5/quiz1/data/query/cat/00090.png,cat,4,/home/emily/MMIP/week5/quiz1/data/gallery/airplane/00374.png,airplane,0.818824
/home/emily/MMIP/week5/quiz1/data/query/cat/00090.png,cat,5,/home/emily/MMIP/week5/quiz1/data/gallery/horse/00770.png,horse,0.812962
/home/emily/MMIP/week5/quiz1/data/query/cat/00091.png,cat,1,/home/emily/MMIP/week5/quiz1/data/gallery/cat/00790.png,cat,0.854781
/home/emily/MMIP/week5/quiz1/data/query/cat/00091.png,cat,2,/home/emily/MMIP/week5/quiz1/data/gallery/cat/00377.png,cat,0.850723
/home/emily/MMIP/week5/quiz1/data/query/cat/00091.png,cat,3,/home/emily/MMIP/week5/quiz1/data/gallery/cat/00313.png,cat,0.847346
/home/emily/MMIP/week5/quiz1/data/query/cat/00091.png,cat,4,/home/emily/MMIP/week5/quiz1/data/gallery/cat/00643.png,cat,0.843661
/home/emily/MMIP/week5/quiz1/data/query/cat/00091.png,cat,5,/home/emily/MMIP/week5/quiz1/data/gallery/dog/00081.png,dog,0.838969
/home/emily/MMIP/week5/quiz1/data/query/cat/00092.png,cat,1,/home/emily/MMIP/week5/quiz1/data/gallery/cat/00646.png,cat,0.813445
/home/emily/MMIP/week5/quiz1/data/query/cat/00092.png,cat,2,/home/emily/MMIP/week5/quiz1/data/gallery/truck/00646.png,truck,0.797157
/home/emily/MMIP/week5/quiz1/data/query/cat/00092.png,cat,3,/home/emily/MMIP/week5/quiz1/data/gallery/cat/00092.png,cat,0.793626
/home/emily/MMIP/week5/quiz1/data/query/cat/00092.png,cat,4,/home/emily/MMIP/week5/quiz1/data/gallery/automobile/00373.png,automobile,0.793580
/home/emily/MMIP/week5/quiz1/data/query/cat/00092.png,cat,5,/home/emily/MMIP/week5/quiz1/data/gallery/truck/00882.png,truck,0.792569
/home/emily/MMIP/week5/quiz1/data/query/cat/00093.png,cat,1,/home/emily/MMIP/week5/quiz1/data/gallery/cat/00494.png,cat,0.858637
/home/emily/MMIP/week5/quiz1/data/query/cat/00093.png,cat,2,/home/emily/MMIP/week5/quiz1/data/gallery/cat/00377.png,cat,0.849083
/home/emily/MMIP/week5/quiz1/data/query/cat/00093.png,cat,3,/home/emily/MMIP/week5/quiz1/data/gallery/cat/00399.png,cat,0.839414
/home/emily/MMIP/week5/quiz1/data/query/cat/00093.png,cat,4,/home/emily/MMIP/week5/quiz1/data/gallery/cat/00359.png,cat,0.831486
/home/emily/MMIP/week5/quiz1/data/query/cat/00093.png,cat,5,/home/emily/MMIP/week5/quiz1/data/gallery/cat/00060.png,cat,0.827647
/home/emily/MMIP/week5/quiz1/data/query/cat/00094.png,cat,1,/home/emily/MMIP/week5/quiz1/data/gallery/dog/00591.png,dog,0.795912
/home/emily/MMIP/week5/quiz1/data/query/cat/00094.png,cat,2,/home/emily/MMIP/week5/quiz1/data/gallery/cat/00393.png,cat,0.794626
/home/emily/MMIP/week5/quiz1/data/query/cat/00094.png,cat,3,/home/emily/MMIP/week5/quiz1/data/gallery/cat/00366.png,cat,0.792917
/home/emily/MMIP/week5/quiz1/data/query/cat/00094.png,cat,4,/home/emily/MMIP/week5/quiz1/data/gallery/dog/00603.png,dog,0.792875
/home/emily/MMIP/week5/quiz1/data/query/cat/00094.png,cat,5,/home/emily/MMIP/week5/quiz1/data/gallery/cat/00199.png,cat,0.792478
/home/emily/MMIP/week5/quiz1/data/query/cat/00095.png,cat,1,/home/emily/MMIP/week5/quiz1/data/gallery/cat/00894.png,cat,0.849552
/home/emily/MMIP/week5/quiz1/data/query/cat/00095.png,cat,2,/home/emily/MMIP/week5/quiz1/data/gallery/dog/00794.png,dog,0.841548
/home/emily/MMIP/week5/quiz1/data/query/cat/00095.png,cat,3,/home/emily/MMIP/week5/quiz1/data/gallery/horse/00132.png,horse,0.838060
/home/emily/MMIP/week5/quiz1/data/query/cat/00095.png,cat,4,/home/emily/MMIP/week5/quiz1/data/gallery/bird/00690.png,bird,0.836805
/home/emily/MMIP/week5/quiz1/data/query/cat/00095.png,cat,5,/home/emily/MMIP/week5/quiz1/data/gallery/deer/00057.png,deer,0.835856
/home/emily/MMIP/week5/quiz1/data/query/cat/00096.png,cat,1,/home/emily/MMIP/week5/quiz1/data/gallery/horse/00567.png,horse,0.837628
/home/emily/MMIP/week5/quiz1/data/query/cat/00096.png,cat,2,/home/emily/MMIP/week5/quiz1/data/gallery/cat/00945.png,cat,0.836835
/home/emily/MMIP/week5/quiz1/data/query/cat/00096.png,cat,3,/home/emily/MMIP/week5/quiz1/data/gallery/airplane/00831.png,airplane,0.826548
/home/emily/MMIP/week5/quiz1/data/query/cat/00096.png,cat,4,/home/emily/MMIP/week5/quiz1/data/gallery/cat/00617.png,cat,0.822260
/home/emily/MMIP/week5/quiz1/data/query/cat/00096.png,cat,5,/home/emily/MMIP/week5/quiz1/data/gallery/dog/00703.png,dog,0.820098
/home/emily/MMIP/week5/quiz1/data/query/cat/00097.png,cat,1,/home/emily/MMIP/week5/quiz1/data/gallery/deer/00421.png,deer,0.836278
/home/emily/MMIP/week5/quiz1/data/query/cat/00097.png,cat,2,/home/emily/MMIP/week5/quiz1/data/gallery/dog/00391.png,dog,0.822213
/home/emily/MMIP/week5/quiz1/data/query/cat/00097.png,cat,3,/home/emily/MMIP/week5/quiz1/data/gallery/cat/00100.png,cat,0.820647
/home/emily/MMIP/week5/quiz1/data/query/cat/00097.png,cat,4,/home/emily/MMIP/week5/quiz1/data/gallery/cat/00058.png,cat,0.820453
/home/emily/MMIP/week5/quiz1/data/query/cat/00097.png,cat,5,/home/emily/MMIP/week5/quiz1/data/gallery/horse/00934.png,horse,0.819898
/home/emily/MMIP/week5/quiz1/data/query/cat/00098.png,cat,1,/home/emily/MMIP/week5/quiz1/data/gallery/cat/00263.png,cat,0.857086
/home/emily/MMIP/week5/quiz1/data/query/cat/00098.png,cat,2,/home/emily/MMIP/week5/quiz1/data/gallery/cat/00252.png,cat,0.848443
/home/emily/MMIP/week5/quiz1/data/query/cat/00098.png,cat,3,/home/emily/MMIP/week5/quiz1/data/gallery/cat/00759.png,cat,0.838218
/home/emily/MMIP/week5/quiz1/data/query/cat/00098.png,cat,4,/home/emily/MMIP/week5/quiz1/data/gallery/cat/00839.png,cat,0.838099
/home/emily/MMIP/week5/quiz1/data/query/cat/00098.png,cat,5,/home/emily/MMIP/week5/quiz1/data/gallery/cat/00223.png,cat,0.837968
/home/emily/MMIP/week5/quiz1/data/query/cat/00099.png,cat,1,/home/emily/MMIP/week5/quiz1/data/gallery/cat/00497.png,cat,0.814856
/home/emily/MMIP/week5/quiz1/data/query/cat/00099.png,cat,2,/home/emily/MMIP/week5/quiz1/data/gallery/cat/00019.png,cat,0.813442
/home/emily/MMIP/week5/quiz1/data/query/cat/00099.png,cat,3,/home/emily/MMIP/week5/quiz1/data/gallery/frog/00267.png,frog,0.809915
/home/emily/MMIP/week5/quiz1/data/query/cat/00099.png,cat,4,/home/emily/MMIP/week5/quiz1/data/gallery/cat/00113.png,cat,0.808117
/home/emily/MMIP/week5/quiz1/data/query/cat/00099.png,cat,5,/home/emily/MMIP/week5/quiz1/data/gallery/cat/00813.png,cat,0.807757
/home/emily/MMIP/week5/quiz1/data/query/deer/00000.png,deer,1,/home/emily/MMIP/week5/quiz1/data/gallery/deer/00291.png,deer,0.868040
/home/emily/MMIP/week5/quiz1/data/query/deer/00000.png,deer,2,/home/emily/MMIP/week5/quiz1/data/gallery/deer/00928.png,deer,0.850833
/home/emily/MMIP/week5/quiz1/data/query/deer/00000.png,deer,3,/home/emily/MMIP/week5/quiz1/data/gallery/deer/00577.png,deer,0.849586
/home/emily/MMIP/week5/quiz1/data/query/deer/00000.png,deer,4,/home/emily/MMIP/week5/quiz1/data/gallery/deer/00157.png,deer,0.842571
/home/emily/MMIP/week5/quiz1/data/query/deer/00000.png,deer,5,/home/emily/MMIP/week5/quiz1/data/gallery/deer/00345.png,deer,0.839122
/home/emily/MMIP/week5/quiz1/data/query/deer/00001.png,deer,1,/home/emily/MMIP/week5/quiz1/data/gallery/cat/00881.png,cat,0.846165
/home/emily/MMIP/week5/quiz1/data/query/deer/00001.png,deer,2,/home/emily/MMIP/week5/quiz1/data/gallery/horse/00453.png,horse,0.839078
/home/emily/MMIP/week5/quiz1/data/query/deer/00001.png,deer,3,/home/emily/MMIP/week5/quiz1/data/gallery/frog/00744.png,frog,0.837719
/home/emily/MMIP/week5/quiz1/data/query/deer/00001.png,deer,4,/home/emily/MMIP/week5/quiz1/data/gallery/cat/00669.png,cat,0.833772
/home/emily/MMIP/week5/quiz1/data/query/deer/00001.png,deer,5,/home/emily/MMIP/week5/quiz1/data/gallery/cat/00277.png,cat,0.832583
/home/emily/MMIP/week5/quiz1/data/query/deer/00002.png,deer,1,/home/emily/MMIP/week5/quiz1/data/gallery/deer/00865.png,deer,0.862007
/home/emily/MMIP/week5/quiz1/data/query/deer/00002.png,deer,2,/home/emily/MMIP/week5/quiz1/data/gallery/deer/00349.png,deer,0.845899
/home/emily/MMIP/week5/quiz1/data/query/deer/00002.png,deer,3,/home/emily/MMIP/week5/quiz1/data/gallery/deer/00644.png,deer,0.842932
/home/emily/MMIP/week5/quiz1/data/query/deer/00002.png,deer,4,/home/emily/MMIP/week5/quiz1/data/gallery/deer/00958.png,deer,0.837951
/home/emily/MMIP/week5/quiz1/data/query/deer/00002.png,deer,5,/home/emily/MMIP/week5/quiz1/data/gallery/deer/00068.png,deer,0.834831
/home/emily/MMIP/week5/quiz1/data/query/deer/00003.png,deer,1,/home/emily/MMIP/week5/quiz1/data/gallery/deer/00257.png,deer,0.883825
/home/emily/MMIP/week5/quiz1/data/query/deer/00003.png,deer,2,/home/emily/MMIP/week5/quiz1/data/gallery/deer/00437.png,deer,0.877215
/home/emily/MMIP/week5/quiz1/data/query/deer/00003.png,deer,3,/home/emily/MMIP/week5/quiz1/data/gallery/deer/00949.png,deer,0.871636
/home/emily/MMIP/week5/quiz1/data/query/deer/00003.png,deer,4,/home/emily/MMIP/week5/quiz1/data/gallery/deer/00719.png,deer,0.865798
/home/emily/MMIP/week5/quiz1/data/query/deer/00003.png,deer,5,/home/emily/MMIP/week5/quiz1/data/gallery/deer/00342.png,deer,0.862333
/home/emily/MMIP/week5/quiz1/data/query/deer/00004.png,deer,1,/home/emily/MMIP/week5/quiz1/data/gallery/deer/00026.png,deer,0.851282
/home/emily/MMIP/week5/quiz1/data/query/deer/00004.png,deer,2,/home/emily/MMIP/week5/quiz1/data/gallery/airplane/00898.png,airplane,0.843184
/home/emily/MMIP/week5/quiz1/data/query/deer/00004.png,deer,3,/home/emily/MMIP/week5/quiz1/data/gallery/airplane/00838.png,airplane,0.841800
/home/emily/MMIP/week5/quiz1/data/query/deer/00004.png,deer,4,/home/emily/MMIP/week5/quiz1/data/gallery/horse/00254.png,horse,0.840483
/home/emily/MMIP/week5/quiz1/data/query/deer/00004.png,deer,5,/home/emily/MMIP/week5/quiz1/data/gallery/horse/00031.png,horse,0.839926
/home/emily/MMIP/week5/quiz1/data/query/deer/00005.png,deer,1,/home/emily/MMIP/week5/quiz1/data/gallery/dog/00487.png,dog,0.841422
/home/emily/MMIP/week5/quiz1/data/query/deer/00005.png,deer,2,/home/emily/MMIP/week5/quiz1/data/gallery/dog/00723.png,dog,0.840666
/home/emily/MMIP/week5/quiz1/data/query/deer/00005.png,deer,3,/home/emily/MMIP/week5/quiz1/data/gallery/cat/00124.png,cat,0.834974
/home/emily/MMIP/week5/quiz1/data/query/deer/00005.png,deer,4,/home/emily/MMIP/week5/quiz1/data/gallery/dog/00707.png,dog,0.833054
/home/emily/MMIP/week5/quiz1/data/query/deer/00005.png,deer,5,/home/emily/MMIP/week5/quiz1/data/gallery/dog/00734.png,dog,0.832900
/home/emily/MMIP/week5/quiz1/data/query/deer/00006.png,deer,1,/home/emily/MMIP/week5/quiz1/data/gallery/deer/00949.png,deer,0.863234
/home/emily/MMIP/week5/quiz1/data/query/deer/00006.png,deer,2,/home/emily/MMIP/week5/quiz1/data/gallery/deer/00485.png,deer,0.861323
/home/emily/MMIP/week5/quiz1/data/query/deer/00006.png,deer,3,/home/emily/MMIP/week5/quiz1/data/gallery/deer/00437.png,deer,0.858107
/home/emily/MMIP/week5/quiz1/data/query/deer/00006.png,deer,4,/home/emily/MMIP/week5/quiz1/data/gallery/deer/00342.png,deer,0.857062
/home/emily/MMIP/week5/quiz1/data/query/deer/00006.png,deer,5,/home/emily/MMIP/week5/quiz1/data/gallery/horse/00927.png,horse,0.854430
/home/emily/MMIP/week5/quiz1/data/query/deer/00007.png,deer,1,/home/emily/MMIP/week5/quiz1/data/gallery/deer/00481.png,deer,0.872455
/home/emily/MMIP/week5/quiz1/data/query/deer/00007.png,deer,2,/home/emily/MMIP/week5/quiz1/data/gallery/deer/00669.png,deer,0.871952
/home/emily/MMIP/week5/quiz1/data/query/deer/00007.png,deer,3,/home/emily/MMIP/week5/quiz1/data/gallery/horse/00781.png,horse,0.870494
/home/emily/MMIP/week5/quiz1/data/query/deer/00007.png,deer,4,/home/emily/MMIP/week5/quiz1/data/gallery/deer/00886.png,deer,0.866485
/home/emily/MMIP/week5/quiz1/data/query/deer/00007.png,deer,5,/home/emily/MMIP/week5/quiz1/data/gallery/deer/00020.png,deer,0.861635
/home/emily/MMIP/week5/quiz1/data/query/deer/00008.png,deer,1,/home/emily/MMIP/week5/quiz1/data/gallery/deer/00563.png,deer,0.860827
/home/emily/MMIP/week5/quiz1/data/query/deer/00008.png,deer,2,/home/emily/MMIP/week5/quiz1/data/gallery/frog/00289.png,frog,0.847863
/home/emily/MMIP/week5/quiz1/data/query/deer/00008.png,deer,3,/home/emily/MMIP/week5/quiz1/data/gallery/frog/00087.png,frog,0.846271
/home/emily/MMIP/week5/quiz1/data/query/deer/00008.png,deer,4,/home/emily/MMIP/week5/quiz1/data/gallery/frog/00511.png,frog,0.844928
/home/emily/MMIP/week5/quiz1/data/query/deer/00008.png,deer,5,/home/emily/MMIP/week5/quiz1/data/gallery/deer/00341.png,deer,0.844104
/home/emily/MMIP/week5/quiz1/data/query/deer/00009.png,deer,1,/home/emily/MMIP/week5/quiz1/data/gallery/truck/00754.png,truck,0.859573
/home/emily/MMIP/week5/quiz1/data/query/deer/00009.png,deer,2,/home/emily/MMIP/week5/quiz1/data/gallery/truck/00057.png,truck,0.853728
/home/emily/MMIP/week5/quiz1/data/query/deer/00009.png,deer,3,/home/emily/MMIP/week5/quiz1/data/gallery/bird/00690.png,bird,0.847980
/home/emily/MMIP/week5/quiz1/data/query/deer/00009.png,deer,4,/home/emily/MMIP/week5/quiz1/data/gallery/truck/00195.png,truck,0.847381
/home/emily/MMIP/week5/quiz1/data/query/deer/00009.png,deer,5,/home/emily/MMIP/week5/quiz1/data/gallery/cat/00968.png,cat,0.846760
/home/emily/MMIP/week5/quiz1/data/query/deer/00010.png,deer,1,/home/emily/MMIP/week5/quiz1/data/gallery/deer/00093.png,deer,0.866978
/home/emily/MMIP/week5/quiz1/data/query/deer/00010.png,deer,2,/home/emily/MMIP/week5/quiz1/data/gallery/deer/00034.png,deer,0.866189
/home/emily/MMIP/week5/quiz1/data/query/deer/00010.png,deer,3,/home/emily/MMIP/week5/quiz1/data/gallery/bird/00517.png,bird,0.864543
/home/emily/MMIP/week5/quiz1/data/query/deer/00010.png,deer,4,/home/emily/MMIP/week5/quiz1/data/gallery/deer/00797.png,deer,0.862594
/home/emily/MMIP/week5/quiz1/data/query/deer/00010.png,deer,5,/home/emily/MMIP/week5/quiz1/data/gallery/deer/00439.png,deer,0.861027
/home/emily/MMIP/week5/quiz1/data/query/deer/00011.png,deer,1,/home/emily/MMIP/week5/quiz1/data/gallery/deer/00476.png,deer,0.917739
/home/emily/MMIP/week5/quiz1/data/query/deer/00011.png,deer,2,/home/emily/MMIP/week5/quiz1/data/gallery/deer/00884.png,deer,0.905980
/home/emily/MMIP/week5/quiz1/data/query/deer/00011.png,deer,3,/home/emily/MMIP/week5/quiz1/data/gallery/deer/00186.png,deer,0.879148
/home/emily/MMIP/week5/quiz1/data/query/deer/00011.png,deer,4,/home/emily/MMIP/week5/quiz1/data/gallery/horse/00437.png,horse,0.850024
/home/emily/MMIP/week5/quiz1/data/query/deer/00011.png,deer,5,/home/emily/MMIP/week5/quiz1/data/gallery/deer/00486.png,deer,0.848317
/home/emily/MMIP/week5/quiz1/data/query/deer/00012.png,deer,1,/home/emily/MMIP/week5/quiz1/data/gallery/bird/00892.png,bird,0.911044
/home/emily/MMIP/week5/quiz1/data/query/deer/00012.png,deer,2,/home/emily/MMIP/week5/quiz1/data/gallery/deer/00279.png,deer,0.897628
/home/emily/MMIP/week5/quiz1/data/query/deer/00012.png,deer,3,/home/emily/MMIP/week5/quiz1/data/gallery/deer/00540.png,deer,0.877312
/home/emily/MMIP/week5/quiz1/data/query/deer/00012.png,deer,4,/home/emily/MMIP/week5/quiz1/data/gallery/deer/00658.png,deer,0.871686
/home/emily/MMIP/week5/quiz1/data/query/deer/00012.png,deer,5,/home/emily/MMIP/week5/quiz1/data/gallery/deer/00544.png,deer,0.861628
/home/emily/MMIP/week5/quiz1/data/query/deer/00013.png,deer,1,/home/emily/MMIP/week5/quiz1/data/gallery/deer/00925.png,deer,0.875194
/home/emily/MMIP/week5/quiz1/data/query/deer/00013.png,deer,2,/home/emily/MMIP/week5/quiz1/data/gallery/deer/00459.png,deer,0.871411
/home/emily/MMIP/week5/quiz1/data/query/deer/00013.png,deer,3,/home/emily/MMIP/week5/quiz1/data/gallery/deer/00716.png,deer,0.867498
/home/emily/MMIP/week5/quiz1/data/query/deer/00013.png,deer,4,/home/emily/MMIP/week5/quiz1/data/gallery/deer/00688.png,deer,0.861343
/home/emily/MMIP/week5/quiz1/data/query/deer/00013.png,deer,5,/home/emily/MMIP/week5/quiz1/data/gallery/deer/00177.png,deer,0.860792
/home/emily/MMIP/week5/quiz1/data/query/deer/00014.png,deer,1,/home/emily/MMIP/week5/quiz1/data/gallery/cat/00857.png,cat,0.843244
/home/emily/MMIP/week5/quiz1/data/query/deer/00014.png,deer,2,/home/emily/MMIP/week5/quiz1/data/gallery/dog/00507.png,dog,0.839396
/home/emily/MMIP/week5/quiz1/data/query/deer/00014.png,deer,3,/home/emily/MMIP/week5/quiz1/data/gallery/cat/00045.png,cat,0.836831
/home/emily/MMIP/week5/quiz1/data/query/deer/00014.png,deer,4,/home/emily/MMIP/week5/quiz1/data/gallery/deer/00475.png,deer,0.831259
/home/emily/MMIP/week5/quiz1/data/query/deer/00014.png,deer,5,/home/emily/MMIP/week5/quiz1/data/gallery/cat/00180.png,cat,0.830711
/home/emily/MMIP/week5/quiz1/data/query/deer/00015.png,deer,1,/home/emily/MMIP/week5/quiz1/data/gallery/ship/00615.png,ship,0.814999
/home/emily/MMIP/week5/quiz1/data/query/deer/00015.png,deer,2,/home/emily/MMIP/week5/quiz1/data/gallery/deer/00035.png,deer,0.765044
/home/emily/MMIP/week5/quiz1/data/query/deer/00015.png,deer,3,/home/emily/MMIP/week5/quiz1/data/gallery/deer/00329.png,deer,0.746222
/home/emily/MMIP/week5/quiz1/data/query/deer/00015.png,deer,4,/home/emily/MMIP/week5/quiz1/data/gallery/deer/00828.png,deer,0.741910
/home/emily/MMIP/week5/quiz1/data/query/deer/00015.png,deer,5,/home/emily/MMIP/week5/quiz1/data/gallery/deer/00393.png,deer,0.739507
/home/emily/MMIP/week5/quiz1/data/query/deer/00016.png,deer,1,/home/emily/MMIP/week5/quiz1/data/gallery/deer/00392.png,deer,0.861952
/home/emily/MMIP/week5/quiz1/data/query/deer/00016.png,deer,2,/home/emily/MMIP/week5/quiz1/data/gallery/deer/00145.png,deer,0.858533
/home/emily/MMIP/week5/quiz1/data/query/deer/00016.png,deer,3,/home/emily/MMIP/week5/quiz1/data/gallery/deer/00053.png,deer,0.849302
/home/emily/MMIP/week5/quiz1/data/query/deer/00016.png,deer,4,/home/emily/MMIP/week5/quiz1/data/gallery/deer/00051.png,deer,0.844182
/home/emily/MMIP/week5/quiz1/data/query/deer/00016.png,deer,5,/home/emily/MMIP/week5/quiz1/data/gallery/deer/00991.png,deer,0.840544
/home/emily/MMIP/week5/quiz1/data/query/deer/00017.png,deer,1,/home/emily/MMIP/week5/quiz1/data/gallery/deer/00102.png,deer,0.864625
/home/emily/MMIP/week5/quiz1/data/query/deer/00017.png,deer,2,/home/emily/MMIP/week5/quiz1/data/gallery/deer/00519.png,deer,0.863240
/home/emily/MMIP/week5/quiz1/data/query/deer/00017.png,deer,3,/home/emily/MMIP/week5/quiz1/data/gallery/deer/00161.png,deer,0.861975
/home/emily/MMIP/week5/quiz1/data/query/deer/00017.png,deer,4,/home/emily/MMIP/week5/quiz1/data/gallery/deer/00451.png,deer,0.861925
/home/emily/MMIP/week5/quiz1/data/query/deer/00017.png,deer,5,/home/emily/MMIP/week5/quiz1/data/gallery/deer/00943.png,deer,0.860045
/home/emily/MMIP/week5/quiz1/data/query/deer/00018.png,deer,1,/home/emily/MMIP/week5/quiz1/data/gallery/deer/00417.png,deer,0.909514
/home/emily/MMIP/week5/quiz1/data/query/deer/00018.png,deer,2,/home/emily/MMIP/week5/quiz1/data/gallery/deer/00392.png,deer,0.877557
/home/emily/MMIP/week5/quiz1/data/query/deer/00018.png,deer,3,/home/emily/MMIP/week5/quiz1/data/gallery/deer/00716.png,deer,0.877536
/home/emily/MMIP/week5/quiz1/data/query/deer/00018.png,deer,4,/home/emily/MMIP/week5/quiz1/data/gallery/deer/00066.png,deer,0.877515
/home/emily/MMIP/week5/quiz1/data/query/deer/00018.png,deer,5,/home/emily/MMIP/week5/quiz1/data/gallery/deer/00533.png,deer,0.876955
/home/emily/MMIP/week5/quiz1/data/query/deer/00019.png,deer,1,/home/emily/MMIP/week5/quiz1/data/gallery/deer/00500.png,deer,0.903065
/home/emily/MMIP/week5/quiz1/data/query/deer/00019.png,deer,2,/home/emily/MMIP/week5/quiz1/data/gallery/deer/00147.png,deer,0.885499
/home/emily/MMIP/week5/quiz1/data/query/deer/00019.png,deer,3,/home/emily/MMIP/week5/quiz1/data/gallery/deer/00159.png,deer,0.885495
/home/emily/MMIP/week5/quiz1/data/query/deer/00019.png,deer,4,/home/emily/MMIP/week5/quiz1/data/gallery/deer/00735.png,deer,0.873644
/home/emily/MMIP/week5/quiz1/data/query/deer/00019.png,deer,5,/home/emily/MMIP/week5/quiz1/data/gallery/deer/00734.png,deer,0.870296
/home/emily/MMIP/week5/quiz1/data/query/deer/00020.png,deer,1,/home/emily/MMIP/week5/quiz1/data/gallery/deer/00000.png,deer,0.861120
/home/emily/MMIP/week5/quiz1/data/query/deer/00020.png,deer,2,/home/emily/MMIP/week5/quiz1/data/gallery/deer/00066.png,deer,0.856128
/home/emily/MMIP/week5/quiz1/data/query/deer/00020.png,deer,3,/home/emily/MMIP/week5/quiz1/data/gallery/deer/00392.png,deer,0.852272
/home/emily/MMIP/week5/quiz1/data/query/deer/00020.png,deer,4,/home/emily/MMIP/week5/quiz1/data/gallery/deer/00053.png,deer,0.852080
/home/emily/MMIP/week5/quiz1/data/query/deer/00020.png,deer,5,/home/emily/MMIP/week5/quiz1/data/gallery/deer/00505.png,deer,0.851784
/home/emily/MMIP/week5/quiz1/data/query/deer/00021.png,deer,1,/home/emily/MMIP/week5/quiz1/data/gallery/deer/00477.png,deer,0.884479
/home/emily/MMIP/week5/quiz1/data/query/deer/00021.png,deer,2,/home/emily/MMIP/week5/quiz1/data/gallery/deer/00930.png,deer,0.878771
/home/emily/MMIP/week5/quiz1/data/query/deer/00021.png,deer,3,/home/emily/MMIP/week5/quiz1/data/gallery/deer/00603.png,deer,0.875135
/home/emily/MMIP/week5/quiz1/data/query/deer/00021.png,deer,4,/home/emily/MMIP/week5/quiz1/data/gallery/horse/00703.png,horse,0.872835
/home/emily/MMIP/week5/quiz1/data/query/deer/00021.png,deer,5,/home/emily/MMIP/week5/quiz1/data/gallery/horse/00766.png,horse,0.871329
/home/emily/MMIP/week5/quiz1/data/query/deer/00022.png,deer,1,/home/emily/MMIP/week5/quiz1/data/gallery/deer/00529.png,deer,0.863518
/home/emily/MMIP/week5/quiz1/data/query/deer/00022.png,deer,2,/home/emily/MMIP/week5/quiz1/data/gallery/deer/00028.png,deer,0.849001
/home/emily/MMIP/week5/quiz1/data/query/deer/00022.png,deer,3,/home/emily/MMIP/week5/quiz1/data/gallery/deer/00085.png,deer,0.848885
/home/emily/MMIP/week5/quiz1/data/query/deer/00022.png,deer,4,/home/emily/MMIP/week5/quiz1/data/gallery/deer/00338.png,deer,0.845397
/home/emily/MMIP/week5/quiz1/data/query/deer/00022.png,deer,5,/home/emily/MMIP/week5/quiz1/data/gallery/deer/00004.png,deer,0.844262
/home/emily/MMIP/week5/quiz1/data/query/deer/00023.png,deer,1,/home/emily/MMIP/week5/quiz1/data/gallery/dog/00173.png,dog,0.871911
/home/emily/MMIP/week5/quiz1/data/query/deer/00023.png,deer,2,/home/emily/MMIP/week5/quiz1/data/gallery/deer/00367.png,deer,0.854976
/home/emily/MMIP/week5/quiz1/data/query/deer/00023.png,deer,3,/home/emily/MMIP/week5/quiz1/data/gallery/deer/00400.png,deer,0.854324
/home/emily/MMIP/week5/quiz1/data/query/deer/00023.png,deer,4,/home/emily/MMIP/week5/quiz1/data/gallery/deer/00504.png,deer,0.849714
/home/emily/MMIP/week5/quiz1/data/query/deer/00023.png,deer,5,/home/emily/MMIP/week5/quiz1/data/gallery/dog/00381.png,dog,0.849171
/home/emily/MMIP/week5/quiz1/data/query/deer/00024.png,deer,1,/home/emily/MMIP/week5/quiz1/data/gallery/frog/00757.png,frog,0.864065
/home/emily/MMIP/week5/quiz1/data/query/deer/00024.png,deer,2,/home/emily/MMIP/week5/quiz1/data/gallery/frog/00588.png,frog,0.842426
/home/emily/MMIP/week5/quiz1/data/query/deer/00024.png,deer,3,/home/emily/MMIP/week5/quiz1/data/gallery/horse/00012.png,horse,0.842000
/home/emily/MMIP/week5/quiz1/data/query/deer/00024.png,deer,4,/home/emily/MMIP/week5/quiz1/data/gallery/frog/00357.png,frog,0.836397
/home/emily/MMIP/week5/quiz1/data/query/deer/00024.png,deer,5,/home/emily/MMIP/week5/quiz1/data/gallery/frog/00169.png,frog,0.835686
/home/emily/MMIP/week5/quiz1/data/query/deer/00025.png,deer,1,/home/emily/MMIP/week5/quiz1/data/gallery/frog/00754.png,frog,0.848047
/home/emily/MMIP/week5/quiz1/data/query/deer/00025.png,deer,2,/home/emily/MMIP/week5/quiz1/data/gallery/horse/00566.png,horse,0.847840
/home/emily/MMIP/week5/quiz1/data/query/deer/00025.png,deer,3,/home/emily/MMIP/week5/quiz1/data/gallery/deer/00345.png,deer,0.847252
/home/emily/MMIP/week5/quiz1/data/query/deer/00025.png,deer,4,/home/emily/MMIP/week5/quiz1/data/gallery/airplane/00497.png,airplane,0.845275
/home/emily/MMIP/week5/quiz1/data/query/deer/00025.png,deer,5,/home/emily/MMIP/week5/quiz1/data/gallery/ship/00415.png,ship,0.844661
/home/emily/MMIP/week5/quiz1/data/query/deer/00026.png,deer,1,/home/emily/MMIP/week5/quiz1/data/gallery/horse/00700.png,horse,0.866898
/home/emily/MMIP/week5/quiz1/data/query/deer/00026.png,deer,2,/home/emily/MMIP/week5/quiz1/data/gallery/horse/00452.png,horse,0.856203
/home/emily/MMIP/week5/quiz1/data/query/deer/00026.png,deer,3,/home/emily/MMIP/week5/quiz1/data/gallery/dog/00040.png,dog,0.854449
/home/emily/MMIP/week5/quiz1/data/query/deer/00026.png,deer,4,/home/emily/MMIP/week5/quiz1/data/gallery/dog/00310.png,dog,0.851752
/home/emily/MMIP/week5/quiz1/data/query/deer/00026.png,deer,5,/home/emily/MMIP/week5/quiz1/data/gallery/dog/00079.png,dog,0.844477
/home/emily/MMIP/week5/quiz1/data/query/deer/00027.png,deer,1,/home/emily/MMIP/week5/quiz1/data/gallery/horse/00254.png,horse,0.860434
/home/emily/MMIP/week5/quiz1/data/query/deer/00027.png,deer,2,/home/emily/MMIP/week5/quiz1/data/gallery/horse/00565.png,horse,0.857809
/home/emily/MMIP/week5/quiz1/data/query/deer/00027.png,deer,3,/home/emily/MMIP/week5/quiz1/data/gallery/deer/00026.png,deer,0.847868
/home/emily/MMIP/week5/quiz1/data/query/deer/00027.png,deer,4,/home/emily/MMIP/week5/quiz1/data/gallery/deer/00543.png,deer,0.847052
/home/emily/MMIP/week5/quiz1/data/query/deer/00027.png,deer,5,/home/emily/MMIP/week5/quiz1/data/gallery/deer/00309.png,deer,0.846919
/home/emily/MMIP/week5/quiz1/data/query/deer/00028.png,deer,1,/home/emily/MMIP/week5/quiz1/data/gallery/bird/00727.png,bird,0.877940
/home/emily/MMIP/week5/quiz1/data/query/deer/00028.png,deer,2,/home/emily/MMIP/week5/quiz1/data/gallery/deer/00587.png,deer,0.869657
/home/emily/MMIP/week5/quiz1/data/query/deer/00028.png,deer,3,/home/emily/MMIP/week5/quiz1/data/gallery/deer/00632.png,deer,0.866378
/home/emily/MMIP/week5/quiz1/data/query/deer/00028.png,deer,4,/home/emily/MMIP/week5/quiz1/data/gallery/deer/00132.png,deer,0.865729
/home/emily/MMIP/week5/quiz1/data/query/deer/00028.png,deer,5,/home/emily/MMIP/week5/quiz1/data/gallery/horse/00632.png,horse,0.864300
/home/emily/MMIP/week5/quiz1/data/query/deer/00029.png,deer,1,/home/emily/MMIP/week5/quiz1/data/gallery/ship/00272.png,ship,0.867799
/home/emily/MMIP/week5/quiz1/data/query/deer/00029.png,deer,2,/home/emily/MMIP/week5/quiz1/data/gallery/ship/00415.png,ship,0.842210
/home/emily/MMIP/week5/quiz1/data/query/deer/00029.png,deer,3,/home/emily/MMIP/week5/quiz1/data/gallery/ship/00849.png,ship,0.840011
/home/emily/MMIP/week5/quiz1/data/query/deer/00029.png,deer,4,/home/emily/MMIP/week5/quiz1/data/gallery/airplane/00206.png,airplane,0.837793
/home/emily/MMIP/week5/quiz1/data/query/deer/00029.png,deer,5,/home/emily/MMIP/week5/quiz1/data/gallery/bird/00791.png,bird,0.834545
/home/emily/MMIP/week5/quiz1/data/query/deer/00030.png,deer,1,/home/emily/MMIP/week5/quiz1/data/gallery/cat/00916.png,cat,0.888089
/home/emily/MMIP/week5/quiz1/data/query/deer/00030.png,deer,2,/home/emily/MMIP/week5/quiz1/data/gallery/deer/00874.png,deer,0.858243
/home/emily/MMIP/week5/quiz1/data/query/deer/00030.png,deer,3,/home/emily/MMIP/week5/quiz1/data/gallery/deer/00133.png,deer,0.845542
/home/emily/MMIP/week5/quiz1/data/query/deer/00030.png,deer,4,/home/emily/MMIP/week5/quiz1/data/gallery/frog/00045.png,frog,0.844997
/home/emily/MMIP/week5/quiz1/data/query/deer/00030.png,deer,5,/home/emily/MMIP/week5/quiz1/data/gallery/deer/00615.png,deer,0.844833
/home/emily/MMIP/week5/quiz1/data/query/deer/00031.png,deer,1,/home/emily/MMIP/week5/quiz1/data/gallery/deer/00165.png,deer,0.851509
/home/emily/MMIP/week5/quiz1/data/query/deer/00031.png,deer,2,/home/emily/MMIP/week5/quiz1/data/gallery/deer/00467.png,deer,0.845060
/home/emily/MMIP/week5/quiz1/data/query/deer/00031.png,deer,3,/home/emily/MMIP/week5/quiz1/data/gallery/deer/00624.png,deer,0.840205
/home/emily/MMIP/week5/quiz1/data/query/deer/00031.png,deer,4,/home/emily/MMIP/week5/quiz1/data/gallery/deer/00199.png,deer,0.839323
/home/emily/MMIP/week5/quiz1/data/query/deer/00031.png,deer,5,/home/emily/MMIP/week5/quiz1/data/gallery/deer/00506.png,deer,0.837686
/home/emily/MMIP/week5/quiz1/data/query/deer/00032.png,deer,1,/home/emily/MMIP/week5/quiz1/data/gallery/deer/00225.png,deer,0.856201
/home/emily/MMIP/week5/quiz1/data/query/deer/00032.png,deer,2,/home/emily/MMIP/week5/quiz1/data/gallery/deer/00916.png,deer,0.854511
/home/emily/MMIP/week5/quiz1/data/query/deer/00032.png,deer,3,/home/emily/MMIP/week5/quiz1/data/gallery/bird/00568.png,bird,0.851152
/home/emily/MMIP/week5/quiz1/data/query/deer/00032.png,deer,4,/home/emily/MMIP/week5/quiz1/data/gallery/deer/00481.png,deer,0.850766
/home/emily/MMIP/week5/quiz1/data/query/deer/00032.png,deer,5,/home/emily/MMIP/week5/quiz1/data/gallery/horse/00073.png,horse,0.846649
/home/emily/MMIP/week5/quiz1/data/query/deer/00033.png,deer,1,/home/emily/MMIP/week5/quiz1/data/gallery/deer/00133.png,deer,0.854232
/home/emily/MMIP/week5/quiz1/data/query/deer/00033.png,deer,2,/home/emily/MMIP/week5/quiz1/data/gallery/deer/00547.png,deer,0.853833
/home/emily/MMIP/week5/quiz1/data/query/deer/00033.png,deer,3,/home/emily/MMIP/week5/quiz1/data/gallery/frog/00080.png,frog,0.852247
/home/emily/MMIP/week5/quiz1/data/query/deer/00033.png,deer,4,/home/emily/MMIP/week5/quiz1/data/gallery/frog/00868.png,frog,0.845793
/home/emily/MMIP/week5/quiz1/data/query/deer/00033.png,deer,5,/home/emily/MMIP/week5/quiz1/data/gallery/deer/00757.png,deer,0.845552
/home/emily/MMIP/week5/quiz1/data/query/deer/00034.png,deer,1,/home/emily/MMIP/week5/quiz1/data/gallery/horse/00363.png,horse,0.871940
/home/emily/MMIP/week5/quiz1/data/query/deer/00034.png,deer,2,/home/emily/MMIP/week5/quiz1/data/gallery/deer/00044.png,deer,0.861590
/home/emily/MMIP/week5/quiz1/data/query/deer/00034.png,deer,3,/home/emily/MMIP/week5/quiz1/data/gallery/deer/00318.png,deer,0.849388
/home/emily/MMIP/week5/quiz1/data/query/deer/00034.png,deer,4,/home/emily/MMIP/week5/quiz1/data/gallery/deer/00314.png,deer,0.848153
/home/emily/MMIP/week5/quiz1/data/query/deer/00034.png,deer,5,/home/emily/MMIP/week5/quiz1/data/gallery/deer/00708.png,deer,0.847209
/home/emily/MMIP/week5/quiz1/data/query/deer/00035.png,deer,1,/home/emily/MMIP/week5/quiz1/data/gallery/cat/00487.png,cat,0.868325
/home/emily/MMIP/week5/quiz1/data/query/deer/00035.png,deer,2,/home/emily/MMIP/week5/quiz1/data/gallery/cat/00143.png,cat,0.865531
/home/emily/MMIP/week5/quiz1/data/query/deer/00035.png,deer,3,/home/emily/MMIP/week5/quiz1/data/gallery/dog/00716.png,dog,0.856174
/home/emily/MMIP/week5/quiz1/data/query/deer/00035.png,deer,4,/home/emily/MMIP/week5/quiz1/data/gallery/dog/00794.png,dog,0.851796
/home/emily/MMIP/week5/quiz1/data/query/deer/00035.png,deer,5,/home/emily/MMIP/week5/quiz1/data/gallery/deer/00856.png,deer,0.847297
/home/emily/MMIP/week5/quiz1/data/query/deer/00036.png,deer,1,/home/emily/MMIP/week5/quiz1/data/gallery/deer/00327.png,deer,0.877912
/home/emily/MMIP/week5/quiz1/data/query/deer/00036.png,deer,2,/home/emily/MMIP/week5/quiz1/data/gallery/deer/00312.png,deer,0.872245
/home/emily/MMIP/week5/quiz1/data/query/deer/00036.png,deer,3,/home/emily/MMIP/week5/quiz1/data/gallery/horse/00073.png,horse,0.870384
/home/emily/MMIP/week5/quiz1/data/query/deer/00036.png,deer,4,/home/emily/MMIP/week5/quiz1/data/gallery/deer/00575.png,deer,0.868069
/home/emily/MMIP/week5/quiz1/data/query/deer/00036.png,deer,5,/home/emily/MMIP/week5/quiz1/data/gallery/deer/00916.png,deer,0.864511
/home/emily/MMIP/week5/quiz1/data/query/deer/00037.png,deer,1,/home/emily/MMIP/week5/quiz1/data/gallery/deer/00628.png,deer,0.876349
/home/emily/MMIP/week5/quiz1/data/query/deer/00037.png,deer,2,/home/emily/MMIP/week5/quiz1/data/gallery/deer/00300.png,deer,0.875356
/home/emily/MMIP/week5/quiz1/data/query/deer/00037.png,deer,3,/home/emily/MMIP/week5/quiz1/data/gallery/bird/00950.png,bird,0.874047
/home/emily/MMIP/week5/quiz1/data/query/deer/00037.png,deer,4,/home/emily/MMIP/week5/quiz1/data/gallery/cat/00444.png,cat,0.872450
/home/emily/MMIP/week5/quiz1/data/query/deer/00037.png,deer,5,/home/emily/MMIP/week5/quiz1/data/gallery/deer/00266.png,deer,0.872187
/home/emily/MMIP/week5/quiz1/data/query/deer/00038.png,deer,1,/home/emily/MMIP/week5/quiz1/data/gallery/deer/00015.png,deer,0.960526
/home/emily/MMIP/week5/quiz1/data/query/deer/00038.png,deer,2,/home/emily/MMIP/week5/quiz1/data/gallery/deer/00914.png,deer,0.887092
/home/emily/MMIP/week5/quiz1/data/query/deer/00038.png,deer,3,/home/emily/MMIP/week5/quiz1/data/gallery/deer/00915.png,deer,0.882782
/home/emily/MMIP/week5/quiz1/data/query/deer/00038.png,deer,4,/home/emily/MMIP/week5/quiz1/data/gallery/deer/00752.png,deer,0.880060
/home/emily/MMIP/week5/quiz1/data/query/deer/00038.png,deer,5,/home/emily/MMIP/week5/quiz1/data/gallery/deer/00017.png,deer,0.878786
/home/emily/MMIP/week5/quiz1/data/query/deer/00039.png,deer,1,/home/emily/MMIP/week5/quiz1/data/gallery/deer/00147.png,deer,0.871418
/home/emily/MMIP/week5/quiz1/data/query/deer/00039.png,deer,2,/home/emily/MMIP/week5/quiz1/data/gallery/deer/00054.png,deer,0.866654
/home/emily/MMIP/week5/quiz1/data/query/deer/00039.png,deer,3,/home/emily/MMIP/week5/quiz1/data/gallery/deer/00162.png,deer,0.861385
/home/emily/MMIP/week5/quiz1/data/query/deer/00039.png,deer,4,/home/emily/MMIP/week5/quiz1/data/gallery/deer/00818.png,deer,0.859297
/home/emily/MMIP/week5/quiz1/data/query/deer/00039.png,deer,5,/home/emily/MMIP/week5/quiz1/data/gallery/dog/00950.png,dog,0.858308
/home/emily/MMIP/week5/quiz1/data/query/deer/00040.png,deer,1,/home/emily/MMIP/week5/quiz1/data/gallery/deer/00007.png,deer,0.847973
/home/emily/MMIP/week5/quiz1/data/query/deer/00040.png,deer,2,/home/emily/MMIP/week5/quiz1/data/gallery/deer/00766.png,deer,0.847558
/home/emily/MMIP/week5/quiz1/data/query/deer/00040.png,deer,3,/home/emily/MMIP/week5/quiz1/data/gallery/deer/00324.png,deer,0.845535
/home/emily/MMIP/week5/quiz1/data/query/deer/00040.png,deer,4,/home/emily/MMIP/week5/quiz1/data/gallery/frog/00191.png,frog,0.842627
/home/emily/MMIP/week5/quiz1/data/query/deer/00040.png,deer,5,/home/emily/MMIP/week5/quiz1/data/gallery/deer/00034.png,deer,0.842239
/home/emily/MMIP/week5/quiz1/data/query/deer/00041.png,deer,1,/home/emily/MMIP/week5/quiz1/data/gallery/frog/00659.png,frog,0.867790
/home/emily/MMIP/week5/quiz1/data/query/deer/00041.png,deer,2,/home/emily/MMIP/week5/quiz1/data/gallery/frog/00628.png,frog,0.865988
/home/emily/MMIP/week5/quiz1/data/query/deer/00041.png,deer,3,/home/emily/MMIP/week5/quiz1/data/gallery/frog/00792.png,frog,0.865756
/home/emily/MMIP/week5/quiz1/data/query/deer/00041.png,deer,4,/home/emily/MMIP/week5/quiz1/data/gallery/frog/00556.png,frog,0.863346
/home/emily/MMIP/week5/quiz1/data/query/deer/00041.png,deer,5,/home/emily/MMIP/week5/quiz1/data/gallery/frog/00103.png,frog,0.862190
/home/emily/MMIP/week5/quiz1/data/query/deer/00042.png,deer,1,/home/emily/MMIP/week5/quiz1/data/gallery/horse/00648.png,horse,0.849852
/home/emily/MMIP/week5/quiz1/data/query/deer/00042.png,deer,2,/home/emily/MMIP/week5/quiz1/data/gallery/horse/00704.png,horse,0.840139
/home/emily/MMIP/week5/quiz1/data/query/deer/00042.png,deer,3,/home/emily/MMIP/week5/quiz1/data/gallery/deer/00802.png,deer,0.836449
/home/emily/MMIP/week5/quiz1/data/query/deer/00042.png,deer,4,/home/emily/MMIP/week5/quiz1/data/gallery/horse/00525.png,horse,0.835821
/home/emily/MMIP/week5/quiz1/data/query/deer/00042.png,deer,5,/home/emily/MMIP/week5/quiz1/data/gallery/horse/00930.png,horse,0.835711
/home/emily/MMIP/week5/quiz1/data/query/deer/00043.png,deer,1,/home/emily/MMIP/week5/quiz1/data/gallery/deer/00124.png,deer,0.914010
/home/emily/MMIP/week5/quiz1/data/query/deer/00043.png,deer,2,/home/emily/MMIP/week5/quiz1/data/gallery/deer/00231.png,deer,0.884714
/home/emily/MMIP/week5/quiz1/data/query/deer/00043.png,deer,3,/home/emily/MMIP/week5/quiz1/data/gallery/deer/00239.png,deer,0.884195
/home/emily/MMIP/week5/quiz1/data/query/deer/00043.png,deer,4,/home/emily/MMIP/week5/quiz1/data/gallery/deer/00384.png,deer,0.881123
/home/emily/MMIP/week5/quiz1/data/query/deer/00043.png,deer,5,/home/emily/MMIP/week5/quiz1/data/gallery/deer/00054.png,deer,0.878522
/home/emily/MMIP/week5/quiz1/data/query/deer/00044.png,deer,1,/home/emily/MMIP/week5/quiz1/data/gallery/deer/00862.png,deer,0.834438
/home/emily/MMIP/week5/quiz1/data/query/deer/00044.png,deer,2,/home/emily/MMIP/week5/quiz1/data/gallery/cat/00351.png,cat,0.828535
/home/emily/MMIP/week5/quiz1/data/query/deer/00044.png,deer,3,/home/emily/MMIP/week5/quiz1/data/gallery/dog/00956.png,dog,0.826180
/home/emily/MMIP/week5/quiz1/data/query/deer/00044.png,deer,4,/home/emily/MMIP/week5/quiz1/data/gallery/deer/00970.png,deer,0.823789
/home/emily/MMIP/week5/quiz1/data/query/deer/00044.png,deer,5,/home/emily/MMIP/week5/quiz1/data/gallery/cat/00006.png,cat,0.819004
/home/emily/MMIP/week5/quiz1/data/query/deer/00045.png,deer,1,/home/emily/MMIP/week5/quiz1/data/gallery/deer/00166.png,deer,0.860895
/home/emily/MMIP/week5/quiz1/data/query/deer/00045.png,deer,2,/home/emily/MMIP/week5/quiz1/data/gallery/deer/00262.png,deer,0.853336
/home/emily/MMIP/week5/quiz1/data/query/deer/00045.png,deer,3,/home/emily/MMIP/week5/quiz1/data/gallery/deer/00242.png,deer,0.847809
/home/emily/MMIP/week5/quiz1/data/query/deer/00045.png,deer,4,/home/emily/MMIP/week5/quiz1/data/gallery/deer/00192.png,deer,0.843205
/home/emily/MMIP/week5/quiz1/data/query/deer/00045.png,deer,5,/home/emily/MMIP/week5/quiz1/data/gallery/deer/00060.png,deer,0.840172
/home/emily/MMIP/week5/quiz1/data/query/deer/00046.png,deer,1,/home/emily/MMIP/week5/quiz1/data/gallery/deer/00356.png,deer,0.865566
/home/emily/MMIP/week5/quiz1/data/query/deer/00046.png,deer,2,/home/emily/MMIP/week5/quiz1/data/gallery/deer/00057.png,deer,0.849560
/home/emily/MMIP/week5/quiz1/data/query/deer/00046.png,deer,3,/home/emily/MMIP/week5/quiz1/data/gallery/deer/00429.png,deer,0.840522
/home/emily/MMIP/week5/quiz1/data/query/deer/00046.png,deer,4,/home/emily/MMIP/week5/quiz1/data/gallery/deer/00297.png,deer,0.838395
/home/emily/MMIP/week5/quiz1/data/query/deer/00046.png,deer,5,/home/emily/MMIP/week5/quiz1/data/gallery/frog/00738.png,frog,0.835746
/home/emily/MMIP/week5/quiz1/data/query/deer/00047.png,deer,1,/home/emily/MMIP/week5/quiz1/data/gallery/deer/00223.png,deer,0.863878
/home/emily/MMIP/week5/quiz1/data/query/deer/00047.png,deer,2,/home/emily/MMIP/week5/quiz1/data/gallery/deer/00266.png,deer,0.863801
/home/emily/MMIP/week5/quiz1/data/query/deer/00047.png,deer,3,/home/emily/MMIP/week5/quiz1/data/gallery/deer/00758.png,deer,0.863426
/home/emily/MMIP/week5/quiz1/data/query/deer/00047.png,deer,4,/home/emily/MMIP/week5/quiz1/data/gallery/deer/00472.png,deer,0.859476
/home/emily/MMIP/week5/quiz1/data/query/deer/00047.png,deer,5,/home/emily/MMIP/week5/quiz1/data/gallery/deer/00163.png,deer,0.858813
/home/emily/MMIP/week5/quiz1/data/query/deer/00048.png,deer,1,/home/emily/MMIP/week5/quiz1/data/gallery/deer/00364.png,deer,0.876085
/home/emily/MMIP/week5/quiz1/data/query/deer/00048.png,deer,2,/home/emily/MMIP/week5/quiz1/data/gallery/deer/00072.png,deer,0.857350
/home/emily/MMIP/week5/quiz1/data/query/deer/00048.png,deer,3,/home/emily/MMIP/week5/quiz1/data/gallery/frog/00240.png,frog,0.856679
/home/emily/MMIP/week5/quiz1/data/query/deer/00048.png,deer,4,/home/emily/MMIP/week5/quiz1/data/gallery/deer/00283.png,deer,0.853833
/home/emily/MMIP/week5/quiz1/data/query/deer/00048.png,deer,5,/home/emily/MMIP/week5/quiz1/data/gallery/deer/00507.png,deer,0.853633
/home/emily/MMIP/week5/quiz1/data/query/deer/00049.png,deer,1,/home/emily/MMIP/week5/quiz1/data/gallery/deer/00145.png,deer,0.889773
/home/emily/MMIP/week5/quiz1/data/query/deer/00049.png,deer,2,/home/emily/MMIP/week5/quiz1/data/gallery/deer/00133.png,deer,0.886060
/home/emily/MMIP/week5/quiz1/data/query/deer/00049.png,deer,3,/home/emily/MMIP/week5/quiz1/data/gallery/deer/00333.png,deer,0.873535
/home/emily/MMIP/week5/quiz1/data/query/deer/00049.png,deer,4,/home/emily/MMIP/week5/quiz1/data/gallery/deer/00598.png,deer,0.872287
/home/emily/MMIP/week5/quiz1/data/query/deer/00049.png,deer,5,/home/emily/MMIP/week5/quiz1/data/gallery/deer/00436.png,deer,0.871048
/home/emily/MMIP/week5/quiz1/data/query/deer/00050.png,deer,1,/home/emily/MMIP/week5/quiz1/data/gallery/truck/00037.png,truck,0.823484
/home/emily/MMIP/week5/quiz1/data/query/deer/00050.png,deer,2,/home/emily/MMIP/week5/quiz1/data/gallery/automobile/00262.png,automobile,0.821009
/home/emily/MMIP/week5/quiz1/data/query/deer/00050.png,deer,3,/home/emily/MMIP/week5/quiz1/data/gallery/horse/00579.png,horse,0.818495
/home/emily/MMIP/week5/quiz1/data/query/deer/00050.png,deer,4,/home/emily/MMIP/week5/quiz1/data/gallery/airplane/00331.png,airplane,0.815217
/home/emily/MMIP/week5/quiz1/data/query/deer/00050.png,deer,5,/home/emily/MMIP/week5/quiz1/data/gallery/airplane/00293.png,airplane,0.806148
/home/emily/MMIP/week5/quiz1/data/query/deer/00051.png,deer,1,/home/emily/MMIP/week5/quiz1/data/gallery/horse/00700.png,horse,0.848250
/home/emily/MMIP/week5/quiz1/data/query/deer/00051.png,deer,2,/home/emily/MMIP/week5/quiz1/data/gallery/horse/00724.png,horse,0.838009
/home/emily/MMIP/week5/quiz1/data/query/deer/00051.png,deer,3,/home/emily/MMIP/week5/quiz1/data/gallery/deer/00355.png,deer,0.837444
/home/emily/MMIP/week5/quiz1/data/query/deer/00051.png,deer,4,/home/emily/MMIP/week5/quiz1/data/gallery/deer/00176.png,deer,0.836019
/home/emily/MMIP/week5/quiz1/data/query/deer/00051.png,deer,5,/home/emily/MMIP/week5/quiz1/data/gallery/horse/00721.png,horse,0.834331
/home/emily/MMIP/week5/quiz1/data/query/deer/00052.png,deer,1,/home/emily/MMIP/week5/quiz1/data/gallery/deer/00520.png,deer,0.956703
/home/emily/MMIP/week5/quiz1/data/query/deer/00052.png,deer,2,/home/emily/MMIP/week5/quiz1/data/gallery/cat/00612.png,cat,0.880428
/home/emily/MMIP/week5/quiz1/data/query/deer/00052.png,deer,3,/home/emily/MMIP/week5/quiz1/data/gallery/deer/00598.png,deer,0.880212
/home/emily/MMIP/week5/quiz1/data/query/deer/00052.png,deer,4,/home/emily/MMIP/week5/quiz1/data/gallery/deer/00871.png,deer,0.871358
/home/emily/MMIP/week5/quiz1/data/query/deer/00052.png,deer,5,/home/emily/MMIP/week5/quiz1/data/gallery/deer/00199.png,deer,0.871153
/home/emily/MMIP/week5/quiz1/data/query/deer/00053.png,deer,1,/home/emily/MMIP/week5/quiz1/data/gallery/horse/00559.png,horse,0.897818
/home/emily/MMIP/week5/quiz1/data/query/deer/00053.png,deer,2,/home/emily/MMIP/week5/quiz1/data/gallery/deer/00758.png,deer,0.890895
/home/emily/MMIP/week5/quiz1/data/query/deer/00053.png,deer,3,/home/emily/MMIP/week5/quiz1/data/gallery/horse/00381.png,horse,0.887143
/home/emily/MMIP/week5/quiz1/data/query/deer/00053.png,deer,4,/home/emily/MMIP/week5/quiz1/data/gallery/horse/00000.png,horse,0.884610
/home/emily/MMIP/week5/quiz1/data/query/deer/00053.png,deer,5,/home/emily/MMIP/week5/quiz1/data/gallery/horse/00852.png,horse,0.884095
/home/emily/MMIP/week5/quiz1/data/query/deer/00054.png,deer,1,/home/emily/MMIP/week5/quiz1/data/gallery/deer/00632.png,deer,0.917767
/home/emily/MMIP/week5/quiz1/data/query/deer/00054.png,deer,2,/home/emily/MMIP/week5/quiz1/data/gallery/deer/00949.png,deer,0.867820
/home/emily/MMIP/week5/quiz1/data/query/deer/00054.png,deer,3,/home/emily/MMIP/week5/quiz1/data/gallery/deer/00319.png,deer,0.866336
/home/emily/MMIP/week5/quiz1/data/query/deer/00054.png,deer,4,/home/emily/MMIP/week5/quiz1/data/gallery/deer/00113.png,deer,0.861684
/home/emily/MMIP/week5/quiz1/data/query/deer/00054.png,deer,5,/home/emily/MMIP/week5/quiz1/data/gallery/deer/00717.png,deer,0.861384
/home/emily/MMIP/week5/quiz1/data/query/deer/00055.png,deer,1,/home/emily/MMIP/week5/quiz1/data/gallery/deer/00949.png,deer,0.880009
/home/emily/MMIP/week5/quiz1/data/query/deer/00055.png,deer,2,/home/emily/MMIP/week5/quiz1/data/gallery/horse/00427.png,horse,0.878223
/home/emily/MMIP/week5/quiz1/data/query/deer/00055.png,deer,3,/home/emily/MMIP/week5/quiz1/data/gallery/horse/00461.png,horse,0.877647
/home/emily/MMIP/week5/quiz1/data/query/deer/00055.png,deer,4,/home/emily/MMIP/week5/quiz1/data/gallery/deer/00594.png,deer,0.873118
/home/emily/MMIP/week5/quiz1/data/query/deer/00055.png,deer,5,/home/emily/MMIP/week5/quiz1/data/gallery/horse/00680.png,horse,0.868133
/home/emily/MMIP/week5/quiz1/data/query/deer/00056.png,deer,1,/home/emily/MMIP/week5/quiz1/data/gallery/frog/00157.png,frog,0.868747
/home/emily/MMIP/week5/quiz1/data/query/deer/00056.png,deer,2,/home/emily/MMIP/week5/quiz1/data/gallery/frog/00289.png,frog,0.861521
/home/emily/MMIP/week5/quiz1/data/query/deer/00056.png,deer,3,/home/emily/MMIP/week5/quiz1/data/gallery/deer/00563.png,deer,0.860114
/home/emily/MMIP/week5/quiz1/data/query/deer/00056.png,deer,4,/home/emily/MMIP/week5/quiz1/data/gallery/frog/00169.png,frog,0.854198
/home/emily/MMIP/week5/quiz1/data/query/deer/00056.png,deer,5,/home/emily/MMIP/week5/quiz1/data/gallery/deer/00847.png,deer,0.847094
/home/emily/MMIP/week5/quiz1/data/query/deer/00057.png,deer,1,/home/emily/MMIP/week5/quiz1/data/gallery/deer/00439.png,deer,0.897903
/home/emily/MMIP/week5/quiz1/data/query/deer/00057.png,deer,2,/home/emily/MMIP/week5/quiz1/data/gallery/deer/00930.png,deer,0.890467
/home/emily/MMIP/week5/quiz1/data/query/deer/00057.png,deer,3,/home/emily/MMIP/week5/quiz1/data/gallery/bird/00267.png,bird,0.884570
/home/emily/MMIP/week5/quiz1/data/query/deer/00057.png,deer,4,/home/emily/MMIP/week5/quiz1/data/gallery/deer/00504.png,deer,0.884446
/home/emily/MMIP/week5/quiz1/data/query/deer/00057.png,deer,5,/home/emily/MMIP/week5/quiz1/data/gallery/horse/00703.png,horse,0.880635
/home/emily/MMIP/week5/quiz1/data/query/deer/00058.png,deer,1,/home/emily/MMIP/week5/quiz1/data/gallery/horse/00018.png,horse,0.894138
/home/emily/MMIP/week5/quiz1/data/query/deer/00058.png,deer,2,/home/emily/MMIP/week5/quiz1/data/gallery/deer/00743.png,deer,0.879269
/home/emily/MMIP/week5/quiz1/data/query/deer/00058.png,deer,3,/home/emily/MMIP/week5/quiz1/data/gallery/horse/00440.png,horse,0.874272
/home/emily/MMIP/week5/quiz1/data/query/deer/00058.png,deer,4,/home/emily/MMIP/week5/quiz1/data/gallery/horse/00097.png,horse,0.869444
/home/emily/MMIP/week5/quiz1/data/query/deer/00058.png,deer,5,/home/emily/MMIP/week5/quiz1/data/gallery/horse/00768.png,horse,0.866196
/home/emily/MMIP/week5/quiz1/data/query/deer/00059.png,deer,1,/home/emily/MMIP/week5/quiz1/data/gallery/deer/00811.png,deer,0.865600
/home/emily/MMIP/week5/quiz1/data/query/deer/00059.png,deer,2,/home/emily/MMIP/week5/quiz1/data/gallery/deer/00664.png,deer,0.849866
/home/emily/MMIP/week5/quiz1/data/query/deer/00059.png,deer,3,/home/emily/MMIP/week5/quiz1/data/gallery/deer/00400.png,deer,0.849750
/home/emily/MMIP/week5/quiz1/data/query/deer/00059.png,deer,4,/home/emily/MMIP/week5/quiz1/data/gallery/deer/00372.png,deer,0.849701
/home/emily/MMIP/week5/quiz1/data/query/deer/00059.png,deer,5,/home/emily/MMIP/week5/quiz1/data/gallery/deer/00185.png,deer,0.848769
/home/emily/MMIP/week5/quiz1/data/query/deer/00060.png,deer,1,/home/emily/MMIP/week5/quiz1/data/gallery/deer/00191.png,deer,0.877769
/home/emily/MMIP/week5/quiz1/data/query/deer/00060.png,deer,2,/home/emily/MMIP/week5/quiz1/data/gallery/deer/00902.png,deer,0.872775
/home/emily/MMIP/week5/quiz1/data/query/deer/00060.png,deer,3,/home/emily/MMIP/week5/quiz1/data/gallery/deer/00076.png,deer,0.857039
/home/emily/MMIP/week5/quiz1/data/query/deer/00060.png,deer,4,/home/emily/MMIP/week5/quiz1/data/gallery/deer/00720.png,deer,0.849587
/home/emily/MMIP/week5/quiz1/data/query/deer/00060.png,deer,5,/home/emily/MMIP/week5/quiz1/data/gallery/deer/00364.png,deer,0.841093
/home/emily/MMIP/week5/quiz1/data/query/deer/00061.png,deer,1,/home/emily/MMIP/week5/quiz1/data/gallery/deer/00646.png,deer,0.866825
/home/emily/MMIP/week5/quiz1/data/query/deer/00061.png,deer,2,/home/emily/MMIP/week5/quiz1/data/gallery/horse/00813.png,horse,0.866647
/home/emily/MMIP/week5/quiz1/data/query/deer/00061.png,deer,3,/home/emily/MMIP/week5/quiz1/data/gallery/horse/00736.png,horse,0.864196
/home/emily/MMIP/week5/quiz1/data/query/deer/00061.png,deer,4,/home/emily/MMIP/week5/quiz1/data/gallery/horse/00962.png,horse,0.855724
/home/emily/MMIP/week5/quiz1/data/query/deer/00061.png,deer,5,/home/emily/MMIP/week5/quiz1/data/gallery/horse/00855.png,horse,0.854991
/home/emily/MMIP/week5/quiz1/data/query/deer/00062.png,deer,1,/home/emily/MMIP/week5/quiz1/data/gallery/deer/00749.png,deer,0.870355
/home/emily/MMIP/week5/quiz1/data/query/deer/00062.png,deer,2,/home/emily/MMIP/week5/quiz1/data/gallery/deer/00252.png,deer,0.861064
/home/emily/MMIP/week5/quiz1/data/query/deer/00062.png,deer,3,/home/emily/MMIP/week5/quiz1/data/gallery/deer/00624.png,deer,0.860463
/home/emily/MMIP/week5/quiz1/data/query/deer/00062.png,deer,4,/home/emily/MMIP/week5/quiz1/data/gallery/deer/00253.png,deer,0.854981
/home/emily/MMIP/week5/quiz1/data/query/deer/00062.png,deer,5,/home/emily/MMIP/week5/quiz1/data/gallery/frog/00707.png,frog,0.854003
/home/emily/MMIP/week5/quiz1/data/query/deer/00063.png,deer,1,/home/emily/MMIP/week5/quiz1/data/gallery/horse/00735.png,horse,0.859217
/home/emily/MMIP/week5/quiz1/data/query/deer/00063.png,deer,2,/home/emily/MMIP/week5/quiz1/data/gallery/deer/00945.png,deer,0.858719
/home/emily/MMIP/week5/quiz1/data/query/deer/00063.png,deer,3,/home/emily/MMIP/week5/quiz1/data/gallery/deer/00307.png,deer,0.856630
/home/emily/MMIP/week5/quiz1/data/query/deer/00063.png,deer,4,/home/emily/MMIP/week5/quiz1/data/gallery/deer/00205.png,deer,0.853006
/home/emily/MMIP/week5/quiz1/data/query/deer/00063.png,deer,5,/home/emily/MMIP/week5/quiz1/data/gallery/horse/00161.png,horse,0.850532
/home/emily/MMIP/week5/quiz1/data/query/deer/00064.png,deer,1,/home/emily/MMIP/week5/quiz1/data/gallery/deer/00696.png,deer,0.901592
/home/emily/MMIP/week5/quiz1/data/query/deer/00064.png,deer,2,/home/emily/MMIP/week5/quiz1/data/gallery/horse/00052.png,horse,0.870932
/home/emily/MMIP/week5/quiz1/data/query/deer/00064.png,deer,3,/home/emily/MMIP/week5/quiz1/data/gallery/deer/00602.png,deer,0.865253
/home/emily/MMIP/week5/quiz1/data/query/deer/00064.png,deer,4,/home/emily/MMIP/week5/quiz1/data/gallery/horse/00796.png,horse,0.863417
/home/emily/MMIP/week5/quiz1/data/query/deer/00064.png,deer,5,/home/emily/MMIP/week5/quiz1/data/gallery/deer/00405.png,deer,0.860698
/home/emily/MMIP/week5/quiz1/data/query/deer/00065.png,deer,1,/home/emily/MMIP/week5/quiz1/data/gallery/deer/00944.png,deer,0.850958
/home/emily/MMIP/week5/quiz1/data/query/deer/00065.png,deer,2,/home/emily/MMIP/week5/quiz1/data/gallery/frog/00707.png,frog,0.844611
/home/emily/MMIP/week5/quiz1/data/query/deer/00065.png,deer,3,/home/emily/MMIP/week5/quiz1/data/gallery/deer/00073.png,deer,0.839516
/home/emily/MMIP/week5/quiz1/data/query/deer/00065.png,deer,4,/home/emily/MMIP/week5/quiz1/data/gallery/frog/00490.png,frog,0.839210
/home/emily/MMIP/week5/quiz1/data/query/deer/00065.png,deer,5,/home/emily/MMIP/week5/quiz1/data/gallery/deer/00949.png,deer,0.836020
/home/emily/MMIP/week5/quiz1/data/query/deer/00066.png,deer,1,/home/emily/MMIP/week5/quiz1/data/gallery/deer/00556.png,deer,0.839214
/home/emily/MMIP/week5/quiz1/data/query/deer/00066.png,deer,2,/home/emily/MMIP/week5/quiz1/data/gallery/deer/00857.png,deer,0.836481
/home/emily/MMIP/week5/quiz1/data/query/deer/00066.png,deer,3,/home/emily/MMIP/week5/quiz1/data/gallery/ship/00371.png,ship,0.836020
/home/emily/MMIP/week5/quiz1/data/query/deer/00066.png,deer,4,/home/emily/MMIP/week5/quiz1/data/gallery/truck/00900.png,truck,0.835375
/home/emily/MMIP/week5/quiz1/data/query/deer/00066.png,deer,5,/home/emily/MMIP/week5/quiz1/data/gallery/automobile/00269.png,automobile,0.835109
/home/emily/MMIP/week5/quiz1/data/query/deer/00067.png,deer,1,/home/emily/MMIP/week5/quiz1/data/gallery/deer/00118.png,deer,0.856763
/home/emily/MMIP/week5/quiz1/data/query/deer/00067.png,deer,2,/home/emily/MMIP/week5/quiz1/data/gallery/horse/00104.png,horse,0.849313
/home/emily/MMIP/week5/quiz1/data/query/deer/00067.png,deer,3,/home/emily/MMIP/week5/quiz1/data/gallery/horse/00344.png,horse,0.839387
/home/emily/MMIP/week5/quiz1/data/query/deer/00067.png,deer,4,/home/emily/MMIP/week5/quiz1/data/gallery/horse/00940.png,horse,0.838496
/home/emily/MMIP/week5/quiz1/data/query/deer/00067.png,deer,5,/home/emily/MMIP/week5/quiz1/data/gallery/deer/00122.png,deer,0.835216
/home/emily/MMIP/week5/quiz1/data/query/deer/00068.png,deer,1,/home/emily/MMIP/week5/quiz1/data/gallery/deer/00344.png,deer,0.856018
/home/emily/MMIP/week5/quiz1/data/query/deer/00068.png,deer,2,/home/emily/MMIP/week5/quiz1/data/gallery/horse/00073.png,horse,0.845908
/home/emily/MMIP/week5/quiz1/data/query/deer/00068.png,deer,3,/home/emily/MMIP/week5/quiz1/data/gallery/deer/00732.png,deer,0.843303
/home/emily/MMIP/week5/quiz1/data/query/deer/00068.png,deer,4,/home/emily/MMIP/week5/quiz1/data/gallery/horse/00381.png,horse,0.841043
/home/emily/MMIP/week5/quiz1/data/query/deer/00068.png,deer,5,/home/emily/MMIP/week5/quiz1/data/gallery/deer/00373.png,deer,0.841021
/home/emily/MMIP/week5/quiz1/data/query/deer/00069.png,deer,1,/home/emily/MMIP/week5/quiz1/data/gallery/deer/00519.png,deer,0.865383
/home/emily/MMIP/week5/quiz1/data/query/deer/00069.png,deer,2,/home/emily/MMIP/week5/quiz1/data/gallery/deer/00368.png,deer,0.857842
/home/emily/MMIP/week5/quiz1/data/query/deer/00069.png,deer,3,/home/emily/MMIP/week5/quiz1/data/gallery/deer/00106.png,deer,0.852061
/home/emily/MMIP/week5/quiz1/data/query/deer/00069.png,deer,4,/home/emily/MMIP/week5/quiz1/data/gallery/deer/00736.png,deer,0.849154
/home/emily/MMIP/week5/quiz1/data/query/deer/00069.png,deer,5,/home/emily/MMIP/week5/quiz1/data/gallery/deer/00355.png,deer,0.846969
/home/emily/MMIP/week5/quiz1/data/query/deer/00070.png,deer,1,/home/emily/MMIP/week5/quiz1/data/gallery/horse/00368.png,horse,0.853015
/home/emily/MMIP/week5/quiz1/data/query/deer/00070.png,deer,2,/home/emily/MMIP/week5/quiz1/data/gallery/deer/00396.png,deer,0.851942
/home/emily/MMIP/week5/quiz1/data/query/deer/00070.png,deer,3,/home/emily/MMIP/week5/quiz1/data/gallery/deer/00916.png,deer,0.845059
/home/emily/MMIP/week5/quiz1/data/query/deer/00070.png,deer,4,/home/emily/MMIP/week5/quiz1/data/gallery/horse/00930.png,horse,0.842879
/home/emily/MMIP/week5/quiz1/data/query/deer/00070.png,deer,5,/home/emily/MMIP/week5/quiz1/data/gallery/horse/00625.png,horse,0.842271
/home/emily/MMIP/week5/quiz1/data/query/deer/00071.png,deer,1,/home/emily/MMIP/week5/quiz1/data/gallery/deer/00226.png,deer,0.823523
/home/emily/MMIP/week5/quiz1/data/query/deer/00071.png,deer,2,/home/emily/MMIP/week5/quiz1/data/gallery/deer/00110.png,deer,0.816719
/home/emily/MMIP/week5/quiz1/data/query/deer/00071.png,deer,3,/home/emily/MMIP/week5/quiz1/data/gallery/bird/00390.png,bird,0.808954
/home/emily/MMIP/week5/quiz1/data/query/deer/00071.png,deer,4,/home/emily/MMIP/week5/quiz1/data/gallery/deer/00944.png,deer,0.796756
/home/emily/MMIP/week5/quiz1/data/query/deer/00071.png,deer,5,/home/emily/MMIP/week5/quiz1/data/gallery/deer/00558.png,deer,0.794842
/home/emily/MMIP/week5/quiz1/data/query/deer/00072.png,deer,1,/home/emily/MMIP/week5/quiz1/data/gallery/horse/00365.png,horse,0.864628
/home/emily/MMIP/week5/quiz1/data/query/deer/00072.png,deer,2,/home/emily/MMIP/week5/quiz1/data/gallery/deer/00477.png,deer,0.859479
/home/emily/MMIP/week5/quiz1/data/query/deer/00072.png,deer,3,/home/emily/MMIP/week5/quiz1/data/gallery/deer/00054.png,deer,0.857568
/home/emily/MMIP/week5/quiz1/data/query/deer/00072.png,deer,4,/home/emily/MMIP/week5/quiz1/data/gallery/deer/00758.png,deer,0.857210
/home/emily/MMIP/week5/quiz1/data/query/deer/00072.png,deer,5,/home/emily/MMIP/week5/quiz1/data/gallery/deer/00727.png,deer,0.855106
/home/emily/MMIP/week5/quiz1/data/query/deer/00073.png,deer,1,/home/emily/MMIP/week5/quiz1/data/gallery/horse/00273.png,horse,0.858616
/home/emily/MMIP/week5/quiz1/data/query/deer/00073.png,deer,2,/home/emily/MMIP/week5/quiz1/data/gallery/deer/00076.png,deer,0.856156
/home/emily/MMIP/week5/quiz1/data/query/deer/00073.png,deer,3,/home/emily/MMIP/week5/quiz1/data/gallery/deer/00413.png,deer,0.855572
/home/emily/MMIP/week5/quiz1/data/query/deer/00073.png,deer,4,/home/emily/MMIP/week5/quiz1/data/gallery/deer/00360.png,deer,0.843854
/home/emily/MMIP/week5/quiz1/data/query/deer/00073.png,deer,5,/home/emily/MMIP/week5/quiz1/data/gallery/deer/00248.png,deer,0.843058
/home/emily/MMIP/week5/quiz1/data/query/deer/00074.png,deer,1,/home/emily/MMIP/week5/quiz1/data/gallery/deer/00939.png,deer,0.889371
/home/emily/MMIP/week5/quiz1/data/query/deer/00074.png,deer,2,/home/emily/MMIP/week5/quiz1/data/gallery/deer/00489.png,deer,0.887078
/home/emily/MMIP/week5/quiz1/data/query/deer/00074.png,deer,3,/home/emily/MMIP/week5/quiz1/data/gallery/deer/00068.png,deer,0.884658
/home/emily/MMIP/week5/quiz1/data/query/deer/00074.png,deer,4,/home/emily/MMIP/week5/quiz1/data/gallery/deer/00413.png,deer,0.869892
/home/emily/MMIP/week5/quiz1/data/query/deer/00074.png,deer,5,/home/emily/MMIP/week5/quiz1/data/gallery/deer/00853.png,deer,0.866479
/home/emily/MMIP/week5/quiz1/data/query/deer/00075.png,deer,1,/home/emily/MMIP/week5/quiz1/data/gallery/deer/00696.png,deer,0.878591
/home/emily/MMIP/week5/quiz1/data/query/deer/00075.png,deer,2,/home/emily/MMIP/week5/quiz1/data/gallery/deer/00343.png,deer,0.852077
/home/emily/MMIP/week5/quiz1/data/query/deer/00075.png,deer,3,/home/emily/MMIP/week5/quiz1/data/gallery/bird/00311.png,bird,0.849570
/home/emily/MMIP/week5/quiz1/data/query/deer/00075.png,deer,4,/home/emily/MMIP/week5/quiz1/data/gallery/deer/00638.png,deer,0.845856
/home/emily/MMIP/week5/quiz1/data/query/deer/00075.png,deer,5,/home/emily/MMIP/week5/quiz1/data/gallery/deer/00173.png,deer,0.843532
/home/emily/MMIP/week5/quiz1/data/query/deer/00076.png,deer,1,/home/emily/MMIP/week5/quiz1/data/gallery/deer/00118.png,deer,0.839745
/home/emily/MMIP/week5/quiz1/data/query/deer/00076.png,deer,2,/home/emily/MMIP/week5/quiz1/data/gallery/deer/00471.png,deer,0.838181
/home/emily/MMIP/week5/quiz1/data/query/deer/00076.png,deer,3,/home/emily/MMIP/week5/quiz1/data/gallery/deer/00385.png,deer,0.837596
/home/emily/MMIP/week5/quiz1/data/query/deer/00076.png,deer,4,/home/emily/MMIP/week5/quiz1/data/gallery/deer/00863.png,deer,0.835106
/home/emily/MMIP/week5/quiz1/data/query/deer/00076.png,deer,5,/home/emily/MMIP/week5/quiz1/data/gallery/deer/00980.png,deer,0.830839
/home/emily/MMIP/week5/quiz1/data/query/deer/00077.png,deer,1,/home/emily/MMIP/week5/quiz1/data/gallery/deer/00504.png,deer,0.897910
/home/emily/MMIP/week5/quiz1/data/query/deer/00077.png,deer,2,/home/emily/MMIP/week5/quiz1/data/gallery/deer/00077.png,deer,0.895426
/home/emily/MMIP/week5/quiz1/data/query/deer/00077.png,deer,3,/home/emily/MMIP/week5/quiz1/data/gallery/deer/00606.png,deer,0.890785
/home/emily/MMIP/week5/quiz1/data/query/deer/00077.png,deer,4,/home/emily/MMIP/week5/quiz1/data/gallery/deer/00439.png,deer,0.888442
/home/emily/MMIP/week5/quiz1/data/query/deer/00077.png,deer,5,/home/emily/MMIP/week5/quiz1/data/gallery/horse/00946.png,horse,0.885445
/home/emily/MMIP/week5/quiz1/data/query/deer/00078.png,deer,1,/home/emily/MMIP/week5/quiz1/data/gallery/deer/00141.png,deer,0.891457
/home/emily/MMIP/week5/quiz1/data/query/deer/00078.png,deer,2,/home/emily/MMIP/week5/quiz1/data/gallery/deer/00469.png,deer,0.879855
/home/emily/MMIP/week5/quiz1/data/query/deer/00078.png,deer,3,/home/emily/MMIP/week5/quiz1/data/gallery/deer/00493.png,deer,0.831387
/home/emily/MMIP/week5/quiz1/data/query/deer/00078.png,deer,4,/home/emily/MMIP/week5/quiz1/data/gallery/deer/00016.png,deer,0.817375
/home/emily/MMIP/week5/quiz1/data/query/deer/00078.png,deer,5,/home/emily/MMIP/week5/quiz1/data/gallery/horse/00941.png,horse,0.780137
/home/emily/MMIP/week5/quiz1/data/query/deer/00079.png,deer,1,/home/emily/MMIP/week5/quiz1/data/gallery/deer/00777.png,deer,0.875067
/home/emily/MMIP/week5/quiz1/data/query/deer/00079.png,deer,2,/home/emily/MMIP/week5/quiz1/data/gallery/deer/00784.png,deer,0.863602
/home/emily/MMIP/week5/quiz1/data/query/deer/00079.png,deer,3,/home/emily/MMIP/week5/quiz1/data/gallery/deer/00306.png,deer,0.857830
/home/emily/MMIP/week5/quiz1/data/query/deer/00079.png,deer,4,/home/emily/MMIP/week5/quiz1/data/gallery/horse/00968.png,horse,0.857079
/home/emily/MMIP/week5/quiz1/data/query/deer/00079.png,deer,5,/home/emily/MMIP/week5/quiz1/data/gallery/deer/00249.png,deer,0.854818
/home/emily/MMIP/week5/quiz1/data/query/deer/00080.png,deer,1,/home/emily/MMIP/week5/quiz1/data/gallery/frog/00770.png,frog,0.869530
/home/emily/MMIP/week5/quiz1/data/query/deer/00080.png,deer,2,/home/emily/MMIP/week5/quiz1/data/gallery/deer/00053.png,deer,0.865615
/home/emily/MMIP/week5/quiz1/data/query/deer/00080.png,deer,3,/home/emily/MMIP/week5/quiz1/data/gallery/frog/00211.png,frog,0.860543
/home/emily/MMIP/week5/quiz1/data/query/deer/00080.png,deer,4,/home/emily/MMIP/week5/quiz1/data/gallery/deer/00809.png,deer,0.856077
/home/emily/MMIP/week5/quiz1/data/query/deer/00080.png,deer,5,/home/emily/MMIP/week5/quiz1/data/gallery/frog/00662.png,frog,0.854548
/home/emily/MMIP/week5/quiz1/data/query/deer/00081.png,deer,1,/home/emily/MMIP/week5/quiz1/data/gallery/deer/00133.png,deer,0.882860
/home/emily/MMIP/week5/quiz1/data/query/deer/00081.png,deer,2,/home/emily/MMIP/week5/quiz1/data/gallery/frog/00792.png,frog,0.872527
/home/emily/MMIP/week5/quiz1/data/query/deer/00081.png,deer,3,/home/emily/MMIP/week5/quiz1/data/gallery/frog/00377.png,frog,0.867260
/home/emily/MMIP/week5/quiz1/data/query/deer/00081.png,deer,4,/home/emily/MMIP/week5/quiz1/data/gallery/deer/00114.png,deer,0.866459
/home/emily/MMIP/week5/quiz1/data/query/deer/00081.png,deer,5,/home/emily/MMIP/week5/quiz1/data/gallery/deer/00626.png,deer,0.864405
/home/emily/MMIP/week5/quiz1/data/query/deer/00082.png,deer,1,/home/emily/MMIP/week5/quiz1/data/gallery/deer/00341.png,deer,0.841133
/home/emily/MMIP/week5/quiz1/data/query/deer/00082.png,deer,2,/home/emily/MMIP/week5/quiz1/data/gallery/frog/00113.png,frog,0.840520
/home/emily/MMIP/week5/quiz1/data/query/deer/00082.png,deer,3,/home/emily/MMIP/week5/quiz1/data/gallery/frog/00284.png,frog,0.838172
/home/emily/MMIP/week5/quiz1/data/query/deer/00082.png,deer,4,/home/emily/MMIP/week5/quiz1/data/gallery/frog/00658.png,frog,0.836277
/home/emily/MMIP/week5/quiz1/data/query/deer/00082.png,deer,5,/home/emily/MMIP/week5/quiz1/data/gallery/deer/00400.png,deer,0.832186
/home/emily/MMIP/week5/quiz1/data/query/deer/00083.png,deer,1,/home/emily/MMIP/week5/quiz1/data/gallery/deer/00519.png,deer,0.860805
/home/emily/MMIP/week5/quiz1/data/query/deer/00083.png,deer,2,/home/emily/MMIP/week5/quiz1/data/gallery/deer/00311.png,deer,0.854168
/home/emily/MMIP/week5/quiz1/data/query/deer/00083.png,deer,3,/home/emily/MMIP/week5/quiz1/data/gallery/deer/00613.png,deer,0.853656
/home/emily/MMIP/week5/quiz1/data/query/deer/00083.png,deer,4,/home/emily/MMIP/week5/quiz1/data/gallery/deer/00860.png,deer,0.847896
/home/emily/MMIP/week5/quiz1/data/query/deer/00083.png,deer,5,/home/emily/MMIP/week5/quiz1/data/gallery/deer/00870.png,deer,0.847166
/home/emily/MMIP/week5/quiz1/data/query/deer/00084.png,deer,1,/home/emily/MMIP/week5/quiz1/data/gallery/deer/00829.png,deer,0.916530
/home/emily/MMIP/week5/quiz1/data/query/deer/00084.png,deer,2,/home/emily/MMIP/week5/quiz1/data/gallery/deer/00059.png,deer,0.880724
/home/emily/MMIP/week5/quiz1/data/query/deer/00084.png,deer,3,/home/emily/MMIP/week5/quiz1/data/gallery/deer/00669.png,deer,0.868457
/home/emily/MMIP/week5/quiz1/data/query/deer/00084.png,deer,4,/home/emily/MMIP/week5/quiz1/data/gallery/deer/00028.png,deer,0.863531
/home/emily/MMIP/week5/quiz1/data/query/deer/00084.png,deer,5,/home/emily/MMIP/week5/quiz1/data/gallery/horse/00608.png,horse,0.861511
/home/emily/MMIP/week5/quiz1/data/query/deer/00085.png,deer,1,/home/emily/MMIP/week5/quiz1/data/gallery/frog/00099.png,frog,0.866510
/home/emily/MMIP/week5/quiz1/data/query/deer/00085.png,deer,2,/home/emily/MMIP/week5/quiz1/data/gallery/deer/00302.png,deer,0.865072
/home/emily/MMIP/week5/quiz1/data/query/deer/00085.png,deer,3,/home/emily/MMIP/week5/quiz1/data/gallery/bird/00834.png,bird,0.853391
/home/emily/MMIP/week5/quiz1/data/query/deer/00085.png,deer,4,/home/emily/MMIP/week5/quiz1/data/gallery/frog/00619.png,frog,0.852598
/home/emily/MMIP/week5/quiz1/data/query/deer/00085.png,deer,5,/home/emily/MMIP/week5/quiz1/data/gallery/deer/00466.png,deer,0.851907
/home/emily/MMIP/week5/quiz1/data/query/deer/00086.png,deer,1,/home/emily/MMIP/week5/quiz1/data/gallery/deer/00349.png,deer,0.887698
/home/emily/MMIP/week5/quiz1/data/query/deer/00086.png,deer,2,/home/emily/MMIP/week5/quiz1/data/gallery/deer/00020.png,deer,0.886831
/home/emily/MMIP/week5/quiz1/data/query/deer/00086.png,deer,3,/home/emily/MMIP/week5/quiz1/data/gallery/deer/00660.png,deer,0.885799
/home/emily/MMIP/week5/quiz1/data/query/deer/00086.png,deer,4,/home/emily/MMIP/week5/quiz1/data/gallery/deer/00871.png,deer,0.875893
/home/emily/MMIP/week5/quiz1/data/query/deer/00086.png,deer,5,/home/emily/MMIP/week5/quiz1/data/gallery/deer/00879.png,deer,0.874209
/home/emily/MMIP/week5/quiz1/data/query/deer/00087.png,deer,1,/home/emily/MMIP/week5/quiz1/data/gallery/dog/00381.png,dog,0.872569
/home/emily/MMIP/week5/quiz1/data/query/deer/00087.png,deer,2,/home/emily/MMIP/week5/quiz1/data/gallery/deer/00671.png,deer,0.859349
/home/emily/MMIP/week5/quiz1/data/query/deer/00087.png,deer,3,/home/emily/MMIP/week5/quiz1/data/gallery/deer/00504.png,deer,0.847057
/home/emily/MMIP/week5/quiz1/data/query/deer/00087.png,deer,4,/home/emily/MMIP/week5/quiz1/data/gallery/deer/00360.png,deer,0.845976
/home/emily/MMIP/week5/quiz1/data/query/deer/00087.png,deer,5,/home/emily/MMIP/week5/quiz1/data/gallery/deer/00417.png,deer,0.842733
/home/emily/MMIP/week5/quiz1/data/query/deer/00088.png,deer,1,/home/emily/MMIP/week5/quiz1/data/gallery/deer/00266.png,deer,0.869531
/home/emily/MMIP/week5/quiz1/data/query/deer/00088.png,deer,2,/home/emily/MMIP/week5/quiz1/data/gallery/deer/00532.png,deer,0.868401
/home/emily/MMIP/week5/quiz1/data/query/deer/00088.png,deer,3,/home/emily/MMIP/week5/quiz1/data/gallery/deer/00218.png,deer,0.867891
/home/emily/MMIP/week5/quiz1/data/query/deer/00088.png,deer,4,/home/emily/MMIP/week5/quiz1/data/gallery/deer/00091.png,deer,0.867828
/home/emily/MMIP/week5/quiz1/data/query/deer/00088.png,deer,5,/home/emily/MMIP/week5/quiz1/data/gallery/deer/00191.png,deer,0.866047
/home/emily/MMIP/week5/quiz1/data/query/deer/00089.png,deer,1,/home/emily/MMIP/week5/quiz1/data/gallery/deer/00063.png,deer,0.877157
/home/emily/MMIP/week5/quiz1/data/query/deer/00089.png,deer,2,/home/emily/MMIP/week5/quiz1/data/gallery/deer/00015.png,deer,0.875696
/home/emily/MMIP/week5/quiz1/data/query/deer/00089.png,deer,3,/home/emily/MMIP/week5/quiz1/data/gallery/deer/00914.png,deer,0.873333
/home/emily/MMIP/week5/quiz1/data/query/deer/00089.png,deer,4,/home/emily/MMIP/week5/quiz1/data/gallery/deer/00117.png,deer,0.871945
/home/emily/MMIP/week5/quiz1/data/query/deer/00089.png,deer,5,/home/emily/MMIP/week5/quiz1/data/gallery/deer/00915.png,deer,0.870015
/home/emily/MMIP/week5/quiz1/data/query/deer/00090.png,deer,1,/home/emily/MMIP/week5/quiz1/data/gallery/deer/00214.png,deer,0.855747
/home/emily/MMIP/week5/quiz1/data/query/deer/00090.png,deer,2,/home/emily/MMIP/week5/quiz1/data/gallery/deer/00934.png,deer,0.855386
/home/emily/MMIP/week5/quiz1/data/query/deer/00090.png,deer,3,/home/emily/MMIP/week5/quiz1/data/gallery/deer/00776.png,deer,0.843697
/home/emily/MMIP/week5/quiz1/data/query/deer/00090.png,deer,4,/home/emily/MMIP/week5/quiz1/data/gallery/horse/00968.png,horse,0.843547
/home/emily/MMIP/week5/quiz1/data/query/deer/00090.png,deer,5,/home/emily/MMIP/week5/quiz1/data/gallery/deer/00349.png,deer,0.836241
/home/emily/MMIP/week5/quiz1/data/query/deer/00091.png,deer,1,/home/emily/MMIP/week5/quiz1/data/gallery/deer/00266.png,deer,0.897117
/home/emily/MMIP/week5/quiz1/data/query/deer/00091.png,deer,2,/home/emily/MMIP/week5/quiz1/data/gallery/deer/00277.png,deer,0.890946
/home/emily/MMIP/week5/quiz1/data/query/deer/00091.png,deer,3,/home/emily/MMIP/week5/quiz1/data/gallery/deer/00472.png,deer,0.889016
/home/emily/MMIP/week5/quiz1/data/query/deer/00091.png,deer,4,/home/emily/MMIP/week5/quiz1/data/gallery/deer/00632.png,deer,0.870172
/home/emily/MMIP/week5/quiz1/data/query/deer/00091.png,deer,5,/home/emily/MMIP/week5/quiz1/data/gallery/deer/00966.png,deer,0.866744
/home/emily/MMIP/week5/quiz1/data/query/deer/00092.png,deer,1,/home/emily/MMIP/week5/quiz1/data/gallery/cat/00454.png,cat,0.843846
/home/emily/MMIP/week5/quiz1/data/query/deer/00092.png,deer,2,/home/emily/MMIP/week5/quiz1/data/gallery/cat/00175.png,cat,0.820951
/home/emily/MMIP/week5/quiz1/data/query/deer/00092.png,deer,3,/home/emily/MMIP/week5/quiz1/data/gallery/cat/00635.png,cat,0.817905
/home/emily/MMIP/week5/quiz1/data/query/deer/00092.png,deer,4,/home/emily/MMIP/week5/quiz1/data/gallery/cat/00497.png,cat,0.803806
/home/emily/MMIP/week5/quiz1/data/query/deer/00092.png,deer,5,/home/emily/MMIP/week5/quiz1/data/gallery/cat/00895.png,cat,0.803535
/home/emily/MMIP/week5/quiz1/data/query/deer/00093.png,deer,1,/home/emily/MMIP/week5/quiz1/data/gallery/deer/00507.png,deer,0.856175
/home/emily/MMIP/week5/quiz1/data/query/deer/00093.png,deer,2,/home/emily/MMIP/week5/quiz1/data/gallery/deer/00373.png,deer,0.851889
/home/emily/MMIP/week5/quiz1/data/query/deer/00093.png,deer,3,/home/emily/MMIP/week5/quiz1/data/gallery/deer/00871.png,deer,0.850160
/home/emily/MMIP/week5/quiz1/data/query/deer/00093.png,deer,4,/home/emily/MMIP/week5/quiz1/data/gallery/deer/00066.png,deer,0.846955
/home/emily/MMIP/week5/quiz1/data/query/deer/00093.png,deer,5,/home/emily/MMIP/week5/quiz1/data/gallery/deer/00041.png,deer,0.844716
/home/emily/MMIP/week5/quiz1/data/query/deer/00094.png,deer,1,/home/emily/MMIP/week5/quiz1/data/gallery/deer/00054.png,deer,0.843338
/home/emily/MMIP/week5/quiz1/data/query/deer/00094.png,deer,2,/home/emily/MMIP/week5/quiz1/data/gallery/deer/00350.png,deer,0.835855
/home/emily/MMIP/week5/quiz1/data/query/deer/00094.png,deer,3,/home/emily/MMIP/week5/quiz1/data/gallery/deer/00360.png,deer,0.835094
/home/emily/MMIP/week5/quiz1/data/query/deer/00094.png,deer,4,/home/emily/MMIP/week5/quiz1/data/gallery/horse/00884.png,horse,0.831781
/home/emily/MMIP/week5/quiz1/data/query/deer/00094.png,deer,5,/home/emily/MMIP/week5/quiz1/data/gallery/deer/00283.png,deer,0.831730
/home/emily/MMIP/week5/quiz1/data/query/deer/00095.png,deer,1,/home/emily/MMIP/week5/quiz1/data/gallery/deer/00342.png,deer,0.905231
/home/emily/MMIP/week5/quiz1/data/query/deer/00095.png,deer,2,/home/emily/MMIP/week5/quiz1/data/gallery/horse/00190.png,horse,0.897295
/home/emily/MMIP/week5/quiz1/data/query/deer/00095.png,deer,3,/home/emily/MMIP/week5/quiz1/data/gallery/deer/00283.png,deer,0.884117
/home/emily/MMIP/week5/quiz1/data/query/deer/00095.png,deer,4,/home/emily/MMIP/week5/quiz1/data/gallery/deer/00390.png,deer,0.883353
/home/emily/MMIP/week5/quiz1/data/query/deer/00095.png,deer,5,/home/emily/MMIP/week5/quiz1/data/gallery/horse/00466.png,horse,0.881440
/home/emily/MMIP/week5/quiz1/data/query/deer/00096.png,deer,1,/home/emily/MMIP/week5/quiz1/data/gallery/deer/00161.png,deer,0.829731
/home/emily/MMIP/week5/quiz1/data/query/deer/00096.png,deer,2,/home/emily/MMIP/week5/quiz1/data/gallery/horse/00445.png,horse,0.827365
/home/emily/MMIP/week5/quiz1/data/query/deer/00096.png,deer,3,/home/emily/MMIP/week5/quiz1/data/gallery/cat/00176.png,cat,0.824750
/home/emily/MMIP/week5/quiz1/data/query/deer/00096.png,deer,4,/home/emily/MMIP/week5/quiz1/data/gallery/deer/00317.png,deer,0.815438
/home/emily/MMIP/week5/quiz1/data/query/deer/00096.png,deer,5,/home/emily/MMIP/week5/quiz1/data/gallery/deer/00339.png,deer,0.814758
/home/emily/MMIP/week5/quiz1/data/query/deer/00097.png,deer,1,/home/emily/MMIP/week5/quiz1/data/gallery/horse/00122.png,horse,0.909684
/home/emily/MMIP/week5/quiz1/data/query/deer/00097.png,deer,2,/home/emily/MMIP/week5/quiz1/data/gallery/deer/00765.png,deer,0.902428
/home/emily/MMIP/week5/quiz1/data/query/deer/00097.png,deer,3,/home/emily/MMIP/week5/quiz1/data/gallery/horse/00054.png,horse,0.898403
/home/emily/MMIP/week5/quiz1/data/query/deer/00097.png,deer,4,/home/emily/MMIP/week5/quiz1/data/gallery/horse/00821.png,horse,0.897050
/home/emily/MMIP/week5/quiz1/data/query/deer/00097.png,deer,5,/home/emily/MMIP/week5/quiz1/data/gallery/horse/00365.png,horse,0.890813
/home/emily/MMIP/week5/quiz1/data/query/deer/00098.png,deer,1,/home/emily/MMIP/week5/quiz1/data/gallery/deer/00696.png,deer,0.884995
/home/emily/MMIP/week5/quiz1/data/query/deer/00098.png,deer,2,/home/emily/MMIP/week5/quiz1/data/gallery/deer/00602.png,deer,0.872188
/home/emily/MMIP/week5/quiz1/data/query/deer/00098.png,deer,3,/home/emily/MMIP/week5/quiz1/data/gallery/deer/00343.png,deer,0.861627
/home/emily/MMIP/week5/quiz1/data/query/deer/00098.png,deer,4,/home/emily/MMIP/week5/quiz1/data/gallery/deer/00173.png,deer,0.861622
/home/emily/MMIP/week5/quiz1/data/query/deer/00098.png,deer,5,/home/emily/MMIP/week5/quiz1/data/gallery/deer/00536.png,deer,0.860357
/home/emily/MMIP/week5/quiz1/data/query/deer/00099.png,deer,1,/home/emily/MMIP/week5/quiz1/data/gallery/frog/00056.png,frog,0.836667
/home/emily/MMIP/week5/quiz1/data/query/deer/00099.png,deer,2,/home/emily/MMIP/week5/quiz1/data/gallery/deer/00639.png,deer,0.820398
/home/emily/MMIP/week5/quiz1/data/query/deer/00099.png,deer,3,/home/emily/MMIP/week5/quiz1/data/gallery/cat/00666.png,cat,0.814203
/home/emily/MMIP/week5/quiz1/data/query/deer/00099.png,deer,4,/home/emily/MMIP/week5/quiz1/data/gallery/horse/00646.png,horse,0.813368
/home/emily/MMIP/week5/quiz1/data/query/deer/00099.png,deer,5,/home/emily/MMIP/week5/quiz1/data/gallery/frog/00374.png,frog,0.807042
/home/emily/MMIP/week5/quiz1/data/query/dog/00000.png,dog,1,/home/emily/MMIP/week5/quiz1/data/gallery/dog/00337.png,dog,0.836841
/home/emily/MMIP/week5/quiz1/data/query/dog/00000.png,dog,2,/home/emily/MMIP/week5/quiz1/data/gallery/frog/00418.png,frog,0.832725
/home/emily/MMIP/week5/quiz1/data/query/dog/00000.png,dog,3,/home/emily/MMIP/week5/quiz1/data/gallery/dog/00121.png,dog,0.830618
/home/emily/MMIP/week5/quiz1/data/query/dog/00000.png,dog,4,/home/emily/MMIP/week5/quiz1/data/gallery/dog/00493.png,dog,0.830581
/home/emily/MMIP/week5/quiz1/data/query/dog/00000.png,dog,5,/home/emily/MMIP/week5/quiz1/data/gallery/cat/00107.png,cat,0.829632
/home/emily/MMIP/week5/quiz1/data/query/dog/00001.png,dog,1,/home/emily/MMIP/week5/quiz1/data/gallery/dog/00899.png,dog,0.857137
/home/emily/MMIP/week5/quiz1/data/query/dog/00001.png,dog,2,/home/emily/MMIP/week5/quiz1/data/gallery/dog/00291.png,dog,0.854260
/home/emily/MMIP/week5/quiz1/data/query/dog/00001.png,dog,3,/home/emily/MMIP/week5/quiz1/data/gallery/dog/00345.png,dog,0.847511
/home/emily/MMIP/week5/quiz1/data/query/dog/00001.png,dog,4,/home/emily/MMIP/week5/quiz1/data/gallery/dog/00800.png,dog,0.846078
/home/emily/MMIP/week5/quiz1/data/query/dog/00001.png,dog,5,/home/emily/MMIP/week5/quiz1/data/gallery/dog/00295.png,dog,0.843839
/home/emily/MMIP/week5/quiz1/data/query/dog/00002.png,dog,1,/home/emily/MMIP/week5/quiz1/data/gallery/dog/00358.png,dog,0.853040
/home/emily/MMIP/week5/quiz1/data/query/dog/00002.png,dog,2,/home/emily/MMIP/week5/quiz1/data/gallery/dog/00761.png,dog,0.845027
/home/emily/MMIP/week5/quiz1/data/query/dog/00002.png,dog,3,/home/emily/MMIP/week5/quiz1/data/gallery/deer/00501.png,deer,0.820827
/home/emily/MMIP/week5/quiz1/data/query/dog/00002.png,dog,4,/home/emily/MMIP/week5/quiz1/data/gallery/dog/00161.png,dog,0.817945
/home/emily/MMIP/week5/quiz1/data/query/dog/00002.png,dog,5,/home/emily/MMIP/week5/quiz1/data/gallery/horse/00730.png,horse,0.814946
/home/emily/MMIP/week5/quiz1/data/query/dog/00003.png,dog,1,/home/emily/MMIP/week5/quiz1/data/gallery/dog/00505.png,dog,0.865023
/home/emily/MMIP/week5/quiz1/data/query/dog/00003.png,dog,2,/home/emily/MMIP/week5/quiz1/data/gallery/dog/00556.png,dog,0.850091
/home/emily/MMIP/week5/quiz1/data/query/dog/00003.png,dog,3,/home/emily/MMIP/week5/quiz1/data/gallery/dog/00906.png,dog,0.847011
/home/emily/MMIP/week5/quiz1/data/query/dog/00003.png,dog,4,/home/emily/MMIP/week5/quiz1/data/gallery/dog/00973.png,dog,0.845458
/home/emily/MMIP/week5/quiz1/data/query/dog/00003.png,dog,5,/home/emily/MMIP/week5/quiz1/data/gallery/dog/00783.png,dog,0.841890
/home/emily/MMIP/week5/quiz1/data/query/dog/00004.png,dog,1,/home/emily/MMIP/week5/quiz1/data/gallery/dog/00301.png,dog,0.846721
/home/emily/MMIP/week5/quiz1/data/query/dog/00004.png,dog,2,/home/emily/MMIP/week5/quiz1/data/gallery/cat/00420.png,cat,0.839970
/home/emily/MMIP/week5/quiz1/data/query/dog/00004.png,dog,3,/home/emily/MMIP/week5/quiz1/data/gallery/cat/00231.png,cat,0.838945
/home/emily/MMIP/week5/quiz1/data/query/dog/00004.png,dog,4,/home/emily/MMIP/week5/quiz1/data/gallery/cat/00571.png,cat,0.835671
/home/emily/MMIP/week5/quiz1/data/query/dog/00004.png,dog,5,/home/emily/MMIP/week5/quiz1/data/gallery/cat/00894.png,cat,0.834353
/home/emily/MMIP/week5/quiz1/data/query/dog/00005.png,dog,1,/home/emily/MMIP/week5/quiz1/data/gallery/dog/00819.png,dog,0.885000
/home/emily/MMIP/week5/quiz1/data/query/dog/00005.png,dog,2,/home/emily/MMIP/week5/quiz1/data/gallery/dog/00219.png,dog,0.870619
/home/emily/MMIP/week5/quiz1/data/query/dog/00005.png,dog,3,/home/emily/MMIP/week5/quiz1/data/gallery/dog/00962.png,dog,0.867419
/home/emily/MMIP/week5/quiz1/data/query/dog/00005.png,dog,4,/home/emily/MMIP/week5/quiz1/data/gallery/dog/00621.png,dog,0.858345
/home/emily/MMIP/week5/quiz1/data/query/dog/00005.png,dog,5,/home/emily/MMIP/week5/quiz1/data/gallery/dog/00968.png,dog,0.857801
/home/emily/MMIP/week5/quiz1/data/query/dog/00006.png,dog,1,/home/emily/MMIP/week5/quiz1/data/gallery/dog/00622.png,dog,0.832330
/home/emily/MMIP/week5/quiz1/data/query/dog/00006.png,dog,2,/home/emily/MMIP/week5/quiz1/data/gallery/dog/00032.png,dog,0.829126
/home/emily/MMIP/week5/quiz1/data/query/dog/00006.png,dog,3,/home/emily/MMIP/week5/quiz1/data/gallery/dog/00399.png,dog,0.828336
/home/emily/MMIP/week5/quiz1/data/query/dog/00006.png,dog,4,/home/emily/MMIP/week5/quiz1/data/gallery/dog/00542.png,dog,0.823347
/home/emily/MMIP/week5/quiz1/data/query/dog/00006.png,dog,5,/home/emily/MMIP/week5/quiz1/data/gallery/horse/00795.png,horse,0.821867
/home/emily/MMIP/week5/quiz1/data/query/dog/00007.png,dog,1,/home/emily/MMIP/week5/quiz1/data/gallery/dog/00638.png,dog,0.858125
/home/emily/MMIP/week5/quiz1/data/query/dog/00007.png,dog,2,/home/emily/MMIP/week5/quiz1/data/gallery/horse/00753.png,horse,0.841745
/home/emily/MMIP/week5/quiz1/data/query/dog/00007.png,dog,3,/home/emily/MMIP/week5/quiz1/data/gallery/deer/00043.png,deer,0.830977
/home/emily/MMIP/week5/quiz1/data/query/dog/00007.png,dog,4,/home/emily/MMIP/week5/quiz1/data/gallery/bird/00608.png,bird,0.830951
/home/emily/MMIP/week5/quiz1/data/query/dog/00007.png,dog,5,/home/emily/MMIP/week5/quiz1/data/gallery/horse/00098.png,horse,0.829540
/home/emily/MMIP/week5/quiz1/data/query/dog/00008.png,dog,1,/home/emily/MMIP/week5/quiz1/data/gallery/deer/00904.png,deer,0.829970
/home/emily/MMIP/week5/quiz1/data/query/dog/00008.png,dog,2,/home/emily/MMIP/week5/quiz1/data/gallery/dog/00736.png,dog,0.829640
/home/emily/MMIP/week5/quiz1/data/query/dog/00008.png,dog,3,/home/emily/MMIP/week5/quiz1/data/gallery/dog/00605.png,dog,0.829594
/home/emily/MMIP/week5/quiz1/data/query/dog/00008.png,dog,4,/home/emily/MMIP/week5/quiz1/data/gallery/cat/00444.png,cat,0.823905
/home/emily/MMIP/week5/quiz1/data/query/dog/00008.png,dog,5,/home/emily/MMIP/week5/quiz1/data/gallery/dog/00169.png,dog,0.823262
/home/emily/MMIP/week5/quiz1/data/query/dog/00009.png,dog,1,/home/emily/MMIP/week5/quiz1/data/gallery/dog/00064.png,dog,0.831335
/home/emily/MMIP/week5/quiz1/data/query/dog/00009.png,dog,2,/home/emily/MMIP/week5/quiz1/data/gallery/dog/00280.png,dog,0.815272
/home/emily/MMIP/week5/quiz1/data/query/dog/00009.png,dog,3,/home/emily/MMIP/week5/quiz1/data/gallery/cat/00571.png,cat,0.814906
/home/emily/MMIP/week5/quiz1/data/query/dog/00009.png,dog,4,/home/emily/MMIP/week5/quiz1/data/gallery/cat/00174.png,cat,0.812793
/home/emily/MMIP/week5/quiz1/data/query/dog/00009.png,dog,5,/home/emily/MMIP/week5/quiz1/data/gallery/cat/00570.png,cat,0.811988
/home/emily/MMIP/week5/quiz1/data/query/dog/00010.png,dog,1,/home/emily/MMIP/week5/quiz1/data/gallery/dog/00959.png,dog,0.908336
/home/emily/MMIP/week5/quiz1/data/query/dog/00010.png,dog,2,/home/emily/MMIP/week5/quiz1/data/gallery/dog/00808.png,dog,0.871128
/home/emily/MMIP/week5/quiz1/data/query/dog/00010.png,dog,3,/home/emily/MMIP/week5/quiz1/data/gallery/dog/00666.png,dog,0.862368
/home/emily/MMIP/week5/quiz1/data/query/dog/00010.png,dog,4,/home/emily/MMIP/week5/quiz1/data/gallery/dog/00620.png,dog,0.851051
/home/emily/MMIP/week5/quiz1/data/query/dog/00010.png,dog,5,/home/emily/MMIP/week5/quiz1/data/gallery/dog/00771.png,dog,0.843769
/home/emily/MMIP/week5/quiz1/data/query/dog/00011.png,dog,1,/home/emily/MMIP/week5/quiz1/data/gallery/dog/00096.png,dog,0.833409
/home/emily/MMIP/week5/quiz1/data/query/dog/00011.png,dog,2,/home/emily/MMIP/week5/quiz1/data/gallery/dog/00839.png,dog,0.828084
/home/emily/MMIP/week5/quiz1/data/query/dog/00011.png,dog,3,/home/emily/MMIP/week5/quiz1/data/gallery/dog/00047.png,dog,0.825535
/home/emily/MMIP/week5/quiz1/data/query/dog/00011.png,dog,4,/home/emily/MMIP/week5/quiz1/data/gallery/dog/00798.png,dog,0.824595
/home/emily/MMIP/week5/quiz1/data/query/dog/00011.png,dog,5,/home/emily/MMIP/week5/quiz1/data/gallery/dog/00618.png,dog,0.822535
/home/emily/MMIP/week5/quiz1/data/query/dog/00012.png,dog,1,/home/emily/MMIP/week5/quiz1/data/gallery/cat/00076.png,cat,0.864386
/home/emily/MMIP/week5/quiz1/data/query/dog/00012.png,dog,2,/home/emily/MMIP/week5/quiz1/data/gallery/cat/00487.png,cat,0.851834
/home/emily/MMIP/week5/quiz1/data/query/dog/00012.png,dog,3,/home/emily/MMIP/week5/quiz1/data/gallery/cat/00173.png,cat,0.847051
/home/emily/MMIP/week5/quiz1/data/query/dog/00012.png,dog,4,/home/emily/MMIP/week5/quiz1/data/gallery/dog/00305.png,dog,0.845596
/home/emily/MMIP/week5/quiz1/data/query/dog/00012.png,dog,5,/home/emily/MMIP/week5/quiz1/data/gallery/dog/00264.png,dog,0.845443
/home/emily/MMIP/week5/quiz1/data/query/dog/00013.png,dog,1,/home/emily/MMIP/week5/quiz1/data/gallery/dog/00817.png,dog,0.839054
/home/emily/MMIP/week5/quiz1/data/query/dog/00013.png,dog,2,/home/emily/MMIP/week5/quiz1/data/gallery/cat/00117.png,cat,0.808111
/home/emily/MMIP/week5/quiz1/data/query/dog/00013.png,dog,3,/home/emily/MMIP/week5/quiz1/data/gallery/horse/00352.png,horse,0.808021
/home/emily/MMIP/week5/quiz1/data/query/dog/00013.png,dog,4,/home/emily/MMIP/week5/quiz1/data/gallery/dog/00405.png,dog,0.805669
/home/emily/MMIP/week5/quiz1/data/query/dog/00013.png,dog,5,/home/emily/MMIP/week5/quiz1/data/gallery/cat/00731.png,cat,0.804138
/home/emily/MMIP/week5/quiz1/data/query/dog/00014.png,dog,1,/home/emily/MMIP/week5/quiz1/data/gallery/dog/00713.png,dog,0.839609
/home/emily/MMIP/week5/quiz1/data/query/dog/00014.png,dog,2,/home/emily/MMIP/week5/quiz1/data/gallery/dog/00905.png,dog,0.835881
/home/emily/MMIP/week5/quiz1/data/query/dog/00014.png,dog,3,/home/emily/MMIP/week5/quiz1/data/gallery/dog/00217.png,dog,0.834317
/home/emily/MMIP/week5/quiz1/data/query/dog/00014.png,dog,4,/home/emily/MMIP/week5/quiz1/data/gallery/dog/00748.png,dog,0.820891
/home/emily/MMIP/week5/quiz1/data/query/dog/00014.png,dog,5,/home/emily/MMIP/week5/quiz1/data/gallery/dog/00614.png,dog,0.820361
/home/emily/MMIP/week5/quiz1/data/query/dog/00015.png,dog,1,/home/emily/MMIP/week5/quiz1/data/gallery/cat/00421.png,cat,0.863517
/home/emily/MMIP/week5/quiz1/data/query/dog/00015.png,dog,2,/home/emily/MMIP/week5/quiz1/data/gallery/cat/00054.png,cat,0.835525
/home/emily/MMIP/week5/quiz1/data/query/dog/00015.png,dog,3,/home/emily/MMIP/week5/quiz1/data/gallery/cat/00289.png,cat,0.834480
/home/emily/MMIP/week5/quiz1/data/query/dog/00015.png,dog,4,/home/emily/MMIP/week5/quiz1/data/gallery/dog/00495.png,dog,0.832406
/home/emily/MMIP/week5/quiz1/data/query/dog/00015.png,dog,5,/home/emily/MMIP/week5/quiz1/data/gallery/dog/00433.png,dog,0.831604
/home/emily/MMIP/week5/quiz1/data/query/dog/00016.png,dog,1,/home/emily/MMIP/week5/quiz1/data/gallery/dog/00797.png,dog,0.908220
/home/emily/MMIP/week5/quiz1/data/query/dog/00016.png,dog,2,/home/emily/MMIP/week5/quiz1/data/gallery/dog/00379.png,dog,0.883070
/home/emily/MMIP/week5/quiz1/data/query/dog/00016.png,dog,3,/home/emily/MMIP/week5/quiz1/data/gallery/dog/00277.png,dog,0.873057
/home/emily/MMIP/week5/quiz1/data/query/dog/00016.png,dog,4,/home/emily/MMIP/week5/quiz1/data/gallery/dog/00562.png,dog,0.861783
/home/emily/MMIP/week5/quiz1/data/query/dog/00016.png,dog,5,/home/emily/MMIP/week5/quiz1/data/gallery/dog/00970.png,dog,0.859590
/home/emily/MMIP/week5/quiz1/data/query/dog/00017.png,dog,1,/home/emily/MMIP/week5/quiz1/data/gallery/dog/00038.png,dog,0.841572
/home/emily/MMIP/week5/quiz1/data/query/dog/00017.png,dog,2,/home/emily/MMIP/week5/quiz1/data/gallery/dog/00938.png,dog,0.834373
/home/emily/MMIP/week5/quiz1/data/query/dog/00017.png,dog,3,/home/emily/MMIP/week5/quiz1/data/gallery/dog/00042.png,dog,0.828923
/home/emily/MMIP/week5/quiz1/data/query/dog/00017.png,dog,4,/home/emily/MMIP/week5/quiz1/data/gallery/cat/00401.png,cat,0.822577
/home/emily/MMIP/week5/quiz1/data/query/dog/00017.png,dog,5,/home/emily/MMIP/week5/quiz1/data/gallery/dog/00446.png,dog,0.820122
/home/emily/MMIP/week5/quiz1/data/query/dog/00018.png,dog,1,/home/emily/MMIP/week5/quiz1/data/gallery/dog/00169.png,dog,0.882132
/home/emily/MMIP/week5/quiz1/data/query/dog/00018.png,dog,2,/home/emily/MMIP/week5/quiz1/data/gallery/dog/00628.png,dog,0.868403
/home/emily/MMIP/week5/quiz1/data/query/dog/00018.png,dog,3,/home/emily/MMIP/week5/quiz1/data/gallery/cat/00358.png,cat,0.867747
/home/emily/MMIP/week5/quiz1/data/query/dog/00018.png,dog,4,/home/emily/MMIP/week5/quiz1/data/gallery/dog/00310.png,dog,0.867142
/home/emily/MMIP/week5/quiz1/data/query/dog/00018.png,dog,5,/home/emily/MMIP/week5/quiz1/data/gallery/dog/00914.png,dog,0.864210
/home/emily/MMIP/week5/quiz1/data/query/dog/00019.png,dog,1,/home/emily/MMIP/week5/quiz1/data/gallery/deer/00728.png,deer,0.853452
/home/emily/MMIP/week5/quiz1/data/query/dog/00019.png,dog,2,/home/emily/MMIP/week5/quiz1/data/gallery/deer/00442.png,deer,0.851372
/home/emily/MMIP/week5/quiz1/data/query/dog/00019.png,dog,3,/home/emily/MMIP/week5/quiz1/data/gallery/dog/00173.png,dog,0.849872
/home/emily/MMIP/week5/quiz1/data/query/dog/00019.png,dog,4,/home/emily/MMIP/week5/quiz1/data/gallery/deer/00416.png,deer,0.847954
/home/emily/MMIP/week5/quiz1/data/query/dog/00019.png,dog,5,/home/emily/MMIP/week5/quiz1/data/gallery/deer/00266.png,deer,0.846511
/home/emily/MMIP/week5/quiz1/data/query/dog/00020.png,dog,1,/home/emily/MMIP/week5/quiz1/data/gallery/dog/00091.png,dog,0.860641
/home/emily/MMIP/week5/quiz1/data/query/dog/00020.png,dog,2,/home/emily/MMIP/week5/quiz1/data/gallery/dog/00270.png,dog,0.859466
/home/emily/MMIP/week5/quiz1/data/query/dog/00020.png,dog,3,/home/emily/MMIP/week5/quiz1/data/gallery/dog/00752.png,dog,0.845723
/home/emily/MMIP/week5/quiz1/data/query/dog/00020.png,dog,4,/home/emily/MMIP/week5/quiz1/data/gallery/dog/00998.png,dog,0.830654
/home/emily/MMIP/week5/quiz1/data/query/dog/00020.png,dog,5,/home/emily/MMIP/week5/quiz1/data/gallery/dog/00415.png,dog,0.828664
/home/emily/MMIP/week5/quiz1/data/query/dog/00021.png,dog,1,/home/emily/MMIP/week5/quiz1/data/gallery/dog/00598.png,dog,0.846325
/home/emily/MMIP/week5/quiz1/data/query/dog/00021.png,dog,2,/home/emily/MMIP/week5/quiz1/data/gallery/dog/00548.png,dog,0.832987
/home/emily/MMIP/week5/quiz1/data/query/dog/00021.png,dog,3,/home/emily/MMIP/week5/quiz1/data/gallery/dog/00596.png,dog,0.825834
/home/emily/MMIP/week5/quiz1/data/query/dog/00021.png,dog,4,/home/emily/MMIP/week5/quiz1/data/gallery/dog/00424.png,dog,0.823450
/home/emily/MMIP/week5/quiz1/data/query/dog/00021.png,dog,5,/home/emily/MMIP/week5/quiz1/data/gallery/dog/00399.png,dog,0.818376
/home/emily/MMIP/week5/quiz1/data/query/dog/00022.png,dog,1,/home/emily/MMIP/week5/quiz1/data/gallery/cat/00615.png,cat,0.833734
/home/emily/MMIP/week5/quiz1/data/query/dog/00022.png,dog,2,/home/emily/MMIP/week5/quiz1/data/gallery/deer/00961.png,deer,0.823094
/home/emily/MMIP/week5/quiz1/data/query/dog/00022.png,dog,3,/home/emily/MMIP/week5/quiz1/data/gallery/dog/00136.png,dog,0.818349
/home/emily/MMIP/week5/quiz1/data/query/dog/00022.png,dog,4,/home/emily/MMIP/week5/quiz1/data/gallery/cat/00044.png,cat,0.812849
/home/emily/MMIP/week5/quiz1/data/query/dog/00022.png,dog,5,/home/emily/MMIP/week5/quiz1/data/gallery/cat/00300.png,cat,0.806664
/home/emily/MMIP/week5/quiz1/data/query/dog/00023.png,dog,1,/home/emily/MMIP/week5/quiz1/data/gallery/dog/00830.png,dog,0.851888
/home/emily/MMIP/week5/quiz1/data/query/dog/00023.png,dog,2,/home/emily/MMIP/week5/quiz1/data/gallery/dog/00593.png,dog,0.840793
/home/emily/MMIP/week5/quiz1/data/query/dog/00023.png,dog,3,/home/emily/MMIP/week5/quiz1/data/gallery/dog/00340.png,dog,0.837824
/home/emily/MMIP/week5/quiz1/data/query/dog/00023.png,dog,4,/home/emily/MMIP/week5/quiz1/data/gallery/dog/00678.png,dog,0.836016
/home/emily/MMIP/week5/quiz1/data/query/dog/00023.png,dog,5,/home/emily/MMIP/week5/quiz1/data/gallery/dog/00944.png,dog,0.834739
/home/emily/MMIP/week5/quiz1/data/query/dog/00024.png,dog,1,/home/emily/MMIP/week5/quiz1/data/gallery/dog/00151.png,dog,0.880044
/home/emily/MMIP/week5/quiz1/data/query/dog/00024.png,dog,2,/home/emily/MMIP/week5/quiz1/data/gallery/dog/00600.png,dog,0.868203
/home/emily/MMIP/week5/quiz1/data/query/dog/00024.png,dog,3,/home/emily/MMIP/week5/quiz1/data/gallery/dog/00235.png,dog,0.866215
/home/emily/MMIP/week5/quiz1/data/query/dog/00024.png,dog,4,/home/emily/MMIP/week5/quiz1/data/gallery/dog/00507.png,dog,0.860591
/home/emily/MMIP/week5/quiz1/data/query/dog/00024.png,dog,5,/home/emily/MMIP/week5/quiz1/data/gallery/dog/00823.png,dog,0.852371
/home/emily/MMIP/week5/quiz1/data/query/dog/00025.png,dog,1,/home/emily/MMIP/week5/quiz1/data/gallery/dog/00973.png,dog,0.864641
/home/emily/MMIP/week5/quiz1/data/query/dog/00025.png,dog,2,/home/emily/MMIP/week5/quiz1/data/gallery/dog/00331.png,dog,0.849918
/home/emily/MMIP/week5/quiz1/data/query/dog/00025.png,dog,3,/home/emily/MMIP/week5/quiz1/data/gallery/dog/00914.png,dog,0.840354
/home/emily/MMIP/week5/quiz1/data/query/dog/00025.png,dog,4,/home/emily/MMIP/week5/quiz1/data/gallery/dog/00310.png,dog,0.832926
/home/emily/MMIP/week5/quiz1/data/query/dog/00025.png,dog,5,/home/emily/MMIP/week5/quiz1/data/gallery/dog/00194.png,dog,0.832127
/home/emily/MMIP/week5/quiz1/data/query/dog/00026.png,dog,1,/home/emily/MMIP/week5/quiz1/data/gallery/dog/00638.png,dog,0.829941
/home/emily/MMIP/week5/quiz1/data/query/dog/00026.png,dog,2,/home/emily/MMIP/week5/quiz1/data/gallery/dog/00004.png,dog,0.828019
/home/emily/MMIP/week5/quiz1/data/query/dog/00026.png,dog,3,/home/emily/MMIP/week5/quiz1/data/gallery/dog/00923.png,dog,0.821326
/home/emily/MMIP/week5/quiz1/data/query/dog/00026.png,dog,4,/home/emily/MMIP/week5/quiz1/data/gallery/dog/00473.png,dog,0.813020
/home/emily/MMIP/week5/quiz1/data/query/dog/00026.png,dog,5,/home/emily/MMIP/week5/quiz1/data/gallery/airplane/00293.png,airplane,0.811253
/home/emily/MMIP/week5/quiz1/data/query/dog/00027.png,dog,1,/home/emily/MMIP/week5/quiz1/data/gallery/dog/00854.png,dog,0.847401
/home/emily/MMIP/week5/quiz1/data/query/dog/00027.png,dog,2,/home/emily/MMIP/week5/quiz1/data/gallery/cat/00832.png,cat,0.834089
/home/emily/MMIP/week5/quiz1/data/query/dog/00027.png,dog,3,/home/emily/MMIP/week5/quiz1/data/gallery/cat/00820.png,cat,0.833657
/home/emily/MMIP/week5/quiz1/data/query/dog/00027.png,dog,4,/home/emily/MMIP/week5/quiz1/data/gallery/cat/00389.png,cat,0.832690
/home/emily/MMIP/week5/quiz1/data/query/dog/00027.png,dog,5,/home/emily/MMIP/week5/quiz1/data/gallery/cat/00799.png,cat,0.831605
/home/emily/MMIP/week5/quiz1/data/query/dog/00028.png,dog,1,/home/emily/MMIP/week5/quiz1/data/gallery/cat/00347.png,cat,0.843415
/home/emily/MMIP/week5/quiz1/data/query/dog/00028.png,dog,2,/home/emily/MMIP/week5/quiz1/data/gallery/dog/00560.png,dog,0.841057
/home/emily/MMIP/week5/quiz1/data/query/dog/00028.png,dog,3,/home/emily/MMIP/week5/quiz1/data/gallery/cat/00135.png,cat,0.839590
/home/emily/MMIP/week5/quiz1/data/query/dog/00028.png,dog,4,/home/emily/MMIP/week5/quiz1/data/gallery/dog/00914.png,dog,0.838743
/home/emily/MMIP/week5/quiz1/data/query/dog/00028.png,dog,5,/home/emily/MMIP/week5/quiz1/data/gallery/dog/00890.png,dog,0.837805
/home/emily/MMIP/week5/quiz1/data/query/dog/00029.png,dog,1,/home/emily/MMIP/week5/quiz1/data/gallery/dog/00717.png,dog,0.862477
/home/emily/MMIP/week5/quiz1/data/query/dog/00029.png,dog,2,/home/emily/MMIP/week5/quiz1/data/gallery/dog/00998.png,dog,0.851403
/home/emily/MMIP/week5/quiz1/data/query/dog/00029.png,dog,3,/home/emily/MMIP/week5/quiz1/data/gallery/dog/00718.png,dog,0.848456
/home/emily/MMIP/week5/quiz1/data/query/dog/00029.png,dog,4,/home/emily/MMIP/week5/quiz1/data/gallery/dog/00695.png,dog,0.841544
/home/emily/MMIP/week5/quiz1/data/query/dog/00029.png,dog,5,/home/emily/MMIP/week5/quiz1/data/gallery/dog/00817.png,dog,0.839850
/home/emily/MMIP/week5/quiz1/data/query/dog/00030.png,dog,1,/home/emily/MMIP/week5/quiz1/data/gallery/dog/00455.png,dog,0.861264
/home/emily/MMIP/week5/quiz1/data/query/dog/00030.png,dog,2,/home/emily/MMIP/week5/quiz1/data/gallery/dog/00069.png,dog,0.860025
/home/emily/MMIP/week5/quiz1/data/query/dog/00030.png,dog,3,/home/emily/MMIP/week5/quiz1/data/gallery/dog/00957.png,dog,0.852482
/home/emily/MMIP/week5/quiz1/data/query/dog/00030.png,dog,4,/home/emily/MMIP/week5/quiz1/data/gallery/dog/00251.png,dog,0.843864
/home/emily/MMIP/week5/quiz1/data/query/dog/00030.png,dog,5,/home/emily/MMIP/week5/quiz1/data/gallery/dog/00061.png,dog,0.835700
/home/emily/MMIP/week5/quiz1/data/query/dog/00031.png,dog,1,/home/emily/MMIP/week5/quiz1/data/gallery/dog/00114.png,dog,0.869078
/home/emily/MMIP/week5/quiz1/data/query/dog/00031.png,dog,2,/home/emily/MMIP/week5/quiz1/data/gallery/dog/00151.png,dog,0.864875
/home/emily/MMIP/week5/quiz1/data/query/dog/00031.png,dog,3,/home/emily/MMIP/week5/quiz1/data/gallery/cat/00792.png,cat,0.855826
/home/emily/MMIP/week5/quiz1/data/query/dog/00031.png,dog,4,/home/emily/MMIP/week5/quiz1/data/gallery/dog/00754.png,dog,0.852507
/home/emily/MMIP/week5/quiz1/data/query/dog/00031.png,dog,5,/home/emily/MMIP/week5/quiz1/data/gallery/dog/00141.png,dog,0.849799
/home/emily/MMIP/week5/quiz1/data/query/dog/00032.png,dog,1,/home/emily/MMIP/week5/quiz1/data/gallery/dog/00472.png,dog,0.842588
/home/emily/MMIP/week5/quiz1/data/query/dog/00032.png,dog,2,/home/emily/MMIP/week5/quiz1/data/gallery/dog/00128.png,dog,0.840670
/home/emily/MMIP/week5/quiz1/data/query/dog/00032.png,dog,3,/home/emily/MMIP/week5/quiz1/data/gallery/dog/00937.png,dog,0.839989
/home/emily/MMIP/week5/quiz1/data/query/dog/00032.png,dog,4,/home/emily/MMIP/week5/quiz1/data/gallery/dog/00671.png,dog,0.833035
/home/emily/MMIP/week5/quiz1/data/query/dog/00032.png,dog,5,/home/emily/MMIP/week5/quiz1/data/gallery/dog/00042.png,dog,0.831564
/home/emily/MMIP/week5/quiz1/data/query/dog/00033.png,dog,1,/home/emily/MMIP/week5/quiz1/data/gallery/horse/00116.png,horse,0.844094
/home/emily/MMIP/week5/quiz1/data/query/dog/00033.png,dog,2,/home/emily/MMIP/week5/quiz1/data/gallery/cat/00333.png,cat,0.834329
/home/emily/MMIP/week5/quiz1/data/query/dog/00033.png,dog,3,/home/emily/MMIP/week5/quiz1/data/gallery/cat/00528.png,cat,0.834162
/home/emily/MMIP/week5/quiz1/data/query/dog/00033.png,dog,4,/home/emily/MMIP/week5/quiz1/data/gallery/cat/00371.png,cat,0.829661
/home/emily/MMIP/week5/quiz1/data/query/dog/00033.png,dog,5,/home/emily/MMIP/week5/quiz1/data/gallery/cat/00585.png,cat,0.825287
/home/emily/MMIP/week5/quiz1/data/query/dog/00034.png,dog,1,/home/emily/MMIP/week5/quiz1/data/gallery/dog/00406.png,dog,0.821078
/home/emily/MMIP/week5/quiz1/data/query/dog/00034.png,dog,2,/home/emily/MMIP/week5/quiz1/data/gallery/dog/00075.png,dog,0.802936
/home/emily/MMIP/week5/quiz1/data/query/dog/00034.png,dog,3,/home/emily/MMIP/week5/quiz1/data/gallery/dog/00729.png,dog,0.801952
/home/emily/MMIP/week5/quiz1/data/query/dog/00034.png,dog,4,/home/emily/MMIP/week5/quiz1/data/gallery/dog/00105.png,dog,0.799758
/home/emily/MMIP/week5/quiz1/data/query/dog/00034.png,dog,5,/home/emily/MMIP/week5/quiz1/data/gallery/dog/00944.png,dog,0.798965
/home/emily/MMIP/week5/quiz1/data/query/dog/00035.png,dog,1,/home/emily/MMIP/week5/quiz1/data/gallery/dog/00783.png,dog,0.876622
/home/emily/MMIP/week5/quiz1/data/query/dog/00035.png,dog,2,/home/emily/MMIP/week5/quiz1/data/gallery/dog/00543.png,dog,0.864346
/home/emily/MMIP/week5/quiz1/data/query/dog/00035.png,dog,3,/home/emily/MMIP/week5/quiz1/data/gallery/dog/00486.png,dog,0.855932
/home/emily/MMIP/week5/quiz1/data/query/dog/00035.png,dog,4,/home/emily/MMIP/week5/quiz1/data/gallery/dog/00433.png,dog,0.854326
/home/emily/MMIP/week5/quiz1/data/query/dog/00035.png,dog,5,/home/emily/MMIP/week5/quiz1/data/gallery/dog/00914.png,dog,0.846855
/home/emily/MMIP/week5/quiz1/data/query/dog/00036.png,dog,1,/home/emily/MMIP/week5/quiz1/data/gallery/deer/00371.png,deer,0.869287
/home/emily/MMIP/week5/quiz1/data/query/dog/00036.png,dog,2,/home/emily/MMIP/week5/quiz1/data/gallery/deer/00870.png,deer,0.854993
/home/emily/MMIP/week5/quiz1/data/query/dog/00036.png,dog,3,/home/emily/MMIP/week5/quiz1/data/gallery/dog/00734.png,dog,0.854262
/home/emily/MMIP/week5/quiz1/data/query/dog/00036.png,dog,4,/home/emily/MMIP/week5/quiz1/data/gallery/dog/00946.png,dog,0.853593
/home/emily/MMIP/week5/quiz1/data/query/dog/00036.png,dog,5,/home/emily/MMIP/week5/quiz1/data/gallery/dog/00698.png,dog,0.853558
/home/emily/MMIP/week5/quiz1/data/query/dog/00037.png,dog,1,/home/emily/MMIP/week5/quiz1/data/gallery/dog/00747.png,dog,0.842619
/home/emily/MMIP/week5/quiz1/data/query/dog/00037.png,dog,2,/home/emily/MMIP/week5/quiz1/data/gallery/dog/00045.png,dog,0.835840
/home/emily/MMIP/week5/quiz1/data/query/dog/00037.png,dog,3,/home/emily/MMIP/week5/quiz1/data/gallery/dog/00689.png,dog,0.835696
/home/emily/MMIP/week5/quiz1/data/query/dog/00037.png,dog,4,/home/emily/MMIP/week5/quiz1/data/gallery/dog/00565.png,dog,0.835408
/home/emily/MMIP/week5/quiz1/data/query/dog/00037.png,dog,5,/home/emily/MMIP/week5/quiz1/data/gallery/dog/00327.png,dog,0.834121
/home/emily/MMIP/week5/quiz1/data/query/dog/00038.png,dog,1,/home/emily/MMIP/week5/quiz1/data/gallery/dog/00751.png,dog,0.846584
/home/emily/MMIP/week5/quiz1/data/query/dog/00038.png,dog,2,/home/emily/MMIP/week5/quiz1/data/gallery/dog/00083.png,dog,0.837471
/home/emily/MMIP/week5/quiz1/data/query/dog/00038.png,dog,3,/home/emily/MMIP/week5/quiz1/data/gallery/dog/00938.png,dog,0.834200
/home/emily/MMIP/week5/quiz1/data/query/dog/00038.png,dog,4,/home/emily/MMIP/week5/quiz1/data/gallery/cat/00858.png,cat,0.833902
/home/emily/MMIP/week5/quiz1/data/query/dog/00038.png,dog,5,/home/emily/MMIP/week5/quiz1/data/gallery/dog/00487.png,dog,0.829665
/home/emily/MMIP/week5/quiz1/data/query/dog/00039.png,dog,1,/home/emily/MMIP/week5/quiz1/data/gallery/dog/00287.png,dog,0.857278
/home/emily/MMIP/week5/quiz1/data/query/dog/00039.png,dog,2,/home/emily/MMIP/week5/quiz1/data/gallery/dog/00944.png,dog,0.850935
/home/emily/MMIP/week5/quiz1/data/query/dog/00039.png,dog,3,/home/emily/MMIP/week5/quiz1/data/gallery/dog/00690.png,dog,0.848765
/home/emily/MMIP/week5/quiz1/data/query/dog/00039.png,dog,4,/home/emily/MMIP/week5/quiz1/data/gallery/cat/00971.png,cat,0.843685
/home/emily/MMIP/week5/quiz1/data/query/dog/00039.png,dog,5,/home/emily/MMIP/week5/quiz1/data/gallery/dog/00472.png,dog,0.842904
/home/emily/MMIP/week5/quiz1/data/query/dog/00040.png,dog,1,/home/emily/MMIP/week5/quiz1/data/gallery/dog/00708.png,dog,0.854484
/home/emily/MMIP/week5/quiz1/data/query/dog/00040.png,dog,2,/home/emily/MMIP/week5/quiz1/data/gallery/dog/00540.png,dog,0.838377
/home/emily/MMIP/week5/quiz1/data/query/dog/00040.png,dog,3,/home/emily/MMIP/week5/quiz1/data/gallery/cat/00056.png,cat,0.834938
/home/emily/MMIP/week5/quiz1/data/query/dog/00040.png,dog,4,/home/emily/MMIP/week5/quiz1/data/gallery/cat/00866.png,cat,0.830129
/home/emily/MMIP/week5/quiz1/data/query/dog/00040.png,dog,5,/home/emily/MMIP/week5/quiz1/data/gallery/dog/00584.png,dog,0.825129
/home/emily/MMIP/week5/quiz1/data/query/dog/00041.png,dog,1,/home/emily/MMIP/week5/quiz1/data/gallery/dog/00578.png,dog,0.876261
/home/emily/MMIP/week5/quiz1/data/query/dog/00041.png,dog,2,/home/emily/MMIP/week5/quiz1/data/gallery/dog/00313.png,dog,0.867552
/home/emily/MMIP/week5/quiz1/data/query/dog/00041.png,dog,3,/home/emily/MMIP/week5/quiz1/data/gallery/dog/00531.png,dog,0.856404
/home/emily/MMIP/week5/quiz1/data/query/dog/00041.png,dog,4,/home/emily/MMIP/week5/quiz1/data/gallery/dog/00263.png,dog,0.855130
/home/emily/MMIP/week5/quiz1/data/query/dog/00041.png,dog,5,/home/emily/MMIP/week5/quiz1/data/gallery/dog/00991.png,dog,0.854873
/home/emily/MMIP/week5/quiz1/data/query/dog/00042.png,dog,1,/home/emily/MMIP/week5/quiz1/data/gallery/dog/00129.png,dog,0.916050
/home/emily/MMIP/week5/quiz1/data/query/dog/00042.png,dog,2,/home/emily/MMIP/week5/quiz1/data/gallery/dog/00075.png,dog,0.896234
/home/emily/MMIP/week5/quiz1/data/query/dog/00042.png,dog,3,/home/emily/MMIP/week5/quiz1/data/gallery/dog/00300.png,dog,0.891029
/home/emily/MMIP/week5/quiz1/data/query/dog/00042.png,dog,4,/home/emily/MMIP/week5/quiz1/data/gallery/dog/00186.png,dog,0.873604
/home/emily/MMIP/week5/quiz1/data/query/dog/00042.png,dog,5,/home/emily/MMIP/week5/quiz1/data/gallery/dog/00149.png,dog,0.868467
/home/emily/MMIP/week5/quiz1/data/query/dog/00043.png,dog,1,/home/emily/MMIP/week5/quiz1/data/gallery/dog/00739.png,dog,0.832111
/home/emily/MMIP/week5/quiz1/data/query/dog/00043.png,dog,2,/home/emily/MMIP/week5/quiz1/data/gallery/cat/00889.png,cat,0.828078
/home/emily/MMIP/week5/quiz1/data/query/dog/00043.png,dog,3,/home/emily/MMIP/week5/quiz1/data/gallery/cat/00879.png,cat,0.821205
/home/emily/MMIP/week5/quiz1/data/query/dog/00043.png,dog,4,/home/emily/MMIP/week5/quiz1/data/gallery/dog/00003.png,dog,0.809120
/home/emily/MMIP/week5/quiz1/data/query/dog/00043.png,dog,5,/home/emily/MMIP/week5/quiz1/data/gallery/frog/00144.png,frog,0.807899
/home/emily/MMIP/week5/quiz1/data/query/dog/00044.png,dog,1,/home/emily/MMIP/week5/quiz1/data/gallery/dog/00470.png,dog,0.796383
/home/emily/MMIP/week5/quiz1/data/query/dog/00044.png,dog,2,/home/emily/MMIP/week5/quiz1/data/gallery/dog/00543.png,dog,0.793558
/home/emily/MMIP/week5/quiz1/data/query/dog/00044.png,dog,3,/home/emily/MMIP/week5/quiz1/data/gallery/horse/00524.png,horse,0.792964
/home/emily/MMIP/week5/quiz1/data/query/dog/00044.png,dog,4,/home/emily/MMIP/week5/quiz1/data/gallery/dog/00524.png,dog,0.792319
/home/emily/MMIP/week5/quiz1/data/query/dog/00044.png,dog,5,/home/emily/MMIP/week5/quiz1/data/gallery/cat/00305.png,cat,0.789266
/home/emily/MMIP/week5/quiz1/data/query/dog/00045.png,dog,1,/home/emily/MMIP/week5/quiz1/data/gallery/dog/00542.png,dog,0.844993
/home/emily/MMIP/week5/quiz1/data/query/dog/00045.png,dog,2,/home/emily/MMIP/week5/quiz1/data/gallery/cat/00025.png,cat,0.842405
/home/emily/MMIP/week5/quiz1/data/query/dog/00045.png,dog,3,/home/emily/MMIP/week5/quiz1/data/gallery/cat/00291.png,cat,0.841456
/home/emily/MMIP/week5/quiz1/data/query/dog/00045.png,dog,4,/home/emily/MMIP/week5/quiz1/data/gallery/dog/00184.png,dog,0.837209
/home/emily/MMIP/week5/quiz1/data/query/dog/00045.png,dog,5,/home/emily/MMIP/week5/quiz1/data/gallery/dog/00216.png,dog,0.831327
/home/emily/MMIP/week5/quiz1/data/query/dog/00046.png,dog,1,/home/emily/MMIP/week5/quiz1/data/gallery/dog/00579.png,dog,0.882350
/home/emily/MMIP/week5/quiz1/data/query/dog/00046.png,dog,2,/home/emily/MMIP/week5/quiz1/data/gallery/dog/00203.png,dog,0.872331
/home/emily/MMIP/week5/quiz1/data/query/dog/00046.png,dog,3,/home/emily/MMIP/week5/quiz1/data/gallery/dog/00577.png,dog,0.865144
/home/emily/MMIP/week5/quiz1/data/query/dog/00046.png,dog,4,/home/emily/MMIP/week5/quiz1/data/gallery/dog/00230.png,dog,0.859008
/home/emily/MMIP/week5/quiz1/data/query/dog/00046.png,dog,5,/home/emily/MMIP/week5/quiz1/data/gallery/dog/00724.png,dog,0.848266
/home/emily/MMIP/week5/quiz1/data/query/dog/00047.png,dog,1,/home/emily/MMIP/week5/quiz1/data/gallery/cat/00246.png,cat,0.860875
/home/emily/MMIP/week5/quiz1/data/query/dog/00047.png,dog,2,/home/emily/MMIP/week5/quiz1/data/gallery/cat/00568.png,cat,0.854154
/home/emily/MMIP/week5/quiz1/data/query/dog/00047.png,dog,3,/home/emily/MMIP/week5/quiz1/data/gallery/cat/00958.png,cat,0.851614
/home/emily/MMIP/week5/quiz1/data/query/dog/00047.png,dog,4,/home/emily/MMIP/week5/quiz1/data/gallery/frog/00754.png,frog,0.850230
/home/emily/MMIP/week5/quiz1/data/query/dog/00047.png,dog,5,/home/emily/MMIP/week5/quiz1/data/gallery/horse/00845.png,horse,0.849633
/home/emily/MMIP/week5/quiz1/data/query/dog/00048.png,dog,1,/home/emily/MMIP/week5/quiz1/data/gallery/dog/00988.png,dog,0.864386
/home/emily/MMIP/week5/quiz1/data/query/dog/00048.png,dog,2,/home/emily/MMIP/week5/quiz1/data/gallery/bird/00950.png,bird,0.856596
/home/emily/MMIP/week5/quiz1/data/query/dog/00048.png,dog,3,/home/emily/MMIP/week5/quiz1/data/gallery/dog/00197.png,dog,0.853073
/home/emily/MMIP/week5/quiz1/data/query/dog/00048.png,dog,4,/home/emily/MMIP/week5/quiz1/data/gallery/bird/00473.png,bird,0.849897
/home/emily/MMIP/week5/quiz1/data/query/dog/00048.png,dog,5,/home/emily/MMIP/week5/quiz1/data/gallery/cat/00305.png,cat,0.849678
/home/emily/MMIP/week5/quiz1/data/query/dog/00049.png,dog,1,/home/emily/MMIP/week5/quiz1/data/gallery/dog/00671.png,dog,0.901056
/home/emily/MMIP/week5/quiz1/data/query/dog/00049.png,dog,2,/home/emily/MMIP/week5/quiz1/data/gallery/dog/00937.png,dog,0.887018
/home/emily/MMIP/week5/quiz1/data/query/dog/00049.png,dog,3,/home/emily/MMIP/week5/quiz1/data/gallery/dog/00719.png,dog,0.885663
/home/emily/MMIP/week5/quiz1/data/query/dog/00049.png,dog,4,/home/emily/MMIP/week5/quiz1/data/gallery/dog/00221.png,dog,0.879414
/home/emily/MMIP/week5/quiz1/data/query/dog/00049.png,dog,5,/home/emily/MMIP/week5/quiz1/data/gallery/dog/00042.png,dog,0.877645
/home/emily/MMIP/week5/quiz1/data/query/dog/00050.png,dog,1,/home/emily/MMIP/week5/quiz1/data/gallery/dog/00492.png,dog,0.883077
/home/emily/MMIP/week5/quiz1/data/query/dog/00050.png,dog,2,/home/emily/MMIP/week5/quiz1/data/gallery/dog/00542.png,dog,0.869924
/home/emily/MMIP/week5/quiz1/data/query/dog/00050.png,dog,3,/home/emily/MMIP/week5/quiz1/data/gallery/dog/00574.png,dog,0.865131
/home/emily/MMIP/week5/quiz1/data/query/dog/00050.png,dog,4,/home/emily/MMIP/week5/quiz1/data/gallery/dog/00658.png,dog,0.855219
/home/emily/MMIP/week5/quiz1/data/query/dog/00050.png,dog,5,/home/emily/MMIP/week5/quiz1/data/gallery/dog/00771.png,dog,0.854956
/home/emily/MMIP/week5/quiz1/data/query/dog/00051.png,dog,1,/home/emily/MMIP/week5/quiz1/data/gallery/cat/00447.png,cat,0.849950
/home/emily/MMIP/week5/quiz1/data/query/dog/00051.png,dog,2,/home/emily/MMIP/week5/quiz1/data/gallery/cat/00357.png,cat,0.846947
/home/emily/MMIP/week5/quiz1/data/query/dog/00051.png,dog,3,/home/emily/MMIP/week5/quiz1/data/gallery/cat/00174.png,cat,0.843668
/home/emily/MMIP/week5/quiz1/data/query/dog/00051.png,dog,4,/home/emily/MMIP/week5/quiz1/data/gallery/cat/00003.png,cat,0.840869
/home/emily/MMIP/week5/quiz1/data/query/dog/00051.png,dog,5,/home/emily/MMIP/week5/quiz1/data/gallery/dog/00257.png,dog,0.837820
/home/emily/MMIP/week5/quiz1/data/query/dog/00052.png,dog,1,/home/emily/MMIP/week5/quiz1/data/gallery/dog/00332.png,dog,0.838511
/home/emily/MMIP/week5/quiz1/data/query/dog/00052.png,dog,2,/home/emily/MMIP/week5/quiz1/data/gallery/dog/00489.png,dog,0.834479
/home/emily/MMIP/week5/quiz1/data/query/dog/00052.png,dog,3,/home/emily/MMIP/week5/quiz1/data/gallery/dog/00341.png,dog,0.820416
/home/emily/MMIP/week5/quiz1/data/query/dog/00052.png,dog,4,/home/emily/MMIP/week5/quiz1/data/gallery/dog/00994.png,dog,0.816220
/home/emily/MMIP/week5/quiz1/data/query/dog/00052.png,dog,5,/home/emily/MMIP/week5/quiz1/data/gallery/dog/00191.png,dog,0.814766
/home/emily/MMIP/week5/quiz1/data/query/dog/00053.png,dog,1,/home/emily/MMIP/week5/quiz1/data/gallery/cat/00980.png,cat,0.841829
/home/emily/MMIP/week5/quiz1/data/query/dog/00053.png,dog,2,/home/emily/MMIP/week5/quiz1/data/gallery/cat/00606.png,cat,0.832150
/home/emily/MMIP/week5/quiz1/data/query/dog/00053.png,dog,3,/home/emily/MMIP/week5/quiz1/data/gallery/dog/00030.png,dog,0.831620
/home/emily/MMIP/week5/quiz1/data/query/dog/00053.png,dog,4,/home/emily/MMIP/week5/quiz1/data/gallery/truck/00185.png,truck,0.829346
/home/emily/MMIP/week5/quiz1/data/query/dog/00053.png,dog,5,/home/emily/MMIP/week5/quiz1/data/gallery/cat/00001.png,cat,0.826114
/home/emily/MMIP/week5/quiz1/data/query/dog/00054.png,dog,1,/home/emily/MMIP/week5/quiz1/data/gallery/dog/00710.png,dog,0.886241
/home/emily/MMIP/week5/quiz1/data/query/dog/00054.png,dog,2,/home/emily/MMIP/week5/quiz1/data/gallery/dog/00729.png,dog,0.878976
/home/emily/MMIP/week5/quiz1/data/query/dog/00054.png,dog,3,/home/emily/MMIP/week5/quiz1/data/gallery/dog/00408.png,dog,0.870995
/home/emily/MMIP/week5/quiz1/data/query/dog/00054.png,dog,4,/home/emily/MMIP/week5/quiz1/data/gallery/dog/00306.png,dog,0.870782
/home/emily/MMIP/week5/quiz1/data/query/dog/00054.png,dog,5,/home/emily/MMIP/week5/quiz1/data/gallery/dog/00933.png,dog,0.862666
/home/emily/MMIP/week5/quiz1/data/query/dog/00055.png,dog,1,/home/emily/MMIP/week5/quiz1/data/gallery/dog/00429.png,dog,0.865956
/home/emily/MMIP/week5/quiz1/data/query/dog/00055.png,dog,2,/home/emily/MMIP/week5/quiz1/data/gallery/dog/00886.png,dog,0.854360
/home/emily/MMIP/week5/quiz1/data/query/dog/00055.png,dog,3,/home/emily/MMIP/week5/quiz1/data/gallery/dog/00580.png,dog,0.840636
/home/emily/MMIP/week5/quiz1/data/query/dog/00055.png,dog,4,/home/emily/MMIP/week5/quiz1/data/gallery/dog/00814.png,dog,0.837485
/home/emily/MMIP/week5/quiz1/data/query/dog/00055.png,dog,5,/home/emily/MMIP/week5/quiz1/data/gallery/dog/00937.png,dog,0.835483
/home/emily/MMIP/week5/quiz1/data/query/dog/00056.png,dog,1,/home/emily/MMIP/week5/quiz1/data/gallery/dog/00299.png,dog,0.825644
/home/emily/MMIP/week5/quiz1/data/query/dog/00056.png,dog,2,/home/emily/MMIP/week5/quiz1/data/gallery/dog/00669.png,dog,0.817822
/home/emily/MMIP/week5/quiz1/data/query/dog/00056.png,dog,3,/home/emily/MMIP/week5/quiz1/data/gallery/cat/00074.png,cat,0.812581
/home/emily/MMIP/week5/quiz1/data/query/dog/00056.png,dog,4,/home/emily/MMIP/week5/quiz1/data/gallery/dog/00956.png,dog,0.812159
/home/emily/MMIP/week5/quiz1/data/query/dog/00056.png,dog,5,/home/emily/MMIP/week5/quiz1/data/gallery/horse/00895.png,horse,0.811682
/home/emily/MMIP/week5/quiz1/data/query/dog/00057.png,dog,1,/home/emily/MMIP/week5/quiz1/data/gallery/cat/00697.png,cat,0.850039
/home/emily/MMIP/week5/quiz1/data/query/dog/00057.png,dog,2,/home/emily/MMIP/week5/quiz1/data/gallery/horse/00441.png,horse,0.844689
/home/emily/MMIP/week5/quiz1/data/query/dog/00057.png,dog,3,/home/emily/MMIP/week5/quiz1/data/gallery/cat/00746.png,cat,0.840531
/home/emily/MMIP/week5/quiz1/data/query/dog/00057.png,dog,4,/home/emily/MMIP/week5/quiz1/data/gallery/cat/00318.png,cat,0.837952
/home/emily/MMIP/week5/quiz1/data/query/dog/00057.png,dog,5,/home/emily/MMIP/week5/quiz1/data/gallery/dog/00132.png,dog,0.837735
/home/emily/MMIP/week5/quiz1/data/query/dog/00058.png,dog,1,/home/emily/MMIP/week5/quiz1/data/gallery/cat/00672.png,cat,0.826817
/home/emily/MMIP/week5/quiz1/data/query/dog/00058.png,dog,2,/home/emily/MMIP/week5/quiz1/data/gallery/cat/00611.png,cat,0.823317
/home/emily/MMIP/week5/quiz1/data/query/dog/00058.png,dog,3,/home/emily/MMIP/week5/quiz1/data/gallery/dog/00704.png,dog,0.816312
/home/emily/MMIP/week5/quiz1/data/query/dog/00058.png,dog,4,/home/emily/MMIP/week5/quiz1/data/gallery/dog/00500.png,dog,0.801127
/home/emily/MMIP/week5/quiz1/data/query/dog/00058.png,dog,5,/home/emily/MMIP/week5/quiz1/data/gallery/horse/00420.png,horse,0.800674
/home/emily/MMIP/week5/quiz1/data/query/dog/00059.png,dog,1,/home/emily/MMIP/week5/quiz1/data/gallery/dog/00716.png,dog,0.860289
/home/emily/MMIP/week5/quiz1/data/query/dog/00059.png,dog,2,/home/emily/MMIP/week5/quiz1/data/gallery/deer/00371.png,deer,0.849242
/home/emily/MMIP/week5/quiz1/data/query/dog/00059.png,dog,3,/home/emily/MMIP/week5/quiz1/data/gallery/dog/00817.png,dog,0.846110
/home/emily/MMIP/week5/quiz1/data/query/dog/00059.png,dog,4,/home/emily/MMIP/week5/quiz1/data/gallery/cat/00326.png,cat,0.841439
/home/emily/MMIP/week5/quiz1/data/query/dog/00059.png,dog,5,/home/emily/MMIP/week5/quiz1/data/gallery/dog/00114.png,dog,0.839866
/home/emily/MMIP/week5/quiz1/data/query/dog/00060.png,dog,1,/home/emily/MMIP/week5/quiz1/data/gallery/dog/00042.png,dog,0.864224
/home/emily/MMIP/week5/quiz1/data/query/dog/00060.png,dog,2,/home/emily/MMIP/week5/quiz1/data/gallery/dog/00937.png,dog,0.858764
/home/emily/MMIP/week5/quiz1/data/query/dog/00060.png,dog,3,/home/emily/MMIP/week5/quiz1/data/gallery/dog/00408.png,dog,0.851158
/home/emily/MMIP/week5/quiz1/data/query/dog/00060.png,dog,4,/home/emily/MMIP/week5/quiz1/data/gallery/dog/00819.png,dog,0.845247
/home/emily/MMIP/week5/quiz1/data/query/dog/00060.png,dog,5,/home/emily/MMIP/week5/quiz1/data/gallery/dog/00785.png,dog,0.844759
/home/emily/MMIP/week5/quiz1/data/query/dog/00061.png,dog,1,/home/emily/MMIP/week5/quiz1/data/gallery/cat/00945.png,cat,0.847205
/home/emily/MMIP/week5/quiz1/data/query/dog/00061.png,dog,2,/home/emily/MMIP/week5/quiz1/data/gallery/dog/00860.png,dog,0.843018
/home/emily/MMIP/week5/quiz1/data/query/dog/00061.png,dog,3,/home/emily/MMIP/week5/quiz1/data/gallery/cat/00325.png,cat,0.838556
/home/emily/MMIP/week5/quiz1/data/query/dog/00061.png,dog,4,/home/emily/MMIP/week5/quiz1/data/gallery/cat/00914.png,cat,0.835092
/home/emily/MMIP/week5/quiz1/data/query/dog/00061.png,dog,5,/home/emily/MMIP/week5/quiz1/data/gallery/dog/00604.png,dog,0.832786
/home/emily/MMIP/week5/quiz1/data/query/dog/00062.png,dog,1,/home/emily/MMIP/week5/quiz1/data/gallery/dog/00195.png,dog,0.851346
/home/emily/MMIP/week5/quiz1/data/query/dog/00062.png,dog,2,/home/emily/MMIP/week5/quiz1/data/gallery/dog/00962.png,dog,0.845088
/home/emily/MMIP/week5/quiz1/data/query/dog/00062.png,dog,3,/home/emily/MMIP/week5/quiz1/data/gallery/dog/00729.png,dog,0.834913
/home/emily/MMIP/week5/quiz1/data/query/dog/00062.png,dog,4,/home/emily/MMIP/week5/quiz1/data/gallery/dog/00529.png,dog,0.833780
/home/emily/MMIP/week5/quiz1/data/query/dog/00062.png,dog,5,/home/emily/MMIP/week5/quiz1/data/gallery/dog/00674.png,dog,0.827641
/home/emily/MMIP/week5/quiz1/data/query/dog/00063.png,dog,1,/home/emily/MMIP/week5/quiz1/data/gallery/dog/00353.png,dog,0.865827
/home/emily/MMIP/week5/quiz1/data/query/dog/00063.png,dog,2,/home/emily/MMIP/week5/quiz1/data/gallery/dog/00481.png,dog,0.857881
/home/emily/MMIP/week5/quiz1/data/query/dog/00063.png,dog,3,/home/emily/MMIP/week5/quiz1/data/gallery/dog/00230.png,dog,0.856318
/home/emily/MMIP/week5/quiz1/data/query/dog/00063.png,dog,4,/home/emily/MMIP/week5/quiz1/data/gallery/dog/00767.png,dog,0.856070
/home/emily/MMIP/week5/quiz1/data/query/dog/00063.png,dog,5,/home/emily/MMIP/week5/quiz1/data/gallery/dog/00418.png,dog,0.851698
/home/emily/MMIP/week5/quiz1/data/query/dog/00064.png,dog,1,/home/emily/MMIP/week5/quiz1/data/gallery/bird/00211.png,bird,0.818388
/home/emily/MMIP/week5/quiz1/data/query/dog/00064.png,dog,2,/home/emily/MMIP/week5/quiz1/data/gallery/dog/00268.png,dog,0.813854
/home/emily/MMIP/week5/quiz1/data/query/dog/00064.png,dog,3,/home/emily/MMIP/week5/quiz1/data/gallery/bird/00593.png,bird,0.813323
/home/emily/MMIP/week5/quiz1/data/query/dog/00064.png,dog,4,/home/emily/MMIP/week5/quiz1/data/gallery/bird/00440.png,bird,0.806000
/home/emily/MMIP/week5/quiz1/data/query/dog/00064.png,dog,5,/home/emily/MMIP/week5/quiz1/data/gallery/bird/00425.png,bird,0.804937
/home/emily/MMIP/week5/quiz1/data/query/dog/00065.png,dog,1,/home/emily/MMIP/week5/quiz1/data/gallery/dog/00398.png,dog,0.802898
/home/emily/MMIP/week5/quiz1/data/query/dog/00065.png,dog,2,/home/emily/MMIP/week5/quiz1/data/gallery/dog/00909.png,dog,0.800489
/home/emily/MMIP/week5/quiz1/data/query/dog/00065.png,dog,3,/home/emily/MMIP/week5/quiz1/data/gallery/dog/00980.png,dog,0.791650
/home/emily/MMIP/week5/quiz1/data/query/dog/00065.png,dog,4,/home/emily/MMIP/week5/quiz1/data/gallery/truck/00639.png,truck,0.789000
/home/emily/MMIP/week5/quiz1/data/query/dog/00065.png,dog,5,/home/emily/MMIP/week5/quiz1/data/gallery/dog/00588.png,dog,0.787835
/home/emily/MMIP/week5/quiz1/data/query/dog/00066.png,dog,1,/home/emily/MMIP/week5/quiz1/data/gallery/bird/00381.png,bird,0.841361
/home/emily/MMIP/week5/quiz1/data/query/dog/00066.png,dog,2,/home/emily/MMIP/week5/quiz1/data/gallery/dog/00287.png,dog,0.828175
/home/emily/MMIP/week5/quiz1/data/query/dog/00066.png,dog,3,/home/emily/MMIP/week5/quiz1/data/gallery/horse/00905.png,horse,0.827229
/home/emily/MMIP/week5/quiz1/data/query/dog/00066.png,dog,4,/home/emily/MMIP/week5/quiz1/data/gallery/dog/00096.png,dog,0.826465
/home/emily/MMIP/week5/quiz1/data/query/dog/00066.png,dog,5,/home/emily/MMIP/week5/quiz1/data/gallery/dog/00565.png,dog,0.818249
/home/emily/MMIP/week5/quiz1/data/query/dog/00067.png,dog,1,/home/emily/MMIP/week5/quiz1/data/gallery/dog/00090.png,dog,0.925732
/home/emily/MMIP/week5/quiz1/data/query/dog/00067.png,dog,2,/home/emily/MMIP/week5/quiz1/data/gallery/dog/00924.png,dog,0.889989
/home/emily/MMIP/week5/quiz1/data/query/dog/00067.png,dog,3,/home/emily/MMIP/week5/quiz1/data/gallery/dog/00087.png,dog,0.871748
/home/emily/MMIP/week5/quiz1/data/query/dog/00067.png,dog,4,/home/emily/MMIP/week5/quiz1/data/gallery/dog/00234.png,dog,0.870049
/home/emily/MMIP/week5/quiz1/data/query/dog/00067.png,dog,5,/home/emily/MMIP/week5/quiz1/data/gallery/horse/00454.png,horse,0.863545
/home/emily/MMIP/week5/quiz1/data/query/dog/00068.png,dog,1,/home/emily/MMIP/week5/quiz1/data/gallery/dog/00235.png,dog,0.859542
/home/emily/MMIP/week5/quiz1/data/query/dog/00068.png,dog,2,/home/emily/MMIP/week5/quiz1/data/gallery/dog/00796.png,dog,0.853720
/home/emily/MMIP/week5/quiz1/data/query/dog/00068.png,dog,3,/home/emily/MMIP/week5/quiz1/data/gallery/dog/00088.png,dog,0.850724
/home/emily/MMIP/week5/quiz1/data/query/dog/00068.png,dog,4,/home/emily/MMIP/week5/quiz1/data/gallery/dog/00895.png,dog,0.848633
/home/emily/MMIP/week5/quiz1/data/query/dog/00068.png,dog,5,/home/emily/MMIP/week5/quiz1/data/gallery/dog/00646.png,dog,0.844392
/home/emily/MMIP/week5/quiz1/data/query/dog/00069.png,dog,1,/home/emily/MMIP/week5/quiz1/data/gallery/dog/00350.png,dog,0.832630
/home/emily/MMIP/week5/quiz1/data/query/dog/00069.png,dog,2,/home/emily/MMIP/week5/quiz1/data/gallery/frog/00254.png,frog,0.827441
/home/emily/MMIP/week5/quiz1/data/query/dog/00069.png,dog,3,/home/emily/MMIP/week5/quiz1/data/gallery/dog/00001.png,dog,0.820503
/home/emily/MMIP/week5/quiz1/data/query/dog/00069.png,dog,4,/home/emily/MMIP/week5/quiz1/data/gallery/bird/00639.png,bird,0.819449
/home/emily/MMIP/week5/quiz1/data/query/dog/00069.png,dog,5,/home/emily/MMIP/week5/quiz1/data/gallery/bird/00100.png,bird,0.817439
/home/emily/MMIP/week5/quiz1/data/query/dog/00070.png,dog,1,/home/emily/MMIP/week5/quiz1/data/gallery/dog/00695.png,dog,0.846460
/home/emily/MMIP/week5/quiz1/data/query/dog/00070.png,dog,2,/home/emily/MMIP/week5/quiz1/data/gallery/dog/00631.png,dog,0.839290
/home/emily/MMIP/week5/quiz1/data/query/dog/00070.png,dog,3,/home/emily/MMIP/week5/quiz1/data/gallery/cat/00974.png,cat,0.835462
/home/emily/MMIP/week5/quiz1/data/query/dog/00070.png,dog,4,/home/emily/MMIP/week5/quiz1/data/gallery/dog/00350.png,dog,0.834693
/home/emily/MMIP/week5/quiz1/data/query/dog/00070.png,dog,5,/home/emily/MMIP/week5/quiz1/data/gallery/dog/00102.png,dog,0.834358
/home/emily/MMIP/week5/quiz1/data/query/dog/00071.png,dog,1,/home/emily/MMIP/week5/quiz1/data/gallery/dog/00577.png,dog,0.864044
/home/emily/MMIP/week5/quiz1/data/query/dog/00071.png,dog,2,/home/emily/MMIP/week5/quiz1/data/gallery/dog/00311.png,dog,0.859646
/home/emily/MMIP/week5/quiz1/data/query/dog/00071.png,dog,3,/home/emily/MMIP/week5/quiz1/data/gallery/dog/00387.png,dog,0.857845
/home/emily/MMIP/week5/quiz1/data/query/dog/00071.png,dog,4,/home/emily/MMIP/week5/quiz1/data/gallery/dog/00102.png,dog,0.856555
/home/emily/MMIP/week5/quiz1/data/query/dog/00071.png,dog,5,/home/emily/MMIP/week5/quiz1/data/gallery/dog/00020.png,dog,0.850980
/home/emily/MMIP/week5/quiz1/data/query/dog/00072.png,dog,1,/home/emily/MMIP/week5/quiz1/data/gallery/cat/00634.png,cat,0.861004
/home/emily/MMIP/week5/quiz1/data/query/dog/00072.png,dog,2,/home/emily/MMIP/week5/quiz1/data/gallery/cat/00894.png,cat,0.859778
/home/emily/MMIP/week5/quiz1/data/query/dog/00072.png,dog,3,/home/emily/MMIP/week5/quiz1/data/gallery/cat/00508.png,cat,0.853531
/home/emily/MMIP/week5/quiz1/data/query/dog/00072.png,dog,4,/home/emily/MMIP/week5/quiz1/data/gallery/cat/00135.png,cat,0.852452
/home/emily/MMIP/week5/quiz1/data/query/dog/00072.png,dog,5,/home/emily/MMIP/week5/quiz1/data/gallery/cat/00004.png,cat,0.852357
/home/emily/MMIP/week5/quiz1/data/query/dog/00073.png,dog,1,/home/emily/MMIP/week5/quiz1/data/gallery/bird/00975.png,bird,0.850190
/home/emily/MMIP/week5/quiz1/data/query/dog/00073.png,dog,2,/home/emily/MMIP/week5/quiz1/data/gallery/deer/00930.png,deer,0.839764
/home/emily/MMIP/week5/quiz1/data/query/dog/00073.png,dog,3,/home/emily/MMIP/week5/quiz1/data/gallery/bird/00388.png,bird,0.838990
/home/emily/MMIP/week5/quiz1/data/query/dog/00073.png,dog,4,/home/emily/MMIP/week5/quiz1/data/gallery/deer/00042.png,deer,0.836228
/home/emily/MMIP/week5/quiz1/data/query/dog/00073.png,dog,5,/home/emily/MMIP/week5/quiz1/data/gallery/dog/00988.png,dog,0.835557
/home/emily/MMIP/week5/quiz1/data/query/dog/00074.png,dog,1,/home/emily/MMIP/week5/quiz1/data/gallery/frog/00013.png,frog,0.845616
/home/emily/MMIP/week5/quiz1/data/query/dog/00074.png,dog,2,/home/emily/MMIP/week5/quiz1/data/gallery/frog/00220.png,frog,0.838806
/home/emily/MMIP/week5/quiz1/data/query/dog/00074.png,dog,3,/home/emily/MMIP/week5/quiz1/data/gallery/frog/00986.png,frog,0.838262
/home/emily/MMIP/week5/quiz1/data/query/dog/00074.png,dog,4,/home/emily/MMIP/week5/quiz1/data/gallery/frog/00610.png,frog,0.837766
/home/emily/MMIP/week5/quiz1/data/query/dog/00074.png,dog,5,/home/emily/MMIP/week5/quiz1/data/gallery/frog/00038.png,frog,0.835252
/home/emily/MMIP/week5/quiz1/data/query/dog/00075.png,dog,1,/home/emily/MMIP/week5/quiz1/data/gallery/dog/00008.png,dog,0.833014
/home/emily/MMIP/week5/quiz1/data/query/dog/00075.png,dog,2,/home/emily/MMIP/week5/quiz1/data/gallery/cat/00333.png,cat,0.823751
/home/emily/MMIP/week5/quiz1/data/query/dog/00075.png,dog,3,/home/emily/MMIP/week5/quiz1/data/gallery/bird/00964.png,bird,0.815338
/home/emily/MMIP/week5/quiz1/data/query/dog/00075.png,dog,4,/home/emily/MMIP/week5/quiz1/data/gallery/dog/00266.png,dog,0.802733
/home/emily/MMIP/week5/quiz1/data/query/dog/00075.png,dog,5,/home/emily/MMIP/week5/quiz1/data/gallery/cat/00476.png,cat,0.801584
/home/emily/MMIP/week5/quiz1/data/query/dog/00076.png,dog,1,/home/emily/MMIP/week5/quiz1/data/gallery/cat/00729.png,cat,0.851824
/home/emily/MMIP/week5/quiz1/data/query/dog/00076.png,dog,2,/home/emily/MMIP/week5/quiz1/data/gallery/dog/00550.png,dog,0.847623
/home/emily/MMIP/week5/quiz1/data/query/dog/00076.png,dog,3,/home/emily/MMIP/week5/quiz1/data/gallery/deer/00821.png,deer,0.847331
/home/emily/MMIP/week5/quiz1/data/query/dog/00076.png,dog,4,/home/emily/MMIP/week5/quiz1/data/gallery/dog/00613.png,dog,0.839744
/home/emily/MMIP/week5/quiz1/data/query/dog/00076.png,dog,5,/home/emily/MMIP/week5/quiz1/data/gallery/dog/00703.png,dog,0.839501
/home/emily/MMIP/week5/quiz1/data/query/dog/00077.png,dog,1,/home/emily/MMIP/week5/quiz1/data/gallery/dog/00405.png,dog,0.823980
/home/emily/MMIP/week5/quiz1/data/query/dog/00077.png,dog,2,/home/emily/MMIP/week5/quiz1/data/gallery/cat/00116.png,cat,0.804770
/home/emily/MMIP/week5/quiz1/data/query/dog/00077.png,dog,3,/home/emily/MMIP/week5/quiz1/data/gallery/horse/00496.png,horse,0.800764
/home/emily/MMIP/week5/quiz1/data/query/dog/00077.png,dog,4,/home/emily/MMIP/week5/quiz1/data/gallery/horse/00659.png,horse,0.800061
/home/emily/MMIP/week5/quiz1/data/query/dog/00077.png,dog,5,/home/emily/MMIP/week5/quiz1/data/gallery/frog/00180.png,frog,0.797958
/home/emily/MMIP/week5/quiz1/data/query/dog/00078.png,dog,1,/home/emily/MMIP/week5/quiz1/data/gallery/dog/00810.png,dog,0.905748
/home/emily/MMIP/week5/quiz1/data/query/dog/00078.png,dog,2,/home/emily/MMIP/week5/quiz1/data/gallery/dog/00352.png,dog,0.869314
/home/emily/MMIP/week5/quiz1/data/query/dog/00078.png,dog,3,/home/emily/MMIP/week5/quiz1/data/gallery/dog/00173.png,dog,0.857605
/home/emily/MMIP/week5/quiz1/data/query/dog/00078.png,dog,4,/home/emily/MMIP/week5/quiz1/data/gallery/dog/00234.png,dog,0.856858
/home/emily/MMIP/week5/quiz1/data/query/dog/00078.png,dog,5,/home/emily/MMIP/week5/quiz1/data/gallery/bird/00729.png,bird,0.854744
/home/emily/MMIP/week5/quiz1/data/query/dog/00079.png,dog,1,/home/emily/MMIP/week5/quiz1/data/gallery/frog/00909.png,frog,0.848548
/home/emily/MMIP/week5/quiz1/data/query/dog/00079.png,dog,2,/home/emily/MMIP/week5/quiz1/data/gallery/dog/00391.png,dog,0.846850
/home/emily/MMIP/week5/quiz1/data/query/dog/00079.png,dog,3,/home/emily/MMIP/week5/quiz1/data/gallery/cat/00107.png,cat,0.846585
/home/emily/MMIP/week5/quiz1/data/query/dog/00079.png,dog,4,/home/emily/MMIP/week5/quiz1/data/gallery/cat/00567.png,cat,0.839303
/home/emily/MMIP/week5/quiz1/data/query/dog/00079.png,dog,5,/home/emily/MMIP/week5/quiz1/data/gallery/dog/00928.png,dog,0.838979
/home/emily/MMIP/week5/quiz1/data/query/dog/00080.png,dog,1,/home/emily/MMIP/week5/quiz1/data/gallery/dog/00356.png,dog,0.856750
/home/emily/MMIP/week5/quiz1/data/query/dog/00080.png,dog,2,/home/emily/MMIP/week5/quiz1/data/gallery/dog/00306.png,dog,0.855161
/home/emily/MMIP/week5/quiz1/data/query/dog/00080.png,dog,3,/home/emily/MMIP/week5/quiz1/data/gallery/dog/00651.png,dog,0.849430
/home/emily/MMIP/week5/quiz1/data/query/dog/00080.png,dog,4,/home/emily/MMIP/week5/quiz1/data/gallery/dog/00041.png,dog,0.848822
/home/emily/MMIP/week5/quiz1/data/query/dog/00080.png,dog,5,/home/emily/MMIP/week5/quiz1/data/gallery/dog/00408.png,dog,0.846522
/home/emily/MMIP/week5/quiz1/data/query/dog/00081.png,dog,1,/home/emily/MMIP/week5/quiz1/data/gallery/dog/00053.png,dog,0.844516
/home/emily/MMIP/week5/quiz1/data/query/dog/00081.png,dog,2,/home/emily/MMIP/week5/quiz1/data/gallery/frog/00943.png,frog,0.835556
/home/emily/MMIP/week5/quiz1/data/query/dog/00081.png,dog,3,/home/emily/MMIP/week5/quiz1/data/gallery/bird/00219.png,bird,0.833376
/home/emily/MMIP/week5/quiz1/data/query/dog/00081.png,dog,4,/home/emily/MMIP/week5/quiz1/data/gallery/deer/00372.png,deer,0.832361
/home/emily/MMIP/week5/quiz1/data/query/dog/00081.png,dog,5,/home/emily/MMIP/week5/quiz1/data/gallery/frog/00792.png,frog,0.827979
/home/emily/MMIP/week5/quiz1/data/query/dog/00082.png,dog,1,/home/emily/MMIP/week5/quiz1/data/gallery/ship/00878.png,ship,0.850867
/home/emily/MMIP/week5/quiz1/data/query/dog/00082.png,dog,2,/home/emily/MMIP/week5/quiz1/data/gallery/automobile/00506.png,automobile,0.840147
/home/emily/MMIP/week5/quiz1/data/query/dog/00082.png,dog,3,/home/emily/MMIP/week5/quiz1/data/gallery/cat/00315.png,cat,0.834803
/home/emily/MMIP/week5/quiz1/data/query/dog/00082.png,dog,4,/home/emily/MMIP/week5/quiz1/data/gallery/automobile/00329.png,automobile,0.826450
/home/emily/MMIP/week5/quiz1/data/query/dog/00082.png,dog,5,/home/emily/MMIP/week5/quiz1/data/gallery/truck/00245.png,truck,0.823715
/home/emily/MMIP/week5/quiz1/data/query/dog/00083.png,dog,1,/home/emily/MMIP/week5/quiz1/data/gallery/dog/00455.png,dog,0.848195
/home/emily/MMIP/week5/quiz1/data/query/dog/00083.png,dog,2,/home/emily/MMIP/week5/quiz1/data/gallery/cat/00379.png,cat,0.842025
/home/emily/MMIP/week5/quiz1/data/query/dog/00083.png,dog,3,/home/emily/MMIP/week5/quiz1/data/gallery/cat/00830.png,cat,0.840754
/home/emily/MMIP/week5/quiz1/data/query/dog/00083.png,dog,4,/home/emily/MMIP/week5/quiz1/data/gallery/cat/00459.png,cat,0.838493
/home/emily/MMIP/week5/quiz1/data/query/dog/00083.png,dog,5,/home/emily/MMIP/week5/quiz1/data/gallery/cat/00820.png,cat,0.821944
/home/emily/MMIP/week5/quiz1/data/query/dog/00084.png,dog,1,/home/emily/MMIP/week5/quiz1/data/gallery/dog/00683.png,dog,0.854766
/home/emily/MMIP/week5/quiz1/data/query/dog/00084.png,dog,2,/home/emily/MMIP/week5/quiz1/data/gallery/dog/00409.png,dog,0.853001
/home/emily/MMIP/week5/quiz1/data/query/dog/00084.png,dog,3,/home/emily/MMIP/week5/quiz1/data/gallery/dog/00748.png,dog,0.850569
/home/emily/MMIP/week5/quiz1/data/query/dog/00084.png,dog,4,/home/emily/MMIP/week5/quiz1/data/gallery/dog/00717.png,dog,0.847501
/home/emily/MMIP/week5/quiz1/data/query/dog/00084.png,dog,5,/home/emily/MMIP/week5/quiz1/data/gallery/cat/00917.png,cat,0.834403
/home/emily/MMIP/week5/quiz1/data/query/dog/00085.png,dog,1,/home/emily/MMIP/week5/quiz1/data/gallery/cat/00366.png,cat,0.833129
/home/emily/MMIP/week5/quiz1/data/query/dog/00085.png,dog,2,/home/emily/MMIP/week5/quiz1/data/gallery/dog/00708.png,dog,0.821749
/home/emily/MMIP/week5/quiz1/data/query/dog/00085.png,dog,3,/home/emily/MMIP/week5/quiz1/data/gallery/dog/00876.png,dog,0.821503
/home/emily/MMIP/week5/quiz1/data/query/dog/00085.png,dog,4,/home/emily/MMIP/week5/quiz1/data/gallery/cat/00080.png,cat,0.818379
/home/emily/MMIP/week5/quiz1/data/query/dog/00085.png,dog,5,/home/emily/MMIP/week5/quiz1/data/gallery/dog/00908.png,dog,0.817842
/home/emily/MMIP/week5/quiz1/data/query/dog/00086.png,dog,1,/home/emily/MMIP/week5/quiz1/data/gallery/dog/00814.png,dog,0.873771
/home/emily/MMIP/week5/quiz1/data/query/dog/00086.png,dog,2,/home/emily/MMIP/week5/quiz1/data/gallery/dog/00766.png,dog,0.846338
/home/emily/MMIP/week5/quiz1/data/query/dog/00086.png,dog,3,/home/emily/MMIP/week5/quiz1/data/gallery/dog/00305.png,dog,0.843367
/home/emily/MMIP/week5/quiz1/data/query/dog/00086.png,dog,4,/home/emily/MMIP/week5/quiz1/data/gallery/dog/00933.png,dog,0.840700
/home/emily/MMIP/week5/quiz1/data/query/dog/00086.png,dog,5,/home/emily/MMIP/week5/quiz1/data/gallery/dog/00621.png,dog,0.834300
/home/emily/MMIP/week5/quiz1/data/query/dog/00087.png,dog,1,/home/emily/MMIP/week5/quiz1/data/gallery/dog/00229.png,dog,0.811742
/home/emily/MMIP/week5/quiz1/data/query/dog/00087.png,dog,2,/home/emily/MMIP/week5/quiz1/data/gallery/cat/00265.png,cat,0.801957
/home/emily/MMIP/week5/quiz1/data/query/dog/00087.png,dog,3,/home/emily/MMIP/week5/quiz1/data/gallery/cat/00124.png,cat,0.788669
/home/emily/MMIP/week5/quiz1/data/query/dog/00087.png,dog,4,/home/emily/MMIP/week5/quiz1/data/gallery/dog/00393.png,dog,0.783205
/home/emily/MMIP/week5/quiz1/data/query/dog/00087.png,dog,5,/home/emily/MMIP/week5/quiz1/data/gallery/dog/00786.png,dog,0.781911
/home/emily/MMIP/week5/quiz1/data/query/dog/00088.png,dog,1,/home/emily/MMIP/week5/quiz1/data/gallery/dog/00357.png,dog,0.795259
/home/emily/MMIP/week5/quiz1/data/query/dog/00088.png,dog,2,/home/emily/MMIP/week5/quiz1/data/gallery/dog/00302.png,dog,0.793173
/home/emily/MMIP/week5/quiz1/data/query/dog/00088.png,dog,3,/home/emily/MMIP/week5/quiz1/data/gallery/dog/00542.png,dog,0.782816
/home/emily/MMIP/week5/quiz1/data/query/dog/00088.png,dog,4,/home/emily/MMIP/week5/quiz1/data/gallery/dog/00404.png,dog,0.780379
/home/emily/MMIP/week5/quiz1/data/query/dog/00088.png,dog,5,/home/emily/MMIP/week5/quiz1/data/gallery/dog/00260.png,dog,0.779685
/home/emily/MMIP/week5/quiz1/data/query/dog/00089.png,dog,1,/home/emily/MMIP/week5/quiz1/data/gallery/dog/00495.png,dog,0.850896
/home/emily/MMIP/week5/quiz1/data/query/dog/00089.png,dog,2,/home/emily/MMIP/week5/quiz1/data/gallery/dog/00914.png,dog,0.850578
/home/emily/MMIP/week5/quiz1/data/query/dog/00089.png,dog,3,/home/emily/MMIP/week5/quiz1/data/gallery/dog/00572.png,dog,0.847172
/home/emily/MMIP/week5/quiz1/data/query/dog/00089.png,dog,4,/home/emily/MMIP/week5/quiz1/data/gallery/dog/00998.png,dog,0.846911
/home/emily/MMIP/week5/quiz1/data/query/dog/00089.png,dog,5,/home/emily/MMIP/week5/quiz1/data/gallery/dog/00940.png,dog,0.846911
/home/emily/MMIP/week5/quiz1/data/query/dog/00090.png,dog,1,/home/emily/MMIP/week5/quiz1/data/gallery/bird/00418.png,bird,0.853197
/home/emily/MMIP/week5/quiz1/data/query/dog/00090.png,dog,2,/home/emily/MMIP/week5/quiz1/data/gallery/bird/00377.png,bird,0.839896
/home/emily/MMIP/week5/quiz1/data/query/dog/00090.png,dog,3,/home/emily/MMIP/week5/quiz1/data/gallery/bird/00951.png,bird,0.834418
/home/emily/MMIP/week5/quiz1/data/query/dog/00090.png,dog,4,/home/emily/MMIP/week5/quiz1/data/gallery/deer/00061.png,deer,0.831949
/home/emily/MMIP/week5/quiz1/data/query/dog/00090.png,dog,5,/home/emily/MMIP/week5/quiz1/data/gallery/horse/00003.png,horse,0.821957
/home/emily/MMIP/week5/quiz1/data/query/dog/00091.png,dog,1,/home/emily/MMIP/week5/quiz1/data/gallery/dog/00257.png,dog,0.886120
/home/emily/MMIP/week5/quiz1/data/query/dog/00091.png,dog,2,/home/emily/MMIP/week5/quiz1/data/gallery/dog/00015.png,dog,0.857347
/home/emily/MMIP/week5/quiz1/data/query/dog/00091.png,dog,3,/home/emily/MMIP/week5/quiz1/data/gallery/dog/00289.png,dog,0.848990
/home/emily/MMIP/week5/quiz1/data/query/dog/00091.png,dog,4,/home/emily/MMIP/week5/quiz1/data/gallery/dog/00677.png,dog,0.838741
/home/emily/MMIP/week5/quiz1/data/query/dog/00091.png,dog,5,/home/emily/MMIP/week5/quiz1/data/gallery/dog/00188.png,dog,0.835080
/home/emily/MMIP/week5/quiz1/data/query/dog/00092.png,dog,1,/home/emily/MMIP/week5/quiz1/data/gallery/dog/00252.png,dog,0.861133
/home/emily/MMIP/week5/quiz1/data/query/dog/00092.png,dog,2,/home/emily/MMIP/week5/quiz1/data/gallery/dog/00710.png,dog,0.859275
/home/emily/MMIP/week5/quiz1/data/query/dog/00092.png,dog,3,/home/emily/MMIP/week5/quiz1/data/gallery/dog/00665.png,dog,0.858781
/home/emily/MMIP/week5/quiz1/data/query/dog/00092.png,dog,4,/home/emily/MMIP/week5/quiz1/data/gallery/dog/00359.png,dog,0.840464
/home/emily/MMIP/week5/quiz1/data/query/dog/00092.png,dog,5,/home/emily/MMIP/week5/quiz1/data/gallery/dog/00799.png,dog,0.836446
/home/emily/MMIP/week5/quiz1/data/query/dog/00093.png,dog,1,/home/emily/MMIP/week5/quiz1/data/gallery/dog/00100.png,dog,0.845047
/home/emily/MMIP/week5/quiz1/data/query/dog/00093.png,dog,2,/home/emily/MMIP/week5/quiz1/data/gallery/dog/00580.png,dog,0.838148
/home/emily/MMIP/week5/quiz1/data/query/dog/00093.png,dog,3,/home/emily/MMIP/week5/quiz1/data/gallery/cat/00255.png,cat,0.837176
/home/emily/MMIP/week5/quiz1/data/query/dog/00093.png,dog,4,/home/emily/MMIP/week5/quiz1/data/gallery/dog/00747.png,dog,0.827685
/home/emily/MMIP/week5/quiz1/data/query/dog/00093.png,dog,5,/home/emily/MMIP/week5/quiz1/data/gallery/dog/00937.png,dog,0.827017
/home/emily/MMIP/week5/quiz1/data/query/dog/00094.png,dog,1,/home/emily/MMIP/week5/quiz1/data/gallery/dog/00571.png,dog,0.828383
/home/emily/MMIP/week5/quiz1/data/query/dog/00094.png,dog,2,/home/emily/MMIP/week5/quiz1/data/gallery/dog/00221.png,dog,0.827633
/home/emily/MMIP/week5/quiz1/data/query/dog/00094.png,dog,3,/home/emily/MMIP/week5/quiz1/data/gallery/dog/00038.png,dog,0.816703
/home/emily/MMIP/week5/quiz1/data/query/dog/00094.png,dog,4,/home/emily/MMIP/week5/quiz1/data/gallery/dog/00907.png,dog,0.800608
/home/emily/MMIP/week5/quiz1/data/query/dog/00094.png,dog,5,/home/emily/MMIP/week5/quiz1/data/gallery/dog/00933.png,dog,0.796318
/home/emily/MMIP/week5/quiz1/data/query/dog/00095.png,dog,1,/home/emily/MMIP/week5/quiz1/data/gallery/dog/00914.png,dog,0.883508
/home/emily/MMIP/week5/quiz1/data/query/dog/00095.png,dog,2,/home/emily/MMIP/week5/quiz1/data/gallery/dog/00304.png,dog,0.858751
/home/emily/MMIP/week5/quiz1/data/query/dog/00095.png,dog,3,/home/emily/MMIP/week5/quiz1/data/gallery/dog/00273.png,dog,0.856335
/home/emily/MMIP/week5/quiz1/data/query/dog/00095.png,dog,4,/home/emily/MMIP/week5/quiz1/data/gallery/dog/00264.png,dog,0.854982
/home/emily/MMIP/week5/quiz1/data/query/dog/00095.png,dog,5,/home/emily/MMIP/week5/quiz1/data/gallery/dog/00084.png,dog,0.849115
/home/emily/MMIP/week5/quiz1/data/query/dog/00096.png,dog,1,/home/emily/MMIP/week5/quiz1/data/gallery/dog/00729.png,dog,0.874187
/home/emily/MMIP/week5/quiz1/data/query/dog/00096.png,dog,2,/home/emily/MMIP/week5/quiz1/data/gallery/dog/00195.png,dog,0.874050
/home/emily/MMIP/week5/quiz1/data/query/dog/00096.png,dog,3,/home/emily/MMIP/week5/quiz1/data/gallery/dog/00933.png,dog,0.873968
/home/emily/MMIP/week5/quiz1/data/query/dog/00096.png,dog,4,/home/emily/MMIP/week5/quiz1/data/gallery/dog/00868.png,dog,0.870200
/home/emily/MMIP/week5/quiz1/data/query/dog/00096.png,dog,5,/home/emily/MMIP/week5/quiz1/data/gallery/dog/00042.png,dog,0.863343
/home/emily/MMIP/week5/quiz1/data/query/dog/00097.png,dog,1,/home/emily/MMIP/week5/quiz1/data/gallery/dog/00969.png,dog,0.819417
/home/emily/MMIP/week5/quiz1/data/query/dog/00097.png,dog,2,/home/emily/MMIP/week5/quiz1/data/gallery/deer/00606.png,deer,0.811454
/home/emily/MMIP/week5/quiz1/data/query/dog/00097.png,dog,3,/home/emily/MMIP/week5/quiz1/data/gallery/frog/00254.png,frog,0.810562
/home/emily/MMIP/week5/quiz1/data/query/dog/00097.png,dog,4,/home/emily/MMIP/week5/quiz1/data/gallery/horse/00102.png,horse,0.810493
/home/emily/MMIP/week5/quiz1/data/query/dog/00097.png,dog,5,/home/emily/MMIP/week5/quiz1/data/gallery/bird/00832.png,bird,0.808259
/home/emily/MMIP/week5/quiz1/data/query/dog/00098.png,dog,1,/home/emily/MMIP/week5/quiz1/data/gallery/deer/00688.png,deer,0.873144
/home/emily/MMIP/week5/quiz1/data/query/dog/00098.png,dog,2,/home/emily/MMIP/week5/quiz1/data/gallery/deer/00323.png,deer,0.852466
/home/emily/MMIP/week5/quiz1/data/query/dog/00098.png,dog,3,/home/emily/MMIP/week5/quiz1/data/gallery/deer/00677.png,deer,0.852001
/home/emily/MMIP/week5/quiz1/data/query/dog/00098.png,dog,4,/home/emily/MMIP/week5/quiz1/data/gallery/cat/00301.png,cat,0.850720
/home/emily/MMIP/week5/quiz1/data/query/dog/00098.png,dog,5,/home/emily/MMIP/week5/quiz1/data/gallery/cat/00126.png,cat,0.850381
/home/emily/MMIP/week5/quiz1/data/query/dog/00099.png,dog,1,/home/emily/MMIP/week5/quiz1/data/gallery/dog/00543.png,dog,0.859888
/home/emily/MMIP/week5/quiz1/data/query/dog/00099.png,dog,2,/home/emily/MMIP/week5/quiz1/data/gallery/dog/00287.png,dog,0.852066
/home/emily/MMIP/week5/quiz1/data/query/dog/00099.png,dog,3,/home/emily/MMIP/week5/quiz1/data/gallery/dog/00740.png,dog,0.851637
/home/emily/MMIP/week5/quiz1/data/query/dog/00099.png,dog,4,/home/emily/MMIP/week5/quiz1/data/gallery/deer/00516.png,deer,0.843184
/home/emily/MMIP/week5/quiz1/data/query/dog/00099.png,dog,5,/home/emily/MMIP/week5/quiz1/data/gallery/horse/00401.png,horse,0.842692
/home/emily/MMIP/week5/quiz1/data/query/frog/00000.png,frog,1,/home/emily/MMIP/week5/quiz1/data/gallery/frog/00307.png,frog,0.836315
/home/emily/MMIP/week5/quiz1/data/query/frog/00000.png,frog,2,/home/emily/MMIP/week5/quiz1/data/gallery/frog/00747.png,frog,0.828202
/home/emily/MMIP/week5/quiz1/data/query/frog/00000.png,frog,3,/home/emily/MMIP/week5/quiz1/data/gallery/frog/00435.png,frog,0.826703
/home/emily/MMIP/week5/quiz1/data/query/frog/00000.png,frog,4,/home/emily/MMIP/week5/quiz1/data/gallery/frog/00463.png,frog,0.815878
/home/emily/MMIP/week5/quiz1/data/query/frog/00000.png,frog,5,/home/emily/MMIP/week5/quiz1/data/gallery/bird/00021.png,bird,0.815663
/home/emily/MMIP/week5/quiz1/data/query/frog/00001.png,frog,1,/home/emily/MMIP/week5/quiz1/data/gallery/frog/00638.png,frog,0.858841
/home/emily/MMIP/week5/quiz1/data/query/frog/00001.png,frog,2,/home/emily/MMIP/week5/quiz1/data/gallery/frog/00235.png,frog,0.837402
/home/emily/MMIP/week5/quiz1/data/query/frog/00001.png,frog,3,/home/emily/MMIP/week5/quiz1/data/gallery/frog/00984.png,frog,0.835633
/home/emily/MMIP/week5/quiz1/data/query/frog/00001.png,frog,4,/home/emily/MMIP/week5/quiz1/data/gallery/frog/00249.png,frog,0.832164
/home/emily/MMIP/week5/quiz1/data/query/frog/00001.png,frog,5,/home/emily/MMIP/week5/quiz1/data/gallery/deer/00569.png,deer,0.830714
/home/emily/MMIP/week5/quiz1/data/query/frog/00002.png,frog,1,/home/emily/MMIP/week5/quiz1/data/gallery/frog/00804.png,frog,0.828993
/home/emily/MMIP/week5/quiz1/data/query/frog/00002.png,frog,2,/home/emily/MMIP/week5/quiz1/data/gallery/frog/00232.png,frog,0.828947
/home/emily/MMIP/week5/quiz1/data/query/frog/00002.png,frog,3,/home/emily/MMIP/week5/quiz1/data/gallery/frog/00518.png,frog,0.828758
/home/emily/MMIP/week5/quiz1/data/query/frog/00002.png,frog,4,/home/emily/MMIP/week5/quiz1/data/gallery/frog/00663.png,frog,0.823268
/home/emily/MMIP/week5/quiz1/data/query/frog/00002.png,frog,5,/home/emily/MMIP/week5/quiz1/data/gallery/frog/00181.png,frog,0.821529
/home/emily/MMIP/week5/quiz1/data/query/frog/00003.png,frog,1,/home/emily/MMIP/week5/quiz1/data/gallery/frog/00137.png,frog,0.863182
/home/emily/MMIP/week5/quiz1/data/query/frog/00003.png,frog,2,/home/emily/MMIP/week5/quiz1/data/gallery/frog/00334.png,frog,0.862483
/home/emily/MMIP/week5/quiz1/data/query/frog/00003.png,frog,3,/home/emily/MMIP/week5/quiz1/data/gallery/frog/00003.png,frog,0.851938
/home/emily/MMIP/week5/quiz1/data/query/frog/00003.png,frog,4,/home/emily/MMIP/week5/quiz1/data/gallery/frog/00550.png,frog,0.849525
/home/emily/MMIP/week5/quiz1/data/query/frog/00003.png,frog,5,/home/emily/MMIP/week5/quiz1/data/gallery/frog/00278.png,frog,0.838583
/home/emily/MMIP/week5/quiz1/data/query/frog/00004.png,frog,1,/home/emily/MMIP/week5/quiz1/data/gallery/frog/00499.png,frog,0.880738
/home/emily/MMIP/week5/quiz1/data/query/frog/00004.png,frog,2,/home/emily/MMIP/week5/quiz1/data/gallery/frog/00945.png,frog,0.860542
/home/emily/MMIP/week5/quiz1/data/query/frog/00004.png,frog,3,/home/emily/MMIP/week5/quiz1/data/gallery/deer/00211.png,deer,0.858199
/home/emily/MMIP/week5/quiz1/data/query/frog/00004.png,frog,4,/home/emily/MMIP/week5/quiz1/data/gallery/frog/00728.png,frog,0.854724
/home/emily/MMIP/week5/quiz1/data/query/frog/00004.png,frog,5,/home/emily/MMIP/week5/quiz1/data/gallery/frog/00033.png,frog,0.853424
/home/emily/MMIP/week5/quiz1/data/query/frog/00005.png,frog,1,/home/emily/MMIP/week5/quiz1/data/gallery/frog/00041.png,frog,0.870069
/home/emily/MMIP/week5/quiz1/data/query/frog/00005.png,frog,2,/home/emily/MMIP/week5/quiz1/data/gallery/frog/00115.png,frog,0.861536
/home/emily/MMIP/week5/quiz1/data/query/frog/00005.png,frog,3,/home/emily/MMIP/week5/quiz1/data/gallery/frog/00777.png,frog,0.856701
/home/emily/MMIP/week5/quiz1/data/query/frog/00005.png,frog,4,/home/emily/MMIP/week5/quiz1/data/gallery/frog/00363.png,frog,0.851913
/home/emily/MMIP/week5/quiz1/data/query/frog/00005.png,frog,5,/home/emily/MMIP/week5/quiz1/data/gallery/frog/00550.png,frog,0.849323
/home/emily/MMIP/week5/quiz1/data/query/frog/00006.png,frog,1,/home/emily/MMIP/week5/quiz1/data/gallery/frog/00356.png,frog,0.862364
/home/emily/MMIP/week5/quiz1/data/query/frog/00006.png,frog,2,/home/emily/MMIP/week5/quiz1/data/gallery/frog/00933.png,frog,0.859439
/home/emily/MMIP/week5/quiz1/data/query/frog/00006.png,frog,3,/home/emily/MMIP/week5/quiz1/data/gallery/frog/00299.png,frog,0.845213
/home/emily/MMIP/week5/quiz1/data/query/frog/00006.png,frog,4,/home/emily/MMIP/week5/quiz1/data/gallery/frog/00188.png,frog,0.844576
/home/emily/MMIP/week5/quiz1/data/query/frog/00006.png,frog,5,/home/emily/MMIP/week5/quiz1/data/gallery/frog/00609.png,frog,0.841838
/home/emily/MMIP/week5/quiz1/data/query/frog/00007.png,frog,1,/home/emily/MMIP/week5/quiz1/data/gallery/frog/00406.png,frog,0.827009
/home/emily/MMIP/week5/quiz1/data/query/frog/00007.png,frog,2,/home/emily/MMIP/week5/quiz1/data/gallery/frog/00258.png,frog,0.826547
/home/emily/MMIP/week5/quiz1/data/query/frog/00007.png,frog,3,/home/emily/MMIP/week5/quiz1/data/gallery/cat/00115.png,cat,0.826434
/home/emily/MMIP/week5/quiz1/data/query/frog/00007.png,frog,4,/home/emily/MMIP/week5/quiz1/data/gallery/frog/00505.png,frog,0.826168
/home/emily/MMIP/week5/quiz1/data/query/frog/00007.png,frog,5,/home/emily/MMIP/week5/quiz1/data/gallery/frog/00868.png,frog,0.824075
/home/emily/MMIP/week5/quiz1/data/query/frog/00008.png,frog,1,/home/emily/MMIP/week5/quiz1/data/gallery/frog/00084.png,frog,0.856274
/home/emily/MMIP/week5/quiz1/data/query/frog/00008.png,frog,2,/home/emily/MMIP/week5/quiz1/data/gallery/frog/00750.png,frog,0.845659
/home/emily/MMIP/week5/quiz1/data/query/frog/00008.png,frog,3,/home/emily/MMIP/week5/quiz1/data/gallery/frog/00278.png,frog,0.843087
/home/emily/MMIP/week5/quiz1/data/query/frog/00008.png,frog,4,/home/emily/MMIP/week5/quiz1/data/gallery/bird/00306.png,bird,0.840591
/home/emily/MMIP/week5/quiz1/data/query/frog/00008.png,frog,5,/home/emily/MMIP/week5/quiz1/data/gallery/frog/00770.png,frog,0.840249
/home/emily/MMIP/week5/quiz1/data/query/frog/00009.png,frog,1,/home/emily/MMIP/week5/quiz1/data/gallery/cat/00465.png,cat,0.849474
/home/emily/MMIP/week5/quiz1/data/query/frog/00009.png,frog,2,/home/emily/MMIP/week5/quiz1/data/gallery/dog/00469.png,dog,0.837940
/home/emily/MMIP/week5/quiz1/data/query/frog/00009.png,frog,3,/home/emily/MMIP/week5/quiz1/data/gallery/cat/00914.png,cat,0.833435
/home/emily/MMIP/week5/quiz1/data/query/frog/00009.png,frog,4,/home/emily/MMIP/week5/quiz1/data/gallery/cat/00653.png,cat,0.830368
/home/emily/MMIP/week5/quiz1/data/query/frog/00009.png,frog,5,/home/emily/MMIP/week5/quiz1/data/gallery/cat/00325.png,cat,0.825420
/home/emily/MMIP/week5/quiz1/data/query/frog/00010.png,frog,1,/home/emily/MMIP/week5/quiz1/data/gallery/automobile/00014.png,automobile,0.831508
/home/emily/MMIP/week5/quiz1/data/query/frog/00010.png,frog,2,/home/emily/MMIP/week5/quiz1/data/gallery/automobile/00505.png,automobile,0.827940
/home/emily/MMIP/week5/quiz1/data/query/frog/00010.png,frog,3,/home/emily/MMIP/week5/quiz1/data/gallery/frog/00335.png,frog,0.826094
/home/emily/MMIP/week5/quiz1/data/query/frog/00010.png,frog,4,/home/emily/MMIP/week5/quiz1/data/gallery/frog/00732.png,frog,0.823550
/home/emily/MMIP/week5/quiz1/data/query/frog/00010.png,frog,5,/home/emily/MMIP/week5/quiz1/data/gallery/automobile/00119.png,automobile,0.823473
/home/emily/MMIP/week5/quiz1/data/query/frog/00011.png,frog,1,/home/emily/MMIP/week5/quiz1/data/gallery/frog/00248.png,frog,0.856860
/home/emily/MMIP/week5/quiz1/data/query/frog/00011.png,frog,2,/home/emily/MMIP/week5/quiz1/data/gallery/frog/00155.png,frog,0.856803
/home/emily/MMIP/week5/quiz1/data/query/frog/00011.png,frog,3,/home/emily/MMIP/week5/quiz1/data/gallery/frog/00127.png,frog,0.854913
/home/emily/MMIP/week5/quiz1/data/query/frog/00011.png,frog,4,/home/emily/MMIP/week5/quiz1/data/gallery/frog/00816.png,frog,0.851363
/home/emily/MMIP/week5/quiz1/data/query/frog/00011.png,frog,5,/home/emily/MMIP/week5/quiz1/data/gallery/horse/00618.png,horse,0.849178
/home/emily/MMIP/week5/quiz1/data/query/frog/00012.png,frog,1,/home/emily/MMIP/week5/quiz1/data/gallery/cat/00524.png,cat,0.876014
/home/emily/MMIP/week5/quiz1/data/query/frog/00012.png,frog,2,/home/emily/MMIP/week5/quiz1/data/gallery/frog/00248.png,frog,0.862317
/home/emily/MMIP/week5/quiz1/data/query/frog/00012.png,frog,3,/home/emily/MMIP/week5/quiz1/data/gallery/cat/00062.png,cat,0.861116
/home/emily/MMIP/week5/quiz1/data/query/frog/00012.png,frog,4,/home/emily/MMIP/week5/quiz1/data/gallery/cat/00393.png,cat,0.859025
/home/emily/MMIP/week5/quiz1/data/query/frog/00012.png,frog,5,/home/emily/MMIP/week5/quiz1/data/gallery/frog/00289.png,frog,0.858415
/home/emily/MMIP/week5/quiz1/data/query/frog/00013.png,frog,1,/home/emily/MMIP/week5/quiz1/data/gallery/frog/00760.png,frog,0.847220
/home/emily/MMIP/week5/quiz1/data/query/frog/00013.png,frog,2,/home/emily/MMIP/week5/quiz1/data/gallery/frog/00972.png,frog,0.840717
/home/emily/MMIP/week5/quiz1/data/query/frog/00013.png,frog,3,/home/emily/MMIP/week5/quiz1/data/gallery/frog/00947.png,frog,0.840493
/home/emily/MMIP/week5/quiz1/data/query/frog/00013.png,frog,4,/home/emily/MMIP/week5/quiz1/data/gallery/frog/00142.png,frog,0.836275
/home/emily/MMIP/week5/quiz1/data/query/frog/00013.png,frog,5,/home/emily/MMIP/week5/quiz1/data/gallery/frog/00358.png,frog,0.833159
/home/emily/MMIP/week5/quiz1/data/query/frog/00014.png,frog,1,/home/emily/MMIP/week5/quiz1/data/gallery/frog/00712.png,frog,0.827921
/home/emily/MMIP/week5/quiz1/data/query/frog/00014.png,frog,2,/home/emily/MMIP/week5/quiz1/data/gallery/frog/00874.png,frog,0.826229
/home/emily/MMIP/week5/quiz1/data/query/frog/00014.png,frog,3,/home/emily/MMIP/week5/quiz1/data/gallery/cat/00097.png,cat,0.824944
/home/emily/MMIP/week5/quiz1/data/query/frog/00014.png,frog,4,/home/emily/MMIP/week5/quiz1/data/gallery/cat/00836.png,cat,0.823527
/home/emily/MMIP/week5/quiz1/data/query/frog/00014.png,frog,5,/home/emily/MMIP/week5/quiz1/data/gallery/cat/00819.png,cat,0.822241
/home/emily/MMIP/week5/quiz1/data/query/frog/00015.png,frog,1,/home/emily/MMIP/week5/quiz1/data/gallery/frog/00131.png,frog,0.858309
/home/emily/MMIP/week5/quiz1/data/query/frog/00015.png,frog,2,/home/emily/MMIP/week5/quiz1/data/gallery/frog/00408.png,frog,0.853760
/home/emily/MMIP/week5/quiz1/data/query/frog/00015.png,frog,3,/home/emily/MMIP/week5/quiz1/data/gallery/frog/00892.png,frog,0.847215
/home/emily/MMIP/week5/quiz1/data/query/frog/00015.png,frog,4,/home/emily/MMIP/week5/quiz1/data/gallery/frog/00302.png,frog,0.840967
/home/emily/MMIP/week5/quiz1/data/query/frog/00015.png,frog,5,/home/emily/MMIP/week5/quiz1/data/gallery/frog/00689.png,frog,0.838986
/home/emily/MMIP/week5/quiz1/data/query/frog/00016.png,frog,1,/home/emily/MMIP/week5/quiz1/data/gallery/deer/00337.png,deer,0.844737
/home/emily/MMIP/week5/quiz1/data/query/frog/00016.png,frog,2,/home/emily/MMIP/week5/quiz1/data/gallery/cat/00514.png,cat,0.834105
/home/emily/MMIP/week5/quiz1/data/query/frog/00016.png,frog,3,/home/emily/MMIP/week5/quiz1/data/gallery/deer/00904.png,deer,0.832924
/home/emily/MMIP/week5/quiz1/data/query/frog/00016.png,frog,4,/home/emily/MMIP/week5/quiz1/data/gallery/deer/00372.png,deer,0.832694
/home/emily/MMIP/week5/quiz1/data/query/frog/00016.png,frog,5,/home/emily/MMIP/week5/quiz1/data/gallery/frog/00851.png,frog,0.829934
/home/emily/MMIP/week5/quiz1/data/query/frog/00017.png,frog,1,/home/emily/MMIP/week5/quiz1/data/gallery/frog/00084.png,frog,0.887798
/home/emily/MMIP/week5/quiz1/data/query/frog/00017.png,frog,2,/home/emily/MMIP/week5/quiz1/data/gallery/frog/00538.png,frog,0.861123
/home/emily/MMIP/week5/quiz1/data/query/frog/00017.png,frog,3,/home/emily/MMIP/week5/quiz1/data/gallery/frog/00818.png,frog,0.856938
/home/emily/MMIP/week5/quiz1/data/query/frog/00017.png,frog,4,/home/emily/MMIP/week5/quiz1/data/gallery/frog/00299.png,frog,0.856558
/home/emily/MMIP/week5/quiz1/data/query/frog/00017.png,frog,5,/home/emily/MMIP/week5/quiz1/data/gallery/frog/00921.png,frog,0.855634
/home/emily/MMIP/week5/quiz1/data/query/frog/00018.png,frog,1,/home/emily/MMIP/week5/quiz1/data/gallery/frog/00025.png,frog,0.808777
/home/emily/MMIP/week5/quiz1/data/query/frog/00018.png,frog,2,/home/emily/MMIP/week5/quiz1/data/gallery/bird/00989.png,bird,0.796980
/home/emily/MMIP/week5/quiz1/data/query/frog/00018.png,frog,3,/home/emily/MMIP/week5/quiz1/data/gallery/frog/00732.png,frog,0.786757
/home/emily/MMIP/week5/quiz1/data/query/frog/00018.png,frog,4,/home/emily/MMIP/week5/quiz1/data/gallery/bird/00113.png,bird,0.786639
/home/emily/MMIP/week5/quiz1/data/query/frog/00018.png,frog,5,/home/emily/MMIP/week5/quiz1/data/gallery/bird/00993.png,bird,0.784512
/home/emily/MMIP/week5/quiz1/data/query/frog/00019.png,frog,1,/home/emily/MMIP/week5/quiz1/data/gallery/frog/00027.png,frog,0.840211
/home/emily/MMIP/week5/quiz1/data/query/frog/00019.png,frog,2,/home/emily/MMIP/week5/quiz1/data/gallery/cat/00115.png,cat,0.839105
/home/emily/MMIP/week5/quiz1/data/query/frog/00019.png,frog,3,/home/emily/MMIP/week5/quiz1/data/gallery/deer/00727.png,deer,0.838480
/home/emily/MMIP/week5/quiz1/data/query/frog/00019.png,frog,4,/home/emily/MMIP/week5/quiz1/data/gallery/frog/00490.png,frog,0.837783
/home/emily/MMIP/week5/quiz1/data/query/frog/00019.png,frog,5,/home/emily/MMIP/week5/quiz1/data/gallery/frog/00707.png,frog,0.837172
/home/emily/MMIP/week5/quiz1/data/query/frog/00020.png,frog,1,/home/emily/MMIP/week5/quiz1/data/gallery/frog/00713.png,frog,0.866185
/home/emily/MMIP/week5/quiz1/data/query/frog/00020.png,frog,2,/home/emily/MMIP/week5/quiz1/data/gallery/frog/00315.png,frog,0.860017
/home/emily/MMIP/week5/quiz1/data/query/frog/00020.png,frog,3,/home/emily/MMIP/week5/quiz1/data/gallery/frog/00833.png,frog,0.848218
/home/emily/MMIP/week5/quiz1/data/query/frog/00020.png,frog,4,/home/emily/MMIP/week5/quiz1/data/gallery/frog/00109.png,frog,0.844976
/home/emily/MMIP/week5/quiz1/data/query/frog/00020.png,frog,5,/home/emily/MMIP/week5/quiz1/data/gallery/frog/00037.png,frog,0.842044
/home/emily/MMIP/week5/quiz1/data/query/frog/00021.png,frog,1,/home/emily/MMIP/week5/quiz1/data/gallery/frog/00235.png,frog,0.854149
/home/emily/MMIP/week5/quiz1/data/query/frog/00021.png,frog,2,/home/emily/MMIP/week5/quiz1/data/gallery/frog/00906.png,frog,0.845882
/home/emily/MMIP/week5/quiz1/data/query/frog/00021.png,frog,3,/home/emily/MMIP/week5/quiz1/data/gallery/cat/00819.png,cat,0.836134
/home/emily/MMIP/week5/quiz1/data/query/frog/00021.png,frog,4,/home/emily/MMIP/week5/quiz1/data/gallery/frog/00827.png,frog,0.833669
/home/emily/MMIP/week5/quiz1/data/query/frog/00021.png,frog,5,/home/emily/MMIP/week5/quiz1/data/gallery/frog/00896.png,frog,0.832884
/home/emily/MMIP/week5/quiz1/data/query/frog/00022.png,frog,1,/home/emily/MMIP/week5/quiz1/data/gallery/frog/00670.png,frog,0.864385
/home/emily/MMIP/week5/quiz1/data/query/frog/00022.png,frog,2,/home/emily/MMIP/week5/quiz1/data/gallery/frog/00015.png,frog,0.862206
/home/emily/MMIP/week5/quiz1/data/query/frog/00022.png,frog,3,/home/emily/MMIP/week5/quiz1/data/gallery/frog/00332.png,frog,0.856866
/home/emily/MMIP/week5/quiz1/data/query/frog/00022.png,frog,4,/home/emily/MMIP/week5/quiz1/data/gallery/frog/00365.png,frog,0.856454
/home/emily/MMIP/week5/quiz1/data/query/frog/00022.png,frog,5,/home/emily/MMIP/week5/quiz1/data/gallery/frog/00576.png,frog,0.853081
/home/emily/MMIP/week5/quiz1/data/query/frog/00023.png,frog,1,/home/emily/MMIP/week5/quiz1/data/gallery/automobile/00788.png,automobile,0.849918
/home/emily/MMIP/week5/quiz1/data/query/frog/00023.png,frog,2,/home/emily/MMIP/week5/quiz1/data/gallery/dog/00793.png,dog,0.846207
/home/emily/MMIP/week5/quiz1/data/query/frog/00023.png,frog,3,/home/emily/MMIP/week5/quiz1/data/gallery/dog/00007.png,dog,0.838859
/home/emily/MMIP/week5/quiz1/data/query/frog/00023.png,frog,4,/home/emily/MMIP/week5/quiz1/data/gallery/cat/00974.png,cat,0.838678
/home/emily/MMIP/week5/quiz1/data/query/frog/00023.png,frog,5,/home/emily/MMIP/week5/quiz1/data/gallery/automobile/00592.png,automobile,0.838232
/home/emily/MMIP/week5/quiz1/data/query/frog/00024.png,frog,1,/home/emily/MMIP/week5/quiz1/data/gallery/frog/00972.png,frog,0.851217
/home/emily/MMIP/week5/quiz1/data/query/frog/00024.png,frog,2,/home/emily/MMIP/week5/quiz1/data/gallery/frog/00747.png,frog,0.850801
/home/emily/MMIP/week5/quiz1/data/query/frog/00024.png,frog,3,/home/emily/MMIP/week5/quiz1/data/gallery/frog/00138.png,frog,0.847714
/home/emily/MMIP/week5/quiz1/data/query/frog/00024.png,frog,4,/home/emily/MMIP/week5/quiz1/data/gallery/frog/00912.png,frog,0.846258
/home/emily/MMIP/week5/quiz1/data/query/frog/00024.png,frog,5,/home/emily/MMIP/week5/quiz1/data/gallery/frog/00910.png,frog,0.845513
/home/emily/MMIP/week5/quiz1/data/query/frog/00025.png,frog,1,/home/emily/MMIP/week5/quiz1/data/gallery/bird/00834.png,bird,0.893020
/home/emily/MMIP/week5/quiz1/data/query/frog/00025.png,frog,2,/home/emily/MMIP/week5/quiz1/data/gallery/frog/00248.png,frog,0.888648
/home/emily/MMIP/week5/quiz1/data/query/frog/00025.png,frog,3,/home/emily/MMIP/week5/quiz1/data/gallery/frog/00507.png,frog,0.887050
/home/emily/MMIP/week5/quiz1/data/query/frog/00025.png,frog,4,/home/emily/MMIP/week5/quiz1/data/gallery/frog/00910.png,frog,0.881800
/home/emily/MMIP/week5/quiz1/data/query/frog/00025.png,frog,5,/home/emily/MMIP/week5/quiz1/data/gallery/frog/00933.png,frog,0.875468
/home/emily/MMIP/week5/quiz1/data/query/frog/00026.png,frog,1,/home/emily/MMIP/week5/quiz1/data/gallery/frog/00453.png,frog,0.862874
/home/emily/MMIP/week5/quiz1/data/query/frog/00026.png,frog,2,/home/emily/MMIP/week5/quiz1/data/gallery/dog/00264.png,dog,0.858775
/home/emily/MMIP/week5/quiz1/data/query/frog/00026.png,frog,3,/home/emily/MMIP/week5/quiz1/data/gallery/frog/00585.png,frog,0.849397
/home/emily/MMIP/week5/quiz1/data/query/frog/00026.png,frog,4,/home/emily/MMIP/week5/quiz1/data/gallery/dog/00818.png,dog,0.847837
/home/emily/MMIP/week5/quiz1/data/query/frog/00026.png,frog,5,/home/emily/MMIP/week5/quiz1/data/gallery/dog/00371.png,dog,0.842530
/home/emily/MMIP/week5/quiz1/data/query/frog/00027.png,frog,1,/home/emily/MMIP/week5/quiz1/data/gallery/airplane/00491.png,airplane,0.790822
/home/emily/MMIP/week5/quiz1/data/query/frog/00027.png,frog,2,/home/emily/MMIP/week5/quiz1/data/gallery/airplane/00816.png,airplane,0.784698
/home/emily/MMIP/week5/quiz1/data/query/frog/00027.png,frog,3,/home/emily/MMIP/week5/quiz1/data/gallery/airplane/00904.png,airplane,0.781991
/home/emily/MMIP/week5/quiz1/data/query/frog/00027.png,frog,4,/home/emily/MMIP/week5/quiz1/data/gallery/truck/00306.png,truck,0.779519
/home/emily/MMIP/week5/quiz1/data/query/frog/00027.png,frog,5,/home/emily/MMIP/week5/quiz1/data/gallery/cat/00334.png,cat,0.778895
/home/emily/MMIP/week5/quiz1/data/query/frog/00028.png,frog,1,/home/emily/MMIP/week5/quiz1/data/gallery/cat/00236.png,cat,0.853080
/home/emily/MMIP/week5/quiz1/data/query/frog/00028.png,frog,2,/home/emily/MMIP/week5/quiz1/data/gallery/cat/00879.png,cat,0.850773
/home/emily/MMIP/week5/quiz1/data/query/frog/00028.png,frog,3,/home/emily/MMIP/week5/quiz1/data/gallery/dog/00000.png,dog,0.848299
/home/emily/MMIP/week5/quiz1/data/query/frog/00028.png,frog,4,/home/emily/MMIP/week5/quiz1/data/gallery/bird/00491.png,bird,0.845182
/home/emily/MMIP/week5/quiz1/data/query/frog/00028.png,frog,5,/home/emily/MMIP/week5/quiz1/data/gallery/dog/00119.png,dog,0.841764
/home/emily/MMIP/week5/quiz1/data/query/frog/00029.png,frog,1,/home/emily/MMIP/week5/quiz1/data/gallery/frog/00301.png,frog,0.843140
/home/emily/MMIP/week5/quiz1/data/query/frog/00029.png,frog,2,/home/emily/MMIP/week5/quiz1/data/gallery/frog/00701.png,frog,0.839560
/home/emily/MMIP/week5/quiz1/data/query/frog/00029.png,frog,3,/home/emily/MMIP/week5/quiz1/data/gallery/frog/00368.png,frog,0.836756
/home/emily/MMIP/week5/quiz1/data/query/frog/00029.png,frog,4,/home/emily/MMIP/week5/quiz1/data/gallery/frog/00023.png,frog,0.836661
/home/emily/MMIP/week5/quiz1/data/query/frog/00029.png,frog,5,/home/emily/MMIP/week5/quiz1/data/gallery/frog/00158.png,frog,0.828294
/home/emily/MMIP/week5/quiz1/data/query/frog/00030.png,frog,1,/home/emily/MMIP/week5/quiz1/data/gallery/frog/00903.png,frog,0.834782
/home/emily/MMIP/week5/quiz1/data/query/frog/00030.png,frog,2,/home/emily/MMIP/week5/quiz1/data/gallery/frog/00505.png,frog,0.830198
/home/emily/MMIP/week5/quiz1/data/query/frog/00030.png,frog,3,/home/emily/MMIP/week5/quiz1/data/gallery/frog/00860.png,frog,0.830006
/home/emily/MMIP/week5/quiz1/data/query/frog/00030.png,frog,4,/home/emily/MMIP/week5/quiz1/data/gallery/frog/00403.png,frog,0.823245
/home/emily/MMIP/week5/quiz1/data/query/frog/00030.png,frog,5,/home/emily/MMIP/week5/quiz1/data/gallery/frog/00483.png,frog,0.815845
/home/emily/MMIP/week5/quiz1/data/query/frog/00031.png,frog,1,/home/emily/MMIP/week5/quiz1/data/gallery/frog/00761.png,frog,0.865318
/home/emily/MMIP/week5/quiz1/data/query/frog/00031.png,frog,2,/home/emily/MMIP/week5/quiz1/data/gallery/frog/00638.png,frog,0.855661
/home/emily/MMIP/week5/quiz1/data/query/frog/00031.png,frog,3,/home/emily/MMIP/week5/quiz1/data/gallery/deer/00557.png,deer,0.842878
/home/emily/MMIP/week5/quiz1/data/query/frog/00031.png,frog,4,/home/emily/MMIP/week5/quiz1/data/gallery/frog/00459.png,frog,0.836904
/home/emily/MMIP/week5/quiz1/data/query/frog/00031.png,frog,5,/home/emily/MMIP/week5/quiz1/data/gallery/deer/00130.png,deer,0.836491
/home/emily/MMIP/week5/quiz1/data/query/frog/00032.png,frog,1,/home/emily/MMIP/week5/quiz1/data/gallery/frog/00137.png,frog,0.860952
/home/emily/MMIP/week5/quiz1/data/query/frog/00032.png,frog,2,/home/emily/MMIP/week5/quiz1/data/gallery/frog/00550.png,frog,0.834176
/home/emily/MMIP/week5/quiz1/data/query/frog/00032.png,frog,3,/home/emily/MMIP/week5/quiz1/data/gallery/frog/00915.png,frog,0.833887
/home/emily/MMIP/week5/quiz1/data/query/frog/00032.png,frog,4,/home/emily/MMIP/week5/quiz1/data/gallery/frog/00348.png,frog,0.828371
/home/emily/MMIP/week5/quiz1/data/query/frog/00032.png,frog,5,/home/emily/MMIP/week5/quiz1/data/gallery/frog/00003.png,frog,0.828365
/home/emily/MMIP/week5/quiz1/data/query/frog/00033.png,frog,1,/home/emily/MMIP/week5/quiz1/data/gallery/frog/00787.png,frog,0.874089
/home/emily/MMIP/week5/quiz1/data/query/frog/00033.png,frog,2,/home/emily/MMIP/week5/quiz1/data/gallery/frog/00816.png,frog,0.873862
/home/emily/MMIP/week5/quiz1/data/query/frog/00033.png,frog,3,/home/emily/MMIP/week5/quiz1/data/gallery/frog/00084.png,frog,0.872586
/home/emily/MMIP/week5/quiz1/data/query/frog/00033.png,frog,4,/home/emily/MMIP/week5/quiz1/data/gallery/frog/00085.png,frog,0.871692
/home/emily/MMIP/week5/quiz1/data/query/frog/00033.png,frog,5,/home/emily/MMIP/week5/quiz1/data/gallery/frog/00976.png,frog,0.868005
/home/emily/MMIP/week5/quiz1/data/query/frog/00034.png,frog,1,/home/emily/MMIP/week5/quiz1/data/gallery/frog/00350.png,frog,0.868236
/home/emily/MMIP/week5/quiz1/data/query/frog/00034.png,frog,2,/home/emily/MMIP/week5/quiz1/data/gallery/frog/00173.png,frog,0.866130
/home/emily/MMIP/week5/quiz1/data/query/frog/00034.png,frog,3,/home/emily/MMIP/week5/quiz1/data/gallery/frog/00550.png,frog,0.856052
/home/emily/MMIP/week5/quiz1/data/query/frog/00034.png,frog,4,/home/emily/MMIP/week5/quiz1/data/gallery/frog/00791.png,frog,0.853915
/home/emily/MMIP/week5/quiz1/data/query/frog/00034.png,frog,5,/home/emily/MMIP/week5/quiz1/data/gallery/frog/00137.png,frog,0.847237
/home/emily/MMIP/week5/quiz1/data/query/frog/00035.png,frog,1,/home/emily/MMIP/week5/quiz1/data/gallery/frog/00400.png,frog,0.874548
/home/emily/MMIP/week5/quiz1/data/query/frog/00035.png,frog,2,/home/emily/MMIP/week5/quiz1/data/gallery/frog/00334.png,frog,0.854197
/home/emily/MMIP/week5/quiz1/data/query/frog/00035.png,frog,3,/home/emily/MMIP/week5/quiz1/data/gallery/frog/00391.png,frog,0.845012
/home/emily/MMIP/week5/quiz1/data/query/frog/00035.png,frog,4,/home/emily/MMIP/week5/quiz1/data/gallery/frog/00003.png,frog,0.836173
/home/emily/MMIP/week5/quiz1/data/query/frog/00035.png,frog,5,/home/emily/MMIP/week5/quiz1/data/gallery/frog/00348.png,frog,0.835989
/home/emily/MMIP/week5/quiz1/data/query/frog/00036.png,frog,1,/home/emily/MMIP/week5/quiz1/data/gallery/frog/00440.png,frog,0.848016
/home/emily/MMIP/week5/quiz1/data/query/frog/00036.png,frog,2,/home/emily/MMIP/week5/quiz1/data/gallery/frog/00924.png,frog,0.837359
/home/emily/MMIP/week5/quiz1/data/query/frog/00036.png,frog,3,/home/emily/MMIP/week5/quiz1/data/gallery/frog/00811.png,frog,0.833887
/home/emily/MMIP/week5/quiz1/data/query/frog/00036.png,frog,4,/home/emily/MMIP/week5/quiz1/data/gallery/frog/00761.png,frog,0.832563
/home/emily/MMIP/week5/quiz1/data/query/frog/00036.png,frog,5,/home/emily/MMIP/week5/quiz1/data/gallery/frog/00567.png,frog,0.832012
/home/emily/MMIP/week5/quiz1/data/query/frog/00037.png,frog,1,/home/emily/MMIP/week5/quiz1/data/gallery/deer/00395.png,deer,0.877014
/home/emily/MMIP/week5/quiz1/data/query/frog/00037.png,frog,2,/home/emily/MMIP/week5/quiz1/data/gallery/frog/00507.png,frog,0.845717
/home/emily/MMIP/week5/quiz1/data/query/frog/00037.png,frog,3,/home/emily/MMIP/week5/quiz1/data/gallery/bird/00989.png,bird,0.844466
/home/emily/MMIP/week5/quiz1/data/query/frog/00037.png,frog,4,/home/emily/MMIP/week5/quiz1/data/gallery/deer/00018.png,deer,0.842676
/home/emily/MMIP/week5/quiz1/data/query/frog/00037.png,frog,5,/home/emily/MMIP/week5/quiz1/data/gallery/bird/00583.png,bird,0.842031
/home/emily/MMIP/week5/quiz1/data/query/frog/00038.png,frog,1,/home/emily/MMIP/week5/quiz1/data/gallery/frog/00415.png,frog,0.864898
/home/emily/MMIP/week5/quiz1/data/query/frog/00038.png,frog,2,/home/emily/MMIP/week5/quiz1/data/gallery/frog/00965.png,frog,0.860064
/home/emily/MMIP/week5/quiz1/data/query/frog/00038.png,frog,3,/home/emily/MMIP/week5/quiz1/data/gallery/frog/00550.png,frog,0.852516
/home/emily/MMIP/week5/quiz1/data/query/frog/00038.png,frog,4,/home/emily/MMIP/week5/quiz1/data/gallery/frog/00917.png,frog,0.851235
/home/emily/MMIP/week5/quiz1/data/query/frog/00038.png,frog,5,/home/emily/MMIP/week5/quiz1/data/gallery/frog/00348.png,frog,0.848376
/home/emily/MMIP/week5/quiz1/data/query/frog/00039.png,frog,1,/home/emily/MMIP/week5/quiz1/data/gallery/frog/00695.png,frog,0.869533
/home/emily/MMIP/week5/quiz1/data/query/frog/00039.png,frog,2,/home/emily/MMIP/week5/quiz1/data/gallery/frog/00436.png,frog,0.868387
/home/emily/MMIP/week5/quiz1/data/query/frog/00039.png,frog,3,/home/emily/MMIP/week5/quiz1/data/gallery/frog/00797.png,frog,0.856817
/home/emily/MMIP/week5/quiz1/data/query/frog/00039.png,frog,4,/home/emily/MMIP/week5/quiz1/data/gallery/frog/00196.png,frog,0.847472
/home/emily/MMIP/week5/quiz1/data/query/frog/00039.png,frog,5,/home/emily/MMIP/week5/quiz1/data/gallery/frog/00755.png,frog,0.843904
/home/emily/MMIP/week5/quiz1/data/query/frog/00040.png,frog,1,/home/emily/MMIP/week5/quiz1/data/gallery/frog/00803.png,frog,0.879574
/home/emily/MMIP/week5/quiz1/data/query/frog/00040.png,frog,2,/home/emily/MMIP/week5/quiz1/data/gallery/frog/00758.png,frog,0.874645
/home/emily/MMIP/week5/quiz1/data/query/frog/00040.png,frog,3,/home/emily/MMIP/week5/quiz1/data/gallery/frog/00253.png,frog,0.872219
/home/emily/MMIP/week5/quiz1/data/query/frog/00040.png,frog,4,/home/emily/MMIP/week5/quiz1/data/gallery/frog/00248.png,frog,0.866848
/home/emily/MMIP/week5/quiz1/data/query/frog/00040.png,frog,5,/home/emily/MMIP/week5/quiz1/data/gallery/frog/00606.png,frog,0.861715
/home/emily/MMIP/week5/quiz1/data/query/frog/00041.png,frog,1,/home/emily/MMIP/week5/quiz1/data/gallery/frog/00662.png,frog,0.884915
/home/emily/MMIP/week5/quiz1/data/query/frog/00041.png,frog,2,/home/emily/MMIP/week5/quiz1/data/gallery/frog/00770.png,frog,0.879358
/home/emily/MMIP/week5/quiz1/data/query/frog/00041.png,frog,3,/home/emily/MMIP/week5/quiz1/data/gallery/frog/00730.png,frog,0.878609
/home/emily/MMIP/week5/quiz1/data/query/frog/00041.png,frog,4,/home/emily/MMIP/week5/quiz1/data/gallery/frog/00910.png,frog,0.874854
/home/emily/MMIP/week5/quiz1/data/query/frog/00041.png,frog,5,/home/emily/MMIP/week5/quiz1/data/gallery/frog/00995.png,frog,0.873881
/home/emily/MMIP/week5/quiz1/data/query/frog/00042.png,frog,1,/home/emily/MMIP/week5/quiz1/data/gallery/frog/00832.png,frog,0.878430
/home/emily/MMIP/week5/quiz1/data/query/frog/00042.png,frog,2,/home/emily/MMIP/week5/quiz1/data/gallery/frog/00244.png,frog,0.854468
/home/emily/MMIP/week5/quiz1/data/query/frog/00042.png,frog,3,/home/emily/MMIP/week5/quiz1/data/gallery/frog/00625.png,frog,0.850942
/home/emily/MMIP/week5/quiz1/data/query/frog/00042.png,frog,4,/home/emily/MMIP/week5/quiz1/data/gallery/frog/00921.png,frog,0.850411
/home/emily/MMIP/week5/quiz1/data/query/frog/00042.png,frog,5,/home/emily/MMIP/week5/quiz1/data/gallery/frog/00758.png,frog,0.846343
/home/emily/MMIP/week5/quiz1/data/query/frog/00043.png,frog,1,/home/emily/MMIP/week5/quiz1/data/gallery/frog/00865.png,frog,0.832884
/home/emily/MMIP/week5/quiz1/data/query/frog/00043.png,frog,2,/home/emily/MMIP/week5/quiz1/data/gallery/frog/00917.png,frog,0.819134
/home/emily/MMIP/week5/quiz1/data/query/frog/00043.png,frog,3,/home/emily/MMIP/week5/quiz1/data/gallery/frog/00769.png,frog,0.800376
/home/emily/MMIP/week5/quiz1/data/query/frog/00043.png,frog,4,/home/emily/MMIP/week5/quiz1/data/gallery/frog/00839.png,frog,0.797338
/home/emily/MMIP/week5/quiz1/data/query/frog/00043.png,frog,5,/home/emily/MMIP/week5/quiz1/data/gallery/frog/00227.png,frog,0.794365
/home/emily/MMIP/week5/quiz1/data/query/frog/00044.png,frog,1,/home/emily/MMIP/week5/quiz1/data/gallery/frog/00543.png,frog,0.890579
/home/emily/MMIP/week5/quiz1/data/query/frog/00044.png,frog,2,/home/emily/MMIP/week5/quiz1/data/gallery/frog/00808.png,frog,0.875812
/home/emily/MMIP/week5/quiz1/data/query/frog/00044.png,frog,3,/home/emily/MMIP/week5/quiz1/data/gallery/frog/00138.png,frog,0.868884
/home/emily/MMIP/week5/quiz1/data/query/frog/00044.png,frog,4,/home/emily/MMIP/week5/quiz1/data/gallery/frog/00728.png,frog,0.865577
/home/emily/MMIP/week5/quiz1/data/query/frog/00044.png,frog,5,/home/emily/MMIP/week5/quiz1/data/gallery/frog/00565.png,frog,0.863358
/home/emily/MMIP/week5/quiz1/data/query/frog/00045.png,frog,1,/home/emily/MMIP/week5/quiz1/data/gallery/frog/00196.png,frog,0.890628
/home/emily/MMIP/week5/quiz1/data/query/frog/00045.png,frog,2,/home/emily/MMIP/week5/quiz1/data/gallery/frog/00797.png,frog,0.884512
/home/emily/MMIP/week5/quiz1/data/query/frog/00045.png,frog,3,/home/emily/MMIP/week5/quiz1/data/gallery/frog/00062.png,frog,0.875554
/home/emily/MMIP/week5/quiz1/data/query/frog/00045.png,frog,4,/home/emily/MMIP/week5/quiz1/data/gallery/frog/00389.png,frog,0.874818
/home/emily/MMIP/week5/quiz1/data/query/frog/00045.png,frog,5,/home/emily/MMIP/week5/quiz1/data/gallery/frog/00013.png,frog,0.874612
/home/emily/MMIP/week5/quiz1/data/query/frog/00046.png,frog,1,/home/emily/MMIP/week5/quiz1/data/gallery/frog/00133.png,frog,0.855916
/home/emily/MMIP/week5/quiz1/data/query/frog/00046.png,frog,2,/home/emily/MMIP/week5/quiz1/data/gallery/frog/00478.png,frog,0.843114
/home/emily/MMIP/week5/quiz1/data/query/frog/00046.png,frog,3,/home/emily/MMIP/week5/quiz1/data/gallery/frog/00212.png,frog,0.835514
/home/emily/MMIP/week5/quiz1/data/query/frog/00046.png,frog,4,/home/emily/MMIP/week5/quiz1/data/gallery/frog/00643.png,frog,0.829839
/home/emily/MMIP/week5/quiz1/data/query/frog/00046.png,frog,5,/home/emily/MMIP/week5/quiz1/data/gallery/frog/00977.png,frog,0.824375
/home/emily/MMIP/week5/quiz1/data/query/frog/00047.png,frog,1,/home/emily/MMIP/week5/quiz1/data/gallery/frog/00654.png,frog,0.892498
/home/emily/MMIP/week5/quiz1/data/query/frog/00047.png,frog,2,/home/emily/MMIP/week5/quiz1/data/gallery/frog/00432.png,frog,0.889793
/home/emily/MMIP/week5/quiz1/data/query/frog/00047.png,frog,3,/home/emily/MMIP/week5/quiz1/data/gallery/deer/00810.png,deer,0.881237
/home/emily/MMIP/week5/quiz1/data/query/frog/00047.png,frog,4,/home/emily/MMIP/week5/quiz1/data/gallery/frog/00928.png,frog,0.879368
/home/emily/MMIP/week5/quiz1/data/query/frog/00047.png,frog,5,/home/emily/MMIP/week5/quiz1/data/gallery/frog/00368.png,frog,0.869977
/home/emily/MMIP/week5/quiz1/data/query/frog/00048.png,frog,1,/home/emily/MMIP/week5/quiz1/data/gallery/frog/00468.png,frog,0.828283
/home/emily/MMIP/week5/quiz1/data/query/frog/00048.png,frog,2,/home/emily/MMIP/week5/quiz1/data/gallery/frog/00292.png,frog,0.822533
/home/emily/MMIP/week5/quiz1/data/query/frog/00048.png,frog,3,/home/emily/MMIP/week5/quiz1/data/gallery/cat/00524.png,cat,0.819924
/home/emily/MMIP/week5/quiz1/data/query/frog/00048.png,frog,4,/home/emily/MMIP/week5/quiz1/data/gallery/frog/00484.png,frog,0.814592
/home/emily/MMIP/week5/quiz1/data/query/frog/00048.png,frog,5,/home/emily/MMIP/week5/quiz1/data/gallery/frog/00067.png,frog,0.812219
/home/emily/MMIP/week5/quiz1/data/query/frog/00049.png,frog,1,/home/emily/MMIP/week5/quiz1/data/gallery/frog/00069.png,frog,0.860005
/home/emily/MMIP/week5/quiz1/data/query/frog/00049.png,frog,2,/home/emily/MMIP/week5/quiz1/data/gallery/frog/00109.png,frog,0.840710
/home/emily/MMIP/week5/quiz1/data/query/frog/00049.png,frog,3,/home/emily/MMIP/week5/quiz1/data/gallery/frog/00665.png,frog,0.838527
/home/emily/MMIP/week5/quiz1/data/query/frog/00049.png,frog,4,/home/emily/MMIP/week5/quiz1/data/gallery/frog/00315.png,frog,0.837229
/home/emily/MMIP/week5/quiz1/data/query/frog/00049.png,frog,5,/home/emily/MMIP/week5/quiz1/data/gallery/bird/00562.png,bird,0.830338
/home/emily/MMIP/week5/quiz1/data/query/frog/00050.png,frog,1,/home/emily/MMIP/week5/quiz1/data/gallery/frog/00610.png,frog,0.842772
/home/emily/MMIP/week5/quiz1/data/query/frog/00050.png,frog,2,/home/emily/MMIP/week5/quiz1/data/gallery/frog/00855.png,frog,0.835990
/home/emily/MMIP/week5/quiz1/data/query/frog/00050.png,frog,3,/home/emily/MMIP/week5/quiz1/data/gallery/frog/00412.png,frog,0.833122
/home/emily/MMIP/week5/quiz1/data/query/frog/00050.png,frog,4,/home/emily/MMIP/week5/quiz1/data/gallery/frog/00035.png,frog,0.832577
/home/emily/MMIP/week5/quiz1/data/query/frog/00050.png,frog,5,/home/emily/MMIP/week5/quiz1/data/gallery/ship/00620.png,ship,0.828745
/home/emily/MMIP/week5/quiz1/data/query/frog/00051.png,frog,1,/home/emily/MMIP/week5/quiz1/data/gallery/frog/00248.png,frog,0.875477
/home/emily/MMIP/week5/quiz1/data/query/frog/00051.png,frog,2,/home/emily/MMIP/week5/quiz1/data/gallery/frog/00816.png,frog,0.872206
/home/emily/MMIP/week5/quiz1/data/query/frog/00051.png,frog,3,/home/emily/MMIP/week5/quiz1/data/gallery/frog/00233.png,frog,0.871042
/home/emily/MMIP/week5/quiz1/data/query/frog/00051.png,frog,4,/home/emily/MMIP/week5/quiz1/data/gallery/frog/00455.png,frog,0.868456
/home/emily/MMIP/week5/quiz1/data/query/frog/00051.png,frog,5,/home/emily/MMIP/week5/quiz1/data/gallery/frog/00739.png,frog,0.865948
/home/emily/MMIP/week5/quiz1/data/query/frog/00052.png,frog,1,/home/emily/MMIP/week5/quiz1/data/gallery/frog/00130.png,frog,0.885409
/home/emily/MMIP/week5/quiz1/data/query/frog/00052.png,frog,2,/home/emily/MMIP/week5/quiz1/data/gallery/deer/00159.png,deer,0.872620
/home/emily/MMIP/week5/quiz1/data/query/frog/00052.png,frog,3,/home/emily/MMIP/week5/quiz1/data/gallery/frog/00628.png,frog,0.871762
/home/emily/MMIP/week5/quiz1/data/query/frog/00052.png,frog,4,/home/emily/MMIP/week5/quiz1/data/gallery/deer/00500.png,deer,0.870153
/home/emily/MMIP/week5/quiz1/data/query/frog/00052.png,frog,5,/home/emily/MMIP/week5/quiz1/data/gallery/deer/00799.png,deer,0.869532
/home/emily/MMIP/week5/quiz1/data/query/frog/00053.png,frog,1,/home/emily/MMIP/week5/quiz1/data/gallery/frog/00885.png,frog,0.858940
/home/emily/MMIP/week5/quiz1/data/query/frog/00053.png,frog,2,/home/emily/MMIP/week5/quiz1/data/gallery/frog/00349.png,frog,0.839378
/home/emily/MMIP/week5/quiz1/data/query/frog/00053.png,frog,3,/home/emily/MMIP/week5/quiz1/data/gallery/frog/00241.png,frog,0.837479
/home/emily/MMIP/week5/quiz1/data/query/frog/00053.png,frog,4,/home/emily/MMIP/week5/quiz1/data/gallery/frog/00837.png,frog,0.829491
/home/emily/MMIP/week5/quiz1/data/query/frog/00053.png,frog,5,/home/emily/MMIP/week5/quiz1/data/gallery/frog/00677.png,frog,0.827511
/home/emily/MMIP/week5/quiz1/data/query/frog/00054.png,frog,1,/home/emily/MMIP/week5/quiz1/data/gallery/frog/00092.png,frog,0.830820
/home/emily/MMIP/week5/quiz1/data/query/frog/00054.png,frog,2,/home/emily/MMIP/week5/quiz1/data/gallery/frog/00865.png,frog,0.829429
/home/emily/MMIP/week5/quiz1/data/query/frog/00054.png,frog,3,/home/emily/MMIP/week5/quiz1/data/gallery/horse/00783.png,horse,0.827413
/home/emily/MMIP/week5/quiz1/data/query/frog/00054.png,frog,4,/home/emily/MMIP/week5/quiz1/data/gallery/frog/00276.png,frog,0.824203
/home/emily/MMIP/week5/quiz1/data/query/frog/00054.png,frog,5,/home/emily/MMIP/week5/quiz1/data/gallery/frog/00078.png,frog,0.821144
/home/emily/MMIP/week5/quiz1/data/query/frog/00055.png,frog,1,/home/emily/MMIP/week5/quiz1/data/gallery/frog/00068.png,frog,0.879255
/home/emily/MMIP/week5/quiz1/data/query/frog/00055.png,frog,2,/home/emily/MMIP/week5/quiz1/data/gallery/frog/00334.png,frog,0.877214
/home/emily/MMIP/week5/quiz1/data/query/frog/00055.png,frog,3,/home/emily/MMIP/week5/quiz1/data/gallery/frog/00013.png,frog,0.874991
/home/emily/MMIP/week5/quiz1/data/query/frog/00055.png,frog,4,/home/emily/MMIP/week5/quiz1/data/gallery/frog/00278.png,frog,0.873874
/home/emily/MMIP/week5/quiz1/data/query/frog/00055.png,frog,5,/home/emily/MMIP/week5/quiz1/data/gallery/frog/00368.png,frog,0.872461
/home/emily/MMIP/week5/quiz1/data/query/frog/00056.png,frog,1,/home/emily/MMIP/week5/quiz1/data/gallery/frog/00947.png,frog,0.859292
/home/emily/MMIP/week5/quiz1/data/query/frog/00056.png,frog,2,/home/emily/MMIP/week5/quiz1/data/gallery/frog/00209.png,frog,0.850458
/home/emily/MMIP/week5/quiz1/data/query/frog/00056.png,frog,3,/home/emily/MMIP/week5/quiz1/data/gallery/frog/00915.png,frog,0.849675
/home/emily/MMIP/week5/quiz1/data/query/frog/00056.png,frog,4,/home/emily/MMIP/week5/quiz1/data/gallery/frog/00029.png,frog,0.849453
/home/emily/MMIP/week5/quiz1/data/query/frog/00056.png,frog,5,/home/emily/MMIP/week5/quiz1/data/gallery/frog/00027.png,frog,0.848271
/home/emily/MMIP/week5/quiz1/data/query/frog/00057.png,frog,1,/home/emily/MMIP/week5/quiz1/data/gallery/frog/00747.png,frog,0.852857
/home/emily/MMIP/week5/quiz1/data/query/frog/00057.png,frog,2,/home/emily/MMIP/week5/quiz1/data/gallery/bird/00323.png,bird,0.833169
/home/emily/MMIP/week5/quiz1/data/query/frog/00057.png,frog,3,/home/emily/MMIP/week5/quiz1/data/gallery/frog/00133.png,frog,0.827141
/home/emily/MMIP/week5/quiz1/data/query/frog/00057.png,frog,4,/home/emily/MMIP/week5/quiz1/data/gallery/frog/00326.png,frog,0.822577
/home/emily/MMIP/week5/quiz1/data/query/frog/00057.png,frog,5,/home/emily/MMIP/week5/quiz1/data/gallery/bird/00332.png,bird,0.819530
/home/emily/MMIP/week5/quiz1/data/query/frog/00058.png,frog,1,/home/emily/MMIP/week5/quiz1/data/gallery/frog/00549.png,frog,0.826178
/home/emily/MMIP/week5/quiz1/data/query/frog/00058.png,frog,2,/home/emily/MMIP/week5/quiz1/data/gallery/ship/00640.png,ship,0.809955
/home/emily/MMIP/week5/quiz1/data/query/frog/00058.png,frog,3,/home/emily/MMIP/week5/quiz1/data/gallery/frog/00937.png,frog,0.807109
/home/emily/MMIP/week5/quiz1/data/query/frog/00058.png,frog,4,/home/emily/MMIP/week5/quiz1/data/gallery/automobile/00582.png,automobile,0.805864
/home/emily/MMIP/week5/quiz1/data/query/frog/00058.png,frog,5,/home/emily/MMIP/week5/quiz1/data/gallery/cat/00208.png,cat,0.800833
/home/emily/MMIP/week5/quiz1/data/query/frog/00059.png,frog,1,/home/emily/MMIP/week5/quiz1/data/gallery/frog/00463.png,frog,0.880973
/home/emily/MMIP/week5/quiz1/data/query/frog/00059.png,frog,2,/home/emily/MMIP/week5/quiz1/data/gallery/frog/00808.png,frog,0.847168
/home/emily/MMIP/week5/quiz1/data/query/frog/00059.png,frog,3,/home/emily/MMIP/week5/quiz1/data/gallery/frog/00499.png,frog,0.846909
/home/emily/MMIP/week5/quiz1/data/query/frog/00059.png,frog,4,/home/emily/MMIP/week5/quiz1/data/gallery/frog/00136.png,frog,0.843535
/home/emily/MMIP/week5/quiz1/data/query/frog/00059.png,frog,5,/home/emily/MMIP/week5/quiz1/data/gallery/frog/00385.png,frog,0.842126
/home/emily/MMIP/week5/quiz1/data/query/frog/00060.png,frog,1,/home/emily/MMIP/week5/quiz1/data/gallery/frog/00972.png,frog,0.858166
/home/emily/MMIP/week5/quiz1/data/query/frog/00060.png,frog,2,/home/emily/MMIP/week5/quiz1/data/gallery/frog/00987.png,frog,0.856202
/home/emily/MMIP/week5/quiz1/data/query/frog/00060.png,frog,3,/home/emily/MMIP/week5/quiz1/data/gallery/frog/00188.png,frog,0.844347
/home/emily/MMIP/week5/quiz1/data/query/frog/00060.png,frog,4,/home/emily/MMIP/week5/quiz1/data/gallery/frog/00278.png,frog,0.842313
/home/emily/MMIP/week5/quiz1/data/query/frog/00060.png,frog,5,/home/emily/MMIP/week5/quiz1/data/gallery/frog/00672.png,frog,0.841640
/home/emily/MMIP/week5/quiz1/data/query/frog/00061.png,frog,1,/home/emily/MMIP/week5/quiz1/data/gallery/frog/00100.png,frog,0.845535
/home/emily/MMIP/week5/quiz1/data/query/frog/00061.png,frog,2,/home/emily/MMIP/week5/quiz1/data/gallery/frog/00967.png,frog,0.836072
/home/emily/MMIP/week5/quiz1/data/query/frog/00061.png,frog,3,/home/emily/MMIP/week5/quiz1/data/gallery/frog/00681.png,frog,0.828925
/home/emily/MMIP/week5/quiz1/data/query/frog/00061.png,frog,4,/home/emily/MMIP/week5/quiz1/data/gallery/frog/00186.png,frog,0.827032
/home/emily/MMIP/week5/quiz1/data/query/frog/00061.png,frog,5,/home/emily/MMIP/week5/quiz1/data/gallery/frog/00398.png,frog,0.823359
/home/emily/MMIP/week5/quiz1/data/query/frog/00062.png,frog,1,/home/emily/MMIP/week5/quiz1/data/gallery/frog/00595.png,frog,0.866292
/home/emily/MMIP/week5/quiz1/data/query/frog/00062.png,frog,2,/home/emily/MMIP/week5/quiz1/data/gallery/frog/00068.png,frog,0.861769
/home/emily/MMIP/week5/quiz1/data/query/frog/00062.png,frog,3,/home/emily/MMIP/week5/quiz1/data/gallery/frog/00408.png,frog,0.855509
/home/emily/MMIP/week5/quiz1/data/query/frog/00062.png,frog,4,/home/emily/MMIP/week5/quiz1/data/gallery/frog/00920.png,frog,0.851614
/home/emily/MMIP/week5/quiz1/data/query/frog/00062.png,frog,5,/home/emily/MMIP/week5/quiz1/data/gallery/frog/00705.png,frog,0.845318
/home/emily/MMIP/week5/quiz1/data/query/frog/00063.png,frog,1,/home/emily/MMIP/week5/quiz1/data/gallery/frog/00664.png,frog,0.839658
/home/emily/MMIP/week5/quiz1/data/query/frog/00063.png,frog,2,/home/emily/MMIP/week5/quiz1/data/gallery/frog/00973.png,frog,0.831678
/home/emily/MMIP/week5/quiz1/data/query/frog/00063.png,frog,3,/home/emily/MMIP/week5/quiz1/data/gallery/frog/00078.png,frog,0.830936
/home/emily/MMIP/week5/quiz1/data/query/frog/00063.png,frog,4,/home/emily/MMIP/week5/quiz1/data/gallery/frog/00000.png,frog,0.817366
/home/emily/MMIP/week5/quiz1/data/query/frog/00063.png,frog,5,/home/emily/MMIP/week5/quiz1/data/gallery/frog/00670.png,frog,0.817328
/home/emily/MMIP/week5/quiz1/data/query/frog/00064.png,frog,1,/home/emily/MMIP/week5/quiz1/data/gallery/cat/00092.png,cat,0.843965
/home/emily/MMIP/week5/quiz1/data/query/frog/00064.png,frog,2,/home/emily/MMIP/week5/quiz1/data/gallery/frog/00669.png,frog,0.833539
/home/emily/MMIP/week5/quiz1/data/query/frog/00064.png,frog,3,/home/emily/MMIP/week5/quiz1/data/gallery/frog/00173.png,frog,0.833421
/home/emily/MMIP/week5/quiz1/data/query/frog/00064.png,frog,4,/home/emily/MMIP/week5/quiz1/data/gallery/truck/00806.png,truck,0.831911
/home/emily/MMIP/week5/quiz1/data/query/frog/00064.png,frog,5,/home/emily/MMIP/week5/quiz1/data/gallery/cat/00871.png,cat,0.831159
/home/emily/MMIP/week5/quiz1/data/query/frog/00065.png,frog,1,/home/emily/MMIP/week5/quiz1/data/gallery/frog/00142.png,frog,0.904714
/home/emily/MMIP/week5/quiz1/data/query/frog/00065.png,frog,2,/home/emily/MMIP/week5/quiz1/data/gallery/frog/00267.png,frog,0.853646
/home/emily/MMIP/week5/quiz1/data/query/frog/00065.png,frog,3,/home/emily/MMIP/week5/quiz1/data/gallery/dog/00902.png,dog,0.840777
/home/emily/MMIP/week5/quiz1/data/query/frog/00065.png,frog,4,/home/emily/MMIP/week5/quiz1/data/gallery/cat/00113.png,cat,0.826875
/home/emily/MMIP/week5/quiz1/data/query/frog/00065.png,frog,5,/home/emily/MMIP/week5/quiz1/data/gallery/frog/00141.png,frog,0.821854
/home/emily/MMIP/week5/quiz1/data/query/frog/00066.png,frog,1,/home/emily/MMIP/week5/quiz1/data/gallery/frog/00661.png,frog,0.850314
/home/emily/MMIP/week5/quiz1/data/query/frog/00066.png,frog,2,/home/emily/MMIP/week5/quiz1/data/gallery/frog/00665.png,frog,0.839630
/home/emily/MMIP/week5/quiz1/data/query/frog/00066.png,frog,3,/home/emily/MMIP/week5/quiz1/data/gallery/frog/00069.png,frog,0.837064
/home/emily/MMIP/week5/quiz1/data/query/frog/00066.png,frog,4,/home/emily/MMIP/week5/quiz1/data/gallery/frog/00102.png,frog,0.825157
/home/emily/MMIP/week5/quiz1/data/query/frog/00066.png,frog,5,/home/emily/MMIP/week5/quiz1/data/gallery/frog/00890.png,frog,0.824488
/home/emily/MMIP/week5/quiz1/data/query/frog/00067.png,frog,1,/home/emily/MMIP/week5/quiz1/data/gallery/frog/00797.png,frog,0.891533
/home/emily/MMIP/week5/quiz1/data/query/frog/00067.png,frog,2,/home/emily/MMIP/week5/quiz1/data/gallery/deer/00526.png,deer,0.882865
/home/emily/MMIP/week5/quiz1/data/query/frog/00067.png,frog,3,/home/emily/MMIP/week5/quiz1/data/gallery/frog/00695.png,frog,0.882537
/home/emily/MMIP/week5/quiz1/data/query/frog/00067.png,frog,4,/home/emily/MMIP/week5/quiz1/data/gallery/frog/00995.png,frog,0.876480
/home/emily/MMIP/week5/quiz1/data/query/frog/00067.png,frog,5,/home/emily/MMIP/week5/quiz1/data/gallery/frog/00085.png,frog,0.874347
/home/emily/MMIP/week5/quiz1/data/query/frog/00068.png,frog,1,/home/emily/MMIP/week5/quiz1/data/gallery/frog/00713.png,frog,0.886380
/home/emily/MMIP/week5/quiz1/data/query/frog/00068.png,frog,2,/home/emily/MMIP/week5/quiz1/data/gallery/frog/00315.png,frog,0.859401
/home/emily/MMIP/week5/quiz1/data/query/frog/00068.png,frog,3,/home/emily/MMIP/week5/quiz1/data/gallery/frog/00042.png,frog,0.857390
/home/emily/MMIP/week5/quiz1/data/query/frog/00068.png,frog,4,/home/emily/MMIP/week5/quiz1/data/gallery/frog/00505.png,frog,0.855128
/home/emily/MMIP/week5/quiz1/data/query/frog/00068.png,frog,5,/home/emily/MMIP/week5/quiz1/data/gallery/frog/00438.png,frog,0.852559
/home/emily/MMIP/week5/quiz1/data/query/frog/00069.png,frog,1,/home/emily/MMIP/week5/quiz1/data/gallery/frog/00381.png,frog,0.860218
/home/emily/MMIP/week5/quiz1/data/query/frog/00069.png,frog,2,/home/emily/MMIP/week5/quiz1/data/gallery/frog/00136.png,frog,0.856652
/home/emily/MMIP/week5/quiz1/data/query/frog/00069.png,frog,3,/home/emily/MMIP/week5/quiz1/data/gallery/frog/00202.png,frog,0.854607
/home/emily/MMIP/week5/quiz1/data/query/frog/00069.png,frog,4,/home/emily/MMIP/week5/quiz1/data/gallery/frog/00138.png,frog,0.850849
/home/emily/MMIP/week5/quiz1/data/query/frog/00069.png,frog,5,/home/emily/MMIP/week5/quiz1/data/gallery/frog/00242.png,frog,0.850491
/home/emily/MMIP/week5/quiz1/data/query/frog/00070.png,frog,1,/home/emily/MMIP/week5/quiz1/data/gallery/frog/00815.png,frog,0.824967
/home/emily/MMIP/week5/quiz1/data/query/frog/00070.png,frog,2,/home/emily/MMIP/week5/quiz1/data/gallery/frog/00411.png,frog,0.811439
/home/emily/MMIP/week5/quiz1/data/query/frog/00070.png,frog,3,/home/emily/MMIP/week5/quiz1/data/gallery/frog/00261.png,frog,0.807947
/home/emily/MMIP/week5/quiz1/data/query/frog/00070.png,frog,4,/home/emily/MMIP/week5/quiz1/data/gallery/frog/00941.png,frog,0.804177
/home/emily/MMIP/week5/quiz1/data/query/frog/00070.png,frog,5,/home/emily/MMIP/week5/quiz1/data/gallery/frog/00886.png,frog,0.800174
/home/emily/MMIP/week5/quiz1/data/query/frog/00071.png,frog,1,/home/emily/MMIP/week5/quiz1/data/gallery/frog/00336.png,frog,0.876429
/home/emily/MMIP/week5/quiz1/data/query/frog/00071.png,frog,2,/home/emily/MMIP/week5/quiz1/data/gallery/frog/00795.png,frog,0.866141
/home/emily/MMIP/week5/quiz1/data/query/frog/00071.png,frog,3,/home/emily/MMIP/week5/quiz1/data/gallery/frog/00646.png,frog,0.863430
/home/emily/MMIP/week5/quiz1/data/query/frog/00071.png,frog,4,/home/emily/MMIP/week5/quiz1/data/gallery/cat/00819.png,cat,0.863160
/home/emily/MMIP/week5/quiz1/data/query/frog/00071.png,frog,5,/home/emily/MMIP/week5/quiz1/data/gallery/frog/00230.png,frog,0.861972
/home/emily/MMIP/week5/quiz1/data/query/frog/00072.png,frog,1,/home/emily/MMIP/week5/quiz1/data/gallery/frog/00027.png,frog,0.848461
/home/emily/MMIP/week5/quiz1/data/query/frog/00072.png,frog,2,/home/emily/MMIP/week5/quiz1/data/gallery/frog/00836.png,frog,0.839013
/home/emily/MMIP/week5/quiz1/data/query/frog/00072.png,frog,3,/home/emily/MMIP/week5/quiz1/data/gallery/frog/00972.png,frog,0.836572
/home/emily/MMIP/week5/quiz1/data/query/frog/00072.png,frog,4,/home/emily/MMIP/week5/quiz1/data/gallery/frog/00545.png,frog,0.835155
/home/emily/MMIP/week5/quiz1/data/query/frog/00072.png,frog,5,/home/emily/MMIP/week5/quiz1/data/gallery/cat/00099.png,cat,0.832917
/home/emily/MMIP/week5/quiz1/data/query/frog/00073.png,frog,1,/home/emily/MMIP/week5/quiz1/data/gallery/deer/00436.png,deer,0.846968
/home/emily/MMIP/week5/quiz1/data/query/frog/00073.png,frog,2,/home/emily/MMIP/week5/quiz1/data/gallery/frog/00377.png,frog,0.844200
/home/emily/MMIP/week5/quiz1/data/query/frog/00073.png,frog,3,/home/emily/MMIP/week5/quiz1/data/gallery/deer/00919.png,deer,0.833274
/home/emily/MMIP/week5/quiz1/data/query/frog/00073.png,frog,4,/home/emily/MMIP/week5/quiz1/data/gallery/bird/00955.png,bird,0.832432
/home/emily/MMIP/week5/quiz1/data/query/frog/00073.png,frog,5,/home/emily/MMIP/week5/quiz1/data/gallery/frog/00206.png,frog,0.828742
/home/emily/MMIP/week5/quiz1/data/query/frog/00074.png,frog,1,/home/emily/MMIP/week5/quiz1/data/gallery/frog/00073.png,frog,0.851173
/home/emily/MMIP/week5/quiz1/data/query/frog/00074.png,frog,2,/home/emily/MMIP/week5/quiz1/data/gallery/cat/00524.png,cat,0.844378
/home/emily/MMIP/week5/quiz1/data/query/frog/00074.png,frog,3,/home/emily/MMIP/week5/quiz1/data/gallery/deer/00080.png,deer,0.839970
/home/emily/MMIP/week5/quiz1/data/query/frog/00074.png,frog,4,/home/emily/MMIP/week5/quiz1/data/gallery/frog/00192.png,frog,0.832890
/home/emily/MMIP/week5/quiz1/data/query/frog/00074.png,frog,5,/home/emily/MMIP/week5/quiz1/data/gallery/frog/00626.png,frog,0.832453
/home/emily/MMIP/week5/quiz1/data/query/frog/00075.png,frog,1,/home/emily/MMIP/week5/quiz1/data/gallery/frog/00075.png,frog,0.867651
/home/emily/MMIP/week5/quiz1/data/query/frog/00075.png,frog,2,/home/emily/MMIP/week5/quiz1/data/gallery/frog/00191.png,frog,0.856183
/home/emily/MMIP/week5/quiz1/data/query/frog/00075.png,frog,3,/home/emily/MMIP/week5/quiz1/data/gallery/frog/00836.png,frog,0.854351
/home/emily/MMIP/week5/quiz1/data/query/frog/00075.png,frog,4,/home/emily/MMIP/week5/quiz1/data/gallery/frog/00972.png,frog,0.841737
/home/emily/MMIP/week5/quiz1/data/query/frog/00075.png,frog,5,/home/emily/MMIP/week5/quiz1/data/gallery/frog/00669.png,frog,0.839887
/home/emily/MMIP/week5/quiz1/data/query/frog/00076.png,frog,1,/home/emily/MMIP/week5/quiz1/data/gallery/frog/00181.png,frog,0.826466
/home/emily/MMIP/week5/quiz1/data/query/frog/00076.png,frog,2,/home/emily/MMIP/week5/quiz1/data/gallery/frog/00697.png,frog,0.823813
/home/emily/MMIP/week5/quiz1/data/query/frog/00076.png,frog,3,/home/emily/MMIP/week5/quiz1/data/gallery/frog/00831.png,frog,0.821706
/home/emily/MMIP/week5/quiz1/data/query/frog/00076.png,frog,4,/home/emily/MMIP/week5/quiz1/data/gallery/frog/00758.png,frog,0.809128
/home/emily/MMIP/week5/quiz1/data/query/frog/00076.png,frog,5,/home/emily/MMIP/week5/quiz1/data/gallery/frog/00571.png,frog,0.806305
/home/emily/MMIP/week5/quiz1/data/query/frog/00077.png,frog,1,/home/emily/MMIP/week5/quiz1/data/gallery/frog/00761.png,frog,0.841564
/home/emily/MMIP/week5/quiz1/data/query/frog/00077.png,frog,2,/home/emily/MMIP/week5/quiz1/data/gallery/frog/00924.png,frog,0.837853
/home/emily/MMIP/week5/quiz1/data/query/frog/00077.png,frog,3,/home/emily/MMIP/week5/quiz1/data/gallery/frog/00248.png,frog,0.834878
/home/emily/MMIP/week5/quiz1/data/query/frog/00077.png,frog,4,/home/emily/MMIP/week5/quiz1/data/gallery/frog/00273.png,frog,0.834817
/home/emily/MMIP/week5/quiz1/data/query/frog/00077.png,frog,5,/home/emily/MMIP/week5/quiz1/data/gallery/frog/00440.png,frog,0.833346
/home/emily/MMIP/week5/quiz1/data/query/frog/00078.png,frog,1,/home/emily/MMIP/week5/quiz1/data/gallery/frog/00145.png,frog,0.842555
/home/emily/MMIP/week5/quiz1/data/query/frog/00078.png,frog,2,/home/emily/MMIP/week5/quiz1/data/gallery/frog/00477.png,frog,0.837884
/home/emily/MMIP/week5/quiz1/data/query/frog/00078.png,frog,3,/home/emily/MMIP/week5/quiz1/data/gallery/frog/00020.png,frog,0.828304
/home/emily/MMIP/week5/quiz1/data/query/frog/00078.png,frog,4,/home/emily/MMIP/week5/quiz1/data/gallery/frog/00403.png,frog,0.827423
/home/emily/MMIP/week5/quiz1/data/query/frog/00078.png,frog,5,/home/emily/MMIP/week5/quiz1/data/gallery/frog/00865.png,frog,0.825061
/home/emily/MMIP/week5/quiz1/data/query/frog/00079.png,frog,1,/home/emily/MMIP/week5/quiz1/data/gallery/bird/00025.png,bird,0.826710
/home/emily/MMIP/week5/quiz1/data/query/frog/00079.png,frog,2,/home/emily/MMIP/week5/quiz1/data/gallery/dog/00072.png,dog,0.822805
/home/emily/MMIP/week5/quiz1/data/query/frog/00079.png,frog,3,/home/emily/MMIP/week5/quiz1/data/gallery/deer/00663.png,deer,0.820209
/home/emily/MMIP/week5/quiz1/data/query/frog/00079.png,frog,4,/home/emily/MMIP/week5/quiz1/data/gallery/frog/00090.png,frog,0.818838
/home/emily/MMIP/week5/quiz1/data/query/frog/00079.png,frog,5,/home/emily/MMIP/week5/quiz1/data/gallery/bird/00685.png,bird,0.817690
/home/emily/MMIP/week5/quiz1/data/query/frog/00080.png,frog,1,/home/emily/MMIP/week5/quiz1/data/gallery/frog/00124.png,frog,0.876213
/home/emily/MMIP/week5/quiz1/data/query/frog/00080.png,frog,2,/home/emily/MMIP/week5/quiz1/data/gallery/frog/00430.png,frog,0.869943
/home/emily/MMIP/week5/quiz1/data/query/frog/00080.png,frog,3,/home/emily/MMIP/week5/quiz1/data/gallery/frog/00301.png,frog,0.869041
/home/emily/MMIP/week5/quiz1/data/query/frog/00080.png,frog,4,/home/emily/MMIP/week5/quiz1/data/gallery/deer/00810.png,deer,0.865044
/home/emily/MMIP/week5/quiz1/data/query/frog/00080.png,frog,5,/home/emily/MMIP/week5/quiz1/data/gallery/frog/00802.png,frog,0.861991
/home/emily/MMIP/week5/quiz1/data/query/frog/00081.png,frog,1,/home/emily/MMIP/week5/quiz1/data/gallery/frog/00441.png,frog,0.874647
/home/emily/MMIP/week5/quiz1/data/query/frog/00081.png,frog,2,/home/emily/MMIP/week5/quiz1/data/gallery/deer/00391.png,deer,0.860776
/home/emily/MMIP/week5/quiz1/data/query/frog/00081.png,frog,3,/home/emily/MMIP/week5/quiz1/data/gallery/deer/00565.png,deer,0.860110
/home/emily/MMIP/week5/quiz1/data/query/frog/00081.png,frog,4,/home/emily/MMIP/week5/quiz1/data/gallery/deer/00209.png,deer,0.858408
/home/emily/MMIP/week5/quiz1/data/query/frog/00081.png,frog,5,/home/emily/MMIP/week5/quiz1/data/gallery/frog/00673.png,frog,0.847968
/home/emily/MMIP/week5/quiz1/data/query/frog/00082.png,frog,1,/home/emily/MMIP/week5/quiz1/data/gallery/horse/00905.png,horse,0.842296
/home/emily/MMIP/week5/quiz1/data/query/frog/00082.png,frog,2,/home/emily/MMIP/week5/quiz1/data/gallery/frog/00638.png,frog,0.840207
/home/emily/MMIP/week5/quiz1/data/query/frog/00082.png,frog,3,/home/emily/MMIP/week5/quiz1/data/gallery/frog/00702.png,frog,0.840067
/home/emily/MMIP/week5/quiz1/data/query/frog/00082.png,frog,4,/home/emily/MMIP/week5/quiz1/data/gallery/horse/00163.png,horse,0.835986
/home/emily/MMIP/week5/quiz1/data/query/frog/00082.png,frog,5,/home/emily/MMIP/week5/quiz1/data/gallery/dog/00110.png,dog,0.830943
/home/emily/MMIP/week5/quiz1/data/query/frog/00083.png,frog,1,/home/emily/MMIP/week5/quiz1/data/gallery/frog/00720.png,frog,0.825682
/home/emily/MMIP/week5/quiz1/data/query/frog/00083.png,frog,2,/home/emily/MMIP/week5/quiz1/data/gallery/cat/00923.png,cat,0.814396
/home/emily/MMIP/week5/quiz1/data/query/frog/00083.png,frog,3,/home/emily/MMIP/week5/quiz1/data/gallery/frog/00454.png,frog,0.814280
/home/emily/MMIP/week5/quiz1/data/query/frog/00083.png,frog,4,/home/emily/MMIP/week5/quiz1/data/gallery/cat/00555.png,cat,0.811994
/home/emily/MMIP/week5/quiz1/data/query/frog/00083.png,frog,5,/home/emily/MMIP/week5/quiz1/data/gallery/frog/00610.png,frog,0.810845
/home/emily/MMIP/week5/quiz1/data/query/frog/00084.png,frog,1,/home/emily/MMIP/week5/quiz1/data/gallery/frog/00981.png,frog,0.858716
/home/emily/MMIP/week5/quiz1/data/query/frog/00084.png,frog,2,/home/emily/MMIP/week5/quiz1/data/gallery/deer/00374.png,deer,0.856194
/home/emily/MMIP/week5/quiz1/data/query/frog/00084.png,frog,3,/home/emily/MMIP/week5/quiz1/data/gallery/cat/00609.png,cat,0.810217
/home/emily/MMIP/week5/quiz1/data/query/frog/00084.png,frog,4,/home/emily/MMIP/week5/quiz1/data/gallery/ship/00670.png,ship,0.809940
/home/emily/MMIP/week5/quiz1/data/query/frog/00084.png,frog,5,/home/emily/MMIP/week5/quiz1/data/gallery/bird/00908.png,bird,0.808927
/home/emily/MMIP/week5/quiz1/data/query/frog/00085.png,frog,1,/home/emily/MMIP/week5/quiz1/data/gallery/frog/00254.png,frog,0.869382
/home/emily/MMIP/week5/quiz1/data/query/frog/00085.png,frog,2,/home/emily/MMIP/week5/quiz1/data/gallery/dog/00178.png,dog,0.862549
/home/emily/MMIP/week5/quiz1/data/query/frog/00085.png,frog,3,/home/emily/MMIP/week5/quiz1/data/gallery/frog/00791.png,frog,0.855168
/home/emily/MMIP/week5/quiz1/data/query/frog/00085.png,frog,4,/home/emily/MMIP/week5/quiz1/data/gallery/frog/00455.png,frog,0.851054
/home/emily/MMIP/week5/quiz1/data/query/frog/00085.png,frog,5,/home/emily/MMIP/week5/quiz1/data/gallery/deer/00128.png,deer,0.844174
/home/emily/MMIP/week5/quiz1/data/query/frog/00086.png,frog,1,/home/emily/MMIP/week5/quiz1/data/gallery/frog/00315.png,frog,0.871990
/home/emily/MMIP/week5/quiz1/data/query/frog/00086.png,frog,2,/home/emily/MMIP/week5/quiz1/data/gallery/frog/00111.png,frog,0.863827
/home/emily/MMIP/week5/quiz1/data/query/frog/00086.png,frog,3,/home/emily/MMIP/week5/quiz1/data/gallery/frog/00098.png,frog,0.861010
/home/emily/MMIP/week5/quiz1/data/query/frog/00086.png,frog,4,/home/emily/MMIP/week5/quiz1/data/gallery/frog/00588.png,frog,0.860504
/home/emily/MMIP/week5/quiz1/data/query/frog/00086.png,frog,5,/home/emily/MMIP/week5/quiz1/data/gallery/frog/00042.png,frog,0.853841
/home/emily/MMIP/week5/quiz1/data/query/frog/00087.png,frog,1,/home/emily/MMIP/week5/quiz1/data/gallery/frog/00106.png,frog,0.856148
/home/emily/MMIP/week5/quiz1/data/query/frog/00087.png,frog,2,/home/emily/MMIP/week5/quiz1/data/gallery/frog/00838.png,frog,0.853164
/home/emily/MMIP/week5/quiz1/data/query/frog/00087.png,frog,3,/home/emily/MMIP/week5/quiz1/data/gallery/frog/00002.png,frog,0.849852
/home/emily/MMIP/week5/quiz1/data/query/frog/00087.png,frog,4,/home/emily/MMIP/week5/quiz1/data/gallery/frog/00157.png,frog,0.849109
/home/emily/MMIP/week5/quiz1/data/query/frog/00087.png,frog,5,/home/emily/MMIP/week5/quiz1/data/gallery/frog/00003.png,frog,0.849076
/home/emily/MMIP/week5/quiz1/data/query/frog/00088.png,frog,1,/home/emily/MMIP/week5/quiz1/data/gallery/frog/00174.png,frog,0.833814
/home/emily/MMIP/week5/quiz1/data/query/frog/00088.png,frog,2,/home/emily/MMIP/week5/quiz1/data/gallery/frog/00841.png,frog,0.811959
/home/emily/MMIP/week5/quiz1/data/query/frog/00088.png,frog,3,/home/emily/MMIP/week5/quiz1/data/gallery/frog/00313.png,frog,0.808659
/home/emily/MMIP/week5/quiz1/data/query/frog/00088.png,frog,4,/home/emily/MMIP/week5/quiz1/data/gallery/cat/00566.png,cat,0.806006
/home/emily/MMIP/week5/quiz1/data/query/frog/00088.png,frog,5,/home/emily/MMIP/week5/quiz1/data/gallery/frog/00605.png,frog,0.805909
/home/emily/MMIP/week5/quiz1/data/query/frog/00089.png,frog,1,/home/emily/MMIP/week5/quiz1/data/gallery/bird/00205.png,bird,0.883360
/home/emily/MMIP/week5/quiz1/data/query/frog/00089.png,frog,2,/home/emily/MMIP/week5/quiz1/data/gallery/deer/00464.png,deer,0.882473
/home/emily/MMIP/week5/quiz1/data/query/frog/00089.png,frog,3,/home/emily/MMIP/week5/quiz1/data/gallery/cat/00720.png,cat,0.875404
/home/emily/MMIP/week5/quiz1/data/query/frog/00089.png,frog,4,/home/emily/MMIP/week5/quiz1/data/gallery/frog/00695.png,frog,0.869049
/home/emily/MMIP/week5/quiz1/data/query/frog/00089.png,frog,5,/home/emily/MMIP/week5/quiz1/data/gallery/deer/00133.png,deer,0.865093
/home/emily/MMIP/week5/quiz1/data/query/frog/00090.png,frog,1,/home/emily/MMIP/week5/quiz1/data/gallery/cat/00524.png,cat,0.821405
/home/emily/MMIP/week5/quiz1/data/query/frog/00090.png,frog,2,/home/emily/MMIP/week5/quiz1/data/gallery/frog/00668.png,frog,0.808213
/home/emily/MMIP/week5/quiz1/data/query/frog/00090.png,frog,3,/home/emily/MMIP/week5/quiz1/data/gallery/horse/00485.png,horse,0.807438
/home/emily/MMIP/week5/quiz1/data/query/frog/00090.png,frog,4,/home/emily/MMIP/week5/quiz1/data/gallery/cat/00350.png,cat,0.806803
/home/emily/MMIP/week5/quiz1/data/query/frog/00090.png,frog,5,/home/emily/MMIP/week5/quiz1/data/gallery/dog/00431.png,dog,0.804611
/home/emily/MMIP/week5/quiz1/data/query/frog/00091.png,frog,1,/home/emily/MMIP/week5/quiz1/data/gallery/frog/00972.png,frog,0.861802
/home/emily/MMIP/week5/quiz1/data/query/frog/00091.png,frog,2,/home/emily/MMIP/week5/quiz1/data/gallery/frog/00672.png,frog,0.840105
/home/emily/MMIP/week5/quiz1/data/query/frog/00091.png,frog,3,/home/emily/MMIP/week5/quiz1/data/gallery/frog/00787.png,frog,0.839180
/home/emily/MMIP/week5/quiz1/data/query/frog/00091.png,frog,4,/home/emily/MMIP/week5/quiz1/data/gallery/frog/00522.png,frog,0.839015
/home/emily/MMIP/week5/quiz1/data/query/frog/00091.png,frog,5,/home/emily/MMIP/week5/quiz1/data/gallery/frog/00084.png,frog,0.834389
/home/emily/MMIP/week5/quiz1/data/query/frog/00092.png,frog,1,/home/emily/MMIP/week5/quiz1/data/gallery/frog/00423.png,frog,0.857059
/home/emily/MMIP/week5/quiz1/data/query/frog/00092.png,frog,2,/home/emily/MMIP/week5/quiz1/data/gallery/frog/00139.png,frog,0.851572
/home/emily/MMIP/week5/quiz1/data/query/frog/00092.png,frog,3,/home/emily/MMIP/week5/quiz1/data/gallery/frog/00550.png,frog,0.850705
/home/emily/MMIP/week5/quiz1/data/query/frog/00092.png,frog,4,/home/emily/MMIP/week5/quiz1/data/gallery/frog/00402.png,frog,0.847609
/home/emily/MMIP/week5/quiz1/data/query/frog/00092.png,frog,5,/home/emily/MMIP/week5/quiz1/data/gallery/frog/00430.png,frog,0.847436
/home/emily/MMIP/week5/quiz1/data/query/frog/00093.png,frog,1,/home/emily/MMIP/week5/quiz1/data/gallery/frog/00491.png,frog,0.832599
/home/emily/MMIP/week5/quiz1/data/query/frog/00093.png,frog,2,/home/emily/MMIP/week5/quiz1/data/gallery/frog/00127.png,frog,0.831269
/home/emily/MMIP/week5/quiz1/data/query/frog/00093.png,frog,3,/home/emily/MMIP/week5/quiz1/data/gallery/frog/00588.png,frog,0.825007
/home/emily/MMIP/week5/quiz1/data/query/frog/00093.png,frog,4,/home/emily/MMIP/week5/quiz1/data/gallery/frog/00176.png,frog,0.824246
/home/emily/MMIP/week5/quiz1/data/query/frog/00093.png,frog,5,/home/emily/MMIP/week5/quiz1/data/gallery/frog/00668.png,frog,0.823372
/home/emily/MMIP/week5/quiz1/data/query/frog/00094.png,frog,1,/home/emily/MMIP/week5/quiz1/data/gallery/frog/00464.png,frog,0.850314
/home/emily/MMIP/week5/quiz1/data/query/frog/00094.png,frog,2,/home/emily/MMIP/week5/quiz1/data/gallery/frog/00337.png,frog,0.846000
/home/emily/MMIP/week5/quiz1/data/query/frog/00094.png,frog,3,/home/emily/MMIP/week5/quiz1/data/gallery/frog/00662.png,frog,0.831875
/home/emily/MMIP/week5/quiz1/data/query/frog/00094.png,frog,4,/home/emily/MMIP/week5/quiz1/data/gallery/automobile/00014.png,automobile,0.829394
/home/emily/MMIP/week5/quiz1/data/query/frog/00094.png,frog,5,/home/emily/MMIP/week5/quiz1/data/gallery/bird/00791.png,bird,0.829231
/home/emily/MMIP/week5/quiz1/data/query/frog/00095.png,frog,1,/home/emily/MMIP/week5/quiz1/data/gallery/cat/00009.png,cat,0.860605
/home/emily/MMIP/week5/quiz1/data/query/frog/00095.png,frog,2,/home/emily/MMIP/week5/quiz1/data/gallery/cat/00230.png,cat,0.858649
/home/emily/MMIP/week5/quiz1/data/query/frog/00095.png,frog,3,/home/emily/MMIP/week5/quiz1/data/gallery/frog/00086.png,frog,0.857291
/home/emily/MMIP/week5/quiz1/data/query/frog/00095.png,frog,4,/home/emily/MMIP/week5/quiz1/data/gallery/frog/00868.png,frog,0.843770
/home/emily/MMIP/week5/quiz1/data/query/frog/00095.png,frog,5,/home/emily/MMIP/week5/quiz1/data/gallery/frog/00193.png,frog,0.843725
/home/emily/MMIP/week5/quiz1/data/query/frog/00096.png,frog,1,/home/emily/MMIP/week5/quiz1/data/gallery/frog/00786.png,frog,0.860816
/home/emily/MMIP/week5/quiz1/data/query/frog/00096.png,frog,2,/home/emily/MMIP/week5/quiz1/data/gallery/frog/00595.png,frog,0.855686
/home/emily/MMIP/week5/quiz1/data/query/frog/00096.png,frog,3,/home/emily/MMIP/week5/quiz1/data/gallery/frog/00625.png,frog,0.852469
/home/emily/MMIP/week5/quiz1/data/query/frog/00096.png,frog,4,/home/emily/MMIP/week5/quiz1/data/gallery/frog/00559.png,frog,0.851478
/home/emily/MMIP/week5/quiz1/data/query/frog/00096.png,frog,5,/home/emily/MMIP/week5/quiz1/data/gallery/frog/00996.png,frog,0.849901
/home/emily/MMIP/week5/quiz1/data/query/frog/00097.png,frog,1,/home/emily/MMIP/week5/quiz1/data/gallery/frog/00630.png,frog,0.891324
/home/emily/MMIP/week5/quiz1/data/query/frog/00097.png,frog,2,/home/emily/MMIP/week5/quiz1/data/gallery/frog/00755.png,frog,0.883296
/home/emily/MMIP/week5/quiz1/data/query/frog/00097.png,frog,3,/home/emily/MMIP/week5/quiz1/data/gallery/frog/00364.png,frog,0.876596
/home/emily/MMIP/week5/quiz1/data/query/frog/00097.png,frog,4,/home/emily/MMIP/week5/quiz1/data/gallery/frog/00013.png,frog,0.876311
/home/emily/MMIP/week5/quiz1/data/query/frog/00097.png,frog,5,/home/emily/MMIP/week5/quiz1/data/gallery/frog/00379.png,frog,0.870948
/home/emily/MMIP/week5/quiz1/data/query/frog/00098.png,frog,1,/home/emily/MMIP/week5/quiz1/data/gallery/frog/00079.png,frog,0.865004
/home/emily/MMIP/week5/quiz1/data/query/frog/00098.png,frog,2,/home/emily/MMIP/week5/quiz1/data/gallery/frog/00773.png,frog,0.862095
/home/emily/MMIP/week5/quiz1/data/query/frog/00098.png,frog,3,/home/emily/MMIP/week5/quiz1/data/gallery/frog/00013.png,frog,0.860267
/home/emily/MMIP/week5/quiz1/data/query/frog/00098.png,frog,4,/home/emily/MMIP/week5/quiz1/data/gallery/frog/00211.png,frog,0.859162
/home/emily/MMIP/week5/quiz1/data/query/frog/00098.png,frog,5,/home/emily/MMIP/week5/quiz1/data/gallery/frog/00094.png,frog,0.857961
/home/emily/MMIP/week5/quiz1/data/query/frog/00099.png,frog,1,/home/emily/MMIP/week5/quiz1/data/gallery/frog/00372.png,frog,0.859091
/home/emily/MMIP/week5/quiz1/data/query/frog/00099.png,frog,2,/home/emily/MMIP/week5/quiz1/data/gallery/frog/00180.png,frog,0.842811
/home/emily/MMIP/week5/quiz1/data/query/frog/00099.png,frog,3,/home/emily/MMIP/week5/quiz1/data/gallery/frog/00967.png,frog,0.833941
/home/emily/MMIP/week5/quiz1/data/query/frog/00099.png,frog,4,/home/emily/MMIP/week5/quiz1/data/gallery/frog/00882.png,frog,0.830489
/home/emily/MMIP/week5/quiz1/data/query/frog/00099.png,frog,5,/home/emily/MMIP/week5/quiz1/data/gallery/frog/00980.png,frog,0.827615
/home/emily/MMIP/week5/quiz1/data/query/horse/00000.png,horse,1,/home/emily/MMIP/week5/quiz1/data/gallery/horse/00198.png,horse,0.855330
/home/emily/MMIP/week5/quiz1/data/query/horse/00000.png,horse,2,/home/emily/MMIP/week5/quiz1/data/gallery/horse/00670.png,horse,0.846033
/home/emily/MMIP/week5/quiz1/data/query/horse/00000.png,horse,3,/home/emily/MMIP/week5/quiz1/data/gallery/horse/00554.png,horse,0.840644
/home/emily/MMIP/week5/quiz1/data/query/horse/00000.png,horse,4,/home/emily/MMIP/week5/quiz1/data/gallery/horse/00292.png,horse,0.838460
/home/emily/MMIP/week5/quiz1/data/query/horse/00000.png,horse,5,/home/emily/MMIP/week5/quiz1/data/gallery/dog/00248.png,dog,0.837937
/home/emily/MMIP/week5/quiz1/data/query/horse/00001.png,horse,1,/home/emily/MMIP/week5/quiz1/data/gallery/horse/00602.png,horse,0.864487
/home/emily/MMIP/week5/quiz1/data/query/horse/00001.png,horse,2,/home/emily/MMIP/week5/quiz1/data/gallery/horse/00056.png,horse,0.844877
/home/emily/MMIP/week5/quiz1/data/query/horse/00001.png,horse,3,/home/emily/MMIP/week5/quiz1/data/gallery/deer/00234.png,deer,0.834982
/home/emily/MMIP/week5/quiz1/data/query/horse/00001.png,horse,4,/home/emily/MMIP/week5/quiz1/data/gallery/horse/00473.png,horse,0.834493
/home/emily/MMIP/week5/quiz1/data/query/horse/00001.png,horse,5,/home/emily/MMIP/week5/quiz1/data/gallery/horse/00170.png,horse,0.832422
/home/emily/MMIP/week5/quiz1/data/query/horse/00002.png,horse,1,/home/emily/MMIP/week5/quiz1/data/gallery/horse/00712.png,horse,0.888251
/home/emily/MMIP/week5/quiz1/data/query/horse/00002.png,horse,2,/home/emily/MMIP/week5/quiz1/data/gallery/horse/00296.png,horse,0.869686
/home/emily/MMIP/week5/quiz1/data/query/horse/00002.png,horse,3,/home/emily/MMIP/week5/quiz1/data/gallery/horse/00742.png,horse,0.869437
/home/emily/MMIP/week5/quiz1/data/query/horse/00002.png,horse,4,/home/emily/MMIP/week5/quiz1/data/gallery/horse/00904.png,horse,0.862879
/home/emily/MMIP/week5/quiz1/data/query/horse/00002.png,horse,5,/home/emily/MMIP/week5/quiz1/data/gallery/horse/00613.png,horse,0.862295
/home/emily/MMIP/week5/quiz1/data/query/horse/00003.png,horse,1,/home/emily/MMIP/week5/quiz1/data/gallery/horse/00117.png,horse,0.906714
/home/emily/MMIP/week5/quiz1/data/query/horse/00003.png,horse,2,/home/emily/MMIP/week5/quiz1/data/gallery/horse/00243.png,horse,0.901891
/home/emily/MMIP/week5/quiz1/data/query/horse/00003.png,horse,3,/home/emily/MMIP/week5/quiz1/data/gallery/horse/00336.png,horse,0.897841
/home/emily/MMIP/week5/quiz1/data/query/horse/00003.png,horse,4,/home/emily/MMIP/week5/quiz1/data/gallery/horse/00607.png,horse,0.896383
/home/emily/MMIP/week5/quiz1/data/query/horse/00003.png,horse,5,/home/emily/MMIP/week5/quiz1/data/gallery/horse/00466.png,horse,0.895880
/home/emily/MMIP/week5/quiz1/data/query/horse/00004.png,horse,1,/home/emily/MMIP/week5/quiz1/data/gallery/horse/00795.png,horse,0.852074
/home/emily/MMIP/week5/quiz1/data/query/horse/00004.png,horse,2,/home/emily/MMIP/week5/quiz1/data/gallery/cat/00010.png,cat,0.850530
/home/emily/MMIP/week5/quiz1/data/query/horse/00004.png,horse,3,/home/emily/MMIP/week5/quiz1/data/gallery/horse/00185.png,horse,0.850087
/home/emily/MMIP/week5/quiz1/data/query/horse/00004.png,horse,4,/home/emily/MMIP/week5/quiz1/data/gallery/horse/00344.png,horse,0.848163
/home/emily/MMIP/week5/quiz1/data/query/horse/00004.png,horse,5,/home/emily/MMIP/week5/quiz1/data/gallery/bird/00568.png,bird,0.841086
/home/emily/MMIP/week5/quiz1/data/query/horse/00005.png,horse,1,/home/emily/MMIP/week5/quiz1/data/gallery/cat/00710.png,cat,0.841319
/home/emily/MMIP/week5/quiz1/data/query/horse/00005.png,horse,2,/home/emily/MMIP/week5/quiz1/data/gallery/cat/00830.png,cat,0.837318
/home/emily/MMIP/week5/quiz1/data/query/horse/00005.png,horse,3,/home/emily/MMIP/week5/quiz1/data/gallery/cat/00734.png,cat,0.825813
/home/emily/MMIP/week5/quiz1/data/query/horse/00005.png,horse,4,/home/emily/MMIP/week5/quiz1/data/gallery/bird/00354.png,bird,0.823658
/home/emily/MMIP/week5/quiz1/data/query/horse/00005.png,horse,5,/home/emily/MMIP/week5/quiz1/data/gallery/dog/00471.png,dog,0.823582
/home/emily/MMIP/week5/quiz1/data/query/horse/00006.png,horse,1,/home/emily/MMIP/week5/quiz1/data/gallery/horse/00195.png,horse,0.888593
/home/emily/MMIP/week5/quiz1/data/query/horse/00006.png,horse,2,/home/emily/MMIP/week5/quiz1/data/gallery/horse/00559.png,horse,0.882192
/home/emily/MMIP/week5/quiz1/data/query/horse/00006.png,horse,3,/home/emily/MMIP/week5/quiz1/data/gallery/horse/00852.png,horse,0.880926
/home/emily/MMIP/week5/quiz1/data/query/horse/00006.png,horse,4,/home/emily/MMIP/week5/quiz1/data/gallery/horse/00592.png,horse,0.879049
/home/emily/MMIP/week5/quiz1/data/query/horse/00006.png,horse,5,/home/emily/MMIP/week5/quiz1/data/gallery/horse/00166.png,horse,0.877851
/home/emily/MMIP/week5/quiz1/data/query/horse/00007.png,horse,1,/home/emily/MMIP/week5/quiz1/data/gallery/horse/00015.png,horse,0.861549
/home/emily/MMIP/week5/quiz1/data/query/horse/00007.png,horse,2,/home/emily/MMIP/week5/quiz1/data/gallery/horse/00092.png,horse,0.850195
/home/emily/MMIP/week5/quiz1/data/query/horse/00007.png,horse,3,/home/emily/MMIP/week5/quiz1/data/gallery/horse/00865.png,horse,0.848581
/home/emily/MMIP/week5/quiz1/data/query/horse/00007.png,horse,4,/home/emily/MMIP/week5/quiz1/data/gallery/horse/00252.png,horse,0.841041
/home/emily/MMIP/week5/quiz1/data/query/horse/00007.png,horse,5,/home/emily/MMIP/week5/quiz1/data/gallery/horse/00627.png,horse,0.838384
/home/emily/MMIP/week5/quiz1/data/query/horse/00008.png,horse,1,/home/emily/MMIP/week5/quiz1/data/gallery/horse/00483.png,horse,0.839507
/home/emily/MMIP/week5/quiz1/data/query/horse/00008.png,horse,2,/home/emily/MMIP/week5/quiz1/data/gallery/horse/00051.png,horse,0.833989
/home/emily/MMIP/week5/quiz1/data/query/horse/00008.png,horse,3,/home/emily/MMIP/week5/quiz1/data/gallery/horse/00550.png,horse,0.827658
/home/emily/MMIP/week5/quiz1/data/query/horse/00008.png,horse,4,/home/emily/MMIP/week5/quiz1/data/gallery/horse/00969.png,horse,0.826829
/home/emily/MMIP/week5/quiz1/data/query/horse/00008.png,horse,5,/home/emily/MMIP/week5/quiz1/data/gallery/horse/00384.png,horse,0.825973
/home/emily/MMIP/week5/quiz1/data/query/horse/00009.png,horse,1,/home/emily/MMIP/week5/quiz1/data/gallery/horse/00090.png,horse,0.863637
/home/emily/MMIP/week5/quiz1/data/query/horse/00009.png,horse,2,/home/emily/MMIP/week5/quiz1/data/gallery/airplane/00838.png,airplane,0.848900
/home/emily/MMIP/week5/quiz1/data/query/horse/00009.png,horse,3,/home/emily/MMIP/week5/quiz1/data/gallery/cat/00011.png,cat,0.840176
/home/emily/MMIP/week5/quiz1/data/query/horse/00009.png,horse,4,/home/emily/MMIP/week5/quiz1/data/gallery/horse/00150.png,horse,0.834281
/home/emily/MMIP/week5/quiz1/data/query/horse/00009.png,horse,5,/home/emily/MMIP/week5/quiz1/data/gallery/horse/00931.png,horse,0.832685
/home/emily/MMIP/week5/quiz1/data/query/horse/00010.png,horse,1,/home/emily/MMIP/week5/quiz1/data/gallery/horse/00171.png,horse,0.863982
/home/emily/MMIP/week5/quiz1/data/query/horse/00010.png,horse,2,/home/emily/MMIP/week5/quiz1/data/gallery/horse/00458.png,horse,0.851467
/home/emily/MMIP/week5/quiz1/data/query/horse/00010.png,horse,3,/home/emily/MMIP/week5/quiz1/data/gallery/horse/00503.png,horse,0.849876
/home/emily/MMIP/week5/quiz1/data/query/horse/00010.png,horse,4,/home/emily/MMIP/week5/quiz1/data/gallery/horse/00201.png,horse,0.849551
/home/emily/MMIP/week5/quiz1/data/query/horse/00010.png,horse,5,/home/emily/MMIP/week5/quiz1/data/gallery/horse/00099.png,horse,0.846940
/home/emily/MMIP/week5/quiz1/data/query/horse/00011.png,horse,1,/home/emily/MMIP/week5/quiz1/data/gallery/horse/00317.png,horse,0.842452
/home/emily/MMIP/week5/quiz1/data/query/horse/00011.png,horse,2,/home/emily/MMIP/week5/quiz1/data/gallery/horse/00767.png,horse,0.838983
/home/emily/MMIP/week5/quiz1/data/query/horse/00011.png,horse,3,/home/emily/MMIP/week5/quiz1/data/gallery/horse/00431.png,horse,0.831978
/home/emily/MMIP/week5/quiz1/data/query/horse/00011.png,horse,4,/home/emily/MMIP/week5/quiz1/data/gallery/horse/00191.png,horse,0.830166
/home/emily/MMIP/week5/quiz1/data/query/horse/00011.png,horse,5,/home/emily/MMIP/week5/quiz1/data/gallery/horse/00157.png,horse,0.819877
/home/emily/MMIP/week5/quiz1/data/query/horse/00012.png,horse,1,/home/emily/MMIP/week5/quiz1/data/gallery/horse/00312.png,horse,0.872997
/home/emily/MMIP/week5/quiz1/data/query/horse/00012.png,horse,2,/home/emily/MMIP/week5/quiz1/data/gallery/horse/00991.png,horse,0.844898
/home/emily/MMIP/week5/quiz1/data/query/horse/00012.png,horse,3,/home/emily/MMIP/week5/quiz1/data/gallery/horse/00917.png,horse,0.829275
/home/emily/MMIP/week5/quiz1/data/query/horse/00012.png,horse,4,/home/emily/MMIP/week5/quiz1/data/gallery/horse/00758.png,horse,0.828423
/home/emily/MMIP/week5/quiz1/data/query/horse/00012.png,horse,5,/home/emily/MMIP/week5/quiz1/data/gallery/horse/00231.png,horse,0.828249
/home/emily/MMIP/week5/quiz1/data/query/horse/00013.png,horse,1,/home/emily/MMIP/week5/quiz1/data/gallery/deer/00854.png,deer,0.853606
/home/emily/MMIP/week5/quiz1/data/query/horse/00013.png,horse,2,/home/emily/MMIP/week5/quiz1/data/gallery/deer/00271.png,deer,0.841138
/home/emily/MMIP/week5/quiz1/data/query/horse/00013.png,horse,3,/home/emily/MMIP/week5/quiz1/data/gallery/horse/00496.png,horse,0.838593
/home/emily/MMIP/week5/quiz1/data/query/horse/00013.png,horse,4,/home/emily/MMIP/week5/quiz1/data/gallery/horse/00911.png,horse,0.835715
/home/emily/MMIP/week5/quiz1/data/query/horse/00013.png,horse,5,/home/emily/MMIP/week5/quiz1/data/gallery/ship/00634.png,ship,0.833341
/home/emily/MMIP/week5/quiz1/data/query/horse/00014.png,horse,1,/home/emily/MMIP/week5/quiz1/data/gallery/cat/00714.png,cat,0.831092
/home/emily/MMIP/week5/quiz1/data/query/horse/00014.png,horse,2,/home/emily/MMIP/week5/quiz1/data/gallery/horse/00854.png,horse,0.829282
/home/emily/MMIP/week5/quiz1/data/query/horse/00014.png,horse,3,/home/emily/MMIP/week5/quiz1/data/gallery/bird/00325.png,bird,0.821661
/home/emily/MMIP/week5/quiz1/data/query/horse/00014.png,horse,4,/home/emily/MMIP/week5/quiz1/data/gallery/horse/00340.png,horse,0.818582
/home/emily/MMIP/week5/quiz1/data/query/horse/00014.png,horse,5,/home/emily/MMIP/week5/quiz1/data/gallery/horse/00719.png,horse,0.818460
/home/emily/MMIP/week5/quiz1/data/query/horse/00015.png,horse,1,/home/emily/MMIP/week5/quiz1/data/gallery/horse/00397.png,horse,0.877358
/home/emily/MMIP/week5/quiz1/data/query/horse/00015.png,horse,2,/home/emily/MMIP/week5/quiz1/data/gallery/horse/00161.png,horse,0.873646
/home/emily/MMIP/week5/quiz1/data/query/horse/00015.png,horse,3,/home/emily/MMIP/week5/quiz1/data/gallery/horse/00614.png,horse,0.864369
/home/emily/MMIP/week5/quiz1/data/query/horse/00015.png,horse,4,/home/emily/MMIP/week5/quiz1/data/gallery/horse/00012.png,horse,0.862294
/home/emily/MMIP/week5/quiz1/data/query/horse/00015.png,horse,5,/home/emily/MMIP/week5/quiz1/data/gallery/horse/00761.png,horse,0.859422
/home/emily/MMIP/week5/quiz1/data/query/horse/00016.png,horse,1,/home/emily/MMIP/week5/quiz1/data/gallery/horse/00798.png,horse,0.883272
/home/emily/MMIP/week5/quiz1/data/query/horse/00016.png,horse,2,/home/emily/MMIP/week5/quiz1/data/gallery/horse/00170.png,horse,0.855319
/home/emily/MMIP/week5/quiz1/data/query/horse/00016.png,horse,3,/home/emily/MMIP/week5/quiz1/data/gallery/deer/00428.png,deer,0.854904
/home/emily/MMIP/week5/quiz1/data/query/horse/00016.png,horse,4,/home/emily/MMIP/week5/quiz1/data/gallery/horse/00074.png,horse,0.851529
/home/emily/MMIP/week5/quiz1/data/query/horse/00016.png,horse,5,/home/emily/MMIP/week5/quiz1/data/gallery/deer/00702.png,deer,0.850833
/home/emily/MMIP/week5/quiz1/data/query/horse/00017.png,horse,1,/home/emily/MMIP/week5/quiz1/data/gallery/deer/00193.png,deer,0.839662
/home/emily/MMIP/week5/quiz1/data/query/horse/00017.png,horse,2,/home/emily/MMIP/week5/quiz1/data/gallery/horse/00399.png,horse,0.828457
/home/emily/MMIP/week5/quiz1/data/query/horse/00017.png,horse,3,/home/emily/MMIP/week5/quiz1/data/gallery/cat/00561.png,cat,0.825545
/home/emily/MMIP/week5/quiz1/data/query/horse/00017.png,horse,4,/home/emily/MMIP/week5/quiz1/data/gallery/horse/00451.png,horse,0.825482
/home/emily/MMIP/week5/quiz1/data/query/horse/00017.png,horse,5,/home/emily/MMIP/week5/quiz1/data/gallery/bird/00967.png,bird,0.824764
/home/emily/MMIP/week5/quiz1/data/query/horse/00018.png,horse,1,/home/emily/MMIP/week5/quiz1/data/gallery/horse/00939.png,horse,0.854048
/home/emily/MMIP/week5/quiz1/data/query/horse/00018.png,horse,2,/home/emily/MMIP/week5/quiz1/data/gallery/horse/00688.png,horse,0.850323
/home/emily/MMIP/week5/quiz1/data/query/horse/00018.png,horse,3,/home/emily/MMIP/week5/quiz1/data/gallery/horse/00241.png,horse,0.848715
/home/emily/MMIP/week5/quiz1/data/query/horse/00018.png,horse,4,/home/emily/MMIP/week5/quiz1/data/gallery/horse/00987.png,horse,0.847122
/home/emily/MMIP/week5/quiz1/data/query/horse/00018.png,horse,5,/home/emily/MMIP/week5/quiz1/data/gallery/horse/00209.png,horse,0.846964
/home/emily/MMIP/week5/quiz1/data/query/horse/00019.png,horse,1,/home/emily/MMIP/week5/quiz1/data/gallery/horse/00512.png,horse,0.893477
/home/emily/MMIP/week5/quiz1/data/query/horse/00019.png,horse,2,/home/emily/MMIP/week5/quiz1/data/gallery/horse/00725.png,horse,0.887655
/home/emily/MMIP/week5/quiz1/data/query/horse/00019.png,horse,3,/home/emily/MMIP/week5/quiz1/data/gallery/horse/00183.png,horse,0.883644
/home/emily/MMIP/week5/quiz1/data/query/horse/00019.png,horse,4,/home/emily/MMIP/week5/quiz1/data/gallery/horse/00944.png,horse,0.881539
/home/emily/MMIP/week5/quiz1/data/query/horse/00019.png,horse,5,/home/emily/MMIP/week5/quiz1/data/gallery/horse/00582.png,horse,0.880155
/home/emily/MMIP/week5/quiz1/data/query/horse/00020.png,horse,1,/home/emily/MMIP/week5/quiz1/data/gallery/dog/00117.png,dog,0.861468
/home/emily/MMIP/week5/quiz1/data/query/horse/00020.png,horse,2,/home/emily/MMIP/week5/quiz1/data/gallery/dog/00239.png,dog,0.848019
/home/emily/MMIP/week5/quiz1/data/query/horse/00020.png,horse,3,/home/emily/MMIP/week5/quiz1/data/gallery/dog/00794.png,dog,0.847499
/home/emily/MMIP/week5/quiz1/data/query/horse/00020.png,horse,4,/home/emily/MMIP/week5/quiz1/data/gallery/dog/00343.png,dog,0.842539
/home/emily/MMIP/week5/quiz1/data/query/horse/00020.png,horse,5,/home/emily/MMIP/week5/quiz1/data/gallery/dog/00235.png,dog,0.842305
/home/emily/MMIP/week5/quiz1/data/query/horse/00021.png,horse,1,/home/emily/MMIP/week5/quiz1/data/gallery/horse/00004.png,horse,0.866199
/home/emily/MMIP/week5/quiz1/data/query/horse/00021.png,horse,2,/home/emily/MMIP/week5/quiz1/data/gallery/horse/00544.png,horse,0.858835
/home/emily/MMIP/week5/quiz1/data/query/horse/00021.png,horse,3,/home/emily/MMIP/week5/quiz1/data/gallery/horse/00745.png,horse,0.855549
/home/emily/MMIP/week5/quiz1/data/query/horse/00021.png,horse,4,/home/emily/MMIP/week5/quiz1/data/gallery/horse/00287.png,horse,0.852915
/home/emily/MMIP/week5/quiz1/data/query/horse/00021.png,horse,5,/home/emily/MMIP/week5/quiz1/data/gallery/horse/00230.png,horse,0.851209
/home/emily/MMIP/week5/quiz1/data/query/horse/00022.png,horse,1,/home/emily/MMIP/week5/quiz1/data/gallery/horse/00166.png,horse,0.889916
/home/emily/MMIP/week5/quiz1/data/query/horse/00022.png,horse,2,/home/emily/MMIP/week5/quiz1/data/gallery/deer/00930.png,deer,0.881559
/home/emily/MMIP/week5/quiz1/data/query/horse/00022.png,horse,3,/home/emily/MMIP/week5/quiz1/data/gallery/horse/00766.png,horse,0.880653
/home/emily/MMIP/week5/quiz1/data/query/horse/00022.png,horse,4,/home/emily/MMIP/week5/quiz1/data/gallery/deer/00477.png,deer,0.880340
/home/emily/MMIP/week5/quiz1/data/query/horse/00022.png,horse,5,/home/emily/MMIP/week5/quiz1/data/gallery/horse/00551.png,horse,0.876304
/home/emily/MMIP/week5/quiz1/data/query/horse/00023.png,horse,1,/home/emily/MMIP/week5/quiz1/data/gallery/dog/00341.png,dog,0.823099
/home/emily/MMIP/week5/quiz1/data/query/horse/00023.png,horse,2,/home/emily/MMIP/week5/quiz1/data/gallery/horse/00633.png,horse,0.821356
/home/emily/MMIP/week5/quiz1/data/query/horse/00023.png,horse,3,/home/emily/MMIP/week5/quiz1/data/gallery/dog/00900.png,dog,0.807104
/home/emily/MMIP/week5/quiz1/data/query/horse/00023.png,horse,4,/home/emily/MMIP/week5/quiz1/data/gallery/dog/00456.png,dog,0.806750
/home/emily/MMIP/week5/quiz1/data/query/horse/00023.png,horse,5,/home/emily/MMIP/week5/quiz1/data/gallery/horse/00211.png,horse,0.806355
/home/emily/MMIP/week5/quiz1/data/query/horse/00024.png,horse,1,/home/emily/MMIP/week5/quiz1/data/gallery/horse/00646.png,horse,0.834374
/home/emily/MMIP/week5/quiz1/data/query/horse/00024.png,horse,2,/home/emily/MMIP/week5/quiz1/data/gallery/cat/00436.png,cat,0.825812
/home/emily/MMIP/week5/quiz1/data/query/horse/00024.png,horse,3,/home/emily/MMIP/week5/quiz1/data/gallery/cat/00613.png,cat,0.823899
/home/emily/MMIP/week5/quiz1/data/query/horse/00024.png,horse,4,/home/emily/MMIP/week5/quiz1/data/gallery/deer/00176.png,deer,0.821707
/home/emily/MMIP/week5/quiz1/data/query/horse/00024.png,horse,5,/home/emily/MMIP/week5/quiz1/data/gallery/cat/00865.png,cat,0.818200
/home/emily/MMIP/week5/quiz1/data/query/horse/00025.png,horse,1,/home/emily/MMIP/week5/quiz1/data/gallery/horse/00327.png,horse,0.877664
/home/emily/MMIP/week5/quiz1/data/query/horse/00025.png,horse,2,/home/emily/MMIP/week5/quiz1/data/gallery/horse/00449.png,horse,0.872938
/home/emily/MMIP/week5/quiz1/data/query/horse/00025.png,horse,3,/home/emily/MMIP/week5/quiz1/data/gallery/horse/00891.png,horse,0.870365
/home/emily/MMIP/week5/quiz1/data/query/horse/00025.png,horse,4,/home/emily/MMIP/week5/quiz1/data/gallery/horse/00156.png,horse,0.867683
/home/emily/MMIP/week5/quiz1/data/query/horse/00025.png,horse,5,/home/emily/MMIP/week5/quiz1/data/gallery/horse/00557.png,horse,0.861834
/home/emily/MMIP/week5/quiz1/data/query/horse/00026.png,horse,1,/home/emily/MMIP/week5/quiz1/data/gallery/deer/00487.png,deer,0.838478
/home/emily/MMIP/week5/quiz1/data/query/horse/00026.png,horse,2,/home/emily/MMIP/week5/quiz1/data/gallery/horse/00535.png,horse,0.836440
/home/emily/MMIP/week5/quiz1/data/query/horse/00026.png,horse,3,/home/emily/MMIP/week5/quiz1/data/gallery/horse/00182.png,horse,0.835427
/home/emily/MMIP/week5/quiz1/data/query/horse/00026.png,horse,4,/home/emily/MMIP/week5/quiz1/data/gallery/horse/00249.png,horse,0.831858
/home/emily/MMIP/week5/quiz1/data/query/horse/00026.png,horse,5,/home/emily/MMIP/week5/quiz1/data/gallery/deer/00805.png,deer,0.831639
/home/emily/MMIP/week5/quiz1/data/query/horse/00027.png,horse,1,/home/emily/MMIP/week5/quiz1/data/gallery/deer/00703.png,deer,0.866388
/home/emily/MMIP/week5/quiz1/data/query/horse/00027.png,horse,2,/home/emily/MMIP/week5/quiz1/data/gallery/deer/00874.png,deer,0.860574
/home/emily/MMIP/week5/quiz1/data/query/horse/00027.png,horse,3,/home/emily/MMIP/week5/quiz1/data/gallery/horse/00899.png,horse,0.858135
/home/emily/MMIP/week5/quiz1/data/query/horse/00027.png,horse,4,/home/emily/MMIP/week5/quiz1/data/gallery/horse/00067.png,horse,0.850635
/home/emily/MMIP/week5/quiz1/data/query/horse/00027.png,horse,5,/home/emily/MMIP/week5/quiz1/data/gallery/deer/00372.png,deer,0.847914
/home/emily/MMIP/week5/quiz1/data/query/horse/00028.png,horse,1,/home/emily/MMIP/week5/quiz1/data/gallery/horse/00607.png,horse,0.908910
/home/emily/MMIP/week5/quiz1/data/query/horse/00028.png,horse,2,/home/emily/MMIP/week5/quiz1/data/gallery/horse/00734.png,horse,0.902456
/home/emily/MMIP/week5/quiz1/data/query/horse/00028.png,horse,3,/home/emily/MMIP/week5/quiz1/data/gallery/horse/00336.png,horse,0.899977
/home/emily/MMIP/week5/quiz1/data/query/horse/00028.png,horse,4,/home/emily/MMIP/week5/quiz1/data/gallery/deer/00515.png,deer,0.893146
/home/emily/MMIP/week5/quiz1/data/query/horse/00028.png,horse,5,/home/emily/MMIP/week5/quiz1/data/gallery/horse/00669.png,horse,0.892703
/home/emily/MMIP/week5/quiz1/data/query/horse/00029.png,horse,1,/home/emily/MMIP/week5/quiz1/data/gallery/horse/00444.png,horse,0.875925
/home/emily/MMIP/week5/quiz1/data/query/horse/00029.png,horse,2,/home/emily/MMIP/week5/quiz1/data/gallery/deer/00056.png,deer,0.875707
/home/emily/MMIP/week5/quiz1/data/query/horse/00029.png,horse,3,/home/emily/MMIP/week5/quiz1/data/gallery/horse/00365.png,horse,0.871957
/home/emily/MMIP/week5/quiz1/data/query/horse/00029.png,horse,4,/home/emily/MMIP/week5/quiz1/data/gallery/horse/00641.png,horse,0.871702
/home/emily/MMIP/week5/quiz1/data/query/horse/00029.png,horse,5,/home/emily/MMIP/week5/quiz1/data/gallery/deer/00054.png,deer,0.870634
/home/emily/MMIP/week5/quiz1/data/query/horse/00030.png,horse,1,/home/emily/MMIP/week5/quiz1/data/gallery/horse/00569.png,horse,0.840021
/home/emily/MMIP/week5/quiz1/data/query/horse/00030.png,horse,2,/home/emily/MMIP/week5/quiz1/data/gallery/horse/00433.png,horse,0.819548
/home/emily/MMIP/week5/quiz1/data/query/horse/00030.png,horse,3,/home/emily/MMIP/week5/quiz1/data/gallery/horse/00922.png,horse,0.817095
/home/emily/MMIP/week5/quiz1/data/query/horse/00030.png,horse,4,/home/emily/MMIP/week5/quiz1/data/gallery/horse/00609.png,horse,0.816131
/home/emily/MMIP/week5/quiz1/data/query/horse/00030.png,horse,5,/home/emily/MMIP/week5/quiz1/data/gallery/horse/00520.png,horse,0.815782
/home/emily/MMIP/week5/quiz1/data/query/horse/00031.png,horse,1,/home/emily/MMIP/week5/quiz1/data/gallery/horse/00201.png,horse,0.832587
/home/emily/MMIP/week5/quiz1/data/query/horse/00031.png,horse,2,/home/emily/MMIP/week5/quiz1/data/gallery/airplane/00234.png,airplane,0.802470
/home/emily/MMIP/week5/quiz1/data/query/horse/00031.png,horse,3,/home/emily/MMIP/week5/quiz1/data/gallery/deer/00325.png,deer,0.799095
/home/emily/MMIP/week5/quiz1/data/query/horse/00031.png,horse,4,/home/emily/MMIP/week5/quiz1/data/gallery/deer/00836.png,deer,0.796702
/home/emily/MMIP/week5/quiz1/data/query/horse/00031.png,horse,5,/home/emily/MMIP/week5/quiz1/data/gallery/deer/00307.png,deer,0.796257
/home/emily/MMIP/week5/quiz1/data/query/horse/00032.png,horse,1,/home/emily/MMIP/week5/quiz1/data/gallery/horse/00569.png,horse,0.890567
/home/emily/MMIP/week5/quiz1/data/query/horse/00032.png,horse,2,/home/emily/MMIP/week5/quiz1/data/gallery/horse/00916.png,horse,0.879146
/home/emily/MMIP/week5/quiz1/data/query/horse/00032.png,horse,3,/home/emily/MMIP/week5/quiz1/data/gallery/horse/00389.png,horse,0.877997
/home/emily/MMIP/week5/quiz1/data/query/horse/00032.png,horse,4,/home/emily/MMIP/week5/quiz1/data/gallery/horse/00125.png,horse,0.876832
/home/emily/MMIP/week5/quiz1/data/query/horse/00032.png,horse,5,/home/emily/MMIP/week5/quiz1/data/gallery/horse/00258.png,horse,0.874834
/home/emily/MMIP/week5/quiz1/data/query/horse/00033.png,horse,1,/home/emily/MMIP/week5/quiz1/data/gallery/horse/00124.png,horse,0.905606
/home/emily/MMIP/week5/quiz1/data/query/horse/00033.png,horse,2,/home/emily/MMIP/week5/quiz1/data/gallery/horse/00778.png,horse,0.896402
/home/emily/MMIP/week5/quiz1/data/query/horse/00033.png,horse,3,/home/emily/MMIP/week5/quiz1/data/gallery/horse/00978.png,horse,0.880689
/home/emily/MMIP/week5/quiz1/data/query/horse/00033.png,horse,4,/home/emily/MMIP/week5/quiz1/data/gallery/horse/00450.png,horse,0.862435
/home/emily/MMIP/week5/quiz1/data/query/horse/00033.png,horse,5,/home/emily/MMIP/week5/quiz1/data/gallery/horse/00922.png,horse,0.862040
/home/emily/MMIP/week5/quiz1/data/query/horse/00034.png,horse,1,/home/emily/MMIP/week5/quiz1/data/gallery/horse/00567.png,horse,0.859700
/home/emily/MMIP/week5/quiz1/data/query/horse/00034.png,horse,2,/home/emily/MMIP/week5/quiz1/data/gallery/airplane/00153.png,airplane,0.851504
/home/emily/MMIP/week5/quiz1/data/query/horse/00034.png,horse,3,/home/emily/MMIP/week5/quiz1/data/gallery/automobile/00616.png,automobile,0.838248
/home/emily/MMIP/week5/quiz1/data/query/horse/00034.png,horse,4,/home/emily/MMIP/week5/quiz1/data/gallery/horse/00923.png,horse,0.835603
/home/emily/MMIP/week5/quiz1/data/query/horse/00034.png,horse,5,/home/emily/MMIP/week5/quiz1/data/gallery/deer/00622.png,deer,0.834239
/home/emily/MMIP/week5/quiz1/data/query/horse/00035.png,horse,1,/home/emily/MMIP/week5/quiz1/data/gallery/horse/00365.png,horse,0.876919
/home/emily/MMIP/week5/quiz1/data/query/horse/00035.png,horse,2,/home/emily/MMIP/week5/quiz1/data/gallery/horse/00154.png,horse,0.864015
/home/emily/MMIP/week5/quiz1/data/query/horse/00035.png,horse,3,/home/emily/MMIP/week5/quiz1/data/gallery/deer/00054.png,deer,0.863317
/home/emily/MMIP/week5/quiz1/data/query/horse/00035.png,horse,4,/home/emily/MMIP/week5/quiz1/data/gallery/horse/00078.png,horse,0.863017
/home/emily/MMIP/week5/quiz1/data/query/horse/00035.png,horse,5,/home/emily/MMIP/week5/quiz1/data/gallery/horse/00185.png,horse,0.859974
/home/emily/MMIP/week5/quiz1/data/query/horse/00036.png,horse,1,/home/emily/MMIP/week5/quiz1/data/gallery/horse/00211.png,horse,0.875152
/home/emily/MMIP/week5/quiz1/data/query/horse/00036.png,horse,2,/home/emily/MMIP/week5/quiz1/data/gallery/horse/00564.png,horse,0.858614
/home/emily/MMIP/week5/quiz1/data/query/horse/00036.png,horse,3,/home/emily/MMIP/week5/quiz1/data/gallery/horse/00124.png,horse,0.854006
/home/emily/MMIP/week5/quiz1/data/query/horse/00036.png,horse,4,/home/emily/MMIP/week5/quiz1/data/gallery/horse/00999.png,horse,0.853825
/home/emily/MMIP/week5/quiz1/data/query/horse/00036.png,horse,5,/home/emily/MMIP/week5/quiz1/data/gallery/horse/00780.png,horse,0.852051
/home/emily/MMIP/week5/quiz1/data/query/horse/00037.png,horse,1,/home/emily/MMIP/week5/quiz1/data/gallery/horse/00496.png,horse,0.878209
/home/emily/MMIP/week5/quiz1/data/query/horse/00037.png,horse,2,/home/emily/MMIP/week5/quiz1/data/gallery/horse/00004.png,horse,0.876905
/home/emily/MMIP/week5/quiz1/data/query/horse/00037.png,horse,3,/home/emily/MMIP/week5/quiz1/data/gallery/horse/00342.png,horse,0.867238
/home/emily/MMIP/week5/quiz1/data/query/horse/00037.png,horse,4,/home/emily/MMIP/week5/quiz1/data/gallery/horse/00669.png,horse,0.867160
/home/emily/MMIP/week5/quiz1/data/query/horse/00037.png,horse,5,/home/emily/MMIP/week5/quiz1/data/gallery/horse/00195.png,horse,0.863872
/home/emily/MMIP/week5/quiz1/data/query/horse/00038.png,horse,1,/home/emily/MMIP/week5/quiz1/data/gallery/horse/00627.png,horse,0.880107
/home/emily/MMIP/week5/quiz1/data/query/horse/00038.png,horse,2,/home/emily/MMIP/week5/quiz1/data/gallery/dog/00694.png,dog,0.866640
/home/emily/MMIP/week5/quiz1/data/query/horse/00038.png,horse,3,/home/emily/MMIP/week5/quiz1/data/gallery/horse/00045.png,horse,0.862551
/home/emily/MMIP/week5/quiz1/data/query/horse/00038.png,horse,4,/home/emily/MMIP/week5/quiz1/data/gallery/dog/00539.png,dog,0.856616
/home/emily/MMIP/week5/quiz1/data/query/horse/00038.png,horse,5,/home/emily/MMIP/week5/quiz1/data/gallery/dog/00735.png,dog,0.854730
/home/emily/MMIP/week5/quiz1/data/query/horse/00039.png,horse,1,/home/emily/MMIP/week5/quiz1/data/gallery/horse/00157.png,horse,0.873010
/home/emily/MMIP/week5/quiz1/data/query/horse/00039.png,horse,2,/home/emily/MMIP/week5/quiz1/data/gallery/dog/00120.png,dog,0.834935
/home/emily/MMIP/week5/quiz1/data/query/horse/00039.png,horse,3,/home/emily/MMIP/week5/quiz1/data/gallery/horse/00445.png,horse,0.825025
/home/emily/MMIP/week5/quiz1/data/query/horse/00039.png,horse,4,/home/emily/MMIP/week5/quiz1/data/gallery/horse/00015.png,horse,0.808458
/home/emily/MMIP/week5/quiz1/data/query/horse/00039.png,horse,5,/home/emily/MMIP/week5/quiz1/data/gallery/horse/00999.png,horse,0.808108
/home/emily/MMIP/week5/quiz1/data/query/horse/00040.png,horse,1,/home/emily/MMIP/week5/quiz1/data/gallery/horse/00794.png,horse,0.856626
/home/emily/MMIP/week5/quiz1/data/query/horse/00040.png,horse,2,/home/emily/MMIP/week5/quiz1/data/gallery/horse/00962.png,horse,0.851989
/home/emily/MMIP/week5/quiz1/data/query/horse/00040.png,horse,3,/home/emily/MMIP/week5/quiz1/data/gallery/frog/00754.png,frog,0.851786
/home/emily/MMIP/week5/quiz1/data/query/horse/00040.png,horse,4,/home/emily/MMIP/week5/quiz1/data/gallery/horse/00167.png,horse,0.850579
/home/emily/MMIP/week5/quiz1/data/query/horse/00040.png,horse,5,/home/emily/MMIP/week5/quiz1/data/gallery/truck/00426.png,truck,0.849116
/home/emily/MMIP/week5/quiz1/data/query/horse/00041.png,horse,1,/home/emily/MMIP/week5/quiz1/data/gallery/horse/00736.png,horse,0.859526
/home/emily/MMIP/week5/quiz1/data/query/horse/00041.png,horse,2,/home/emily/MMIP/week5/quiz1/data/gallery/horse/00078.png,horse,0.853162
/home/emily/MMIP/week5/quiz1/data/query/horse/00041.png,horse,3,/home/emily/MMIP/week5/quiz1/data/gallery/horse/00427.png,horse,0.850863
/home/emily/MMIP/week5/quiz1/data/query/horse/00041.png,horse,4,/home/emily/MMIP/week5/quiz1/data/gallery/horse/00982.png,horse,0.849494
/home/emily/MMIP/week5/quiz1/data/query/horse/00041.png,horse,5,/home/emily/MMIP/week5/quiz1/data/gallery/horse/00328.png,horse,0.848788
/home/emily/MMIP/week5/quiz1/data/query/horse/00042.png,horse,1,/home/emily/MMIP/week5/quiz1/data/gallery/horse/00170.png,horse,0.857654
/home/emily/MMIP/week5/quiz1/data/query/horse/00042.png,horse,2,/home/emily/MMIP/week5/quiz1/data/gallery/horse/00955.png,horse,0.853582
/home/emily/MMIP/week5/quiz1/data/query/horse/00042.png,horse,3,/home/emily/MMIP/week5/quiz1/data/gallery/horse/00056.png,horse,0.853316
/home/emily/MMIP/week5/quiz1/data/query/horse/00042.png,horse,4,/home/emily/MMIP/week5/quiz1/data/gallery/horse/00438.png,horse,0.850231
/home/emily/MMIP/week5/quiz1/data/query/horse/00042.png,horse,5,/home/emily/MMIP/week5/quiz1/data/gallery/horse/00538.png,horse,0.850035
/home/emily/MMIP/week5/quiz1/data/query/horse/00043.png,horse,1,/home/emily/MMIP/week5/quiz1/data/gallery/horse/00739.png,horse,0.862668
/home/emily/MMIP/week5/quiz1/data/query/horse/00043.png,horse,2,/home/emily/MMIP/week5/quiz1/data/gallery/deer/00400.png,deer,0.860527
/home/emily/MMIP/week5/quiz1/data/query/horse/00043.png,horse,3,/home/emily/MMIP/week5/quiz1/data/gallery/horse/00435.png,horse,0.859598
/home/emily/MMIP/week5/quiz1/data/query/horse/00043.png,horse,4,/home/emily/MMIP/week5/quiz1/data/gallery/dog/00180.png,dog,0.855459
/home/emily/MMIP/week5/quiz1/data/query/horse/00043.png,horse,5,/home/emily/MMIP/week5/quiz1/data/gallery/deer/00623.png,deer,0.855167
/home/emily/MMIP/week5/quiz1/data/query/horse/00044.png,horse,1,/home/emily/MMIP/week5/quiz1/data/gallery/deer/00114.png,deer,0.826952
/home/emily/MMIP/week5/quiz1/data/query/horse/00044.png,horse,2,/home/emily/MMIP/week5/quiz1/data/gallery/frog/00899.png,frog,0.820371
/home/emily/MMIP/week5/quiz1/data/query/horse/00044.png,horse,3,/home/emily/MMIP/week5/quiz1/data/gallery/horse/00453.png,horse,0.807260
/home/emily/MMIP/week5/quiz1/data/query/horse/00044.png,horse,4,/home/emily/MMIP/week5/quiz1/data/gallery/deer/00199.png,deer,0.802764
/home/emily/MMIP/week5/quiz1/data/query/horse/00044.png,horse,5,/home/emily/MMIP/week5/quiz1/data/gallery/horse/00905.png,horse,0.801943
/home/emily/MMIP/week5/quiz1/data/query/horse/00045.png,horse,1,/home/emily/MMIP/week5/quiz1/data/gallery/horse/00684.png,horse,0.876904
/home/emily/MMIP/week5/quiz1/data/query/horse/00045.png,horse,2,/home/emily/MMIP/week5/quiz1/data/gallery/horse/00930.png,horse,0.869992
/home/emily/MMIP/week5/quiz1/data/query/horse/00045.png,horse,3,/home/emily/MMIP/week5/quiz1/data/gallery/horse/00909.png,horse,0.868656
/home/emily/MMIP/week5/quiz1/data/query/horse/00045.png,horse,4,/home/emily/MMIP/week5/quiz1/data/gallery/horse/00936.png,horse,0.859050
/home/emily/MMIP/week5/quiz1/data/query/horse/00045.png,horse,5,/home/emily/MMIP/week5/quiz1/data/gallery/horse/00960.png,horse,0.857644
/home/emily/MMIP/week5/quiz1/data/query/horse/00046.png,horse,1,/home/emily/MMIP/week5/quiz1/data/gallery/horse/00681.png,horse,0.875783
/home/emily/MMIP/week5/quiz1/data/query/horse/00046.png,horse,2,/home/emily/MMIP/week5/quiz1/data/gallery/horse/00760.png,horse,0.872745
/home/emily/MMIP/week5/quiz1/data/query/horse/00046.png,horse,3,/home/emily/MMIP/week5/quiz1/data/gallery/horse/00867.png,horse,0.870498
/home/emily/MMIP/week5/quiz1/data/query/horse/00046.png,horse,4,/home/emily/MMIP/week5/quiz1/data/gallery/deer/00244.png,deer,0.867773
/home/emily/MMIP/week5/quiz1/data/query/horse/00046.png,horse,5,/home/emily/MMIP/week5/quiz1/data/gallery/horse/00173.png,horse,0.862820
/home/emily/MMIP/week5/quiz1/data/query/horse/00047.png,horse,1,/home/emily/MMIP/week5/quiz1/data/gallery/horse/00171.png,horse,0.849414
/home/emily/MMIP/week5/quiz1/data/query/horse/00047.png,horse,2,/home/emily/MMIP/week5/quiz1/data/gallery/deer/00307.png,deer,0.836112
/home/emily/MMIP/week5/quiz1/data/query/horse/00047.png,horse,3,/home/emily/MMIP/week5/quiz1/data/gallery/horse/00523.png,horse,0.835872
/home/emily/MMIP/week5/quiz1/data/query/horse/00047.png,horse,4,/home/emily/MMIP/week5/quiz1/data/gallery/horse/00201.png,horse,0.834249
/home/emily/MMIP/week5/quiz1/data/query/horse/00047.png,horse,5,/home/emily/MMIP/week5/quiz1/data/gallery/deer/00820.png,deer,0.834201
/home/emily/MMIP/week5/quiz1/data/query/horse/00048.png,horse,1,/home/emily/MMIP/week5/quiz1/data/gallery/horse/00523.png,horse,0.883671
/home/emily/MMIP/week5/quiz1/data/query/horse/00048.png,horse,2,/home/emily/MMIP/week5/quiz1/data/gallery/horse/00960.png,horse,0.879200
/home/emily/MMIP/week5/quiz1/data/query/horse/00048.png,horse,3,/home/emily/MMIP/week5/quiz1/data/gallery/horse/00663.png,horse,0.877678
/home/emily/MMIP/week5/quiz1/data/query/horse/00048.png,horse,4,/home/emily/MMIP/week5/quiz1/data/gallery/horse/00679.png,horse,0.873566
/home/emily/MMIP/week5/quiz1/data/query/horse/00048.png,horse,5,/home/emily/MMIP/week5/quiz1/data/gallery/horse/00081.png,horse,0.872642
/home/emily/MMIP/week5/quiz1/data/query/horse/00049.png,horse,1,/home/emily/MMIP/week5/quiz1/data/gallery/horse/00250.png,horse,0.862158
/home/emily/MMIP/week5/quiz1/data/query/horse/00049.png,horse,2,/home/emily/MMIP/week5/quiz1/data/gallery/horse/00459.png,horse,0.861169
/home/emily/MMIP/week5/quiz1/data/query/horse/00049.png,horse,3,/home/emily/MMIP/week5/quiz1/data/gallery/horse/00097.png,horse,0.857884
/home/emily/MMIP/week5/quiz1/data/query/horse/00049.png,horse,4,/home/emily/MMIP/week5/quiz1/data/gallery/horse/00700.png,horse,0.856438
/home/emily/MMIP/week5/quiz1/data/query/horse/00049.png,horse,5,/home/emily/MMIP/week5/quiz1/data/gallery/horse/00125.png,horse,0.856104
/home/emily/MMIP/week5/quiz1/data/query/horse/00050.png,horse,1,/home/emily/MMIP/week5/quiz1/data/gallery/horse/00330.png,horse,0.846858
/home/emily/MMIP/week5/quiz1/data/query/horse/00050.png,horse,2,/home/emily/MMIP/week5/quiz1/data/gallery/horse/00636.png,horse,0.846416
/home/emily/MMIP/week5/quiz1/data/query/horse/00050.png,horse,3,/home/emily/MMIP/week5/quiz1/data/gallery/horse/00531.png,horse,0.843615
/home/emily/MMIP/week5/quiz1/data/query/horse/00050.png,horse,4,/home/emily/MMIP/week5/quiz1/data/gallery/horse/00212.png,horse,0.842443
/home/emily/MMIP/week5/quiz1/data/query/horse/00050.png,horse,5,/home/emily/MMIP/week5/quiz1/data/gallery/horse/00140.png,horse,0.840876
/home/emily/MMIP/week5/quiz1/data/query/horse/00051.png,horse,1,/home/emily/MMIP/week5/quiz1/data/gallery/horse/00734.png,horse,0.889804
/home/emily/MMIP/week5/quiz1/data/query/horse/00051.png,horse,2,/home/emily/MMIP/week5/quiz1/data/gallery/horse/00972.png,horse,0.881168
/home/emily/MMIP/week5/quiz1/data/query/horse/00051.png,horse,3,/home/emily/MMIP/week5/quiz1/data/gallery/horse/00004.png,horse,0.879322
/home/emily/MMIP/week5/quiz1/data/query/horse/00051.png,horse,4,/home/emily/MMIP/week5/quiz1/data/gallery/horse/00544.png,horse,0.878765
/home/emily/MMIP/week5/quiz1/data/query/horse/00051.png,horse,5,/home/emily/MMIP/week5/quiz1/data/gallery/horse/00397.png,horse,0.877406
/home/emily/MMIP/week5/quiz1/data/query/horse/00052.png,horse,1,/home/emily/MMIP/week5/quiz1/data/gallery/horse/00610.png,horse,0.962586
/home/emily/MMIP/week5/quiz1/data/query/horse/00052.png,horse,2,/home/emily/MMIP/week5/quiz1/data/gallery/horse/00968.png,horse,0.922930
/home/emily/MMIP/week5/quiz1/data/query/horse/00052.png,horse,3,/home/emily/MMIP/week5/quiz1/data/gallery/horse/00336.png,horse,0.893560
/home/emily/MMIP/week5/quiz1/data/query/horse/00052.png,horse,4,/home/emily/MMIP/week5/quiz1/data/gallery/horse/00117.png,horse,0.889842
/home/emily/MMIP/week5/quiz1/data/query/horse/00052.png,horse,5,/home/emily/MMIP/week5/quiz1/data/gallery/horse/00166.png,horse,0.887175
/home/emily/MMIP/week5/quiz1/data/query/horse/00053.png,horse,1,/home/emily/MMIP/week5/quiz1/data/gallery/horse/00711.png,horse,0.855792
/home/emily/MMIP/week5/quiz1/data/query/horse/00053.png,horse,2,/home/emily/MMIP/week5/quiz1/data/gallery/horse/00876.png,horse,0.854475
/home/emily/MMIP/week5/quiz1/data/query/horse/00053.png,horse,3,/home/emily/MMIP/week5/quiz1/data/gallery/horse/00352.png,horse,0.850441
/home/emily/MMIP/week5/quiz1/data/query/horse/00053.png,horse,4,/home/emily/MMIP/week5/quiz1/data/gallery/horse/00110.png,horse,0.844722
/home/emily/MMIP/week5/quiz1/data/query/horse/00053.png,horse,5,/home/emily/MMIP/week5/quiz1/data/gallery/horse/00496.png,horse,0.843479
/home/emily/MMIP/week5/quiz1/data/query/horse/00054.png,horse,1,/home/emily/MMIP/week5/quiz1/data/gallery/horse/00250.png,horse,0.907312
/home/emily/MMIP/week5/quiz1/data/query/horse/00054.png,horse,2,/home/emily/MMIP/week5/quiz1/data/gallery/horse/00125.png,horse,0.898393
/home/emily/MMIP/week5/quiz1/data/query/horse/00054.png,horse,3,/home/emily/MMIP/week5/quiz1/data/gallery/horse/00782.png,horse,0.896198
/home/emily/MMIP/week5/quiz1/data/query/horse/00054.png,horse,4,/home/emily/MMIP/week5/quiz1/data/gallery/horse/00707.png,horse,0.894639
/home/emily/MMIP/week5/quiz1/data/query/horse/00054.png,horse,5,/home/emily/MMIP/week5/quiz1/data/gallery/horse/00982.png,horse,0.894334
/home/emily/MMIP/week5/quiz1/data/query/horse/00055.png,horse,1,/home/emily/MMIP/week5/quiz1/data/gallery/horse/00240.png,horse,0.889939
/home/emily/MMIP/week5/quiz1/data/query/horse/00055.png,horse,2,/home/emily/MMIP/week5/quiz1/data/gallery/horse/00639.png,horse,0.869868
/home/emily/MMIP/week5/quiz1/data/query/horse/00055.png,horse,3,/home/emily/MMIP/week5/quiz1/data/gallery/horse/00001.png,horse,0.863216
/home/emily/MMIP/week5/quiz1/data/query/horse/00055.png,horse,4,/home/emily/MMIP/week5/quiz1/data/gallery/bird/00908.png,bird,0.861355
/home/emily/MMIP/week5/quiz1/data/query/horse/00055.png,horse,5,/home/emily/MMIP/week5/quiz1/data/gallery/horse/00769.png,horse,0.859445
/home/emily/MMIP/week5/quiz1/data/query/horse/00056.png,horse,1,/home/emily/MMIP/week5/quiz1/data/gallery/horse/00516.png,horse,0.838120
/home/emily/MMIP/week5/quiz1/data/query/horse/00056.png,horse,2,/home/emily/MMIP/week5/quiz1/data/gallery/horse/00930.png,horse,0.835208
/home/emily/MMIP/week5/quiz1/data/query/horse/00056.png,horse,3,/home/emily/MMIP/week5/quiz1/data/gallery/horse/00704.png,horse,0.833163
/home/emily/MMIP/week5/quiz1/data/query/horse/00056.png,horse,4,/home/emily/MMIP/week5/quiz1/data/gallery/horse/00246.png,horse,0.831363
/home/emily/MMIP/week5/quiz1/data/query/horse/00056.png,horse,5,/home/emily/MMIP/week5/quiz1/data/gallery/horse/00944.png,horse,0.827362
/home/emily/MMIP/week5/quiz1/data/query/horse/00057.png,horse,1,/home/emily/MMIP/week5/quiz1/data/gallery/horse/00779.png,horse,0.862804
/home/emily/MMIP/week5/quiz1/data/query/horse/00057.png,horse,2,/home/emily/MMIP/week5/quiz1/data/gallery/horse/00363.png,horse,0.854634
/home/emily/MMIP/week5/quiz1/data/query/horse/00057.png,horse,3,/home/emily/MMIP/week5/quiz1/data/gallery/horse/00798.png,horse,0.854441
/home/emily/MMIP/week5/quiz1/data/query/horse/00057.png,horse,4,/home/emily/MMIP/week5/quiz1/data/gallery/horse/00767.png,horse,0.849232
/home/emily/MMIP/week5/quiz1/data/query/horse/00057.png,horse,5,/home/emily/MMIP/week5/quiz1/data/gallery/horse/00503.png,horse,0.846723
/home/emily/MMIP/week5/quiz1/data/query/horse/00058.png,horse,1,/home/emily/MMIP/week5/quiz1/data/gallery/horse/00482.png,horse,0.857043
/home/emily/MMIP/week5/quiz1/data/query/horse/00058.png,horse,2,/home/emily/MMIP/week5/quiz1/data/gallery/automobile/00212.png,automobile,0.856630
/home/emily/MMIP/week5/quiz1/data/query/horse/00058.png,horse,3,/home/emily/MMIP/week5/quiz1/data/gallery/truck/00775.png,truck,0.845654
/home/emily/MMIP/week5/quiz1/data/query/horse/00058.png,horse,4,/home/emily/MMIP/week5/quiz1/data/gallery/horse/00533.png,horse,0.837242
/home/emily/MMIP/week5/quiz1/data/query/horse/00058.png,horse,5,/home/emily/MMIP/week5/quiz1/data/gallery/automobile/00657.png,automobile,0.828676
/home/emily/MMIP/week5/quiz1/data/query/horse/00059.png,horse,1,/home/emily/MMIP/week5/quiz1/data/gallery/horse/00995.png,horse,0.873134
/home/emily/MMIP/week5/quiz1/data/query/horse/00059.png,horse,2,/home/emily/MMIP/week5/quiz1/data/gallery/horse/00328.png,horse,0.868848
/home/emily/MMIP/week5/quiz1/data/query/horse/00059.png,horse,3,/home/emily/MMIP/week5/quiz1/data/gallery/horse/00226.png,horse,0.859011
/home/emily/MMIP/week5/quiz1/data/query/horse/00059.png,horse,4,/home/emily/MMIP/week5/quiz1/data/gallery/horse/00535.png,horse,0.857931
/home/emily/MMIP/week5/quiz1/data/query/horse/00059.png,horse,5,/home/emily/MMIP/week5/quiz1/data/gallery/horse/00364.png,horse,0.854662
/home/emily/MMIP/week5/quiz1/data/query/horse/00060.png,horse,1,/home/emily/MMIP/week5/quiz1/data/gallery/deer/00553.png,deer,0.857100
/home/emily/MMIP/week5/quiz1/data/query/horse/00060.png,horse,2,/home/emily/MMIP/week5/quiz1/data/gallery/horse/00200.png,horse,0.845924
/home/emily/MMIP/week5/quiz1/data/query/horse/00060.png,horse,3,/home/emily/MMIP/week5/quiz1/data/gallery/horse/00970.png,horse,0.841410
/home/emily/MMIP/week5/quiz1/data/query/horse/00060.png,horse,4,/home/emily/MMIP/week5/quiz1/data/gallery/horse/00344.png,horse,0.837465
/home/emily/MMIP/week5/quiz1/data/query/horse/00060.png,horse,5,/home/emily/MMIP/week5/quiz1/data/gallery/horse/00321.png,horse,0.836058
/home/emily/MMIP/week5/quiz1/data/query/horse/00061.png,horse,1,/home/emily/MMIP/week5/quiz1/data/gallery/horse/00161.png,horse,0.853509
/home/emily/MMIP/week5/quiz1/data/query/horse/00061.png,horse,2,/home/emily/MMIP/week5/quiz1/data/gallery/horse/00972.png,horse,0.851860
/home/emily/MMIP/week5/quiz1/data/query/horse/00061.png,horse,3,/home/emily/MMIP/week5/quiz1/data/gallery/horse/00540.png,horse,0.840071
/home/emily/MMIP/week5/quiz1/data/query/horse/00061.png,horse,4,/home/emily/MMIP/week5/quiz1/data/gallery/horse/00549.png,horse,0.839772
/home/emily/MMIP/week5/quiz1/data/query/horse/00061.png,horse,5,/home/emily/MMIP/week5/quiz1/data/gallery/horse/00117.png,horse,0.838292
/home/emily/MMIP/week5/quiz1/data/query/horse/00062.png,horse,1,/home/emily/MMIP/week5/quiz1/data/gallery/horse/00393.png,horse,0.897354
/home/emily/MMIP/week5/quiz1/data/query/horse/00062.png,horse,2,/home/emily/MMIP/week5/quiz1/data/gallery/horse/00875.png,horse,0.893416
/home/emily/MMIP/week5/quiz1/data/query/horse/00062.png,horse,3,/home/emily/MMIP/week5/quiz1/data/gallery/horse/00707.png,horse,0.891773
/home/emily/MMIP/week5/quiz1/data/query/horse/00062.png,horse,4,/home/emily/MMIP/week5/quiz1/data/gallery/horse/00681.png,horse,0.888797
/home/emily/MMIP/week5/quiz1/data/query/horse/00062.png,horse,5,/home/emily/MMIP/week5/quiz1/data/gallery/horse/00782.png,horse,0.884714
/home/emily/MMIP/week5/quiz1/data/query/horse/00063.png,horse,1,/home/emily/MMIP/week5/quiz1/data/gallery/horse/00824.png,horse,0.885581
/home/emily/MMIP/week5/quiz1/data/query/horse/00063.png,horse,2,/home/emily/MMIP/week5/quiz1/data/gallery/horse/00641.png,horse,0.884065
/home/emily/MMIP/week5/quiz1/data/query/horse/00063.png,horse,3,/home/emily/MMIP/week5/quiz1/data/gallery/horse/00117.png,horse,0.881395
/home/emily/MMIP/week5/quiz1/data/query/horse/00063.png,horse,4,/home/emily/MMIP/week5/quiz1/data/gallery/horse/00082.png,horse,0.880998
/home/emily/MMIP/week5/quiz1/data/query/horse/00063.png,horse,5,/home/emily/MMIP/week5/quiz1/data/gallery/horse/00569.png,horse,0.879818
/home/emily/MMIP/week5/quiz1/data/query/horse/00064.png,horse,1,/home/emily/MMIP/week5/quiz1/data/gallery/horse/00559.png,horse,0.878468
/home/emily/MMIP/week5/quiz1/data/query/horse/00064.png,horse,2,/home/emily/MMIP/week5/quiz1/data/gallery/horse/00102.png,horse,0.866552
/home/emily/MMIP/week5/quiz1/data/query/horse/00064.png,horse,3,/home/emily/MMIP/week5/quiz1/data/gallery/horse/00195.png,horse,0.860295
/home/emily/MMIP/week5/quiz1/data/query/horse/00064.png,horse,4,/home/emily/MMIP/week5/quiz1/data/gallery/horse/00184.png,horse,0.857658
/home/emily/MMIP/week5/quiz1/data/query/horse/00064.png,horse,5,/home/emily/MMIP/week5/quiz1/data/gallery/deer/00890.png,deer,0.857531
/home/emily/MMIP/week5/quiz1/data/query/horse/00065.png,horse,1,/home/emily/MMIP/week5/quiz1/data/gallery/horse/00660.png,horse,0.861809
/home/emily/MMIP/week5/quiz1/data/query/horse/00065.png,horse,2,/home/emily/MMIP/week5/quiz1/data/gallery/horse/00004.png,horse,0.861104
/home/emily/MMIP/week5/quiz1/data/query/horse/00065.png,horse,3,/home/emily/MMIP/week5/quiz1/data/gallery/horse/00287.png,horse,0.845262
/home/emily/MMIP/week5/quiz1/data/query/horse/00065.png,horse,4,/home/emily/MMIP/week5/quiz1/data/gallery/horse/00685.png,horse,0.844649
/home/emily/MMIP/week5/quiz1/data/query/horse/00065.png,horse,5,/home/emily/MMIP/week5/quiz1/data/gallery/horse/00515.png,horse,0.842779
/home/emily/MMIP/week5/quiz1/data/query/horse/00066.png,horse,1,/home/emily/MMIP/week5/quiz1/data/gallery/horse/00380.png,horse,0.887492
/home/emily/MMIP/week5/quiz1/data/query/horse/00066.png,horse,2,/home/emily/MMIP/week5/quiz1/data/gallery/deer/00405.png,deer,0.876409
/home/emily/MMIP/week5/quiz1/data/query/horse/00066.png,horse,3,/home/emily/MMIP/week5/quiz1/data/gallery/horse/00052.png,horse,0.875213
/home/emily/MMIP/week5/quiz1/data/query/horse/00066.png,horse,4,/home/emily/MMIP/week5/quiz1/data/gallery/horse/00967.png,horse,0.873728
/home/emily/MMIP/week5/quiz1/data/query/horse/00066.png,horse,5,/home/emily/MMIP/week5/quiz1/data/gallery/deer/00909.png,deer,0.865302
/home/emily/MMIP/week5/quiz1/data/query/horse/00067.png,horse,1,/home/emily/MMIP/week5/quiz1/data/gallery/horse/00336.png,horse,0.861238
/home/emily/MMIP/week5/quiz1/data/query/horse/00067.png,horse,2,/home/emily/MMIP/week5/quiz1/data/gallery/deer/00855.png,deer,0.850432
/home/emily/MMIP/week5/quiz1/data/query/horse/00067.png,horse,3,/home/emily/MMIP/week5/quiz1/data/gallery/horse/00170.png,horse,0.850273
/home/emily/MMIP/week5/quiz1/data/query/horse/00067.png,horse,4,/home/emily/MMIP/week5/quiz1/data/gallery/deer/00636.png,deer,0.841330
/home/emily/MMIP/week5/quiz1/data/query/horse/00067.png,horse,5,/home/emily/MMIP/week5/quiz1/data/gallery/deer/00702.png,deer,0.838927
/home/emily/MMIP/week5/quiz1/data/query/horse/00068.png,horse,1,/home/emily/MMIP/week5/quiz1/data/gallery/horse/00042.png,horse,0.898312
/home/emily/MMIP/week5/quiz1/data/query/horse/00068.png,horse,2,/home/emily/MMIP/week5/quiz1/data/gallery/horse/00754.png,horse,0.896174
/home/emily/MMIP/week5/quiz1/data/query/horse/00068.png,horse,3,/home/emily/MMIP/week5/quiz1/data/gallery/horse/00834.png,horse,0.890430
/home/emily/MMIP/week5/quiz1/data/query/horse/00068.png,horse,4,/home/emily/MMIP/week5/quiz1/data/gallery/horse/00061.png,horse,0.889547
/home/emily/MMIP/week5/quiz1/data/query/horse/00068.png,horse,5,/home/emily/MMIP/week5/quiz1/data/gallery/horse/00585.png,horse,0.884872
/home/emily/MMIP/week5/quiz1/data/query/horse/00069.png,horse,1,/home/emily/MMIP/week5/quiz1/data/gallery/horse/00449.png,horse,0.912713
/home/emily/MMIP/week5/quiz1/data/query/horse/00069.png,horse,2,/home/emily/MMIP/week5/quiz1/data/gallery/horse/00209.png,horse,0.884309
/home/emily/MMIP/week5/quiz1/data/query/horse/00069.png,horse,3,/home/emily/MMIP/week5/quiz1/data/gallery/horse/00156.png,horse,0.883527
/home/emily/MMIP/week5/quiz1/data/query/horse/00069.png,horse,4,/home/emily/MMIP/week5/quiz1/data/gallery/horse/00212.png,horse,0.883091
/home/emily/MMIP/week5/quiz1/data/query/horse/00069.png,horse,5,/home/emily/MMIP/week5/quiz1/data/gallery/horse/00671.png,horse,0.881820
/home/emily/MMIP/week5/quiz1/data/query/horse/00070.png,horse,1,/home/emily/MMIP/week5/quiz1/data/gallery/horse/00078.png,horse,0.881782
/home/emily/MMIP/week5/quiz1/data/query/horse/00070.png,horse,2,/home/emily/MMIP/week5/quiz1/data/gallery/horse/00679.png,horse,0.880073
/home/emily/MMIP/week5/quiz1/data/query/horse/00070.png,horse,3,/home/emily/MMIP/week5/quiz1/data/gallery/horse/00427.png,horse,0.879325
/home/emily/MMIP/week5/quiz1/data/query/horse/00070.png,horse,4,/home/emily/MMIP/week5/quiz1/data/gallery/horse/00736.png,horse,0.878468
/home/emily/MMIP/week5/quiz1/data/query/horse/00070.png,horse,5,/home/emily/MMIP/week5/quiz1/data/gallery/horse/00860.png,horse,0.873383
/home/emily/MMIP/week5/quiz1/data/query/horse/00071.png,horse,1,/home/emily/MMIP/week5/quiz1/data/gallery/horse/00748.png,horse,0.869784
/home/emily/MMIP/week5/quiz1/data/query/horse/00071.png,horse,2,/home/emily/MMIP/week5/quiz1/data/gallery/deer/00765.png,deer,0.858880
/home/emily/MMIP/week5/quiz1/data/query/horse/00071.png,horse,3,/home/emily/MMIP/week5/quiz1/data/gallery/horse/00444.png,horse,0.855572
/home/emily/MMIP/week5/quiz1/data/query/horse/00071.png,horse,4,/home/emily/MMIP/week5/quiz1/data/gallery/horse/00764.png,horse,0.852839
/home/emily/MMIP/week5/quiz1/data/query/horse/00071.png,horse,5,/home/emily/MMIP/week5/quiz1/data/gallery/horse/00068.png,horse,0.852750
/home/emily/MMIP/week5/quiz1/data/query/horse/00072.png,horse,1,/home/emily/MMIP/week5/quiz1/data/gallery/ship/00864.png,ship,0.861841
/home/emily/MMIP/week5/quiz1/data/query/horse/00072.png,horse,2,/home/emily/MMIP/week5/quiz1/data/gallery/ship/00670.png,ship,0.854425
/home/emily/MMIP/week5/quiz1/data/query/horse/00072.png,horse,3,/home/emily/MMIP/week5/quiz1/data/gallery/ship/00316.png,ship,0.851859
/home/emily/MMIP/week5/quiz1/data/query/horse/00072.png,horse,4,/home/emily/MMIP/week5/quiz1/data/gallery/horse/00535.png,horse,0.850711
/home/emily/MMIP/week5/quiz1/data/query/horse/00072.png,horse,5,/home/emily/MMIP/week5/quiz1/data/gallery/horse/00272.png,horse,0.843247
/home/emily/MMIP/week5/quiz1/data/query/horse/00073.png,horse,1,/home/emily/MMIP/week5/quiz1/data/gallery/horse/00211.png,horse,0.891633
/home/emily/MMIP/week5/quiz1/data/query/horse/00073.png,horse,2,/home/emily/MMIP/week5/quiz1/data/gallery/horse/00546.png,horse,0.879625
/home/emily/MMIP/week5/quiz1/data/query/horse/00073.png,horse,3,/home/emily/MMIP/week5/quiz1/data/gallery/horse/00672.png,horse,0.876458
/home/emily/MMIP/week5/quiz1/data/query/horse/00073.png,horse,4,/home/emily/MMIP/week5/quiz1/data/gallery/dog/00810.png,dog,0.874003
/home/emily/MMIP/week5/quiz1/data/query/horse/00073.png,horse,5,/home/emily/MMIP/week5/quiz1/data/gallery/deer/00326.png,deer,0.870147
/home/emily/MMIP/week5/quiz1/data/query/horse/00074.png,horse,1,/home/emily/MMIP/week5/quiz1/data/gallery/horse/00635.png,horse,0.851374
/home/emily/MMIP/week5/quiz1/data/query/horse/00074.png,horse,2,/home/emily/MMIP/week5/quiz1/data/gallery/horse/00830.png,horse,0.850204
/home/emily/MMIP/week5/quiz1/data/query/horse/00074.png,horse,3,/home/emily/MMIP/week5/quiz1/data/gallery/horse/00247.png,horse,0.849775
/home/emily/MMIP/week5/quiz1/data/query/horse/00074.png,horse,4,/home/emily/MMIP/week5/quiz1/data/gallery/horse/00000.png,horse,0.845450
/home/emily/MMIP/week5/quiz1/data/query/horse/00074.png,horse,5,/home/emily/MMIP/week5/quiz1/data/gallery/horse/00977.png,horse,0.840209
/home/emily/MMIP/week5/quiz1/data/query/horse/00075.png,horse,1,/home/emily/MMIP/week5/quiz1/data/gallery/bird/00892.png,bird,0.869140
/home/emily/MMIP/week5/quiz1/data/query/horse/00075.png,horse,2,/home/emily/MMIP/week5/quiz1/data/gallery/horse/00735.png,horse,0.852324
/home/emily/MMIP/week5/quiz1/data/query/horse/00075.png,horse,3,/home/emily/MMIP/week5/quiz1/data/gallery/horse/00444.png,horse,0.850519
/home/emily/MMIP/week5/quiz1/data/query/horse/00075.png,horse,4,/home/emily/MMIP/week5/quiz1/data/gallery/deer/00782.png,deer,0.850469
/home/emily/MMIP/week5/quiz1/data/query/horse/00075.png,horse,5,/home/emily/MMIP/week5/quiz1/data/gallery/deer/00209.png,deer,0.850430
/home/emily/MMIP/week5/quiz1/data/query/horse/00076.png,horse,1,/home/emily/MMIP/week5/quiz1/data/gallery/horse/00659.png,horse,0.868220
/home/emily/MMIP/week5/quiz1/data/query/horse/00076.png,horse,2,/home/emily/MMIP/week5/quiz1/data/gallery/horse/00544.png,horse,0.858672
/home/emily/MMIP/week5/quiz1/data/query/horse/00076.png,horse,3,/home/emily/MMIP/week5/quiz1/data/gallery/horse/00336.png,horse,0.849616
/home/emily/MMIP/week5/quiz1/data/query/horse/00076.png,horse,4,/home/emily/MMIP/week5/quiz1/data/gallery/horse/00294.png,horse,0.846986
/home/emily/MMIP/week5/quiz1/data/query/horse/00076.png,horse,5,/home/emily/MMIP/week5/quiz1/data/gallery/horse/00368.png,horse,0.845857
/home/emily/MMIP/week5/quiz1/data/query/horse/00077.png,horse,1,/home/emily/MMIP/week5/quiz1/data/gallery/deer/00500.png,deer,0.848742
/home/emily/MMIP/week5/quiz1/data/query/horse/00077.png,horse,2,/home/emily/MMIP/week5/quiz1/data/gallery/cat/00230.png,cat,0.848134
/home/emily/MMIP/week5/quiz1/data/query/horse/00077.png,horse,3,/home/emily/MMIP/week5/quiz1/data/gallery/deer/00411.png,deer,0.842309
/home/emily/MMIP/week5/quiz1/data/query/horse/00077.png,horse,4,/home/emily/MMIP/week5/quiz1/data/gallery/deer/00727.png,deer,0.841775
/home/emily/MMIP/week5/quiz1/data/query/horse/00077.png,horse,5,/home/emily/MMIP/week5/quiz1/data/gallery/deer/00251.png,deer,0.841609
/home/emily/MMIP/week5/quiz1/data/query/horse/00078.png,horse,1,/home/emily/MMIP/week5/quiz1/data/gallery/horse/00820.png,horse,0.886322
/home/emily/MMIP/week5/quiz1/data/query/horse/00078.png,horse,2,/home/emily/MMIP/week5/quiz1/data/gallery/horse/00148.png,horse,0.876158
/home/emily/MMIP/week5/quiz1/data/query/horse/00078.png,horse,3,/home/emily/MMIP/week5/quiz1/data/gallery/horse/00094.png,horse,0.873130
/home/emily/MMIP/week5/quiz1/data/query/horse/00078.png,horse,4,/home/emily/MMIP/week5/quiz1/data/gallery/horse/00819.png,horse,0.872011
/home/emily/MMIP/week5/quiz1/data/query/horse/00078.png,horse,5,/home/emily/MMIP/week5/quiz1/data/gallery/horse/00504.png,horse,0.869436
/home/emily/MMIP/week5/quiz1/data/query/horse/00079.png,horse,1,/home/emily/MMIP/week5/quiz1/data/gallery/horse/00875.png,horse,0.892003
/home/emily/MMIP/week5/quiz1/data/query/horse/00079.png,horse,2,/home/emily/MMIP/week5/quiz1/data/gallery/horse/00078.png,horse,0.884885
/home/emily/MMIP/week5/quiz1/data/query/horse/00079.png,horse,3,/home/emily/MMIP/week5/quiz1/data/gallery/horse/00820.png,horse,0.884838
/home/emily/MMIP/week5/quiz1/data/query/horse/00079.png,horse,4,/home/emily/MMIP/week5/quiz1/data/gallery/horse/00172.png,horse,0.883886
/home/emily/MMIP/week5/quiz1/data/query/horse/00079.png,horse,5,/home/emily/MMIP/week5/quiz1/data/gallery/horse/00344.png,horse,0.881677
/home/emily/MMIP/week5/quiz1/data/query/horse/00080.png,horse,1,/home/emily/MMIP/week5/quiz1/data/gallery/horse/00762.png,horse,0.808735
/home/emily/MMIP/week5/quiz1/data/query/horse/00080.png,horse,2,/home/emily/MMIP/week5/quiz1/data/gallery/horse/00388.png,horse,0.774776
/home/emily/MMIP/week5/quiz1/data/query/horse/00080.png,horse,3,/home/emily/MMIP/week5/quiz1/data/gallery/horse/00814.png,horse,0.767871
/home/emily/MMIP/week5/quiz1/data/query/horse/00080.png,horse,4,/home/emily/MMIP/week5/quiz1/data/gallery/horse/00176.png,horse,0.765225
/home/emily/MMIP/week5/quiz1/data/query/horse/00080.png,horse,5,/home/emily/MMIP/week5/quiz1/data/gallery/horse/00405.png,horse,0.764829
/home/emily/MMIP/week5/quiz1/data/query/horse/00081.png,horse,1,/home/emily/MMIP/week5/quiz1/data/gallery/horse/00191.png,horse,0.834008
/home/emily/MMIP/week5/quiz1/data/query/horse/00081.png,horse,2,/home/emily/MMIP/week5/quiz1/data/gallery/horse/00495.png,horse,0.825804
/home/emily/MMIP/week5/quiz1/data/query/horse/00081.png,horse,3,/home/emily/MMIP/week5/quiz1/data/gallery/horse/00895.png,horse,0.824520
/home/emily/MMIP/week5/quiz1/data/query/horse/00081.png,horse,4,/home/emily/MMIP/week5/quiz1/data/gallery/airplane/00440.png,airplane,0.824288
/home/emily/MMIP/week5/quiz1/data/query/horse/00081.png,horse,5,/home/emily/MMIP/week5/quiz1/data/gallery/horse/00405.png,horse,0.823962
/home/emily/MMIP/week5/quiz1/data/query/horse/00082.png,horse,1,/home/emily/MMIP/week5/quiz1/data/gallery/horse/00875.png,horse,0.902663
/home/emily/MMIP/week5/quiz1/data/query/horse/00082.png,horse,2,/home/emily/MMIP/week5/quiz1/data/gallery/horse/00118.png,horse,0.900361
/home/emily/MMIP/week5/quiz1/data/query/horse/00082.png,horse,3,/home/emily/MMIP/week5/quiz1/data/gallery/horse/00606.png,horse,0.892127
/home/emily/MMIP/week5/quiz1/data/query/horse/00082.png,horse,4,/home/emily/MMIP/week5/quiz1/data/gallery/horse/00213.png,horse,0.890933
/home/emily/MMIP/week5/quiz1/data/query/horse/00082.png,horse,5,/home/emily/MMIP/week5/quiz1/data/gallery/horse/00255.png,horse,0.887831
/home/emily/MMIP/week5/quiz1/data/query/horse/00083.png,horse,1,/home/emily/MMIP/week5/quiz1/data/gallery/horse/00199.png,horse,0.890149
/home/emily/MMIP/week5/quiz1/data/query/horse/00083.png,horse,2,/home/emily/MMIP/week5/quiz1/data/gallery/horse/00912.png,horse,0.879178
/home/emily/MMIP/week5/quiz1/data/query/horse/00083.png,horse,3,/home/emily/MMIP/week5/quiz1/data/gallery/horse/00972.png,horse,0.874582
/home/emily/MMIP/week5/quiz1/data/query/horse/00083.png,horse,4,/home/emily/MMIP/week5/quiz1/data/gallery/horse/00900.png,horse,0.871535
/home/emily/MMIP/week5/quiz1/data/query/horse/00083.png,horse,5,/home/emily/MMIP/week5/quiz1/data/gallery/horse/00449.png,horse,0.869946
/home/emily/MMIP/week5/quiz1/data/query/horse/00084.png,horse,1,/home/emily/MMIP/week5/quiz1/data/gallery/horse/00460.png,horse,0.871073
/home/emily/MMIP/week5/quiz1/data/query/horse/00084.png,horse,2,/home/emily/MMIP/week5/quiz1/data/gallery/horse/00886.png,horse,0.846325
/home/emily/MMIP/week5/quiz1/data/query/horse/00084.png,horse,3,/home/emily/MMIP/week5/quiz1/data/gallery/horse/00007.png,horse,0.838854
/home/emily/MMIP/week5/quiz1/data/query/horse/00084.png,horse,4,/home/emily/MMIP/week5/quiz1/data/gallery/horse/00620.png,horse,0.831207
/home/emily/MMIP/week5/quiz1/data/query/horse/00084.png,horse,5,/home/emily/MMIP/week5/quiz1/data/gallery/horse/00275.png,horse,0.826436
/home/emily/MMIP/week5/quiz1/data/query/horse/00085.png,horse,1,/home/emily/MMIP/week5/quiz1/data/gallery/horse/00824.png,horse,0.895982
/home/emily/MMIP/week5/quiz1/data/query/horse/00085.png,horse,2,/home/emily/MMIP/week5/quiz1/data/gallery/horse/00836.png,horse,0.880202
/home/emily/MMIP/week5/quiz1/data/query/horse/00085.png,horse,3,/home/emily/MMIP/week5/quiz1/data/gallery/horse/00696.png,horse,0.877748
/home/emily/MMIP/week5/quiz1/data/query/horse/00085.png,horse,4,/home/emily/MMIP/week5/quiz1/data/gallery/horse/00812.png,horse,0.874476
/home/emily/MMIP/week5/quiz1/data/query/horse/00085.png,horse,5,/home/emily/MMIP/week5/quiz1/data/gallery/horse/00076.png,horse,0.869920
/home/emily/MMIP/week5/quiz1/data/query/horse/00086.png,horse,1,/home/emily/MMIP/week5/quiz1/data/gallery/horse/00190.png,horse,0.910844
/home/emily/MMIP/week5/quiz1/data/query/horse/00086.png,horse,2,/home/emily/MMIP/week5/quiz1/data/gallery/horse/00986.png,horse,0.901667
/home/emily/MMIP/week5/quiz1/data/query/horse/00086.png,horse,3,/home/emily/MMIP/week5/quiz1/data/gallery/horse/00819.png,horse,0.891223
/home/emily/MMIP/week5/quiz1/data/query/horse/00086.png,horse,4,/home/emily/MMIP/week5/quiz1/data/gallery/horse/00974.png,horse,0.890072
/home/emily/MMIP/week5/quiz1/data/query/horse/00086.png,horse,5,/home/emily/MMIP/week5/quiz1/data/gallery/horse/00521.png,horse,0.889526
/home/emily/MMIP/week5/quiz1/data/query/horse/00087.png,horse,1,/home/emily/MMIP/week5/quiz1/data/gallery/horse/00784.png,horse,0.857245
/home/emily/MMIP/week5/quiz1/data/query/horse/00087.png,horse,2,/home/emily/MMIP/week5/quiz1/data/gallery/horse/00864.png,horse,0.852906
/home/emily/MMIP/week5/quiz1/data/query/horse/00087.png,horse,3,/home/emily/MMIP/week5/quiz1/data/gallery/dog/00117.png,dog,0.848546
/home/emily/MMIP/week5/quiz1/data/query/horse/00087.png,horse,4,/home/emily/MMIP/week5/quiz1/data/gallery/frog/00791.png,frog,0.848398
/home/emily/MMIP/week5/quiz1/data/query/horse/00087.png,horse,5,/home/emily/MMIP/week5/quiz1/data/gallery/horse/00906.png,horse,0.847651
/home/emily/MMIP/week5/quiz1/data/query/horse/00088.png,horse,1,/home/emily/MMIP/week5/quiz1/data/gallery/horse/00463.png,horse,0.878000
/home/emily/MMIP/week5/quiz1/data/query/horse/00088.png,horse,2,/home/emily/MMIP/week5/quiz1/data/gallery/horse/00484.png,horse,0.855308
/home/emily/MMIP/week5/quiz1/data/query/horse/00088.png,horse,3,/home/emily/MMIP/week5/quiz1/data/gallery/horse/00261.png,horse,0.851096
/home/emily/MMIP/week5/quiz1/data/query/horse/00088.png,horse,4,/home/emily/MMIP/week5/quiz1/data/gallery/horse/00857.png,horse,0.849322
/home/emily/MMIP/week5/quiz1/data/query/horse/00088.png,horse,5,/home/emily/MMIP/week5/quiz1/data/gallery/horse/00657.png,horse,0.842994
/home/emily/MMIP/week5/quiz1/data/query/horse/00089.png,horse,1,/home/emily/MMIP/week5/quiz1/data/gallery/horse/00338.png,horse,0.986098
/home/emily/MMIP/week5/quiz1/data/query/horse/00089.png,horse,2,/home/emily/MMIP/week5/quiz1/data/gallery/horse/00018.png,horse,0.879176
/home/emily/MMIP/week5/quiz1/data/query/horse/00089.png,horse,3,/home/emily/MMIP/week5/quiz1/data/gallery/deer/00841.png,deer,0.864954
/home/emily/MMIP/week5/quiz1/data/query/horse/00089.png,horse,4,/home/emily/MMIP/week5/quiz1/data/gallery/horse/00916.png,horse,0.863755
/home/emily/MMIP/week5/quiz1/data/query/horse/00089.png,horse,5,/home/emily/MMIP/week5/quiz1/data/gallery/horse/00244.png,horse,0.862960
/home/emily/MMIP/week5/quiz1/data/query/horse/00090.png,horse,1,/home/emily/MMIP/week5/quiz1/data/gallery/horse/00303.png,horse,0.898451
/home/emily/MMIP/week5/quiz1/data/query/horse/00090.png,horse,2,/home/emily/MMIP/week5/quiz1/data/gallery/horse/00782.png,horse,0.881657
/home/emily/MMIP/week5/quiz1/data/query/horse/00090.png,horse,3,/home/emily/MMIP/week5/quiz1/data/gallery/horse/00836.png,horse,0.878055
/home/emily/MMIP/week5/quiz1/data/query/horse/00090.png,horse,4,/home/emily/MMIP/week5/quiz1/data/gallery/horse/00803.png,horse,0.877897
/home/emily/MMIP/week5/quiz1/data/query/horse/00090.png,horse,5,/home/emily/MMIP/week5/quiz1/data/gallery/horse/00722.png,horse,0.871308
/home/emily/MMIP/week5/quiz1/data/query/horse/00091.png,horse,1,/home/emily/MMIP/week5/quiz1/data/gallery/deer/00753.png,deer,0.875524
/home/emily/MMIP/week5/quiz1/data/query/horse/00091.png,horse,2,/home/emily/MMIP/week5/quiz1/data/gallery/horse/00397.png,horse,0.852846
/home/emily/MMIP/week5/quiz1/data/query/horse/00091.png,horse,3,/home/emily/MMIP/week5/quiz1/data/gallery/deer/00886.png,deer,0.852730
/home/emily/MMIP/week5/quiz1/data/query/horse/00091.png,horse,4,/home/emily/MMIP/week5/quiz1/data/gallery/deer/00209.png,deer,0.850991
/home/emily/MMIP/week5/quiz1/data/query/horse/00091.png,horse,5,/home/emily/MMIP/week5/quiz1/data/gallery/horse/00510.png,horse,0.850791
/home/emily/MMIP/week5/quiz1/data/query/horse/00092.png,horse,1,/home/emily/MMIP/week5/quiz1/data/gallery/horse/00751.png,horse,0.890991
/home/emily/MMIP/week5/quiz1/data/query/horse/00092.png,horse,2,/home/emily/MMIP/week5/quiz1/data/gallery/horse/00123.png,horse,0.883178
/home/emily/MMIP/week5/quiz1/data/query/horse/00092.png,horse,3,/home/emily/MMIP/week5/quiz1/data/gallery/deer/00689.png,deer,0.881565
/home/emily/MMIP/week5/quiz1/data/query/horse/00092.png,horse,4,/home/emily/MMIP/week5/quiz1/data/gallery/horse/00875.png,horse,0.880889
/home/emily/MMIP/week5/quiz1/data/query/horse/00092.png,horse,5,/home/emily/MMIP/week5/quiz1/data/gallery/deer/00319.png,deer,0.880112
/home/emily/MMIP/week5/quiz1/data/query/horse/00093.png,horse,1,/home/emily/MMIP/week5/quiz1/data/gallery/horse/00613.png,horse,0.884245
/home/emily/MMIP/week5/quiz1/data/query/horse/00093.png,horse,2,/home/emily/MMIP/week5/quiz1/data/gallery/horse/00213.png,horse,0.874302
/home/emily/MMIP/week5/quiz1/data/query/horse/00093.png,horse,3,/home/emily/MMIP/week5/quiz1/data/gallery/horse/00269.png,horse,0.869943
/home/emily/MMIP/week5/quiz1/data/query/horse/00093.png,horse,4,/home/emily/MMIP/week5/quiz1/data/gallery/horse/00328.png,horse,0.869872
/home/emily/MMIP/week5/quiz1/data/query/horse/00093.png,horse,5,/home/emily/MMIP/week5/quiz1/data/gallery/horse/00371.png,horse,0.866090
/home/emily/MMIP/week5/quiz1/data/query/horse/00094.png,horse,1,/home/emily/MMIP/week5/quiz1/data/gallery/horse/00781.png,horse,0.904484
/home/emily/MMIP/week5/quiz1/data/query/horse/00094.png,horse,2,/home/emily/MMIP/week5/quiz1/data/gallery/horse/00585.png,horse,0.900346
/home/emily/MMIP/week5/quiz1/data/query/horse/00094.png,horse,3,/home/emily/MMIP/week5/quiz1/data/gallery/horse/00118.png,horse,0.899995
/home/emily/MMIP/week5/quiz1/data/query/horse/00094.png,horse,4,/home/emily/MMIP/week5/quiz1/data/gallery/horse/00852.png,horse,0.892831
/home/emily/MMIP/week5/quiz1/data/query/horse/00094.png,horse,5,/home/emily/MMIP/week5/quiz1/data/gallery/horse/00365.png,horse,0.891278
/home/emily/MMIP/week5/quiz1/data/query/horse/00095.png,horse,1,/home/emily/MMIP/week5/quiz1/data/gallery/dog/00492.png,dog,0.852124
/home/emily/MMIP/week5/quiz1/data/query/horse/00095.png,horse,2,/home/emily/MMIP/week5/quiz1/data/gallery/dog/00341.png,dog,0.833959
/home/emily/MMIP/week5/quiz1/data/query/horse/00095.png,horse,3,/home/emily/MMIP/week5/quiz1/data/gallery/horse/00339.png,horse,0.830074
/home/emily/MMIP/week5/quiz1/data/query/horse/00095.png,horse,4,/home/emily/MMIP/week5/quiz1/data/gallery/horse/00238.png,horse,0.827023
/home/emily/MMIP/week5/quiz1/data/query/horse/00095.png,horse,5,/home/emily/MMIP/week5/quiz1/data/gallery/dog/00771.png,dog,0.827019
/home/emily/MMIP/week5/quiz1/data/query/horse/00096.png,horse,1,/home/emily/MMIP/week5/quiz1/data/gallery/horse/00269.png,horse,0.854783
/home/emily/MMIP/week5/quiz1/data/query/horse/00096.png,horse,2,/home/emily/MMIP/week5/quiz1/data/gallery/horse/00235.png,horse,0.849238
/home/emily/MMIP/week5/quiz1/data/query/horse/00096.png,horse,3,/home/emily/MMIP/week5/quiz1/data/gallery/horse/00624.png,horse,0.847838
/home/emily/MMIP/week5/quiz1/data/query/horse/00096.png,horse,4,/home/emily/MMIP/week5/quiz1/data/gallery/horse/00504.png,horse,0.845087
/home/emily/MMIP/week5/quiz1/data/query/horse/00096.png,horse,5,/home/emily/MMIP/week5/quiz1/data/gallery/horse/00321.png,horse,0.842775
/home/emily/MMIP/week5/quiz1/data/query/horse/00097.png,horse,1,/home/emily/MMIP/week5/quiz1/data/gallery/horse/00003.png,horse,0.866142
/home/emily/MMIP/week5/quiz1/data/query/horse/00097.png,horse,2,/home/emily/MMIP/week5/quiz1/data/gallery/horse/00454.png,horse,0.862563
/home/emily/MMIP/week5/quiz1/data/query/horse/00097.png,horse,3,/home/emily/MMIP/week5/quiz1/data/gallery/horse/00525.png,horse,0.862488
/home/emily/MMIP/week5/quiz1/data/query/horse/00097.png,horse,4,/home/emily/MMIP/week5/quiz1/data/gallery/dog/00284.png,dog,0.860300
/home/emily/MMIP/week5/quiz1/data/query/horse/00097.png,horse,5,/home/emily/MMIP/week5/quiz1/data/gallery/horse/00829.png,horse,0.856195
/home/emily/MMIP/week5/quiz1/data/query/horse/00098.png,horse,1,/home/emily/MMIP/week5/quiz1/data/gallery/horse/00634.png,horse,0.892521
/home/emily/MMIP/week5/quiz1/data/query/horse/00098.png,horse,2,/home/emily/MMIP/week5/quiz1/data/gallery/horse/00757.png,horse,0.885524
/home/emily/MMIP/week5/quiz1/data/query/horse/00098.png,horse,3,/home/emily/MMIP/week5/quiz1/data/gallery/horse/00255.png,horse,0.880903
/home/emily/MMIP/week5/quiz1/data/query/horse/00098.png,horse,4,/home/emily/MMIP/week5/quiz1/data/gallery/horse/00247.png,horse,0.877745
/home/emily/MMIP/week5/quiz1/data/query/horse/00098.png,horse,5,/home/emily/MMIP/week5/quiz1/data/gallery/horse/00207.png,horse,0.877400
/home/emily/MMIP/week5/quiz1/data/query/horse/00099.png,horse,1,/home/emily/MMIP/week5/quiz1/data/gallery/horse/00515.png,horse,0.858663
/home/emily/MMIP/week5/quiz1/data/query/horse/00099.png,horse,2,/home/emily/MMIP/week5/quiz1/data/gallery/horse/00040.png,horse,0.850867
/home/emily/MMIP/week5/quiz1/data/query/horse/00099.png,horse,3,/home/emily/MMIP/week5/quiz1/data/gallery/horse/00944.png,horse,0.841444
/home/emily/MMIP/week5/quiz1/data/query/horse/00099.png,horse,4,/home/emily/MMIP/week5/quiz1/data/gallery/horse/00677.png,horse,0.841344
/home/emily/MMIP/week5/quiz1/data/query/horse/00099.png,horse,5,/home/emily/MMIP/week5/quiz1/data/gallery/horse/00449.png,horse,0.839106
/home/emily/MMIP/week5/quiz1/data/query/ship/00000.png,ship,1,/home/emily/MMIP/week5/quiz1/data/gallery/ship/00507.png,ship,0.862411
/home/emily/MMIP/week5/quiz1/data/query/ship/00000.png,ship,2,/home/emily/MMIP/week5/quiz1/data/gallery/ship/00159.png,ship,0.862137
/home/emily/MMIP/week5/quiz1/data/query/ship/00000.png,ship,3,/home/emily/MMIP/week5/quiz1/data/gallery/automobile/00325.png,automobile,0.861716
/home/emily/MMIP/week5/quiz1/data/query/ship/00000.png,ship,4,/home/emily/MMIP/week5/quiz1/data/gallery/ship/00266.png,ship,0.860630
/home/emily/MMIP/week5/quiz1/data/query/ship/00000.png,ship,5,/home/emily/MMIP/week5/quiz1/data/gallery/ship/00222.png,ship,0.857101
/home/emily/MMIP/week5/quiz1/data/query/ship/00001.png,ship,1,/home/emily/MMIP/week5/quiz1/data/gallery/ship/00919.png,ship,0.880756
/home/emily/MMIP/week5/quiz1/data/query/ship/00001.png,ship,2,/home/emily/MMIP/week5/quiz1/data/gallery/ship/00169.png,ship,0.875546
/home/emily/MMIP/week5/quiz1/data/query/ship/00001.png,ship,3,/home/emily/MMIP/week5/quiz1/data/gallery/automobile/00325.png,automobile,0.870715
/home/emily/MMIP/week5/quiz1/data/query/ship/00001.png,ship,4,/home/emily/MMIP/week5/quiz1/data/gallery/ship/00683.png,ship,0.869381
/home/emily/MMIP/week5/quiz1/data/query/ship/00001.png,ship,5,/home/emily/MMIP/week5/quiz1/data/gallery/automobile/00765.png,automobile,0.865286
/home/emily/MMIP/week5/quiz1/data/query/ship/00002.png,ship,1,/home/emily/MMIP/week5/quiz1/data/gallery/airplane/00524.png,airplane,0.850507
/home/emily/MMIP/week5/quiz1/data/query/ship/00002.png,ship,2,/home/emily/MMIP/week5/quiz1/data/gallery/ship/00325.png,ship,0.850202
/home/emily/MMIP/week5/quiz1/data/query/ship/00002.png,ship,3,/home/emily/MMIP/week5/quiz1/data/gallery/ship/00040.png,ship,0.841050
/home/emily/MMIP/week5/quiz1/data/query/ship/00002.png,ship,4,/home/emily/MMIP/week5/quiz1/data/gallery/ship/00924.png,ship,0.840111
/home/emily/MMIP/week5/quiz1/data/query/ship/00002.png,ship,5,/home/emily/MMIP/week5/quiz1/data/gallery/airplane/00336.png,airplane,0.838366
/home/emily/MMIP/week5/quiz1/data/query/ship/00003.png,ship,1,/home/emily/MMIP/week5/quiz1/data/gallery/ship/00723.png,ship,0.889191
/home/emily/MMIP/week5/quiz1/data/query/ship/00003.png,ship,2,/home/emily/MMIP/week5/quiz1/data/gallery/ship/00473.png,ship,0.884833
/home/emily/MMIP/week5/quiz1/data/query/ship/00003.png,ship,3,/home/emily/MMIP/week5/quiz1/data/gallery/ship/00479.png,ship,0.883679
/home/emily/MMIP/week5/quiz1/data/query/ship/00003.png,ship,4,/home/emily/MMIP/week5/quiz1/data/gallery/ship/00707.png,ship,0.879539
/home/emily/MMIP/week5/quiz1/data/query/ship/00003.png,ship,5,/home/emily/MMIP/week5/quiz1/data/gallery/ship/00849.png,ship,0.879322
/home/emily/MMIP/week5/quiz1/data/query/ship/00004.png,ship,1,/home/emily/MMIP/week5/quiz1/data/gallery/ship/00554.png,ship,0.887885
/home/emily/MMIP/week5/quiz1/data/query/ship/00004.png,ship,2,/home/emily/MMIP/week5/quiz1/data/gallery/ship/00767.png,ship,0.882471
/home/emily/MMIP/week5/quiz1/data/query/ship/00004.png,ship,3,/home/emily/MMIP/week5/quiz1/data/gallery/ship/00741.png,ship,0.876548
/home/emily/MMIP/week5/quiz1/data/query/ship/00004.png,ship,4,/home/emily/MMIP/week5/quiz1/data/gallery/ship/00709.png,ship,0.874997
/home/emily/MMIP/week5/quiz1/data/query/ship/00004.png,ship,5,/home/emily/MMIP/week5/quiz1/data/gallery/ship/00450.png,ship,0.874492
/home/emily/MMIP/week5/quiz1/data/query/ship/00005.png,ship,1,/home/emily/MMIP/week5/quiz1/data/gallery/ship/00862.png,ship,0.885685
/home/emily/MMIP/week5/quiz1/data/query/ship/00005.png,ship,2,/home/emily/MMIP/week5/quiz1/data/gallery/ship/00776.png,ship,0.875117
/home/emily/MMIP/week5/quiz1/data/query/ship/00005.png,ship,3,/home/emily/MMIP/week5/quiz1/data/gallery/ship/00726.png,ship,0.864602
/home/emily/MMIP/week5/quiz1/data/query/ship/00005.png,ship,4,/home/emily/MMIP/week5/quiz1/data/gallery/ship/00235.png,ship,0.856234
/home/emily/MMIP/week5/quiz1/data/query/ship/00005.png,ship,5,/home/emily/MMIP/week5/quiz1/data/gallery/ship/00485.png,ship,0.854214
/home/emily/MMIP/week5/quiz1/data/query/ship/00006.png,ship,1,/home/emily/MMIP/week5/quiz1/data/gallery/ship/00602.png,ship,0.841725
/home/emily/MMIP/week5/quiz1/data/query/ship/00006.png,ship,2,/home/emily/MMIP/week5/quiz1/data/gallery/ship/00811.png,ship,0.827845
/home/emily/MMIP/week5/quiz1/data/query/ship/00006.png,ship,3,/home/emily/MMIP/week5/quiz1/data/gallery/ship/00551.png,ship,0.819281
/home/emily/MMIP/week5/quiz1/data/query/ship/00006.png,ship,4,/home/emily/MMIP/week5/quiz1/data/gallery/ship/00060.png,ship,0.817209
/home/emily/MMIP/week5/quiz1/data/query/ship/00006.png,ship,5,/home/emily/MMIP/week5/quiz1/data/gallery/automobile/00619.png,automobile,0.812803
/home/emily/MMIP/week5/quiz1/data/query/ship/00007.png,ship,1,/home/emily/MMIP/week5/quiz1/data/gallery/ship/00023.png,ship,0.889369
/home/emily/MMIP/week5/quiz1/data/query/ship/00007.png,ship,2,/home/emily/MMIP/week5/quiz1/data/gallery/ship/00450.png,ship,0.883498
/home/emily/MMIP/week5/quiz1/data/query/ship/00007.png,ship,3,/home/emily/MMIP/week5/quiz1/data/gallery/ship/00494.png,ship,0.871870
/home/emily/MMIP/week5/quiz1/data/query/ship/00007.png,ship,4,/home/emily/MMIP/week5/quiz1/data/gallery/ship/00261.png,ship,0.861692
/home/emily/MMIP/week5/quiz1/data/query/ship/00007.png,ship,5,/home/emily/MMIP/week5/quiz1/data/gallery/ship/00586.png,ship,0.859459
/home/emily/MMIP/week5/quiz1/data/query/ship/00008.png,ship,1,/home/emily/MMIP/week5/quiz1/data/gallery/ship/00344.png,ship,0.843247
/home/emily/MMIP/week5/quiz1/data/query/ship/00008.png,ship,2,/home/emily/MMIP/week5/quiz1/data/gallery/ship/00516.png,ship,0.829646
/home/emily/MMIP/week5/quiz1/data/query/ship/00008.png,ship,3,/home/emily/MMIP/week5/quiz1/data/gallery/ship/00517.png,ship,0.826912
/home/emily/MMIP/week5/quiz1/data/query/ship/00008.png,ship,4,/home/emily/MMIP/week5/quiz1/data/gallery/ship/00197.png,ship,0.824767
/home/emily/MMIP/week5/quiz1/data/query/ship/00008.png,ship,5,/home/emily/MMIP/week5/quiz1/data/gallery/ship/00683.png,ship,0.823847
/home/emily/MMIP/week5/quiz1/data/query/ship/00009.png,ship,1,/home/emily/MMIP/week5/quiz1/data/gallery/ship/00903.png,ship,0.898068
/home/emily/MMIP/week5/quiz1/data/query/ship/00009.png,ship,2,/home/emily/MMIP/week5/quiz1/data/gallery/ship/00674.png,ship,0.884137
/home/emily/MMIP/week5/quiz1/data/query/ship/00009.png,ship,3,/home/emily/MMIP/week5/quiz1/data/gallery/ship/00509.png,ship,0.874340
/home/emily/MMIP/week5/quiz1/data/query/ship/00009.png,ship,4,/home/emily/MMIP/week5/quiz1/data/gallery/ship/00669.png,ship,0.867814
/home/emily/MMIP/week5/quiz1/data/query/ship/00009.png,ship,5,/home/emily/MMIP/week5/quiz1/data/gallery/ship/00125.png,ship,0.859804
/home/emily/MMIP/week5/quiz1/data/query/ship/00010.png,ship,1,/home/emily/MMIP/week5/quiz1/data/gallery/ship/00462.png,ship,0.887968
/home/emily/MMIP/week5/quiz1/data/query/ship/00010.png,ship,2,/home/emily/MMIP/week5/quiz1/data/gallery/ship/00973.png,ship,0.874975
/home/emily/MMIP/week5/quiz1/data/query/ship/00010.png,ship,3,/home/emily/MMIP/week5/quiz1/data/gallery/ship/00315.png,ship,0.872576
/home/emily/MMIP/week5/quiz1/data/query/ship/00010.png,ship,4,/home/emily/MMIP/week5/quiz1/data/gallery/ship/00416.png,ship,0.865810
/home/emily/MMIP/week5/quiz1/data/query/ship/00010.png,ship,5,/home/emily/MMIP/week5/quiz1/data/gallery/ship/00545.png,ship,0.862664
/home/emily/MMIP/week5/quiz1/data/query/ship/00011.png,ship,1,/home/emily/MMIP/week5/quiz1/data/gallery/ship/00670.png,ship,0.871886
/home/emily/MMIP/week5/quiz1/data/query/ship/00011.png,ship,2,/home/emily/MMIP/week5/quiz1/data/gallery/ship/00944.png,ship,0.869244
/home/emily/MMIP/week5/quiz1/data/query/ship/00011.png,ship,3,/home/emily/MMIP/week5/quiz1/data/gallery/airplane/00011.png,airplane,0.867369
/home/emily/MMIP/week5/quiz1/data/query/ship/00011.png,ship,4,/home/emily/MMIP/week5/quiz1/data/gallery/ship/00554.png,ship,0.866073
/home/emily/MMIP/week5/quiz1/data/query/ship/00011.png,ship,5,/home/emily/MMIP/week5/quiz1/data/gallery/ship/00057.png,ship,0.866002
/home/emily/MMIP/week5/quiz1/data/query/ship/00012.png,ship,1,/home/emily/MMIP/week5/quiz1/data/gallery/ship/00573.png,ship,0.882724
/home/emily/MMIP/week5/quiz1/data/query/ship/00012.png,ship,2,/home/emily/MMIP/week5/quiz1/data/gallery/ship/00922.png,ship,0.874308
/home/emily/MMIP/week5/quiz1/data/query/ship/00012.png,ship,3,/home/emily/MMIP/week5/quiz1/data/gallery/ship/00817.png,ship,0.870914
/home/emily/MMIP/week5/quiz1/data/query/ship/00012.png,ship,4,/home/emily/MMIP/week5/quiz1/data/gallery/ship/00470.png,ship,0.867596
/home/emily/MMIP/week5/quiz1/data/query/ship/00012.png,ship,5,/home/emily/MMIP/week5/quiz1/data/gallery/ship/00051.png,ship,0.864975
/home/emily/MMIP/week5/quiz1/data/query/ship/00013.png,ship,1,/home/emily/MMIP/week5/quiz1/data/gallery/ship/00169.png,ship,0.860740
/home/emily/MMIP/week5/quiz1/data/query/ship/00013.png,ship,2,/home/emily/MMIP/week5/quiz1/data/gallery/airplane/00855.png,airplane,0.857416
/home/emily/MMIP/week5/quiz1/data/query/ship/00013.png,ship,3,/home/emily/MMIP/week5/quiz1/data/gallery/ship/00464.png,ship,0.851265
/home/emily/MMIP/week5/quiz1/data/query/ship/00013.png,ship,4,/home/emily/MMIP/week5/quiz1/data/gallery/ship/00919.png,ship,0.847921
/home/emily/MMIP/week5/quiz1/data/query/ship/00013.png,ship,5,/home/emily/MMIP/week5/quiz1/data/gallery/ship/00729.png,ship,0.847742
/home/emily/MMIP/week5/quiz1/data/query/ship/00014.png,ship,1,/home/emily/MMIP/week5/quiz1/data/gallery/ship/00125.png,ship,0.868905
/home/emily/MMIP/week5/quiz1/data/query/ship/00014.png,ship,2,/home/emily/MMIP/week5/quiz1/data/gallery/ship/00651.png,ship,0.857745
/home/emily/MMIP/week5/quiz1/data/query/ship/00014.png,ship,3,/home/emily/MMIP/week5/quiz1/data/gallery/ship/00614.png,ship,0.842764
/home/emily/MMIP/week5/quiz1/data/query/ship/00014.png,ship,4,/home/emily/MMIP/week5/quiz1/data/gallery/ship/00372.png,ship,0.841849
/home/emily/MMIP/week5/quiz1/data/query/ship/00014.png,ship,5,/home/emily/MMIP/week5/quiz1/data/gallery/ship/00476.png,ship,0.841515
/home/emily/MMIP/week5/quiz1/data/query/ship/00015.png,ship,1,/home/emily/MMIP/week5/quiz1/data/gallery/ship/00378.png,ship,0.880754
/home/emily/MMIP/week5/quiz1/data/query/ship/00015.png,ship,2,/home/emily/MMIP/week5/quiz1/data/gallery/ship/00937.png,ship,0.880677
/home/emily/MMIP/week5/quiz1/data/query/ship/00015.png,ship,3,/home/emily/MMIP/week5/quiz1/data/gallery/ship/00257.png,ship,0.871545
/home/emily/MMIP/week5/quiz1/data/query/ship/00015.png,ship,4,/home/emily/MMIP/week5/quiz1/data/gallery/ship/00485.png,ship,0.862331
/home/emily/MMIP/week5/quiz1/data/query/ship/00015.png,ship,5,/home/emily/MMIP/week5/quiz1/data/gallery/ship/00646.png,ship,0.860040
/home/emily/MMIP/week5/quiz1/data/query/ship/00016.png,ship,1,/home/emily/MMIP/week5/quiz1/data/gallery/ship/00747.png,ship,0.875593
/home/emily/MMIP/week5/quiz1/data/query/ship/00016.png,ship,2,/home/emily/MMIP/week5/quiz1/data/gallery/ship/00764.png,ship,0.869286
/home/emily/MMIP/week5/quiz1/data/query/ship/00016.png,ship,3,/home/emily/MMIP/week5/quiz1/data/gallery/ship/00815.png,ship,0.864527
/home/emily/MMIP/week5/quiz1/data/query/ship/00016.png,ship,4,/home/emily/MMIP/week5/quiz1/data/gallery/ship/00212.png,ship,0.861138
/home/emily/MMIP/week5/quiz1/data/query/ship/00016.png,ship,5,/home/emily/MMIP/week5/quiz1/data/gallery/ship/00139.png,ship,0.860248
/home/emily/MMIP/week5/quiz1/data/query/ship/00017.png,ship,1,/home/emily/MMIP/week5/quiz1/data/gallery/ship/00962.png,ship,0.908110
/home/emily/MMIP/week5/quiz1/data/query/ship/00017.png,ship,2,/home/emily/MMIP/week5/quiz1/data/gallery/ship/00069.png,ship,0.883533
/home/emily/MMIP/week5/quiz1/data/query/ship/00017.png,ship,3,/home/emily/MMIP/week5/quiz1/data/gallery/ship/00584.png,ship,0.881554
/home/emily/MMIP/week5/quiz1/data/query/ship/00017.png,ship,4,/home/emily/MMIP/week5/quiz1/data/gallery/ship/00390.png,ship,0.880609
/home/emily/MMIP/week5/quiz1/data/query/ship/00017.png,ship,5,/home/emily/MMIP/week5/quiz1/data/gallery/ship/00051.png,ship,0.878871
/home/emily/MMIP/week5/quiz1/data/query/ship/00018.png,ship,1,/home/emily/MMIP/week5/quiz1/data/gallery/ship/00938.png,ship,0.852350
/home/emily/MMIP/week5/quiz1/data/query/ship/00018.png,ship,2,/home/emily/MMIP/week5/quiz1/data/gallery/ship/00138.png,ship,0.851378
/home/emily/MMIP/week5/quiz1/data/query/ship/00018.png,ship,3,/home/emily/MMIP/week5/quiz1/data/gallery/ship/00227.png,ship,0.850744
/home/emily/MMIP/week5/quiz1/data/query/ship/00018.png,ship,4,/home/emily/MMIP/week5/quiz1/data/gallery/ship/00096.png,ship,0.848127
/home/emily/MMIP/week5/quiz1/data/query/ship/00018.png,ship,5,/home/emily/MMIP/week5/quiz1/data/gallery/ship/00083.png,ship,0.845408
/home/emily/MMIP/week5/quiz1/data/query/ship/00019.png,ship,1,/home/emily/MMIP/week5/quiz1/data/gallery/ship/00724.png,ship,0.866026
/home/emily/MMIP/week5/quiz1/data/query/ship/00019.png,ship,2,/home/emily/MMIP/week5/quiz1/data/gallery/ship/00983.png,ship,0.862942
/home/emily/MMIP/week5/quiz1/data/query/ship/00019.png,ship,3,/home/emily/MMIP/week5/quiz1/data/gallery/airplane/00587.png,airplane,0.862908
/home/emily/MMIP/week5/quiz1/data/query/ship/00019.png,ship,4,/home/emily/MMIP/week5/quiz1/data/gallery/airplane/00006.png,airplane,0.858277
/home/emily/MMIP/week5/quiz1/data/query/ship/00019.png,ship,5,/home/emily/MMIP/week5/quiz1/data/gallery/airplane/00757.png,airplane,0.857437
/home/emily/MMIP/week5/quiz1/data/query/ship/00020.png,ship,1,/home/emily/MMIP/week5/quiz1/data/gallery/airplane/00269.png,airplane,0.856279
/home/emily/MMIP/week5/quiz1/data/query/ship/00020.png,ship,2,/home/emily/MMIP/week5/quiz1/data/gallery/airplane/00675.png,airplane,0.855437
/home/emily/MMIP/week5/quiz1/data/query/ship/00020.png,ship,3,/home/emily/MMIP/week5/quiz1/data/gallery/airplane/00436.png,airplane,0.853195
/home/emily/MMIP/week5/quiz1/data/query/ship/00020.png,ship,4,/home/emily/MMIP/week5/quiz1/data/gallery/airplane/00359.png,airplane,0.843079
/home/emily/MMIP/week5/quiz1/data/query/ship/00020.png,ship,5,/home/emily/MMIP/week5/quiz1/data/gallery/automobile/00611.png,automobile,0.842288
/home/emily/MMIP/week5/quiz1/data/query/ship/00021.png,ship,1,/home/emily/MMIP/week5/quiz1/data/gallery/ship/00945.png,ship,0.884918
/home/emily/MMIP/week5/quiz1/data/query/ship/00021.png,ship,2,/home/emily/MMIP/week5/quiz1/data/gallery/ship/00434.png,ship,0.873861
/home/emily/MMIP/week5/quiz1/data/query/ship/00021.png,ship,3,/home/emily/MMIP/week5/quiz1/data/gallery/ship/00612.png,ship,0.868484
/home/emily/MMIP/week5/quiz1/data/query/ship/00021.png,ship,4,/home/emily/MMIP/week5/quiz1/data/gallery/ship/00247.png,ship,0.866295
/home/emily/MMIP/week5/quiz1/data/query/ship/00021.png,ship,5,/home/emily/MMIP/week5/quiz1/data/gallery/ship/00060.png,ship,0.862561
/home/emily/MMIP/week5/quiz1/data/query/ship/00022.png,ship,1,/home/emily/MMIP/week5/quiz1/data/gallery/ship/00518.png,ship,0.862672
/home/emily/MMIP/week5/quiz1/data/query/ship/00022.png,ship,2,/home/emily/MMIP/week5/quiz1/data/gallery/ship/00144.png,ship,0.852483
/home/emily/MMIP/week5/quiz1/data/query/ship/00022.png,ship,3,/home/emily/MMIP/week5/quiz1/data/gallery/ship/00336.png,ship,0.851465
/home/emily/MMIP/week5/quiz1/data/query/ship/00022.png,ship,4,/home/emily/MMIP/week5/quiz1/data/gallery/ship/00510.png,ship,0.848024
/home/emily/MMIP/week5/quiz1/data/query/ship/00022.png,ship,5,/home/emily/MMIP/week5/quiz1/data/gallery/ship/00120.png,ship,0.847490
/home/emily/MMIP/week5/quiz1/data/query/ship/00023.png,ship,1,/home/emily/MMIP/week5/quiz1/data/gallery/ship/00858.png,ship,0.864446
/home/emily/MMIP/week5/quiz1/data/query/ship/00023.png,ship,2,/home/emily/MMIP/week5/quiz1/data/gallery/ship/00269.png,ship,0.858028
/home/emily/MMIP/week5/quiz1/data/query/ship/00023.png,ship,3,/home/emily/MMIP/week5/quiz1/data/gallery/ship/00510.png,ship,0.856606
/home/emily/MMIP/week5/quiz1/data/query/ship/00023.png,ship,4,/home/emily/MMIP/week5/quiz1/data/gallery/ship/00666.png,ship,0.850439
/home/emily/MMIP/week5/quiz1/data/query/ship/00023.png,ship,5,/home/emily/MMIP/week5/quiz1/data/gallery/ship/00763.png,ship,0.845607
/home/emily/MMIP/week5/quiz1/data/query/ship/00024.png,ship,1,/home/emily/MMIP/week5/quiz1/data/gallery/ship/00479.png,ship,0.862449
/home/emily/MMIP/week5/quiz1/data/query/ship/00024.png,ship,2,/home/emily/MMIP/week5/quiz1/data/gallery/truck/00037.png,truck,0.861266
/home/emily/MMIP/week5/quiz1/data/query/ship/00024.png,ship,3,/home/emily/MMIP/week5/quiz1/data/gallery/ship/00504.png,ship,0.853788
/home/emily/MMIP/week5/quiz1/data/query/ship/00024.png,ship,4,/home/emily/MMIP/week5/quiz1/data/gallery/ship/00301.png,ship,0.852823
/home/emily/MMIP/week5/quiz1/data/query/ship/00024.png,ship,5,/home/emily/MMIP/week5/quiz1/data/gallery/truck/00185.png,truck,0.849228
/home/emily/MMIP/week5/quiz1/data/query/ship/00025.png,ship,1,/home/emily/MMIP/week5/quiz1/data/gallery/ship/00545.png,ship,0.875893
/home/emily/MMIP/week5/quiz1/data/query/ship/00025.png,ship,2,/home/emily/MMIP/week5/quiz1/data/gallery/ship/00983.png,ship,0.874550
/home/emily/MMIP/week5/quiz1/data/query/ship/00025.png,ship,3,/home/emily/MMIP/week5/quiz1/data/gallery/ship/00169.png,ship,0.858706
/home/emily/MMIP/week5/quiz1/data/query/ship/00025.png,ship,4,/home/emily/MMIP/week5/quiz1/data/gallery/automobile/00279.png,automobile,0.853629
/home/emily/MMIP/week5/quiz1/data/query/ship/00025.png,ship,5,/home/emily/MMIP/week5/quiz1/data/gallery/truck/00014.png,truck,0.853330
/home/emily/MMIP/week5/quiz1/data/query/ship/00026.png,ship,1,/home/emily/MMIP/week5/quiz1/data/gallery/ship/00277.png,ship,0.840991
/home/emily/MMIP/week5/quiz1/data/query/ship/00026.png,ship,2,/home/emily/MMIP/week5/quiz1/data/gallery/ship/00863.png,ship,0.830928
/home/emily/MMIP/week5/quiz1/data/query/ship/00026.png,ship,3,/home/emily/MMIP/week5/quiz1/data/gallery/ship/00877.png,ship,0.824284
/home/emily/MMIP/week5/quiz1/data/query/ship/00026.png,ship,4,/home/emily/MMIP/week5/quiz1/data/gallery/ship/00230.png,ship,0.814081
/home/emily/MMIP/week5/quiz1/data/query/ship/00026.png,ship,5,/home/emily/MMIP/week5/quiz1/data/gallery/ship/00589.png,ship,0.812775
/home/emily/MMIP/week5/quiz1/data/query/ship/00027.png,ship,1,/home/emily/MMIP/week5/quiz1/data/gallery/ship/00781.png,ship,0.854325
/home/emily/MMIP/week5/quiz1/data/query/ship/00027.png,ship,2,/home/emily/MMIP/week5/quiz1/data/gallery/ship/00200.png,ship,0.852378
/home/emily/MMIP/week5/quiz1/data/query/ship/00027.png,ship,3,/home/emily/MMIP/week5/quiz1/data/gallery/ship/00938.png,ship,0.844125
/home/emily/MMIP/week5/quiz1/data/query/ship/00027.png,ship,4,/home/emily/MMIP/week5/quiz1/data/gallery/ship/00547.png,ship,0.835871
/home/emily/MMIP/week5/quiz1/data/query/ship/00027.png,ship,5,/home/emily/MMIP/week5/quiz1/data/gallery/ship/00206.png,ship,0.832983
/home/emily/MMIP/week5/quiz1/data/query/ship/00028.png,ship,1,/home/emily/MMIP/week5/quiz1/data/gallery/ship/00334.png,ship,0.913398
/home/emily/MMIP/week5/quiz1/data/query/ship/00028.png,ship,2,/home/emily/MMIP/week5/quiz1/data/gallery/ship/00221.png,ship,0.898202
/home/emily/MMIP/week5/quiz1/data/query/ship/00028.png,ship,3,/home/emily/MMIP/week5/quiz1/data/gallery/ship/00450.png,ship,0.892004
/home/emily/MMIP/week5/quiz1/data/query/ship/00028.png,ship,4,/home/emily/MMIP/week5/quiz1/data/gallery/ship/00341.png,ship,0.887382
/home/emily/MMIP/week5/quiz1/data/query/ship/00028.png,ship,5,/home/emily/MMIP/week5/quiz1/data/gallery/ship/00581.png,ship,0.887145
/home/emily/MMIP/week5/quiz1/data/query/ship/00029.png,ship,1,/home/emily/MMIP/week5/quiz1/data/gallery/frog/00067.png,frog,0.811210
/home/emily/MMIP/week5/quiz1/data/query/ship/00029.png,ship,2,/home/emily/MMIP/week5/quiz1/data/gallery/ship/00205.png,ship,0.807771
/home/emily/MMIP/week5/quiz1/data/query/ship/00029.png,ship,3,/home/emily/MMIP/week5/quiz1/data/gallery/airplane/00300.png,airplane,0.806332
/home/emily/MMIP/week5/quiz1/data/query/ship/00029.png,ship,4,/home/emily/MMIP/week5/quiz1/data/gallery/ship/00281.png,ship,0.802694
/home/emily/MMIP/week5/quiz1/data/query/ship/00029.png,ship,5,/home/emily/MMIP/week5/quiz1/data/gallery/ship/00301.png,ship,0.800881
/home/emily/MMIP/week5/quiz1/data/query/ship/00030.png,ship,1,/home/emily/MMIP/week5/quiz1/data/gallery/ship/00671.png,ship,0.810137
/home/emily/MMIP/week5/quiz1/data/query/ship/00030.png,ship,2,/home/emily/MMIP/week5/quiz1/data/gallery/automobile/00481.png,automobile,0.789642
/home/emily/MMIP/week5/quiz1/data/query/ship/00030.png,ship,3,/home/emily/MMIP/week5/quiz1/data/gallery/airplane/00196.png,airplane,0.787942
/home/emily/MMIP/week5/quiz1/data/query/ship/00030.png,ship,4,/home/emily/MMIP/week5/quiz1/data/gallery/airplane/00433.png,airplane,0.782307
/home/emily/MMIP/week5/quiz1/data/query/ship/00030.png,ship,5,/home/emily/MMIP/week5/quiz1/data/gallery/ship/00195.png,ship,0.779460
/home/emily/MMIP/week5/quiz1/data/query/ship/00031.png,ship,1,/home/emily/MMIP/week5/quiz1/data/gallery/ship/00659.png,ship,0.867816
/home/emily/MMIP/week5/quiz1/data/query/ship/00031.png,ship,2,/home/emily/MMIP/week5/quiz1/data/gallery/ship/00764.png,ship,0.859599
/home/emily/MMIP/week5/quiz1/data/query/ship/00031.png,ship,3,/home/emily/MMIP/week5/quiz1/data/gallery/ship/00027.png,ship,0.858953
/home/emily/MMIP/week5/quiz1/data/query/ship/00031.png,ship,4,/home/emily/MMIP/week5/quiz1/data/gallery/ship/00204.png,ship,0.856320
/home/emily/MMIP/week5/quiz1/data/query/ship/00031.png,ship,5,/home/emily/MMIP/week5/quiz1/data/gallery/ship/00174.png,ship,0.855326
/home/emily/MMIP/week5/quiz1/data/query/ship/00032.png,ship,1,/home/emily/MMIP/week5/quiz1/data/gallery/ship/00903.png,ship,0.873459
/home/emily/MMIP/week5/quiz1/data/query/ship/00032.png,ship,2,/home/emily/MMIP/week5/quiz1/data/gallery/ship/00821.png,ship,0.867743
/home/emily/MMIP/week5/quiz1/data/query/ship/00032.png,ship,3,/home/emily/MMIP/week5/quiz1/data/gallery/truck/00982.png,truck,0.867345
/home/emily/MMIP/week5/quiz1/data/query/ship/00032.png,ship,4,/home/emily/MMIP/week5/quiz1/data/gallery/airplane/00587.png,airplane,0.863850
/home/emily/MMIP/week5/quiz1/data/query/ship/00032.png,ship,5,/home/emily/MMIP/week5/quiz1/data/gallery/ship/00614.png,ship,0.862780
/home/emily/MMIP/week5/quiz1/data/query/ship/00033.png,ship,1,/home/emily/MMIP/week5/quiz1/data/gallery/ship/00638.png,ship,0.862574
/home/emily/MMIP/week5/quiz1/data/query/ship/00033.png,ship,2,/home/emily/MMIP/week5/quiz1/data/gallery/ship/00440.png,ship,0.860604
/home/emily/MMIP/week5/quiz1/data/query/ship/00033.png,ship,3,/home/emily/MMIP/week5/quiz1/data/gallery/ship/00736.png,ship,0.852544
/home/emily/MMIP/week5/quiz1/data/query/ship/00033.png,ship,4,/home/emily/MMIP/week5/quiz1/data/gallery/ship/00756.png,ship,0.852179
/home/emily/MMIP/week5/quiz1/data/query/ship/00033.png,ship,5,/home/emily/MMIP/week5/quiz1/data/gallery/airplane/00098.png,airplane,0.852137
/home/emily/MMIP/week5/quiz1/data/query/ship/00034.png,ship,1,/home/emily/MMIP/week5/quiz1/data/gallery/ship/00154.png,ship,0.859082
/home/emily/MMIP/week5/quiz1/data/query/ship/00034.png,ship,2,/home/emily/MMIP/week5/quiz1/data/gallery/ship/00084.png,ship,0.845361
/home/emily/MMIP/week5/quiz1/data/query/ship/00034.png,ship,3,/home/emily/MMIP/week5/quiz1/data/gallery/truck/00456.png,truck,0.837653
/home/emily/MMIP/week5/quiz1/data/query/ship/00034.png,ship,4,/home/emily/MMIP/week5/quiz1/data/gallery/truck/00797.png,truck,0.837134
/home/emily/MMIP/week5/quiz1/data/query/ship/00034.png,ship,5,/home/emily/MMIP/week5/quiz1/data/gallery/ship/00322.png,ship,0.837108
/home/emily/MMIP/week5/quiz1/data/query/ship/00035.png,ship,1,/home/emily/MMIP/week5/quiz1/data/gallery/ship/00272.png,ship,0.837180
/home/emily/MMIP/week5/quiz1/data/query/ship/00035.png,ship,2,/home/emily/MMIP/week5/quiz1/data/gallery/bird/00675.png,bird,0.831436
/home/emily/MMIP/week5/quiz1/data/query/ship/00035.png,ship,3,/home/emily/MMIP/week5/quiz1/data/gallery/bird/00188.png,bird,0.829855
/home/emily/MMIP/week5/quiz1/data/query/ship/00035.png,ship,4,/home/emily/MMIP/week5/quiz1/data/gallery/deer/00362.png,deer,0.827587
/home/emily/MMIP/week5/quiz1/data/query/ship/00035.png,ship,5,/home/emily/MMIP/week5/quiz1/data/gallery/horse/00749.png,horse,0.825076
/home/emily/MMIP/week5/quiz1/data/query/ship/00036.png,ship,1,/home/emily/MMIP/week5/quiz1/data/gallery/ship/00903.png,ship,0.893514
/home/emily/MMIP/week5/quiz1/data/query/ship/00036.png,ship,2,/home/emily/MMIP/week5/quiz1/data/gallery/ship/00772.png,ship,0.887866
/home/emily/MMIP/week5/quiz1/data/query/ship/00036.png,ship,3,/home/emily/MMIP/week5/quiz1/data/gallery/ship/00160.png,ship,0.881535
/home/emily/MMIP/week5/quiz1/data/query/ship/00036.png,ship,4,/home/emily/MMIP/week5/quiz1/data/gallery/ship/00750.png,ship,0.875205
/home/emily/MMIP/week5/quiz1/data/query/ship/00036.png,ship,5,/home/emily/MMIP/week5/quiz1/data/gallery/ship/00821.png,ship,0.874119
/home/emily/MMIP/week5/quiz1/data/query/ship/00037.png,ship,1,/home/emily/MMIP/week5/quiz1/data/gallery/truck/00563.png,truck,0.882104
/home/emily/MMIP/week5/quiz1/data/query/ship/00037.png,ship,2,/home/emily/MMIP/week5/quiz1/data/gallery/truck/00155.png,truck,0.880778
/home/emily/MMIP/week5/quiz1/data/query/ship/00037.png,ship,3,/home/emily/MMIP/week5/quiz1/data/gallery/ship/00729.png,ship,0.878854
/home/emily/MMIP/week5/quiz1/data/query/ship/00037.png,ship,4,/home/emily/MMIP/week5/quiz1/data/gallery/truck/00391.png,truck,0.877377
/home/emily/MMIP/week5/quiz1/data/query/ship/00037.png,ship,5,/home/emily/MMIP/week5/quiz1/data/gallery/truck/00876.png,truck,0.875849
/home/emily/MMIP/week5/quiz1/data/query/ship/00038.png,ship,1,/home/emily/MMIP/week5/quiz1/data/gallery/ship/00098.png,ship,0.865203
/home/emily/MMIP/week5/quiz1/data/query/ship/00038.png,ship,2,/home/emily/MMIP/week5/quiz1/data/gallery/ship/00154.png,ship,0.855824
/home/emily/MMIP/week5/quiz1/data/query/ship/00038.png,ship,3,/home/emily/MMIP/week5/quiz1/data/gallery/ship/00109.png,ship,0.855692
/home/emily/MMIP/week5/quiz1/data/query/ship/00038.png,ship,4,/home/emily/MMIP/week5/quiz1/data/gallery/ship/00215.png,ship,0.853668
/home/emily/MMIP/week5/quiz1/data/query/ship/00038.png,ship,5,/home/emily/MMIP/week5/quiz1/data/gallery/truck/00519.png,truck,0.850920
/home/emily/MMIP/week5/quiz1/data/query/ship/00039.png,ship,1,/home/emily/MMIP/week5/quiz1/data/gallery/airplane/00326.png,airplane,0.875884
/home/emily/MMIP/week5/quiz1/data/query/ship/00039.png,ship,2,/home/emily/MMIP/week5/quiz1/data/gallery/airplane/00006.png,airplane,0.868100
/home/emily/MMIP/week5/quiz1/data/query/ship/00039.png,ship,3,/home/emily/MMIP/week5/quiz1/data/gallery/ship/00132.png,ship,0.867739
/home/emily/MMIP/week5/quiz1/data/query/ship/00039.png,ship,4,/home/emily/MMIP/week5/quiz1/data/gallery/ship/00109.png,ship,0.866741
/home/emily/MMIP/week5/quiz1/data/query/ship/00039.png,ship,5,/home/emily/MMIP/week5/quiz1/data/gallery/ship/00098.png,ship,0.863729
/home/emily/MMIP/week5/quiz1/data/query/ship/00040.png,ship,1,/home/emily/MMIP/week5/quiz1/data/gallery/ship/00285.png,ship,0.887719
/home/emily/MMIP/week5/quiz1/data/query/ship/00040.png,ship,2,/home/emily/MMIP/week5/quiz1/data/gallery/ship/00369.png,ship,0.882438
/home/emily/MMIP/week5/quiz1/data/query/ship/00040.png,ship,3,/home/emily/MMIP/week5/quiz1/data/gallery/ship/00373.png,ship,0.881497
/home/emily/MMIP/week5/quiz1/data/query/ship/00040.png,ship,4,/home/emily/MMIP/week5/quiz1/data/gallery/ship/00962.png,ship,0.877704
/home/emily/MMIP/week5/quiz1/data/query/ship/00040.png,ship,5,/home/emily/MMIP/week5/quiz1/data/gallery/ship/00600.png,ship,0.874690
/home/emily/MMIP/week5/quiz1/data/query/ship/00041.png,ship,1,/home/emily/MMIP/week5/quiz1/data/gallery/ship/00459.png,ship,0.843950
/home/emily/MMIP/week5/quiz1/data/query/ship/00041.png,ship,2,/home/emily/MMIP/week5/quiz1/data/gallery/ship/00446.png,ship,0.834304
/home/emily/MMIP/week5/quiz1/data/query/ship/00041.png,ship,3,/home/emily/MMIP/week5/quiz1/data/gallery/ship/00325.png,ship,0.826125
/home/emily/MMIP/week5/quiz1/data/query/ship/00041.png,ship,4,/home/emily/MMIP/week5/quiz1/data/gallery/ship/00776.png,ship,0.816495
/home/emily/MMIP/week5/quiz1/data/query/ship/00041.png,ship,5,/home/emily/MMIP/week5/quiz1/data/gallery/ship/00336.png,ship,0.815128
/home/emily/MMIP/week5/quiz1/data/query/ship/00042.png,ship,1,/home/emily/MMIP/week5/quiz1/data/gallery/ship/00731.png,ship,0.846089
/home/emily/MMIP/week5/quiz1/data/query/ship/00042.png,ship,2,/home/emily/MMIP/week5/quiz1/data/gallery/ship/00721.png,ship,0.844170
/home/emily/MMIP/week5/quiz1/data/query/ship/00042.png,ship,3,/home/emily/MMIP/week5/quiz1/data/gallery/ship/00778.png,ship,0.837849
/home/emily/MMIP/week5/quiz1/data/query/ship/00042.png,ship,4,/home/emily/MMIP/week5/quiz1/data/gallery/ship/00107.png,ship,0.819668
/home/emily/MMIP/week5/quiz1/data/query/ship/00042.png,ship,5,/home/emily/MMIP/week5/quiz1/data/gallery/ship/00403.png,ship,0.817863
/home/emily/MMIP/week5/quiz1/data/query/ship/00043.png,ship,1,/home/emily/MMIP/week5/quiz1/data/gallery/ship/00302.png,ship,0.849459
/home/emily/MMIP/week5/quiz1/data/query/ship/00043.png,ship,2,/home/emily/MMIP/week5/quiz1/data/gallery/ship/00159.png,ship,0.847943
/home/emily/MMIP/week5/quiz1/data/query/ship/00043.png,ship,3,/home/emily/MMIP/week5/quiz1/data/gallery/ship/00287.png,ship,0.847057
/home/emily/MMIP/week5/quiz1/data/query/ship/00043.png,ship,4,/home/emily/MMIP/week5/quiz1/data/gallery/ship/00511.png,ship,0.846557
/home/emily/MMIP/week5/quiz1/data/query/ship/00043.png,ship,5,/home/emily/MMIP/week5/quiz1/data/gallery/ship/00838.png,ship,0.844966
/home/emily/MMIP/week5/quiz1/data/query/ship/00044.png,ship,1,/home/emily/MMIP/week5/quiz1/data/gallery/ship/00103.png,ship,0.869625
/home/emily/MMIP/week5/quiz1/data/query/ship/00044.png,ship,2,/home/emily/MMIP/week5/quiz1/data/gallery/ship/00114.png,ship,0.869048
/home/emily/MMIP/week5/quiz1/data/query/ship/00044.png,ship,3,/home/emily/MMIP/week5/quiz1/data/gallery/ship/00610.png,ship,0.867185
/home/emily/MMIP/week5/quiz1/data/query/ship/00044.png,ship,4,/home/emily/MMIP/week5/quiz1/data/gallery/airplane/00524.png,airplane,0.861118
/home/emily/MMIP/week5/quiz1/data/query/ship/00044.png,ship,5,/home/emily/MMIP/week5/quiz1/data/gallery/ship/00633.png,ship,0.860976
/home/emily/MMIP/week5/quiz1/data/query/ship/00045.png,ship,1,/home/emily/MMIP/week5/quiz1/data/gallery/bird/00745.png,bird,0.832947
/home/emily/MMIP/week5/quiz1/data/query/ship/00045.png,ship,2,/home/emily/MMIP/week5/quiz1/data/gallery/airplane/00607.png,airplane,0.832348
/home/emily/MMIP/week5/quiz1/data/query/ship/00045.png,ship,3,/home/emily/MMIP/week5/quiz1/data/gallery/ship/00103.png,ship,0.825832
/home/emily/MMIP/week5/quiz1/data/query/ship/00045.png,ship,4,/home/emily/MMIP/week5/quiz1/data/gallery/airplane/00514.png,airplane,0.818187
/home/emily/MMIP/week5/quiz1/data/query/ship/00045.png,ship,5,/home/emily/MMIP/week5/quiz1/data/gallery/ship/00841.png,ship,0.814547
/home/emily/MMIP/week5/quiz1/data/query/ship/00046.png,ship,1,/home/emily/MMIP/week5/quiz1/data/gallery/ship/00279.png,ship,0.836787
/home/emily/MMIP/week5/quiz1/data/query/ship/00046.png,ship,2,/home/emily/MMIP/week5/quiz1/data/gallery/ship/00738.png,ship,0.823373
/home/emily/MMIP/week5/quiz1/data/query/ship/00046.png,ship,3,/home/emily/MMIP/week5/quiz1/data/gallery/ship/00681.png,ship,0.814639
/home/emily/MMIP/week5/quiz1/data/query/ship/00046.png,ship,4,/home/emily/MMIP/week5/quiz1/data/gallery/ship/00258.png,ship,0.811964
/home/emily/MMIP/week5/quiz1/data/query/ship/00046.png,ship,5,/home/emily/MMIP/week5/quiz1/data/gallery/ship/00671.png,ship,0.810556
/home/emily/MMIP/week5/quiz1/data/query/ship/00047.png,ship,1,/home/emily/MMIP/week5/quiz1/data/gallery/ship/00659.png,ship,0.864491
/home/emily/MMIP/week5/quiz1/data/query/ship/00047.png,ship,2,/home/emily/MMIP/week5/quiz1/data/gallery/ship/00628.png,ship,0.859606
/home/emily/MMIP/week5/quiz1/data/query/ship/00047.png,ship,3,/home/emily/MMIP/week5/quiz1/data/gallery/automobile/00325.png,automobile,0.859041
/home/emily/MMIP/week5/quiz1/data/query/ship/00047.png,ship,4,/home/emily/MMIP/week5/quiz1/data/gallery/ship/00816.png,ship,0.857317
/home/emily/MMIP/week5/quiz1/data/query/ship/00047.png,ship,5,/home/emily/MMIP/week5/quiz1/data/gallery/ship/00723.png,ship,0.852626
/home/emily/MMIP/week5/quiz1/data/query/ship/00048.png,ship,1,/home/emily/MMIP/week5/quiz1/data/gallery/ship/00853.png,ship,0.890417
/home/emily/MMIP/week5/quiz1/data/query/ship/00048.png,ship,2,/home/emily/MMIP/week5/quiz1/data/gallery/ship/00060.png,ship,0.883509
/home/emily/MMIP/week5/quiz1/data/query/ship/00048.png,ship,3,/home/emily/MMIP/week5/quiz1/data/gallery/ship/00148.png,ship,0.869594
/home/emily/MMIP/week5/quiz1/data/query/ship/00048.png,ship,4,/home/emily/MMIP/week5/quiz1/data/gallery/ship/00743.png,ship,0.862050
/home/emily/MMIP/week5/quiz1/data/query/ship/00048.png,ship,5,/home/emily/MMIP/week5/quiz1/data/gallery/ship/00735.png,ship,0.859461
/home/emily/MMIP/week5/quiz1/data/query/ship/00049.png,ship,1,/home/emily/MMIP/week5/quiz1/data/gallery/ship/00221.png,ship,0.910186
/home/emily/MMIP/week5/quiz1/data/query/ship/00049.png,ship,2,/home/emily/MMIP/week5/quiz1/data/gallery/ship/00334.png,ship,0.894267
/home/emily/MMIP/week5/quiz1/data/query/ship/00049.png,ship,3,/home/emily/MMIP/week5/quiz1/data/gallery/ship/00581.png,ship,0.889430
/home/emily/MMIP/week5/quiz1/data/query/ship/00049.png,ship,4,/home/emily/MMIP/week5/quiz1/data/gallery/ship/00844.png,ship,0.887358
/home/emily/MMIP/week5/quiz1/data/query/ship/00049.png,ship,5,/home/emily/MMIP/week5/quiz1/data/gallery/ship/00465.png,ship,0.882690
/home/emily/MMIP/week5/quiz1/data/query/ship/00050.png,ship,1,/home/emily/MMIP/week5/quiz1/data/gallery/ship/00403.png,ship,0.825211
/home/emily/MMIP/week5/quiz1/data/query/ship/00050.png,ship,2,/home/emily/MMIP/week5/quiz1/data/gallery/frog/00352.png,frog,0.821705
/home/emily/MMIP/week5/quiz1/data/query/ship/00050.png,ship,3,/home/emily/MMIP/week5/quiz1/data/gallery/ship/00411.png,ship,0.819116
/home/emily/MMIP/week5/quiz1/data/query/ship/00050.png,ship,4,/home/emily/MMIP/week5/quiz1/data/gallery/ship/00353.png,ship,0.817721
/home/emily/MMIP/week5/quiz1/data/query/ship/00050.png,ship,5,/home/emily/MMIP/week5/quiz1/data/gallery/ship/00891.png,ship,0.817315
/home/emily/MMIP/week5/quiz1/data/query/ship/00051.png,ship,1,/home/emily/MMIP/week5/quiz1/data/gallery/ship/00511.png,ship,0.903473
/home/emily/MMIP/week5/quiz1/data/query/ship/00051.png,ship,2,/home/emily/MMIP/week5/quiz1/data/gallery/ship/00984.png,ship,0.900685
/home/emily/MMIP/week5/quiz1/data/query/ship/00051.png,ship,3,/home/emily/MMIP/week5/quiz1/data/gallery/ship/00045.png,ship,0.897148
/home/emily/MMIP/week5/quiz1/data/query/ship/00051.png,ship,4,/home/emily/MMIP/week5/quiz1/data/gallery/ship/00204.png,ship,0.889438
/home/emily/MMIP/week5/quiz1/data/query/ship/00051.png,ship,5,/home/emily/MMIP/week5/quiz1/data/gallery/ship/00405.png,ship,0.876566
/home/emily/MMIP/week5/quiz1/data/query/ship/00052.png,ship,1,/home/emily/MMIP/week5/quiz1/data/gallery/ship/00227.png,ship,0.842622
/home/emily/MMIP/week5/quiz1/data/query/ship/00052.png,ship,2,/home/emily/MMIP/week5/quiz1/data/gallery/ship/00315.png,ship,0.839539
/home/emily/MMIP/week5/quiz1/data/query/ship/00052.png,ship,3,/home/emily/MMIP/week5/quiz1/data/gallery/ship/00715.png,ship,0.837490
/home/emily/MMIP/week5/quiz1/data/query/ship/00052.png,ship,4,/home/emily/MMIP/week5/quiz1/data/gallery/ship/00027.png,ship,0.834738
/home/emily/MMIP/week5/quiz1/data/query/ship/00052.png,ship,5,/home/emily/MMIP/week5/quiz1/data/gallery/ship/00726.png,ship,0.833925
/home/emily/MMIP/week5/quiz1/data/query/ship/00053.png,ship,1,/home/emily/MMIP/week5/quiz1/data/gallery/truck/00725.png,truck,0.875021
/home/emily/MMIP/week5/quiz1/data/query/ship/00053.png,ship,2,/home/emily/MMIP/week5/quiz1/data/gallery/cat/00120.png,cat,0.873918
/home/emily/MMIP/week5/quiz1/data/query/ship/00053.png,ship,3,/home/emily/MMIP/week5/quiz1/data/gallery/automobile/00930.png,automobile,0.870803
/home/emily/MMIP/week5/quiz1/data/query/ship/00053.png,ship,4,/home/emily/MMIP/week5/quiz1/data/gallery/truck/00294.png,truck,0.864845
/home/emily/MMIP/week5/quiz1/data/query/ship/00053.png,ship,5,/home/emily/MMIP/week5/quiz1/data/gallery/truck/00138.png,truck,0.863373
/home/emily/MMIP/week5/quiz1/data/query/ship/00054.png,ship,1,/home/emily/MMIP/week5/quiz1/data/gallery/ship/00859.png,ship,0.905377
/home/emily/MMIP/week5/quiz1/data/query/ship/00054.png,ship,2,/home/emily/MMIP/week5/quiz1/data/gallery/ship/00132.png,ship,0.901189
/home/emily/MMIP/week5/quiz1/data/query/ship/00054.png,ship,3,/home/emily/MMIP/week5/quiz1/data/gallery/ship/00743.png,ship,0.883013
/home/emily/MMIP/week5/quiz1/data/query/ship/00054.png,ship,4,/home/emily/MMIP/week5/quiz1/data/gallery/ship/00432.png,ship,0.882218
/home/emily/MMIP/week5/quiz1/data/query/ship/00054.png,ship,5,/home/emily/MMIP/week5/quiz1/data/gallery/ship/00098.png,ship,0.878925
/home/emily/MMIP/week5/quiz1/data/query/ship/00055.png,ship,1,/home/emily/MMIP/week5/quiz1/data/gallery/ship/00306.png,ship,0.865078
/home/emily/MMIP/week5/quiz1/data/query/ship/00055.png,ship,2,/home/emily/MMIP/week5/quiz1/data/gallery/ship/00554.png,ship,0.863451
/home/emily/MMIP/week5/quiz1/data/query/ship/00055.png,ship,3,/home/emily/MMIP/week5/quiz1/data/gallery/ship/00663.png,ship,0.862487
/home/emily/MMIP/week5/quiz1/data/query/ship/00055.png,ship,4,/home/emily/MMIP/week5/quiz1/data/gallery/ship/00027.png,ship,0.862393
/home/emily/MMIP/week5/quiz1/data/query/ship/00055.png,ship,5,/home/emily/MMIP/week5/quiz1/data/gallery/ship/00142.png,ship,0.859954
/home/emily/MMIP/week5/quiz1/data/query/ship/00056.png,ship,1,/home/emily/MMIP/week5/quiz1/data/gallery/ship/00586.png,ship,0.902137
/home/emily/MMIP/week5/quiz1/data/query/ship/00056.png,ship,2,/home/emily/MMIP/week5/quiz1/data/gallery/ship/00055.png,ship,0.898024
/home/emily/MMIP/week5/quiz1/data/query/ship/00056.png,ship,3,/home/emily/MMIP/week5/quiz1/data/gallery/ship/00669.png,ship,0.890321
/home/emily/MMIP/week5/quiz1/data/query/ship/00056.png,ship,4,/home/emily/MMIP/week5/quiz1/data/gallery/ship/00506.png,ship,0.887390
/home/emily/MMIP/week5/quiz1/data/query/ship/00056.png,ship,5,/home/emily/MMIP/week5/quiz1/data/gallery/ship/00285.png,ship,0.886018
/home/emily/MMIP/week5/quiz1/data/query/ship/00057.png,ship,1,/home/emily/MMIP/week5/quiz1/data/gallery/ship/00459.png,ship,0.863990
/home/emily/MMIP/week5/quiz1/data/query/ship/00057.png,ship,2,/home/emily/MMIP/week5/quiz1/data/gallery/ship/00336.png,ship,0.863782
/home/emily/MMIP/week5/quiz1/data/query/ship/00057.png,ship,3,/home/emily/MMIP/week5/quiz1/data/gallery/ship/00253.png,ship,0.862096
/home/emily/MMIP/week5/quiz1/data/query/ship/00057.png,ship,4,/home/emily/MMIP/week5/quiz1/data/gallery/ship/00081.png,ship,0.852622
/home/emily/MMIP/week5/quiz1/data/query/ship/00057.png,ship,5,/home/emily/MMIP/week5/quiz1/data/gallery/ship/00273.png,ship,0.843464
/home/emily/MMIP/week5/quiz1/data/query/ship/00058.png,ship,1,/home/emily/MMIP/week5/quiz1/data/gallery/ship/00937.png,ship,0.876640
/home/emily/MMIP/week5/quiz1/data/query/ship/00058.png,ship,2,/home/emily/MMIP/week5/quiz1/data/gallery/ship/00180.png,ship,0.870910
/home/emily/MMIP/week5/quiz1/data/query/ship/00058.png,ship,3,/home/emily/MMIP/week5/quiz1/data/gallery/airplane/00275.png,airplane,0.867771
/home/emily/MMIP/week5/quiz1/data/query/ship/00058.png,ship,4,/home/emily/MMIP/week5/quiz1/data/gallery/airplane/00006.png,airplane,0.863500
/home/emily/MMIP/week5/quiz1/data/query/ship/00058.png,ship,5,/home/emily/MMIP/week5/quiz1/data/gallery/airplane/00906.png,airplane,0.862043
/home/emily/MMIP/week5/quiz1/data/query/ship/00059.png,ship,1,/home/emily/MMIP/week5/quiz1/data/gallery/ship/00465.png,ship,0.896502
/home/emily/MMIP/week5/quiz1/data/query/ship/00059.png,ship,2,/home/emily/MMIP/week5/quiz1/data/gallery/ship/00424.png,ship,0.881787
/home/emily/MMIP/week5/quiz1/data/query/ship/00059.png,ship,3,/home/emily/MMIP/week5/quiz1/data/gallery/ship/00221.png,ship,0.881620
/home/emily/MMIP/week5/quiz1/data/query/ship/00059.png,ship,4,/home/emily/MMIP/week5/quiz1/data/gallery/ship/00718.png,ship,0.878019
/home/emily/MMIP/week5/quiz1/data/query/ship/00059.png,ship,5,/home/emily/MMIP/week5/quiz1/data/gallery/ship/00334.png,ship,0.877678
/home/emily/MMIP/week5/quiz1/data/query/ship/00060.png,ship,1,/home/emily/MMIP/week5/quiz1/data/gallery/ship/00971.png,ship,0.871026
/home/emily/MMIP/week5/quiz1/data/query/ship/00060.png,ship,2,/home/emily/MMIP/week5/quiz1/data/gallery/ship/00120.png,ship,0.837458
/home/emily/MMIP/week5/quiz1/data/query/ship/00060.png,ship,3,/home/emily/MMIP/week5/quiz1/data/gallery/truck/00686.png,truck,0.832511
/home/emily/MMIP/week5/quiz1/data/query/ship/00060.png,ship,4,/home/emily/MMIP/week5/quiz1/data/gallery/ship/00656.png,ship,0.828788
/home/emily/MMIP/week5/quiz1/data/query/ship/00060.png,ship,5,/home/emily/MMIP/week5/quiz1/data/gallery/ship/00518.png,ship,0.826511
/home/emily/MMIP/week5/quiz1/data/query/ship/00061.png,ship,1,/home/emily/MMIP/week5/quiz1/data/gallery/ship/00083.png,ship,0.867578
/home/emily/MMIP/week5/quiz1/data/query/ship/00061.png,ship,2,/home/emily/MMIP/week5/quiz1/data/gallery/ship/00895.png,ship,0.849656
/home/emily/MMIP/week5/quiz1/data/query/ship/00061.png,ship,3,/home/emily/MMIP/week5/quiz1/data/gallery/ship/00599.png,ship,0.842795
/home/emily/MMIP/week5/quiz1/data/query/ship/00061.png,ship,4,/home/emily/MMIP/week5/quiz1/data/gallery/ship/00355.png,ship,0.836142
/home/emily/MMIP/week5/quiz1/data/query/ship/00061.png,ship,5,/home/emily/MMIP/week5/quiz1/data/gallery/ship/00549.png,ship,0.832663
/home/emily/MMIP/week5/quiz1/data/query/ship/00062.png,ship,1,/home/emily/MMIP/week5/quiz1/data/gallery/ship/00848.png,ship,0.894392
/home/emily/MMIP/week5/quiz1/data/query/ship/00062.png,ship,2,/home/emily/MMIP/week5/quiz1/data/gallery/ship/00676.png,ship,0.890520
/home/emily/MMIP/week5/quiz1/data/query/ship/00062.png,ship,3,/home/emily/MMIP/week5/quiz1/data/gallery/ship/00707.png,ship,0.887444
/home/emily/MMIP/week5/quiz1/data/query/ship/00062.png,ship,4,/home/emily/MMIP/week5/quiz1/data/gallery/ship/00423.png,ship,0.883408
/home/emily/MMIP/week5/quiz1/data/query/ship/00062.png,ship,5,/home/emily/MMIP/week5/quiz1/data/gallery/ship/00646.png,ship,0.882204
/home/emily/MMIP/week5/quiz1/data/query/ship/00063.png,ship,1,/home/emily/MMIP/week5/quiz1/data/gallery/truck/00449.png,truck,0.880437
/home/emily/MMIP/week5/quiz1/data/query/ship/00063.png,ship,2,/home/emily/MMIP/week5/quiz1/data/gallery/ship/00128.png,ship,0.867897
/home/emily/MMIP/week5/quiz1/data/query/ship/00063.png,ship,3,/home/emily/MMIP/week5/quiz1/data/gallery/ship/00692.png,ship,0.865344
/home/emily/MMIP/week5/quiz1/data/query/ship/00063.png,ship,4,/home/emily/MMIP/week5/quiz1/data/gallery/ship/00374.png,ship,0.864798
/home/emily/MMIP/week5/quiz1/data/query/ship/00063.png,ship,5,/home/emily/MMIP/week5/quiz1/data/gallery/ship/00213.png,ship,0.861945
/home/emily/MMIP/week5/quiz1/data/query/ship/00064.png,ship,1,/home/emily/MMIP/week5/quiz1/data/gallery/ship/00051.png,ship,0.863654
/home/emily/MMIP/week5/quiz1/data/query/ship/00064.png,ship,2,/home/emily/MMIP/week5/quiz1/data/gallery/ship/00626.png,ship,0.863089
/home/emily/MMIP/week5/quiz1/data/query/ship/00064.png,ship,3,/home/emily/MMIP/week5/quiz1/data/gallery/ship/00470.png,ship,0.858541
/home/emily/MMIP/week5/quiz1/data/query/ship/00064.png,ship,4,/home/emily/MMIP/week5/quiz1/data/gallery/ship/00033.png,ship,0.851777
/home/emily/MMIP/week5/quiz1/data/query/ship/00064.png,ship,5,/home/emily/MMIP/week5/quiz1/data/gallery/ship/00573.png,ship,0.848719
/home/emily/MMIP/week5/quiz1/data/query/ship/00065.png,ship,1,/home/emily/MMIP/week5/quiz1/data/gallery/ship/00868.png,ship,0.889595
/home/emily/MMIP/week5/quiz1/data/query/ship/00065.png,ship,2,/home/emily/MMIP/week5/quiz1/data/gallery/ship/00973.png,ship,0.888066
/home/emily/MMIP/week5/quiz1/data/query/ship/00065.png,ship,3,/home/emily/MMIP/week5/quiz1/data/gallery/ship/00211.png,ship,0.882467
/home/emily/MMIP/week5/quiz1/data/query/ship/00065.png,ship,4,/home/emily/MMIP/week5/quiz1/data/gallery/ship/00462.png,ship,0.873710
/home/emily/MMIP/week5/quiz1/data/query/ship/00065.png,ship,5,/home/emily/MMIP/week5/quiz1/data/gallery/ship/00377.png,ship,0.873279
/home/emily/MMIP/week5/quiz1/data/query/ship/00066.png,ship,1,/home/emily/MMIP/week5/quiz1/data/gallery/truck/00136.png,truck,0.876249
/home/emily/MMIP/week5/quiz1/data/query/ship/00066.png,ship,2,/home/emily/MMIP/week5/quiz1/data/gallery/automobile/00496.png,automobile,0.852962
/home/emily/MMIP/week5/quiz1/data/query/ship/00066.png,ship,3,/home/emily/MMIP/week5/quiz1/data/gallery/truck/00590.png,truck,0.852814
/home/emily/MMIP/week5/quiz1/data/query/ship/00066.png,ship,4,/home/emily/MMIP/week5/quiz1/data/gallery/truck/00838.png,truck,0.851227
/home/emily/MMIP/week5/quiz1/data/query/ship/00066.png,ship,5,/home/emily/MMIP/week5/quiz1/data/gallery/automobile/00787.png,automobile,0.846508
/home/emily/MMIP/week5/quiz1/data/query/ship/00067.png,ship,1,/home/emily/MMIP/week5/quiz1/data/gallery/ship/00315.png,ship,0.848599
/home/emily/MMIP/week5/quiz1/data/query/ship/00067.png,ship,2,/home/emily/MMIP/week5/quiz1/data/gallery/ship/00227.png,ship,0.844044
/home/emily/MMIP/week5/quiz1/data/query/ship/00067.png,ship,3,/home/emily/MMIP/week5/quiz1/data/gallery/ship/00491.png,ship,0.838652
/home/emily/MMIP/week5/quiz1/data/query/ship/00067.png,ship,4,/home/emily/MMIP/week5/quiz1/data/gallery/ship/00982.png,ship,0.837596
/home/emily/MMIP/week5/quiz1/data/query/ship/00067.png,ship,5,/home/emily/MMIP/week5/quiz1/data/gallery/ship/00895.png,ship,0.835980
/home/emily/MMIP/week5/quiz1/data/query/ship/00068.png,ship,1,/home/emily/MMIP/week5/quiz1/data/gallery/ship/00744.png,ship,0.875652
/home/emily/MMIP/week5/quiz1/data/query/ship/00068.png,ship,2,/home/emily/MMIP/week5/quiz1/data/gallery/ship/00341.png,ship,0.874431
/home/emily/MMIP/week5/quiz1/data/query/ship/00068.png,ship,3,/home/emily/MMIP/week5/quiz1/data/gallery/ship/00360.png,ship,0.873580
/home/emily/MMIP/week5/quiz1/data/query/ship/00068.png,ship,4,/home/emily/MMIP/week5/quiz1/data/gallery/ship/00146.png,ship,0.871092
/home/emily/MMIP/week5/quiz1/data/query/ship/00068.png,ship,5,/home/emily/MMIP/week5/quiz1/data/gallery/ship/00494.png,ship,0.863646
/home/emily/MMIP/week5/quiz1/data/query/ship/00069.png,ship,1,/home/emily/MMIP/week5/quiz1/data/gallery/airplane/00571.png,airplane,0.869415
/home/emily/MMIP/week5/quiz1/data/query/ship/00069.png,ship,2,/home/emily/MMIP/week5/quiz1/data/gallery/airplane/00105.png,airplane,0.861735
/home/emily/MMIP/week5/quiz1/data/query/ship/00069.png,ship,3,/home/emily/MMIP/week5/quiz1/data/gallery/ship/00682.png,ship,0.855951
/home/emily/MMIP/week5/quiz1/data/query/ship/00069.png,ship,4,/home/emily/MMIP/week5/quiz1/data/gallery/bird/00469.png,bird,0.853434
/home/emily/MMIP/week5/quiz1/data/query/ship/00069.png,ship,5,/home/emily/MMIP/week5/quiz1/data/gallery/ship/00155.png,ship,0.852130
/home/emily/MMIP/week5/quiz1/data/query/ship/00070.png,ship,1,/home/emily/MMIP/week5/quiz1/data/gallery/ship/00823.png,ship,0.834775
/home/emily/MMIP/week5/quiz1/data/query/ship/00070.png,ship,2,/home/emily/MMIP/week5/quiz1/data/gallery/airplane/00005.png,airplane,0.833018
/home/emily/MMIP/week5/quiz1/data/query/ship/00070.png,ship,3,/home/emily/MMIP/week5/quiz1/data/gallery/ship/00012.png,ship,0.821440
/home/emily/MMIP/week5/quiz1/data/query/ship/00070.png,ship,4,/home/emily/MMIP/week5/quiz1/data/gallery/ship/00919.png,ship,0.815789
/home/emily/MMIP/week5/quiz1/data/query/ship/00070.png,ship,5,/home/emily/MMIP/week5/quiz1/data/gallery/airplane/00215.png,airplane,0.815484
/home/emily/MMIP/week5/quiz1/data/query/ship/00071.png,ship,1,/home/emily/MMIP/week5/quiz1/data/gallery/ship/00885.png,ship,0.878147
/home/emily/MMIP/week5/quiz1/data/query/ship/00071.png,ship,2,/home/emily/MMIP/week5/quiz1/data/gallery/ship/00341.png,ship,0.875774
/home/emily/MMIP/week5/quiz1/data/query/ship/00071.png,ship,3,/home/emily/MMIP/week5/quiz1/data/gallery/ship/00584.png,ship,0.874561
/home/emily/MMIP/week5/quiz1/data/query/ship/00071.png,ship,4,/home/emily/MMIP/week5/quiz1/data/gallery/ship/00171.png,ship,0.871775
/home/emily/MMIP/week5/quiz1/data/query/ship/00071.png,ship,5,/home/emily/MMIP/week5/quiz1/data/gallery/ship/00767.png,ship,0.870634
/home/emily/MMIP/week5/quiz1/data/query/ship/00072.png,ship,1,/home/emily/MMIP/week5/quiz1/data/gallery/ship/00724.png,ship,0.870133
/home/emily/MMIP/week5/quiz1/data/query/ship/00072.png,ship,2,/home/emily/MMIP/week5/quiz1/data/gallery/ship/00613.png,ship,0.867735
/home/emily/MMIP/week5/quiz1/data/query/ship/00072.png,ship,3,/home/emily/MMIP/week5/quiz1/data/gallery/ship/00983.png,ship,0.863795
/home/emily/MMIP/week5/quiz1/data/query/ship/00072.png,ship,4,/home/emily/MMIP/week5/quiz1/data/gallery/ship/00228.png,ship,0.863695
/home/emily/MMIP/week5/quiz1/data/query/ship/00072.png,ship,5,/home/emily/MMIP/week5/quiz1/data/gallery/ship/00416.png,ship,0.853364
/home/emily/MMIP/week5/quiz1/data/query/ship/00073.png,ship,1,/home/emily/MMIP/week5/quiz1/data/gallery/truck/00201.png,truck,0.847341
/home/emily/MMIP/week5/quiz1/data/query/ship/00073.png,ship,2,/home/emily/MMIP/week5/quiz1/data/gallery/airplane/00768.png,airplane,0.844117
/home/emily/MMIP/week5/quiz1/data/query/ship/00073.png,ship,3,/home/emily/MMIP/week5/quiz1/data/gallery/ship/00598.png,ship,0.838799
/home/emily/MMIP/week5/quiz1/data/query/ship/00073.png,ship,4,/home/emily/MMIP/week5/quiz1/data/gallery/ship/00051.png,ship,0.834139
/home/emily/MMIP/week5/quiz1/data/query/ship/00073.png,ship,5,/home/emily/MMIP/week5/quiz1/data/gallery/ship/00878.png,ship,0.833486
/home/emily/MMIP/week5/quiz1/data/query/ship/00074.png,ship,1,/home/emily/MMIP/week5/quiz1/data/gallery/ship/00670.png,ship,0.868934
/home/emily/MMIP/week5/quiz1/data/query/ship/00074.png,ship,2,/home/emily/MMIP/week5/quiz1/data/gallery/ship/00316.png,ship,0.865006
/home/emily/MMIP/week5/quiz1/data/query/ship/00074.png,ship,3,/home/emily/MMIP/week5/quiz1/data/gallery/ship/00051.png,ship,0.864695
/home/emily/MMIP/week5/quiz1/data/query/ship/00074.png,ship,4,/home/emily/MMIP/week5/quiz1/data/gallery/ship/00586.png,ship,0.860980
/home/emily/MMIP/week5/quiz1/data/query/ship/00074.png,ship,5,/home/emily/MMIP/week5/quiz1/data/gallery/ship/00559.png,ship,0.859037
/home/emily/MMIP/week5/quiz1/data/query/ship/00075.png,ship,1,/home/emily/MMIP/week5/quiz1/data/gallery/ship/00119.png,ship,0.867943
/home/emily/MMIP/week5/quiz1/data/query/ship/00075.png,ship,2,/home/emily/MMIP/week5/quiz1/data/gallery/ship/00261.png,ship,0.851347
/home/emily/MMIP/week5/quiz1/data/query/ship/00075.png,ship,3,/home/emily/MMIP/week5/quiz1/data/gallery/ship/00586.png,ship,0.850736
/home/emily/MMIP/week5/quiz1/data/query/ship/00075.png,ship,4,/home/emily/MMIP/week5/quiz1/data/gallery/ship/00285.png,ship,0.842393
/home/emily/MMIP/week5/quiz1/data/query/ship/00075.png,ship,5,/home/emily/MMIP/week5/quiz1/data/gallery/ship/00428.png,ship,0.842296
/home/emily/MMIP/week5/quiz1/data/query/ship/00076.png,ship,1,/home/emily/MMIP/week5/quiz1/data/gallery/ship/00806.png,ship,0.844734
/home/emily/MMIP/week5/quiz1/data/query/ship/00076.png,ship,2,/home/emily/MMIP/week5/quiz1/data/gallery/ship/00240.png,ship,0.842092
/home/emily/MMIP/week5/quiz1/data/query/ship/00076.png,ship,3,/home/emily/MMIP/week5/quiz1/data/gallery/ship/00085.png,ship,0.840278
/home/emily/MMIP/week5/quiz1/data/query/ship/00076.png,ship,4,/home/emily/MMIP/week5/quiz1/data/gallery/ship/00239.png,ship,0.830465
/home/emily/MMIP/week5/quiz1/data/query/ship/00076.png,ship,5,/home/emily/MMIP/week5/quiz1/data/gallery/ship/00555.png,ship,0.829252
/home/emily/MMIP/week5/quiz1/data/query/ship/00077.png,ship,1,/home/emily/MMIP/week5/quiz1/data/gallery/ship/00110.png,ship,0.877862
/home/emily/MMIP/week5/quiz1/data/query/ship/00077.png,ship,2,/home/emily/MMIP/week5/quiz1/data/gallery/ship/00415.png,ship,0.876635
/home/emily/MMIP/week5/quiz1/data/query/ship/00077.png,ship,3,/home/emily/MMIP/week5/quiz1/data/gallery/ship/00247.png,ship,0.870283
/home/emily/MMIP/week5/quiz1/data/query/ship/00077.png,ship,4,/home/emily/MMIP/week5/quiz1/data/gallery/ship/00556.png,ship,0.869064
/home/emily/MMIP/week5/quiz1/data/query/ship/00077.png,ship,5,/home/emily/MMIP/week5/quiz1/data/gallery/ship/00285.png,ship,0.868364
/home/emily/MMIP/week5/quiz1/data/query/ship/00078.png,ship,1,/home/emily/MMIP/week5/quiz1/data/gallery/truck/00900.png,truck,0.858366
/home/emily/MMIP/week5/quiz1/data/query/ship/00078.png,ship,2,/home/emily/MMIP/week5/quiz1/data/gallery/truck/00797.png,truck,0.858290
/home/emily/MMIP/week5/quiz1/data/query/ship/00078.png,ship,3,/home/emily/MMIP/week5/quiz1/data/gallery/deer/00374.png,deer,0.858013
/home/emily/MMIP/week5/quiz1/data/query/ship/00078.png,ship,4,/home/emily/MMIP/week5/quiz1/data/gallery/ship/00014.png,ship,0.857901
/home/emily/MMIP/week5/quiz1/data/query/ship/00078.png,ship,5,/home/emily/MMIP/week5/quiz1/data/gallery/ship/00949.png,ship,0.856848
/home/emily/MMIP/week5/quiz1/data/query/ship/00079.png,ship,1,/home/emily/MMIP/week5/quiz1/data/gallery/ship/00532.png,ship,0.870924
/home/emily/MMIP/week5/quiz1/data/query/ship/00079.png,ship,2,/home/emily/MMIP/week5/quiz1/data/gallery/ship/00080.png,ship,0.869169
/home/emily/MMIP/week5/quiz1/data/query/ship/00079.png,ship,3,/home/emily/MMIP/week5/quiz1/data/gallery/ship/00121.png,ship,0.867013
/home/emily/MMIP/week5/quiz1/data/query/ship/00079.png,ship,4,/home/emily/MMIP/week5/quiz1/data/gallery/ship/00109.png,ship,0.863083
/home/emily/MMIP/week5/quiz1/data/query/ship/00079.png,ship,5,/home/emily/MMIP/week5/quiz1/data/gallery/ship/00110.png,ship,0.862241
/home/emily/MMIP/week5/quiz1/data/query/ship/00080.png,ship,1,/home/emily/MMIP/week5/quiz1/data/gallery/ship/00825.png,ship,0.883056
/home/emily/MMIP/week5/quiz1/data/query/ship/00080.png,ship,2,/home/emily/MMIP/week5/quiz1/data/gallery/ship/00027.png,ship,0.880571
/home/emily/MMIP/week5/quiz1/data/query/ship/00080.png,ship,3,/home/emily/MMIP/week5/quiz1/data/gallery/ship/00174.png,ship,0.879800
/home/emily/MMIP/week5/quiz1/data/query/ship/00080.png,ship,4,/home/emily/MMIP/week5/quiz1/data/gallery/ship/00018.png,ship,0.876368
/home/emily/MMIP/week5/quiz1/data/query/ship/00080.png,ship,5,/home/emily/MMIP/week5/quiz1/data/gallery/ship/00973.png,ship,0.875322
/home/emily/MMIP/week5/quiz1/data/query/ship/00081.png,ship,1,/home/emily/MMIP/week5/quiz1/data/gallery/ship/00192.png,ship,0.923090
/home/emily/MMIP/week5/quiz1/data/query/ship/00081.png,ship,2,/home/emily/MMIP/week5/quiz1/data/gallery/ship/00937.png,ship,0.889478
/home/emily/MMIP/week5/quiz1/data/query/ship/00081.png,ship,3,/home/emily/MMIP/week5/quiz1/data/gallery/ship/00531.png,ship,0.881637
/home/emily/MMIP/week5/quiz1/data/query/ship/00081.png,ship,4,/home/emily/MMIP/week5/quiz1/data/gallery/ship/00853.png,ship,0.880785
/home/emily/MMIP/week5/quiz1/data/query/ship/00081.png,ship,5,/home/emily/MMIP/week5/quiz1/data/gallery/ship/00378.png,ship,0.880429
/home/emily/MMIP/week5/quiz1/data/query/ship/00082.png,ship,1,/home/emily/MMIP/week5/quiz1/data/gallery/ship/00269.png,ship,0.902557
/home/emily/MMIP/week5/quiz1/data/query/ship/00082.png,ship,2,/home/emily/MMIP/week5/quiz1/data/gallery/ship/00747.png,ship,0.898936
/home/emily/MMIP/week5/quiz1/data/query/ship/00082.png,ship,3,/home/emily/MMIP/week5/quiz1/data/gallery/ship/00970.png,ship,0.892057
/home/emily/MMIP/week5/quiz1/data/query/ship/00082.png,ship,4,/home/emily/MMIP/week5/quiz1/data/gallery/ship/00782.png,ship,0.890691
/home/emily/MMIP/week5/quiz1/data/query/ship/00082.png,ship,5,/home/emily/MMIP/week5/quiz1/data/gallery/ship/00964.png,ship,0.888736
/home/emily/MMIP/week5/quiz1/data/query/ship/00083.png,ship,1,/home/emily/MMIP/week5/quiz1/data/gallery/ship/00042.png,ship,0.851906
/home/emily/MMIP/week5/quiz1/data/query/ship/00083.png,ship,2,/home/emily/MMIP/week5/quiz1/data/gallery/ship/00295.png,ship,0.849507
/home/emily/MMIP/week5/quiz1/data/query/ship/00083.png,ship,3,/home/emily/MMIP/week5/quiz1/data/gallery/ship/00752.png,ship,0.848114
/home/emily/MMIP/week5/quiz1/data/query/ship/00083.png,ship,4,/home/emily/MMIP/week5/quiz1/data/gallery/airplane/00816.png,airplane,0.842041
/home/emily/MMIP/week5/quiz1/data/query/ship/00083.png,ship,5,/home/emily/MMIP/week5/quiz1/data/gallery/ship/00731.png,ship,0.833130
/home/emily/MMIP/week5/quiz1/data/query/ship/00084.png,ship,1,/home/emily/MMIP/week5/quiz1/data/gallery/ship/00918.png,ship,0.899113
/home/emily/MMIP/week5/quiz1/data/query/ship/00084.png,ship,2,/home/emily/MMIP/week5/quiz1/data/gallery/ship/00450.png,ship,0.877016
/home/emily/MMIP/week5/quiz1/data/query/ship/00084.png,ship,3,/home/emily/MMIP/week5/quiz1/data/gallery/ship/00767.png,ship,0.872895
/home/emily/MMIP/week5/quiz1/data/query/ship/00084.png,ship,4,/home/emily/MMIP/week5/quiz1/data/gallery/ship/00334.png,ship,0.872149
/home/emily/MMIP/week5/quiz1/data/query/ship/00084.png,ship,5,/home/emily/MMIP/week5/quiz1/data/gallery/ship/00584.png,ship,0.872137
/home/emily/MMIP/week5/quiz1/data/query/ship/00085.png,ship,1,/home/emily/MMIP/week5/quiz1/data/gallery/ship/00510.png,ship,0.881396
/home/emily/MMIP/week5/quiz1/data/query/ship/00085.png,ship,2,/home/emily/MMIP/week5/quiz1/data/gallery/ship/00868.png,ship,0.863839
/home/emily/MMIP/week5/quiz1/data/query/ship/00085.png,ship,3,/home/emily/MMIP/week5/quiz1/data/gallery/ship/00686.png,ship,0.851570
/home/emily/MMIP/week5/quiz1/data/query/ship/00085.png,ship,4,/home/emily/MMIP/week5/quiz1/data/gallery/ship/00096.png,ship,0.848801
/home/emily/MMIP/week5/quiz1/data/query/ship/00085.png,ship,5,/home/emily/MMIP/week5/quiz1/data/gallery/ship/00792.png,ship,0.842222
/home/emily/MMIP/week5/quiz1/data/query/ship/00086.png,ship,1,/home/emily/MMIP/week5/quiz1/data/gallery/truck/00248.png,truck,0.854944
/home/emily/MMIP/week5/quiz1/data/query/ship/00086.png,ship,2,/home/emily/MMIP/week5/quiz1/data/gallery/ship/00753.png,ship,0.849571
/home/emily/MMIP/week5/quiz1/data/query/ship/00086.png,ship,3,/home/emily/MMIP/week5/quiz1/data/gallery/airplane/00724.png,airplane,0.845505
/home/emily/MMIP/week5/quiz1/data/query/ship/00086.png,ship,4,/home/emily/MMIP/week5/quiz1/data/gallery/automobile/00920.png,automobile,0.839478
/home/emily/MMIP/week5/quiz1/data/query/ship/00086.png,ship,5,/home/emily/MMIP/week5/quiz1/data/gallery/ship/00192.png,ship,0.839468
/home/emily/MMIP/week5/quiz1/data/query/ship/00087.png,ship,1,/home/emily/MMIP/week5/quiz1/data/gallery/ship/00933.png,ship,0.872665
/home/emily/MMIP/week5/quiz1/data/query/ship/00087.png,ship,2,/home/emily/MMIP/week5/quiz1/data/gallery/ship/00466.png,ship,0.866055
/home/emily/MMIP/week5/quiz1/data/query/ship/00087.png,ship,3,/home/emily/MMIP/week5/quiz1/data/gallery/ship/00380.png,ship,0.859605
/home/emily/MMIP/week5/quiz1/data/query/ship/00087.png,ship,4,/home/emily/MMIP/week5/quiz1/data/gallery/ship/00773.png,ship,0.859010
/home/emily/MMIP/week5/quiz1/data/query/ship/00087.png,ship,5,/home/emily/MMIP/week5/quiz1/data/gallery/ship/00906.png,ship,0.853402
/home/emily/MMIP/week5/quiz1/data/query/ship/00088.png,ship,1,/home/emily/MMIP/week5/quiz1/data/gallery/ship/00272.png,ship,0.883315
/home/emily/MMIP/week5/quiz1/data/query/ship/00088.png,ship,2,/home/emily/MMIP/week5/quiz1/data/gallery/ship/00613.png,ship,0.869621
/home/emily/MMIP/week5/quiz1/data/query/ship/00088.png,ship,3,/home/emily/MMIP/week5/quiz1/data/gallery/ship/00736.png,ship,0.863185
/home/emily/MMIP/week5/quiz1/data/query/ship/00088.png,ship,4,/home/emily/MMIP/week5/quiz1/data/gallery/ship/00788.png,ship,0.860835
/home/emily/MMIP/week5/quiz1/data/query/ship/00088.png,ship,5,/home/emily/MMIP/week5/quiz1/data/gallery/ship/00944.png,ship,0.860745
/home/emily/MMIP/week5/quiz1/data/query/ship/00089.png,ship,1,/home/emily/MMIP/week5/quiz1/data/gallery/ship/00253.png,ship,0.821438
/home/emily/MMIP/week5/quiz1/data/query/ship/00089.png,ship,2,/home/emily/MMIP/week5/quiz1/data/gallery/ship/00376.png,ship,0.808600
/home/emily/MMIP/week5/quiz1/data/query/ship/00089.png,ship,3,/home/emily/MMIP/week5/quiz1/data/gallery/airplane/00503.png,airplane,0.806929
/home/emily/MMIP/week5/quiz1/data/query/ship/00089.png,ship,4,/home/emily/MMIP/week5/quiz1/data/gallery/ship/00626.png,ship,0.806800
/home/emily/MMIP/week5/quiz1/data/query/ship/00089.png,ship,5,/home/emily/MMIP/week5/quiz1/data/gallery/ship/00567.png,ship,0.804981
/home/emily/MMIP/week5/quiz1/data/query/ship/00090.png,ship,1,/home/emily/MMIP/week5/quiz1/data/gallery/ship/00178.png,ship,0.874617
/home/emily/MMIP/week5/quiz1/data/query/ship/00090.png,ship,2,/home/emily/MMIP/week5/quiz1/data/gallery/airplane/00384.png,airplane,0.865630
/home/emily/MMIP/week5/quiz1/data/query/ship/00090.png,ship,3,/home/emily/MMIP/week5/quiz1/data/gallery/automobile/00276.png,automobile,0.845253
/home/emily/MMIP/week5/quiz1/data/query/ship/00090.png,ship,4,/home/emily/MMIP/week5/quiz1/data/gallery/airplane/00318.png,airplane,0.843557
/home/emily/MMIP/week5/quiz1/data/query/ship/00090.png,ship,5,/home/emily/MMIP/week5/quiz1/data/gallery/truck/00348.png,truck,0.837510
/home/emily/MMIP/week5/quiz1/data/query/ship/00091.png,ship,1,/home/emily/MMIP/week5/quiz1/data/gallery/ship/00079.png,ship,0.894899
/home/emily/MMIP/week5/quiz1/data/query/ship/00091.png,ship,2,/home/emily/MMIP/week5/quiz1/data/gallery/ship/00148.png,ship,0.891901
/home/emily/MMIP/week5/quiz1/data/query/ship/00091.png,ship,3,/home/emily/MMIP/week5/quiz1/data/gallery/ship/00060.png,ship,0.887681
/home/emily/MMIP/week5/quiz1/data/query/ship/00091.png,ship,4,/home/emily/MMIP/week5/quiz1/data/gallery/ship/00853.png,ship,0.886522
/home/emily/MMIP/week5/quiz1/data/query/ship/00091.png,ship,5,/home/emily/MMIP/week5/quiz1/data/gallery/ship/00361.png,ship,0.878004
/home/emily/MMIP/week5/quiz1/data/query/ship/00092.png,ship,1,/home/emily/MMIP/week5/quiz1/data/gallery/ship/00687.png,ship,0.859758
/home/emily/MMIP/week5/quiz1/data/query/ship/00092.png,ship,2,/home/emily/MMIP/week5/quiz1/data/gallery/ship/00876.png,ship,0.859035
/home/emily/MMIP/week5/quiz1/data/query/ship/00092.png,ship,3,/home/emily/MMIP/week5/quiz1/data/gallery/automobile/00619.png,automobile,0.829277
/home/emily/MMIP/week5/quiz1/data/query/ship/00092.png,ship,4,/home/emily/MMIP/week5/quiz1/data/gallery/ship/00379.png,ship,0.828324
/home/emily/MMIP/week5/quiz1/data/query/ship/00092.png,ship,5,/home/emily/MMIP/week5/quiz1/data/gallery/ship/00785.png,ship,0.827367
/home/emily/MMIP/week5/quiz1/data/query/ship/00093.png,ship,1,/home/emily/MMIP/week5/quiz1/data/gallery/ship/00806.png,ship,0.877971
/home/emily/MMIP/week5/quiz1/data/query/ship/00093.png,ship,2,/home/emily/MMIP/week5/quiz1/data/gallery/ship/00551.png,ship,0.871678
/home/emily/MMIP/week5/quiz1/data/query/ship/00093.png,ship,3,/home/emily/MMIP/week5/quiz1/data/gallery/ship/00687.png,ship,0.856316
/home/emily/MMIP/week5/quiz1/data/query/ship/00093.png,ship,4,/home/emily/MMIP/week5/quiz1/data/gallery/ship/00100.png,ship,0.851439
/home/emily/MMIP/week5/quiz1/data/query/ship/00093.png,ship,5,/home/emily/MMIP/week5/quiz1/data/gallery/ship/00259.png,ship,0.844710
/home/emily/MMIP/week5/quiz1/data/query/ship/00094.png,ship,1,/home/emily/MMIP/week5/quiz1/data/gallery/ship/00518.png,ship,0.875021
/home/emily/MMIP/week5/quiz1/data/query/ship/00094.png,ship,2,/home/emily/MMIP/week5/quiz1/data/gallery/ship/00960.png,ship,0.867680
/home/emily/MMIP/week5/quiz1/data/query/ship/00094.png,ship,3,/home/emily/MMIP/week5/quiz1/data/gallery/ship/00832.png,ship,0.867442
/home/emily/MMIP/week5/quiz1/data/query/ship/00094.png,ship,4,/home/emily/MMIP/week5/quiz1/data/gallery/ship/00944.png,ship,0.865847
/home/emily/MMIP/week5/quiz1/data/query/ship/00094.png,ship,5,/home/emily/MMIP/week5/quiz1/data/gallery/ship/00790.png,ship,0.865450
/home/emily/MMIP/week5/quiz1/data/query/ship/00095.png,ship,1,/home/emily/MMIP/week5/quiz1/data/gallery/ship/00219.png,ship,0.852505
/home/emily/MMIP/week5/quiz1/data/query/ship/00095.png,ship,2,/home/emily/MMIP/week5/quiz1/data/gallery/ship/00020.png,ship,0.850204
/home/emily/MMIP/week5/quiz1/data/query/ship/00095.png,ship,3,/home/emily/MMIP/week5/quiz1/data/gallery/ship/00687.png,ship,0.836522
/home/emily/MMIP/week5/quiz1/data/query/ship/00095.png,ship,4,/home/emily/MMIP/week5/quiz1/data/gallery/ship/00176.png,ship,0.836002
/home/emily/MMIP/week5/quiz1/data/query/ship/00095.png,ship,5,/home/emily/MMIP/week5/quiz1/data/gallery/ship/00129.png,ship,0.834663
/home/emily/MMIP/week5/quiz1/data/query/ship/00096.png,ship,1,/home/emily/MMIP/week5/quiz1/data/gallery/ship/00707.png,ship,0.899902
/home/emily/MMIP/week5/quiz1/data/query/ship/00096.png,ship,2,/home/emily/MMIP/week5/quiz1/data/gallery/ship/00507.png,ship,0.876471
/home/emily/MMIP/week5/quiz1/data/query/ship/00096.png,ship,3,/home/emily/MMIP/week5/quiz1/data/gallery/ship/00225.png,ship,0.875454
/home/emily/MMIP/week5/quiz1/data/query/ship/00096.png,ship,4,/home/emily/MMIP/week5/quiz1/data/gallery/ship/00613.png,ship,0.874900
/home/emily/MMIP/week5/quiz1/data/query/ship/00096.png,ship,5,/home/emily/MMIP/week5/quiz1/data/gallery/ship/00960.png,ship,0.872368
/home/emily/MMIP/week5/quiz1/data/query/ship/00097.png,ship,1,/home/emily/MMIP/week5/quiz1/data/gallery/ship/00731.png,ship,0.840585
/home/emily/MMIP/week5/quiz1/data/query/ship/00097.png,ship,2,/home/emily/MMIP/week5/quiz1/data/gallery/ship/00281.png,ship,0.834666
/home/emily/MMIP/week5/quiz1/data/query/ship/00097.png,ship,3,/home/emily/MMIP/week5/quiz1/data/gallery/ship/00886.png,ship,0.827164
/home/emily/MMIP/week5/quiz1/data/query/ship/00097.png,ship,4,/home/emily/MMIP/week5/quiz1/data/gallery/ship/00979.png,ship,0.822860
/home/emily/MMIP/week5/quiz1/data/query/ship/00097.png,ship,5,/home/emily/MMIP/week5/quiz1/data/gallery/ship/00048.png,ship,0.818869
/home/emily/MMIP/week5/quiz1/data/query/ship/00098.png,ship,1,/home/emily/MMIP/week5/quiz1/data/gallery/ship/00157.png,ship,0.825964
/home/emily/MMIP/week5/quiz1/data/query/ship/00098.png,ship,2,/home/emily/MMIP/week5/quiz1/data/gallery/ship/00776.png,ship,0.825707
/home/emily/MMIP/week5/quiz1/data/query/ship/00098.png,ship,3,/home/emily/MMIP/week5/quiz1/data/gallery/ship/00412.png,ship,0.820298
/home/emily/MMIP/week5/quiz1/data/query/ship/00098.png,ship,4,/home/emily/MMIP/week5/quiz1/data/gallery/ship/00517.png,ship,0.819881
/home/emily/MMIP/week5/quiz1/data/query/ship/00098.png,ship,5,/home/emily/MMIP/week5/quiz1/data/gallery/ship/00591.png,ship,0.811492
/home/emily/MMIP/week5/quiz1/data/query/ship/00099.png,ship,1,/home/emily/MMIP/week5/quiz1/data/gallery/ship/00225.png,ship,0.873372
/home/emily/MMIP/week5/quiz1/data/query/ship/00099.png,ship,2,/home/emily/MMIP/week5/quiz1/data/gallery/ship/00838.png,ship,0.861791
/home/emily/MMIP/week5/quiz1/data/query/ship/00099.png,ship,3,/home/emily/MMIP/week5/quiz1/data/gallery/ship/00159.png,ship,0.848483
/home/emily/MMIP/week5/quiz1/data/query/ship/00099.png,ship,4,/home/emily/MMIP/week5/quiz1/data/gallery/ship/00418.png,ship,0.848336
/home/emily/MMIP/week5/quiz1/data/query/ship/00099.png,ship,5,/home/emily/MMIP/week5/quiz1/data/gallery/ship/00958.png,ship,0.844087
/home/emily/MMIP/week5/quiz1/data/query/truck/00000.png,truck,1,/home/emily/MMIP/week5/quiz1/data/gallery/truck/00417.png,truck,0.925007
/home/emily/MMIP/week5/quiz1/data/query/truck/00000.png,truck,2,/home/emily/MMIP/week5/quiz1/data/gallery/truck/00609.png,truck,0.915964
/home/emily/MMIP/week5/quiz1/data/query/truck/00000.png,truck,3,/home/emily/MMIP/week5/quiz1/data/gallery/truck/00750.png,truck,0.909896
/home/emily/MMIP/week5/quiz1/data/query/truck/00000.png,truck,4,/home/emily/MMIP/week5/quiz1/data/gallery/truck/00656.png,truck,0.908174
/home/emily/MMIP/week5/quiz1/data/query/truck/00000.png,truck,5,/home/emily/MMIP/week5/quiz1/data/gallery/truck/00787.png,truck,0.907510
/home/emily/MMIP/week5/quiz1/data/query/truck/00001.png,truck,1,/home/emily/MMIP/week5/quiz1/data/gallery/truck/00660.png,truck,0.906293
/home/emily/MMIP/week5/quiz1/data/query/truck/00001.png,truck,2,/home/emily/MMIP/week5/quiz1/data/gallery/truck/00498.png,truck,0.898925
/home/emily/MMIP/week5/quiz1/data/query/truck/00001.png,truck,3,/home/emily/MMIP/week5/quiz1/data/gallery/truck/00472.png,truck,0.898213
/home/emily/MMIP/week5/quiz1/data/query/truck/00001.png,truck,4,/home/emily/MMIP/week5/quiz1/data/gallery/truck/00413.png,truck,0.895572
/home/emily/MMIP/week5/quiz1/data/query/truck/00001.png,truck,5,/home/emily/MMIP/week5/quiz1/data/gallery/truck/00441.png,truck,0.893483
/home/emily/MMIP/week5/quiz1/data/query/truck/00002.png,truck,1,/home/emily/MMIP/week5/quiz1/data/gallery/truck/00444.png,truck,0.924649
/home/emily/MMIP/week5/quiz1/data/query/truck/00002.png,truck,2,/home/emily/MMIP/week5/quiz1/data/gallery/truck/00708.png,truck,0.920969
/home/emily/MMIP/week5/quiz1/data/query/truck/00002.png,truck,3,/home/emily/MMIP/week5/quiz1/data/gallery/truck/00296.png,truck,0.918687
/home/emily/MMIP/week5/quiz1/data/query/truck/00002.png,truck,4,/home/emily/MMIP/week5/quiz1/data/gallery/truck/00733.png,truck,0.915296
/home/emily/MMIP/week5/quiz1/data/query/truck/00002.png,truck,5,/home/emily/MMIP/week5/quiz1/data/gallery/truck/00415.png,truck,0.914939
/home/emily/MMIP/week5/quiz1/data/query/truck/00003.png,truck,1,/home/emily/MMIP/week5/quiz1/data/gallery/truck/00263.png,truck,0.926109
/home/emily/MMIP/week5/quiz1/data/query/truck/00003.png,truck,2,/home/emily/MMIP/week5/quiz1/data/gallery/truck/00635.png,truck,0.915310
/home/emily/MMIP/week5/quiz1/data/query/truck/00003.png,truck,3,/home/emily/MMIP/week5/quiz1/data/gallery/truck/00109.png,truck,0.912937
/home/emily/MMIP/week5/quiz1/data/query/truck/00003.png,truck,4,/home/emily/MMIP/week5/quiz1/data/gallery/truck/00750.png,truck,0.907322
/home/emily/MMIP/week5/quiz1/data/query/truck/00003.png,truck,5,/home/emily/MMIP/week5/quiz1/data/gallery/truck/00211.png,truck,0.901226
/home/emily/MMIP/week5/quiz1/data/query/truck/00004.png,truck,1,/home/emily/MMIP/week5/quiz1/data/gallery/truck/00844.png,truck,0.915062
/home/emily/MMIP/week5/quiz1/data/query/truck/00004.png,truck,2,/home/emily/MMIP/week5/quiz1/data/gallery/truck/00853.png,truck,0.914528
/home/emily/MMIP/week5/quiz1/data/query/truck/00004.png,truck,3,/home/emily/MMIP/week5/quiz1/data/gallery/truck/00530.png,truck,0.912450
/home/emily/MMIP/week5/quiz1/data/query/truck/00004.png,truck,4,/home/emily/MMIP/week5/quiz1/data/gallery/truck/00299.png,truck,0.906162
/home/emily/MMIP/week5/quiz1/data/query/truck/00004.png,truck,5,/home/emily/MMIP/week5/quiz1/data/gallery/airplane/00753.png,airplane,0.903599
/home/emily/MMIP/week5/quiz1/data/query/truck/00005.png,truck,1,/home/emily/MMIP/week5/quiz1/data/gallery/truck/00444.png,truck,0.890746
/home/emily/MMIP/week5/quiz1/data/query/truck/00005.png,truck,2,/home/emily/MMIP/week5/quiz1/data/gallery/truck/00865.png,truck,0.887974
/home/emily/MMIP/week5/quiz1/data/query/truck/00005.png,truck,3,/home/emily/MMIP/week5/quiz1/data/gallery/truck/00962.png,truck,0.886487
/home/emily/MMIP/week5/quiz1/data/query/truck/00005.png,truck,4,/home/emily/MMIP/week5/quiz1/data/gallery/truck/00839.png,truck,0.880699
/home/emily/MMIP/week5/quiz1/data/query/truck/00005.png,truck,5,/home/emily/MMIP/week5/quiz1/data/gallery/truck/00105.png,truck,0.878906
/home/emily/MMIP/week5/quiz1/data/query/truck/00006.png,truck,1,/home/emily/MMIP/week5/quiz1/data/gallery/truck/00595.png,truck,0.915377
/home/emily/MMIP/week5/quiz1/data/query/truck/00006.png,truck,2,/home/emily/MMIP/week5/quiz1/data/gallery/truck/00010.png,truck,0.910127
/home/emily/MMIP/week5/quiz1/data/query/truck/00006.png,truck,3,/home/emily/MMIP/week5/quiz1/data/gallery/truck/00160.png,truck,0.908087
/home/emily/MMIP/week5/quiz1/data/query/truck/00006.png,truck,4,/home/emily/MMIP/week5/quiz1/data/gallery/truck/00119.png,truck,0.905592
/home/emily/MMIP/week5/quiz1/data/query/truck/00006.png,truck,5,/home/emily/MMIP/week5/quiz1/data/gallery/truck/00943.png,truck,0.904151
/home/emily/MMIP/week5/quiz1/data/query/truck/00007.png,truck,1,/home/emily/MMIP/week5/quiz1/data/gallery/truck/00251.png,truck,0.887191
/home/emily/MMIP/week5/quiz1/data/query/truck/00007.png,truck,2,/home/emily/MMIP/week5/quiz1/data/gallery/truck/00999.png,truck,0.879523
/home/emily/MMIP/week5/quiz1/data/query/truck/00007.png,truck,3,/home/emily/MMIP/week5/quiz1/data/gallery/truck/00294.png,truck,0.877232
/home/emily/MMIP/week5/quiz1/data/query/truck/00007.png,truck,4,/home/emily/MMIP/week5/quiz1/data/gallery/truck/00866.png,truck,0.875834
/home/emily/MMIP/week5/quiz1/data/query/truck/00007.png,truck,5,/home/emily/MMIP/week5/quiz1/data/gallery/truck/00083.png,truck,0.874774
/home/emily/MMIP/week5/quiz1/data/query/truck/00008.png,truck,1,/home/emily/MMIP/week5/quiz1/data/gallery/airplane/00466.png,airplane,0.888120
/home/emily/MMIP/week5/quiz1/data/query/truck/00008.png,truck,2,/home/emily/MMIP/week5/quiz1/data/gallery/truck/00779.png,truck,0.875749
/home/emily/MMIP/week5/quiz1/data/query/truck/00008.png,truck,3,/home/emily/MMIP/week5/quiz1/data/gallery/truck/00435.png,truck,0.875269
/home/emily/MMIP/week5/quiz1/data/query/truck/00008.png,truck,4,/home/emily/MMIP/week5/quiz1/data/gallery/airplane/00770.png,airplane,0.872640
/home/emily/MMIP/week5/quiz1/data/query/truck/00008.png,truck,5,/home/emily/MMIP/week5/quiz1/data/gallery/truck/00964.png,truck,0.870907
/home/emily/MMIP/week5/quiz1/data/query/truck/00009.png,truck,1,/home/emily/MMIP/week5/quiz1/data/gallery/truck/00435.png,truck,0.876937
/home/emily/MMIP/week5/quiz1/data/query/truck/00009.png,truck,2,/home/emily/MMIP/week5/quiz1/data/gallery/airplane/00753.png,airplane,0.870091
/home/emily/MMIP/week5/quiz1/data/query/truck/00009.png,truck,3,/home/emily/MMIP/week5/quiz1/data/gallery/truck/00253.png,truck,0.857056
/home/emily/MMIP/week5/quiz1/data/query/truck/00009.png,truck,4,/home/emily/MMIP/week5/quiz1/data/gallery/truck/00167.png,truck,0.846320
/home/emily/MMIP/week5/quiz1/data/query/truck/00009.png,truck,5,/home/emily/MMIP/week5/quiz1/data/gallery/truck/00844.png,truck,0.844880
/home/emily/MMIP/week5/quiz1/data/query/truck/00010.png,truck,1,/home/emily/MMIP/week5/quiz1/data/gallery/truck/00119.png,truck,0.926293
/home/emily/MMIP/week5/quiz1/data/query/truck/00010.png,truck,2,/home/emily/MMIP/week5/quiz1/data/gallery/truck/00273.png,truck,0.918027
/home/emily/MMIP/week5/quiz1/data/query/truck/00010.png,truck,3,/home/emily/MMIP/week5/quiz1/data/gallery/truck/00444.png,truck,0.914516
/home/emily/MMIP/week5/quiz1/data/query/truck/00010.png,truck,4,/home/emily/MMIP/week5/quiz1/data/gallery/truck/00415.png,truck,0.913535
/home/emily/MMIP/week5/quiz1/data/query/truck/00010.png,truck,5,/home/emily/MMIP/week5/quiz1/data/gallery/truck/00296.png,truck,0.907714
/home/emily/MMIP/week5/quiz1/data/query/truck/00011.png,truck,1,/home/emily/MMIP/week5/quiz1/data/gallery/truck/00238.png,truck,0.937566
/home/emily/MMIP/week5/quiz1/data/query/truck/00011.png,truck,2,/home/emily/MMIP/week5/quiz1/data/gallery/truck/00711.png,truck,0.920290
/home/emily/MMIP/week5/quiz1/data/query/truck/00011.png,truck,3,/home/emily/MMIP/week5/quiz1/data/gallery/truck/00153.png,truck,0.916025
/home/emily/MMIP/week5/quiz1/data/query/truck/00011.png,truck,4,/home/emily/MMIP/week5/quiz1/data/gallery/truck/00717.png,truck,0.911736
/home/emily/MMIP/week5/quiz1/data/query/truck/00011.png,truck,5,/home/emily/MMIP/week5/quiz1/data/gallery/truck/00080.png,truck,0.906194
/home/emily/MMIP/week5/quiz1/data/query/truck/00012.png,truck,1,/home/emily/MMIP/week5/quiz1/data/gallery/truck/00427.png,truck,0.958345
/home/emily/MMIP/week5/quiz1/data/query/truck/00012.png,truck,2,/home/emily/MMIP/week5/quiz1/data/gallery/truck/00792.png,truck,0.905038
/home/emily/MMIP/week5/quiz1/data/query/truck/00012.png,truck,3,/home/emily/MMIP/week5/quiz1/data/gallery/truck/00045.png,truck,0.900848
/home/emily/MMIP/week5/quiz1/data/query/truck/00012.png,truck,4,/home/emily/MMIP/week5/quiz1/data/gallery/truck/00560.png,truck,0.898334
/home/emily/MMIP/week5/quiz1/data/query/truck/00012.png,truck,5,/home/emily/MMIP/week5/quiz1/data/gallery/truck/00802.png,truck,0.892401
/home/emily/MMIP/week5/quiz1/data/query/truck/00013.png,truck,1,/home/emily/MMIP/week5/quiz1/data/gallery/airplane/00119.png,airplane,0.881496
/home/emily/MMIP/week5/quiz1/data/query/truck/00013.png,truck,2,/home/emily/MMIP/week5/quiz1/data/gallery/truck/00481.png,truck,0.878152
/home/emily/MMIP/week5/quiz1/data/query/truck/00013.png,truck,3,/home/emily/MMIP/week5/quiz1/data/gallery/automobile/00908.png,automobile,0.876202
/home/emily/MMIP/week5/quiz1/data/query/truck/00013.png,truck,4,/home/emily/MMIP/week5/quiz1/data/gallery/truck/00840.png,truck,0.876004
/home/emily/MMIP/week5/quiz1/data/query/truck/00013.png,truck,5,/home/emily/MMIP/week5/quiz1/data/gallery/automobile/00270.png,automobile,0.873140
/home/emily/MMIP/week5/quiz1/data/query/truck/00014.png,truck,1,/home/emily/MMIP/week5/quiz1/data/gallery/truck/00235.png,truck,0.884863
/home/emily/MMIP/week5/quiz1/data/query/truck/00014.png,truck,2,/home/emily/MMIP/week5/quiz1/data/gallery/truck/00016.png,truck,0.882752
/home/emily/MMIP/week5/quiz1/data/query/truck/00014.png,truck,3,/home/emily/MMIP/week5/quiz1/data/gallery/truck/00372.png,truck,0.882124
/home/emily/MMIP/week5/quiz1/data/query/truck/00014.png,truck,4,/home/emily/MMIP/week5/quiz1/data/gallery/truck/00767.png,truck,0.880155
/home/emily/MMIP/week5/quiz1/data/query/truck/00014.png,truck,5,/home/emily/MMIP/week5/quiz1/data/gallery/truck/00530.png,truck,0.879898
/home/emily/MMIP/week5/quiz1/data/query/truck/00015.png,truck,1,/home/emily/MMIP/week5/quiz1/data/gallery/truck/00879.png,truck,0.903485
/home/emily/MMIP/week5/quiz1/data/query/truck/00015.png,truck,2,/home/emily/MMIP/week5/quiz1/data/gallery/truck/00313.png,truck,0.894868
/home/emily/MMIP/week5/quiz1/data/query/truck/00015.png,truck,3,/home/emily/MMIP/week5/quiz1/data/gallery/truck/00915.png,truck,0.890433
/home/emily/MMIP/week5/quiz1/data/query/truck/00015.png,truck,4,/home/emily/MMIP/week5/quiz1/data/gallery/truck/00134.png,truck,0.890378
/home/emily/MMIP/week5/quiz1/data/query/truck/00015.png,truck,5,/home/emily/MMIP/week5/quiz1/data/gallery/truck/00935.png,truck,0.889498
/home/emily/MMIP/week5/quiz1/data/query/truck/00016.png,truck,1,/home/emily/MMIP/week5/quiz1/data/gallery/truck/00394.png,truck,0.882131
/home/emily/MMIP/week5/quiz1/data/query/truck/00016.png,truck,2,/home/emily/MMIP/week5/quiz1/data/gallery/truck/00595.png,truck,0.881807
/home/emily/MMIP/week5/quiz1/data/query/truck/00016.png,truck,3,/home/emily/MMIP/week5/quiz1/data/gallery/truck/00530.png,truck,0.881275
/home/emily/MMIP/week5/quiz1/data/query/truck/00016.png,truck,4,/home/emily/MMIP/week5/quiz1/data/gallery/truck/00732.png,truck,0.878419
/home/emily/MMIP/week5/quiz1/data/query/truck/00016.png,truck,5,/home/emily/MMIP/week5/quiz1/data/gallery/truck/00139.png,truck,0.877548
/home/emily/MMIP/week5/quiz1/data/query/truck/00017.png,truck,1,/home/emily/MMIP/week5/quiz1/data/gallery/truck/00459.png,truck,0.863257
/home/emily/MMIP/week5/quiz1/data/query/truck/00017.png,truck,2,/home/emily/MMIP/week5/quiz1/data/gallery/truck/00645.png,truck,0.858052
/home/emily/MMIP/week5/quiz1/data/query/truck/00017.png,truck,3,/home/emily/MMIP/week5/quiz1/data/gallery/truck/00697.png,truck,0.852448
/home/emily/MMIP/week5/quiz1/data/query/truck/00017.png,truck,4,/home/emily/MMIP/week5/quiz1/data/gallery/truck/00967.png,truck,0.850452
/home/emily/MMIP/week5/quiz1/data/query/truck/00017.png,truck,5,/home/emily/MMIP/week5/quiz1/data/gallery/truck/00555.png,truck,0.846709
/home/emily/MMIP/week5/quiz1/data/query/truck/00018.png,truck,1,/home/emily/MMIP/week5/quiz1/data/gallery/truck/00956.png,truck,0.879383
/home/emily/MMIP/week5/quiz1/data/query/truck/00018.png,truck,2,/home/emily/MMIP/week5/quiz1/data/gallery/truck/00641.png,truck,0.878042
/home/emily/MMIP/week5/quiz1/data/query/truck/00018.png,truck,3,/home/emily/MMIP/week5/quiz1/data/gallery/truck/00686.png,truck,0.874956
/home/emily/MMIP/week5/quiz1/data/query/truck/00018.png,truck,4,/home/emily/MMIP/week5/quiz1/data/gallery/truck/00294.png,truck,0.874239
/home/emily/MMIP/week5/quiz1/data/query/truck/00018.png,truck,5,/home/emily/MMIP/week5/quiz1/data/gallery/truck/00165.png,truck,0.873881
/home/emily/MMIP/week5/quiz1/data/query/truck/00019.png,truck,1,/home/emily/MMIP/week5/quiz1/data/gallery/truck/00365.png,truck,0.907444
/home/emily/MMIP/week5/quiz1/data/query/truck/00019.png,truck,2,/home/emily/MMIP/week5/quiz1/data/gallery/truck/00273.png,truck,0.906764
/home/emily/MMIP/week5/quiz1/data/query/truck/00019.png,truck,3,/home/emily/MMIP/week5/quiz1/data/gallery/truck/00966.png,truck,0.904871
/home/emily/MMIP/week5/quiz1/data/query/truck/00019.png,truck,4,/home/emily/MMIP/week5/quiz1/data/gallery/truck/00815.png,truck,0.903735
/home/emily/MMIP/week5/quiz1/data/query/truck/00019.png,truck,5,/home/emily/MMIP/week5/quiz1/data/gallery/truck/00957.png,truck,0.903535
/home/emily/MMIP/week5/quiz1/data/query/truck/00020.png,truck,1,/home/emily/MMIP/week5/quiz1/data/gallery/truck/00533.png,truck,0.913702
/home/emily/MMIP/week5/quiz1/data/query/truck/00020.png,truck,2,/home/emily/MMIP/week5/quiz1/data/gallery/truck/00858.png,truck,0.910019
/home/emily/MMIP/week5/quiz1/data/query/truck/00020.png,truck,3,/home/emily/MMIP/week5/quiz1/data/gallery/truck/00804.png,truck,0.903187
/home/emily/MMIP/week5/quiz1/data/query/truck/00020.png,truck,4,/home/emily/MMIP/week5/quiz1/data/gallery/truck/00236.png,truck,0.901693
/home/emily/MMIP/week5/quiz1/data/query/truck/00020.png,truck,5,/home/emily/MMIP/week5/quiz1/data/gallery/truck/00304.png,truck,0.899549
/home/emily/MMIP/week5/quiz1/data/query/truck/00021.png,truck,1,/home/emily/MMIP/week5/quiz1/data/gallery/truck/00690.png,truck,0.887441
/home/emily/MMIP/week5/quiz1/data/query/truck/00021.png,truck,2,/home/emily/MMIP/week5/quiz1/data/gallery/truck/00378.png,truck,0.882560
/home/emily/MMIP/week5/quiz1/data/query/truck/00021.png,truck,3,/home/emily/MMIP/week5/quiz1/data/gallery/truck/00595.png,truck,0.882536
/home/emily/MMIP/week5/quiz1/data/query/truck/00021.png,truck,4,/home/emily/MMIP/week5/quiz1/data/gallery/truck/00361.png,truck,0.879257
/home/emily/MMIP/week5/quiz1/data/query/truck/00021.png,truck,5,/home/emily/MMIP/week5/quiz1/data/gallery/truck/00934.png,truck,0.876884
/home/emily/MMIP/week5/quiz1/data/query/truck/00022.png,truck,1,/home/emily/MMIP/week5/quiz1/data/gallery/truck/00427.png,truck,0.866753
/home/emily/MMIP/week5/quiz1/data/query/truck/00022.png,truck,2,/home/emily/MMIP/week5/quiz1/data/gallery/truck/00913.png,truck,0.866009
/home/emily/MMIP/week5/quiz1/data/query/truck/00022.png,truck,3,/home/emily/MMIP/week5/quiz1/data/gallery/truck/00446.png,truck,0.856804
/home/emily/MMIP/week5/quiz1/data/query/truck/00022.png,truck,4,/home/emily/MMIP/week5/quiz1/data/gallery/truck/00015.png,truck,0.853798
/home/emily/MMIP/week5/quiz1/data/query/truck/00022.png,truck,5,/home/emily/MMIP/week5/quiz1/data/gallery/truck/00083.png,truck,0.851377
/home/emily/MMIP/week5/quiz1/data/query/truck/00023.png,truck,1,/home/emily/MMIP/week5/quiz1/data/gallery/truck/00345.png,truck,0.905389
/home/emily/MMIP/week5/quiz1/data/query/truck/00023.png,truck,2,/home/emily/MMIP/week5/quiz1/data/gallery/truck/00224.png,truck,0.898970
/home/emily/MMIP/week5/quiz1/data/query/truck/00023.png,truck,3,/home/emily/MMIP/week5/quiz1/data/gallery/truck/00299.png,truck,0.898798
/home/emily/MMIP/week5/quiz1/data/query/truck/00023.png,truck,4,/home/emily/MMIP/week5/quiz1/data/gallery/truck/00470.png,truck,0.898428
/home/emily/MMIP/week5/quiz1/data/query/truck/00023.png,truck,5,/home/emily/MMIP/week5/quiz1/data/gallery/truck/00758.png,truck,0.895504
/home/emily/MMIP/week5/quiz1/data/query/truck/00024.png,truck,1,/home/emily/MMIP/week5/quiz1/data/gallery/truck/00334.png,truck,0.908301
/home/emily/MMIP/week5/quiz1/data/query/truck/00024.png,truck,2,/home/emily/MMIP/week5/quiz1/data/gallery/truck/00414.png,truck,0.901211
/home/emily/MMIP/week5/quiz1/data/query/truck/00024.png,truck,3,/home/emily/MMIP/week5/quiz1/data/gallery/truck/00352.png,truck,0.900851
/home/emily/MMIP/week5/quiz1/data/query/truck/00024.png,truck,4,/home/emily/MMIP/week5/quiz1/data/gallery/truck/00660.png,truck,0.896845
/home/emily/MMIP/week5/quiz1/data/query/truck/00024.png,truck,5,/home/emily/MMIP/week5/quiz1/data/gallery/truck/00879.png,truck,0.896652
/home/emily/MMIP/week5/quiz1/data/query/truck/00025.png,truck,1,/home/emily/MMIP/week5/quiz1/data/gallery/truck/00163.png,truck,0.896406
/home/emily/MMIP/week5/quiz1/data/query/truck/00025.png,truck,2,/home/emily/MMIP/week5/quiz1/data/gallery/truck/00421.png,truck,0.883559
/home/emily/MMIP/week5/quiz1/data/query/truck/00025.png,truck,3,/home/emily/MMIP/week5/quiz1/data/gallery/truck/00180.png,truck,0.881160
/home/emily/MMIP/week5/quiz1/data/query/truck/00025.png,truck,4,/home/emily/MMIP/week5/quiz1/data/gallery/truck/00650.png,truck,0.875967
/home/emily/MMIP/week5/quiz1/data/query/truck/00025.png,truck,5,/home/emily/MMIP/week5/quiz1/data/gallery/truck/00840.png,truck,0.874895
/home/emily/MMIP/week5/quiz1/data/query/truck/00026.png,truck,1,/home/emily/MMIP/week5/quiz1/data/gallery/truck/00287.png,truck,0.900701
/home/emily/MMIP/week5/quiz1/data/query/truck/00026.png,truck,2,/home/emily/MMIP/week5/quiz1/data/gallery/truck/00112.png,truck,0.890899
/home/emily/MMIP/week5/quiz1/data/query/truck/00026.png,truck,3,/home/emily/MMIP/week5/quiz1/data/gallery/truck/00054.png,truck,0.889317
/home/emily/MMIP/week5/quiz1/data/query/truck/00026.png,truck,4,/home/emily/MMIP/week5/quiz1/data/gallery/truck/00429.png,truck,0.888517
/home/emily/MMIP/week5/quiz1/data/query/truck/00026.png,truck,5,/home/emily/MMIP/week5/quiz1/data/gallery/truck/00729.png,truck,0.884919
/home/emily/MMIP/week5/quiz1/data/query/truck/00027.png,truck,1,/home/emily/MMIP/week5/quiz1/data/gallery/truck/00943.png,truck,0.853415
/home/emily/MMIP/week5/quiz1/data/query/truck/00027.png,truck,2,/home/emily/MMIP/week5/quiz1/data/gallery/truck/00772.png,truck,0.850539
/home/emily/MMIP/week5/quiz1/data/query/truck/00027.png,truck,3,/home/emily/MMIP/week5/quiz1/data/gallery/ship/00524.png,ship,0.847427
/home/emily/MMIP/week5/quiz1/data/query/truck/00027.png,truck,4,/home/emily/MMIP/week5/quiz1/data/gallery/automobile/00787.png,automobile,0.847401
/home/emily/MMIP/week5/quiz1/data/query/truck/00027.png,truck,5,/home/emily/MMIP/week5/quiz1/data/gallery/truck/00201.png,truck,0.847360
/home/emily/MMIP/week5/quiz1/data/query/truck/00028.png,truck,1,/home/emily/MMIP/week5/quiz1/data/gallery/truck/00814.png,truck,0.899052
/home/emily/MMIP/week5/quiz1/data/query/truck/00028.png,truck,2,/home/emily/MMIP/week5/quiz1/data/gallery/truck/00770.png,truck,0.893664
/home/emily/MMIP/week5/quiz1/data/query/truck/00028.png,truck,3,/home/emily/MMIP/week5/quiz1/data/gallery/truck/00329.png,truck,0.891281
/home/emily/MMIP/week5/quiz1/data/query/truck/00028.png,truck,4,/home/emily/MMIP/week5/quiz1/data/gallery/truck/00840.png,truck,0.886792
/home/emily/MMIP/week5/quiz1/data/query/truck/00028.png,truck,5,/home/emily/MMIP/week5/quiz1/data/gallery/truck/00614.png,truck,0.884481
/home/emily/MMIP/week5/quiz1/data/query/truck/00029.png,truck,1,/home/emily/MMIP/week5/quiz1/data/gallery/automobile/00908.png,automobile,0.874342
/home/emily/MMIP/week5/quiz1/data/query/truck/00029.png,truck,2,/home/emily/MMIP/week5/quiz1/data/gallery/automobile/00244.png,automobile,0.873762
/home/emily/MMIP/week5/quiz1/data/query/truck/00029.png,truck,3,/home/emily/MMIP/week5/quiz1/data/gallery/truck/00706.png,truck,0.871741
/home/emily/MMIP/week5/quiz1/data/query/truck/00029.png,truck,4,/home/emily/MMIP/week5/quiz1/data/gallery/truck/00631.png,truck,0.869862
/home/emily/MMIP/week5/quiz1/data/query/truck/00029.png,truck,5,/home/emily/MMIP/week5/quiz1/data/gallery/truck/00042.png,truck,0.867615
/home/emily/MMIP/week5/quiz1/data/query/truck/00030.png,truck,1,/home/emily/MMIP/week5/quiz1/data/gallery/truck/00296.png,truck,0.903627
/home/emily/MMIP/week5/quiz1/data/query/truck/00030.png,truck,2,/home/emily/MMIP/week5/quiz1/data/gallery/truck/00025.png,truck,0.893382
/home/emily/MMIP/week5/quiz1/data/query/truck/00030.png,truck,3,/home/emily/MMIP/week5/quiz1/data/gallery/automobile/00137.png,automobile,0.888018
/home/emily/MMIP/week5/quiz1/data/query/truck/00030.png,truck,4,/home/emily/MMIP/week5/quiz1/data/gallery/truck/00332.png,truck,0.887915
/home/emily/MMIP/week5/quiz1/data/query/truck/00030.png,truck,5,/home/emily/MMIP/week5/quiz1/data/gallery/truck/00390.png,truck,0.887089
/home/emily/MMIP/week5/quiz1/data/query/truck/00031.png,truck,1,/home/emily/MMIP/week5/quiz1/data/gallery/truck/00563.png,truck,0.885422
/home/emily/MMIP/week5/quiz1/data/query/truck/00031.png,truck,2,/home/emily/MMIP/week5/quiz1/data/gallery/truck/00002.png,truck,0.874682
/home/emily/MMIP/week5/quiz1/data/query/truck/00031.png,truck,3,/home/emily/MMIP/week5/quiz1/data/gallery/truck/00772.png,truck,0.868591
/home/emily/MMIP/week5/quiz1/data/query/truck/00031.png,truck,4,/home/emily/MMIP/week5/quiz1/data/gallery/truck/00610.png,truck,0.868466
/home/emily/MMIP/week5/quiz1/data/query/truck/00031.png,truck,5,/home/emily/MMIP/week5/quiz1/data/gallery/truck/00561.png,truck,0.868237
/home/emily/MMIP/week5/quiz1/data/query/truck/00032.png,truck,1,/home/emily/MMIP/week5/quiz1/data/gallery/truck/00269.png,truck,0.920488
/home/emily/MMIP/week5/quiz1/data/query/truck/00032.png,truck,2,/home/emily/MMIP/week5/quiz1/data/gallery/truck/00554.png,truck,0.903038
/home/emily/MMIP/week5/quiz1/data/query/truck/00032.png,truck,3,/home/emily/MMIP/week5/quiz1/data/gallery/truck/00592.png,truck,0.898331
/home/emily/MMIP/week5/quiz1/data/query/truck/00032.png,truck,4,/home/emily/MMIP/week5/quiz1/data/gallery/truck/00370.png,truck,0.896909
/home/emily/MMIP/week5/quiz1/data/query/truck/00032.png,truck,5,/home/emily/MMIP/week5/quiz1/data/gallery/truck/00415.png,truck,0.895041
/home/emily/MMIP/week5/quiz1/data/query/truck/00033.png,truck,1,/home/emily/MMIP/week5/quiz1/data/gallery/truck/00533.png,truck,0.892643
/home/emily/MMIP/week5/quiz1/data/query/truck/00033.png,truck,2,/home/emily/MMIP/week5/quiz1/data/gallery/truck/00160.png,truck,0.890250
/home/emily/MMIP/week5/quiz1/data/query/truck/00033.png,truck,3,/home/emily/MMIP/week5/quiz1/data/gallery/truck/00719.png,truck,0.887436
/home/emily/MMIP/week5/quiz1/data/query/truck/00033.png,truck,4,/home/emily/MMIP/week5/quiz1/data/gallery/truck/00910.png,truck,0.887353
/home/emily/MMIP/week5/quiz1/data/query/truck/00033.png,truck,5,/home/emily/MMIP/week5/quiz1/data/gallery/truck/00299.png,truck,0.887179
/home/emily/MMIP/week5/quiz1/data/query/truck/00034.png,truck,1,/home/emily/MMIP/week5/quiz1/data/gallery/truck/00448.png,truck,0.904209
/home/emily/MMIP/week5/quiz1/data/query/truck/00034.png,truck,2,/home/emily/MMIP/week5/quiz1/data/gallery/truck/00987.png,truck,0.887439
/home/emily/MMIP/week5/quiz1/data/query/truck/00034.png,truck,3,/home/emily/MMIP/week5/quiz1/data/gallery/truck/00417.png,truck,0.885502
/home/emily/MMIP/week5/quiz1/data/query/truck/00034.png,truck,4,/home/emily/MMIP/week5/quiz1/data/gallery/truck/00879.png,truck,0.884526
/home/emily/MMIP/week5/quiz1/data/query/truck/00034.png,truck,5,/home/emily/MMIP/week5/quiz1/data/gallery/automobile/00325.png,automobile,0.883613
/home/emily/MMIP/week5/quiz1/data/query/truck/00035.png,truck,1,/home/emily/MMIP/week5/quiz1/data/gallery/truck/00712.png,truck,0.901124
/home/emily/MMIP/week5/quiz1/data/query/truck/00035.png,truck,2,/home/emily/MMIP/week5/quiz1/data/gallery/truck/00131.png,truck,0.892595
/home/emily/MMIP/week5/quiz1/data/query/truck/00035.png,truck,3,/home/emily/MMIP/week5/quiz1/data/gallery/automobile/00601.png,automobile,0.891672
/home/emily/MMIP/week5/quiz1/data/query/truck/00035.png,truck,4,/home/emily/MMIP/week5/quiz1/data/gallery/automobile/00185.png,automobile,0.889761
/home/emily/MMIP/week5/quiz1/data/query/truck/00035.png,truck,5,/home/emily/MMIP/week5/quiz1/data/gallery/truck/00819.png,truck,0.885078
/home/emily/MMIP/week5/quiz1/data/query/truck/00036.png,truck,1,/home/emily/MMIP/week5/quiz1/data/gallery/truck/00814.png,truck,0.897318
/home/emily/MMIP/week5/quiz1/data/query/truck/00036.png,truck,2,/home/emily/MMIP/week5/quiz1/data/gallery/truck/00505.png,truck,0.895338
/home/emily/MMIP/week5/quiz1/data/query/truck/00036.png,truck,3,/home/emily/MMIP/week5/quiz1/data/gallery/truck/00571.png,truck,0.894799
/home/emily/MMIP/week5/quiz1/data/query/truck/00036.png,truck,4,/home/emily/MMIP/week5/quiz1/data/gallery/automobile/00401.png,automobile,0.891998
/home/emily/MMIP/week5/quiz1/data/query/truck/00036.png,truck,5,/home/emily/MMIP/week5/quiz1/data/gallery/truck/00901.png,truck,0.881506
/home/emily/MMIP/week5/quiz1/data/query/truck/00037.png,truck,1,/home/emily/MMIP/week5/quiz1/data/gallery/truck/00962.png,truck,0.883038
/home/emily/MMIP/week5/quiz1/data/query/truck/00037.png,truck,2,/home/emily/MMIP/week5/quiz1/data/gallery/truck/00050.png,truck,0.876917
/home/emily/MMIP/week5/quiz1/data/query/truck/00037.png,truck,3,/home/emily/MMIP/week5/quiz1/data/gallery/truck/00332.png,truck,0.875672
/home/emily/MMIP/week5/quiz1/data/query/truck/00037.png,truck,4,/home/emily/MMIP/week5/quiz1/data/gallery/truck/00159.png,truck,0.875366
/home/emily/MMIP/week5/quiz1/data/query/truck/00037.png,truck,5,/home/emily/MMIP/week5/quiz1/data/gallery/truck/00153.png,truck,0.872976
/home/emily/MMIP/week5/quiz1/data/query/truck/00038.png,truck,1,/home/emily/MMIP/week5/quiz1/data/gallery/truck/00105.png,truck,0.896150
/home/emily/MMIP/week5/quiz1/data/query/truck/00038.png,truck,2,/home/emily/MMIP/week5/quiz1/data/gallery/truck/00532.png,truck,0.895410
/home/emily/MMIP/week5/quiz1/data/query/truck/00038.png,truck,3,/home/emily/MMIP/week5/quiz1/data/gallery/truck/00893.png,truck,0.895129
/home/emily/MMIP/week5/quiz1/data/query/truck/00038.png,truck,4,/home/emily/MMIP/week5/quiz1/data/gallery/truck/00346.png,truck,0.894764
/home/emily/MMIP/week5/quiz1/data/query/truck/00038.png,truck,5,/home/emily/MMIP/week5/quiz1/data/gallery/truck/00296.png,truck,0.892755
/home/emily/MMIP/week5/quiz1/data/query/truck/00039.png,truck,1,/home/emily/MMIP/week5/quiz1/data/gallery/deer/00536.png,deer,0.867616
/home/emily/MMIP/week5/quiz1/data/query/truck/00039.png,truck,2,/home/emily/MMIP/week5/quiz1/data/gallery/truck/00754.png,truck,0.867608
/home/emily/MMIP/week5/quiz1/data/query/truck/00039.png,truck,3,/home/emily/MMIP/week5/quiz1/data/gallery/truck/00066.png,truck,0.863415
/home/emily/MMIP/week5/quiz1/data/query/truck/00039.png,truck,4,/home/emily/MMIP/week5/quiz1/data/gallery/truck/00439.png,truck,0.858661
/home/emily/MMIP/week5/quiz1/data/query/truck/00039.png,truck,5,/home/emily/MMIP/week5/quiz1/data/gallery/truck/00908.png,truck,0.858318
/home/emily/MMIP/week5/quiz1/data/query/truck/00040.png,truck,1,/home/emily/MMIP/week5/quiz1/data/gallery/truck/00451.png,truck,0.908753
/home/emily/MMIP/week5/quiz1/data/query/truck/00040.png,truck,2,/home/emily/MMIP/week5/quiz1/data/gallery/automobile/00494.png,automobile,0.902497
/home/emily/MMIP/week5/quiz1/data/query/truck/00040.png,truck,3,/home/emily/MMIP/week5/quiz1/data/gallery/truck/00717.png,truck,0.902413
/home/emily/MMIP/week5/quiz1/data/query/truck/00040.png,truck,4,/home/emily/MMIP/week5/quiz1/data/gallery/automobile/00522.png,automobile,0.900829
/home/emily/MMIP/week5/quiz1/data/query/truck/00040.png,truck,5,/home/emily/MMIP/week5/quiz1/data/gallery/automobile/00464.png,automobile,0.897845
/home/emily/MMIP/week5/quiz1/data/query/truck/00041.png,truck,1,/home/emily/MMIP/week5/quiz1/data/gallery/truck/00299.png,truck,0.895870
/home/emily/MMIP/week5/quiz1/data/query/truck/00041.png,truck,2,/home/emily/MMIP/week5/quiz1/data/gallery/truck/00870.png,truck,0.890329
/home/emily/MMIP/week5/quiz1/data/query/truck/00041.png,truck,3,/home/emily/MMIP/week5/quiz1/data/gallery/truck/00686.png,truck,0.889422
/home/emily/MMIP/week5/quiz1/data/query/truck/00041.png,truck,4,/home/emily/MMIP/week5/quiz1/data/gallery/truck/00943.png,truck,0.885065
/home/emily/MMIP/week5/quiz1/data/query/truck/00041.png,truck,5,/home/emily/MMIP/week5/quiz1/data/gallery/ship/00505.png,ship,0.884842
/home/emily/MMIP/week5/quiz1/data/query/truck/00042.png,truck,1,/home/emily/MMIP/week5/quiz1/data/gallery/truck/00807.png,truck,0.921176
/home/emily/MMIP/week5/quiz1/data/query/truck/00042.png,truck,2,/home/emily/MMIP/week5/quiz1/data/gallery/truck/00554.png,truck,0.897597
/home/emily/MMIP/week5/quiz1/data/query/truck/00042.png,truck,3,/home/emily/MMIP/week5/quiz1/data/gallery/truck/00034.png,truck,0.894220
/home/emily/MMIP/week5/quiz1/data/query/truck/00042.png,truck,4,/home/emily/MMIP/week5/quiz1/data/gallery/truck/00300.png,truck,0.889154
/home/emily/MMIP/week5/quiz1/data/query/truck/00042.png,truck,5,/home/emily/MMIP/week5/quiz1/data/gallery/truck/00493.png,truck,0.887866
/home/emily/MMIP/week5/quiz1/data/query/truck/00043.png,truck,1,/home/emily/MMIP/week5/quiz1/data/gallery/truck/00348.png,truck,0.865377
/home/emily/MMIP/week5/quiz1/data/query/truck/00043.png,truck,2,/home/emily/MMIP/week5/quiz1/data/gallery/truck/00457.png,truck,0.864734
/home/emily/MMIP/week5/quiz1/data/query/truck/00043.png,truck,3,/home/emily/MMIP/week5/quiz1/data/gallery/airplane/00721.png,airplane,0.864715
/home/emily/MMIP/week5/quiz1/data/query/truck/00043.png,truck,4,/home/emily/MMIP/week5/quiz1/data/gallery/truck/00833.png,truck,0.861579
/home/emily/MMIP/week5/quiz1/data/query/truck/00043.png,truck,5,/home/emily/MMIP/week5/quiz1/data/gallery/truck/00552.png,truck,0.861295
/home/emily/MMIP/week5/quiz1/data/query/truck/00044.png,truck,1,/home/emily/MMIP/week5/quiz1/data/gallery/truck/00349.png,truck,0.879783
/home/emily/MMIP/week5/quiz1/data/query/truck/00044.png,truck,2,/home/emily/MMIP/week5/quiz1/data/gallery/truck/00575.png,truck,0.878504
/home/emily/MMIP/week5/quiz1/data/query/truck/00044.png,truck,3,/home/emily/MMIP/week5/quiz1/data/gallery/truck/00086.png,truck,0.875752
/home/emily/MMIP/week5/quiz1/data/query/truck/00044.png,truck,4,/home/emily/MMIP/week5/quiz1/data/gallery/truck/00235.png,truck,0.874685
/home/emily/MMIP/week5/quiz1/data/query/truck/00044.png,truck,5,/home/emily/MMIP/week5/quiz1/data/gallery/automobile/00938.png,automobile,0.874012
/home/emily/MMIP/week5/quiz1/data/query/truck/00045.png,truck,1,/home/emily/MMIP/week5/quiz1/data/gallery/truck/00027.png,truck,0.908283
/home/emily/MMIP/week5/quiz1/data/query/truck/00045.png,truck,2,/home/emily/MMIP/week5/quiz1/data/gallery/truck/00636.png,truck,0.884759
/home/emily/MMIP/week5/quiz1/data/query/truck/00045.png,truck,3,/home/emily/MMIP/week5/quiz1/data/gallery/truck/00522.png,truck,0.881101
/home/emily/MMIP/week5/quiz1/data/query/truck/00045.png,truck,4,/home/emily/MMIP/week5/quiz1/data/gallery/truck/00497.png,truck,0.877862
/home/emily/MMIP/week5/quiz1/data/query/truck/00045.png,truck,5,/home/emily/MMIP/week5/quiz1/data/gallery/truck/00240.png,truck,0.874059
/home/emily/MMIP/week5/quiz1/data/query/truck/00046.png,truck,1,/home/emily/MMIP/week5/quiz1/data/gallery/truck/00598.png,truck,0.887099
/home/emily/MMIP/week5/quiz1/data/query/truck/00046.png,truck,2,/home/emily/MMIP/week5/quiz1/data/gallery/truck/00776.png,truck,0.877547
/home/emily/MMIP/week5/quiz1/data/query/truck/00046.png,truck,3,/home/emily/MMIP/week5/quiz1/data/gallery/truck/00896.png,truck,0.835015
/home/emily/MMIP/week5/quiz1/data/query/truck/00046.png,truck,4,/home/emily/MMIP/week5/quiz1/data/gallery/truck/00060.png,truck,0.834346
/home/emily/MMIP/week5/quiz1/data/query/truck/00046.png,truck,5,/home/emily/MMIP/week5/quiz1/data/gallery/truck/00890.png,truck,0.827543
/home/emily/MMIP/week5/quiz1/data/query/truck/00047.png,truck,1,/home/emily/MMIP/week5/quiz1/data/gallery/truck/00470.png,truck,0.941507
/home/emily/MMIP/week5/quiz1/data/query/truck/00047.png,truck,2,/home/emily/MMIP/week5/quiz1/data/gallery/truck/00879.png,truck,0.930966
/home/emily/MMIP/week5/quiz1/data/query/truck/00047.png,truck,3,/home/emily/MMIP/week5/quiz1/data/gallery/truck/00729.png,truck,0.929981
/home/emily/MMIP/week5/quiz1/data/query/truck/00047.png,truck,4,/home/emily/MMIP/week5/quiz1/data/gallery/truck/00010.png,truck,0.925678
/home/emily/MMIP/week5/quiz1/data/query/truck/00047.png,truck,5,/home/emily/MMIP/week5/quiz1/data/gallery/truck/00603.png,truck,0.923796
/home/emily/MMIP/week5/quiz1/data/query/truck/00048.png,truck,1,/home/emily/MMIP/week5/quiz1/data/gallery/truck/00943.png,truck,0.906584
/home/emily/MMIP/week5/quiz1/data/query/truck/00048.png,truck,2,/home/emily/MMIP/week5/quiz1/data/gallery/truck/00299.png,truck,0.893472
/home/emily/MMIP/week5/quiz1/data/query/truck/00048.png,truck,3,/home/emily/MMIP/week5/quiz1/data/gallery/truck/00653.png,truck,0.891230
/home/emily/MMIP/week5/quiz1/data/query/truck/00048.png,truck,4,/home/emily/MMIP/week5/quiz1/data/gallery/truck/00199.png,truck,0.882972
/home/emily/MMIP/week5/quiz1/data/query/truck/00048.png,truck,5,/home/emily/MMIP/week5/quiz1/data/gallery/truck/00183.png,truck,0.882666
/home/emily/MMIP/week5/quiz1/data/query/truck/00049.png,truck,1,/home/emily/MMIP/week5/quiz1/data/gallery/truck/00236.png,truck,0.912929
/home/emily/MMIP/week5/quiz1/data/query/truck/00049.png,truck,2,/home/emily/MMIP/week5/quiz1/data/gallery/truck/00139.png,truck,0.909927
/home/emily/MMIP/week5/quiz1/data/query/truck/00049.png,truck,3,/home/emily/MMIP/week5/quiz1/data/gallery/truck/00167.png,truck,0.907218
/home/emily/MMIP/week5/quiz1/data/query/truck/00049.png,truck,4,/home/emily/MMIP/week5/quiz1/data/gallery/truck/00562.png,truck,0.906834
/home/emily/MMIP/week5/quiz1/data/query/truck/00049.png,truck,5,/home/emily/MMIP/week5/quiz1/data/gallery/truck/00028.png,truck,0.902298
/home/emily/MMIP/week5/quiz1/data/query/truck/00050.png,truck,1,/home/emily/MMIP/week5/quiz1/data/gallery/truck/00456.png,truck,0.875646
/home/emily/MMIP/week5/quiz1/data/query/truck/00050.png,truck,2,/home/emily/MMIP/week5/quiz1/data/gallery/truck/00173.png,truck,0.870250
/home/emily/MMIP/week5/quiz1/data/query/truck/00050.png,truck,3,/home/emily/MMIP/week5/quiz1/data/gallery/horse/00886.png,horse,0.864972
/home/emily/MMIP/week5/quiz1/data/query/truck/00050.png,truck,4,/home/emily/MMIP/week5/quiz1/data/gallery/truck/00879.png,truck,0.860805
/home/emily/MMIP/week5/quiz1/data/query/truck/00050.png,truck,5,/home/emily/MMIP/week5/quiz1/data/gallery/truck/00529.png,truck,0.860571
/home/emily/MMIP/week5/quiz1/data/query/truck/00051.png,truck,1,/home/emily/MMIP/week5/quiz1/data/gallery/truck/00750.png,truck,0.906486
/home/emily/MMIP/week5/quiz1/data/query/truck/00051.png,truck,2,/home/emily/MMIP/week5/quiz1/data/gallery/truck/00889.png,truck,0.900816
/home/emily/MMIP/week5/quiz1/data/query/truck/00051.png,truck,3,/home/emily/MMIP/week5/quiz1/data/gallery/automobile/00529.png,automobile,0.900418
/home/emily/MMIP/week5/quiz1/data/query/truck/00051.png,truck,4,/home/emily/MMIP/week5/quiz1/data/gallery/truck/00028.png,truck,0.899900
/home/emily/MMIP/week5/quiz1/data/query/truck/00051.png,truck,5,/home/emily/MMIP/week5/quiz1/data/gallery/truck/00448.png,truck,0.899582
/home/emily/MMIP/week5/quiz1/data/query/truck/00052.png,truck,1,/home/emily/MMIP/week5/quiz1/data/gallery/truck/00064.png,truck,0.893856
/home/emily/MMIP/week5/quiz1/data/query/truck/00052.png,truck,2,/home/emily/MMIP/week5/quiz1/data/gallery/truck/00419.png,truck,0.886900
/home/emily/MMIP/week5/quiz1/data/query/truck/00052.png,truck,3,/home/emily/MMIP/week5/quiz1/data/gallery/automobile/00522.png,automobile,0.883734
/home/emily/MMIP/week5/quiz1/data/query/truck/00052.png,truck,4,/home/emily/MMIP/week5/quiz1/data/gallery/truck/00008.png,truck,0.880909
/home/emily/MMIP/week5/quiz1/data/query/truck/00052.png,truck,5,/home/emily/MMIP/week5/quiz1/data/gallery/automobile/00796.png,automobile,0.880884
/home/emily/MMIP/week5/quiz1/data/query/truck/00053.png,truck,1,/home/emily/MMIP/week5/quiz1/data/gallery/truck/00063.png,truck,0.888120
/home/emily/MMIP/week5/quiz1/data/query/truck/00053.png,truck,2,/home/emily/MMIP/week5/quiz1/data/gallery/truck/00586.png,truck,0.882176
/home/emily/MMIP/week5/quiz1/data/query/truck/00053.png,truck,3,/home/emily/MMIP/week5/quiz1/data/gallery/truck/00838.png,truck,0.879739
/home/emily/MMIP/week5/quiz1/data/query/truck/00053.png,truck,4,/home/emily/MMIP/week5/quiz1/data/gallery/truck/00764.png,truck,0.875418
/home/emily/MMIP/week5/quiz1/data/query/truck/00053.png,truck,5,/home/emily/MMIP/week5/quiz1/data/gallery/airplane/00714.png,airplane,0.874522
/home/emily/MMIP/week5/quiz1/data/query/truck/00054.png,truck,1,/home/emily/MMIP/week5/quiz1/data/gallery/truck/00255.png,truck,0.929137
/home/emily/MMIP/week5/quiz1/data/query/truck/00054.png,truck,2,/home/emily/MMIP/week5/quiz1/data/gallery/truck/00375.png,truck,0.919517
/home/emily/MMIP/week5/quiz1/data/query/truck/00054.png,truck,3,/home/emily/MMIP/week5/quiz1/data/gallery/truck/00845.png,truck,0.918231
/home/emily/MMIP/week5/quiz1/data/query/truck/00054.png,truck,4,/home/emily/MMIP/week5/quiz1/data/gallery/truck/00764.png,truck,0.916941
/home/emily/MMIP/week5/quiz1/data/query/truck/00054.png,truck,5,/home/emily/MMIP/week5/quiz1/data/gallery/truck/00717.png,truck,0.913309
/home/emily/MMIP/week5/quiz1/data/query/truck/00055.png,truck,1,/home/emily/MMIP/week5/quiz1/data/gallery/truck/00669.png,truck,0.927223
/home/emily/MMIP/week5/quiz1/data/query/truck/00055.png,truck,2,/home/emily/MMIP/week5/quiz1/data/gallery/truck/00283.png,truck,0.925499
/home/emily/MMIP/week5/quiz1/data/query/truck/00055.png,truck,3,/home/emily/MMIP/week5/quiz1/data/gallery/truck/00298.png,truck,0.918869
/home/emily/MMIP/week5/quiz1/data/query/truck/00055.png,truck,4,/home/emily/MMIP/week5/quiz1/data/gallery/truck/00089.png,truck,0.912254
/home/emily/MMIP/week5/quiz1/data/query/truck/00055.png,truck,5,/home/emily/MMIP/week5/quiz1/data/gallery/truck/00177.png,truck,0.899233
/home/emily/MMIP/week5/quiz1/data/query/truck/00056.png,truck,1,/home/emily/MMIP/week5/quiz1/data/gallery/truck/00470.png,truck,0.903564
/home/emily/MMIP/week5/quiz1/data/query/truck/00056.png,truck,2,/home/emily/MMIP/week5/quiz1/data/gallery/truck/00375.png,truck,0.901417
/home/emily/MMIP/week5/quiz1/data/query/truck/00056.png,truck,3,/home/emily/MMIP/week5/quiz1/data/gallery/automobile/00617.png,automobile,0.901174
/home/emily/MMIP/week5/quiz1/data/query/truck/00056.png,truck,4,/home/emily/MMIP/week5/quiz1/data/gallery/truck/00010.png,truck,0.900854
/home/emily/MMIP/week5/quiz1/data/query/truck/00056.png,truck,5,/home/emily/MMIP/week5/quiz1/data/gallery/truck/00236.png,truck,0.900683
/home/emily/MMIP/week5/quiz1/data/query/truck/00057.png,truck,1,/home/emily/MMIP/week5/quiz1/data/gallery/truck/00405.png,truck,0.877916
/home/emily/MMIP/week5/quiz1/data/query/truck/00057.png,truck,2,/home/emily/MMIP/week5/quiz1/data/gallery/truck/00853.png,truck,0.873786
/home/emily/MMIP/week5/quiz1/data/query/truck/00057.png,truck,3,/home/emily/MMIP/week5/quiz1/data/gallery/truck/00167.png,truck,0.872031
/home/emily/MMIP/week5/quiz1/data/query/truck/00057.png,truck,4,/home/emily/MMIP/week5/quiz1/data/gallery/truck/00289.png,truck,0.870867
/home/emily/MMIP/week5/quiz1/data/query/truck/00057.png,truck,5,/home/emily/MMIP/week5/quiz1/data/gallery/airplane/00753.png,airplane,0.867928
/home/emily/MMIP/week5/quiz1/data/query/truck/00058.png,truck,1,/home/emily/MMIP/week5/quiz1/data/gallery/airplane/00806.png,airplane,0.843810
/home/emily/MMIP/week5/quiz1/data/query/truck/00058.png,truck,2,/home/emily/MMIP/week5/quiz1/data/gallery/truck/00513.png,truck,0.838481
/home/emily/MMIP/week5/quiz1/data/query/truck/00058.png,truck,3,/home/emily/MMIP/week5/quiz1/data/gallery/truck/00322.png,truck,0.836642
/home/emily/MMIP/week5/quiz1/data/query/truck/00058.png,truck,4,/home/emily/MMIP/week5/quiz1/data/gallery/airplane/00433.png,airplane,0.831095
/home/emily/MMIP/week5/quiz1/data/query/truck/00058.png,truck,5,/home/emily/MMIP/week5/quiz1/data/gallery/airplane/00828.png,airplane,0.830502
/home/emily/MMIP/week5/quiz1/data/query/truck/00059.png,truck,1,/home/emily/MMIP/week5/quiz1/data/gallery/truck/00179.png,truck,0.901236
/home/emily/MMIP/week5/quiz1/data/query/truck/00059.png,truck,2,/home/emily/MMIP/week5/quiz1/data/gallery/truck/00564.png,truck,0.894499
/home/emily/MMIP/week5/quiz1/data/query/truck/00059.png,truck,3,/home/emily/MMIP/week5/quiz1/data/gallery/truck/00871.png,truck,0.891136
/home/emily/MMIP/week5/quiz1/data/query/truck/00059.png,truck,4,/home/emily/MMIP/week5/quiz1/data/gallery/truck/00216.png,truck,0.887521
/home/emily/MMIP/week5/quiz1/data/query/truck/00059.png,truck,5,/home/emily/MMIP/week5/quiz1/data/gallery/truck/00028.png,truck,0.881800
/home/emily/MMIP/week5/quiz1/data/query/truck/00060.png,truck,1,/home/emily/MMIP/week5/quiz1/data/gallery/truck/00470.png,truck,0.911105
/home/emily/MMIP/week5/quiz1/data/query/truck/00060.png,truck,2,/home/emily/MMIP/week5/quiz1/data/gallery/truck/00552.png,truck,0.908752
/home/emily/MMIP/week5/quiz1/data/query/truck/00060.png,truck,3,/home/emily/MMIP/week5/quiz1/data/gallery/truck/00171.png,truck,0.905532
/home/emily/MMIP/week5/quiz1/data/query/truck/00060.png,truck,4,/home/emily/MMIP/week5/quiz1/data/gallery/truck/00288.png,truck,0.903143
/home/emily/MMIP/week5/quiz1/data/query/truck/00060.png,truck,5,/home/emily/MMIP/week5/quiz1/data/gallery/truck/00879.png,truck,0.903050
/home/emily/MMIP/week5/quiz1/data/query/truck/00061.png,truck,1,/home/emily/MMIP/week5/quiz1/data/gallery/truck/00524.png,truck,0.897616
/home/emily/MMIP/week5/quiz1/data/query/truck/00061.png,truck,2,/home/emily/MMIP/week5/quiz1/data/gallery/truck/00484.png,truck,0.882266
/home/emily/MMIP/week5/quiz1/data/query/truck/00061.png,truck,3,/home/emily/MMIP/week5/quiz1/data/gallery/truck/00907.png,truck,0.881944
/home/emily/MMIP/week5/quiz1/data/query/truck/00061.png,truck,4,/home/emily/MMIP/week5/quiz1/data/gallery/truck/00535.png,truck,0.879626
/home/emily/MMIP/week5/quiz1/data/query/truck/00061.png,truck,5,/home/emily/MMIP/week5/quiz1/data/gallery/truck/00919.png,truck,0.876469
/home/emily/MMIP/week5/quiz1/data/query/truck/00062.png,truck,1,/home/emily/MMIP/week5/quiz1/data/gallery/truck/00156.png,truck,0.853415
/home/emily/MMIP/week5/quiz1/data/query/truck/00062.png,truck,2,/home/emily/MMIP/week5/quiz1/data/gallery/truck/00881.png,truck,0.848673
/home/emily/MMIP/week5/quiz1/data/query/truck/00062.png,truck,3,/home/emily/MMIP/week5/quiz1/data/gallery/truck/00304.png,truck,0.844119
/home/emily/MMIP/week5/quiz1/data/query/truck/00062.png,truck,4,/home/emily/MMIP/week5/quiz1/data/gallery/truck/00171.png,truck,0.843933
/home/emily/MMIP/week5/quiz1/data/query/truck/00062.png,truck,5,/home/emily/MMIP/week5/quiz1/data/gallery/truck/00530.png,truck,0.843919
/home/emily/MMIP/week5/quiz1/data/query/truck/00063.png,truck,1,/home/emily/MMIP/week5/quiz1/data/gallery/truck/00955.png,truck,0.909643
/home/emily/MMIP/week5/quiz1/data/query/truck/00063.png,truck,2,/home/emily/MMIP/week5/quiz1/data/gallery/truck/00194.png,truck,0.899061
/home/emily/MMIP/week5/quiz1/data/query/truck/00063.png,truck,3,/home/emily/MMIP/week5/quiz1/data/gallery/truck/00268.png,truck,0.891457
/home/emily/MMIP/week5/quiz1/data/query/truck/00063.png,truck,4,/home/emily/MMIP/week5/quiz1/data/gallery/truck/00515.png,truck,0.887361
/home/emily/MMIP/week5/quiz1/data/query/truck/00063.png,truck,5,/home/emily/MMIP/week5/quiz1/data/gallery/truck/00841.png,truck,0.886740
/home/emily/MMIP/week5/quiz1/data/query/truck/00064.png,truck,1,/home/emily/MMIP/week5/quiz1/data/gallery/truck/00802.png,truck,0.919615
/home/emily/MMIP/week5/quiz1/data/query/truck/00064.png,truck,2,/home/emily/MMIP/week5/quiz1/data/gallery/truck/00066.png,truck,0.894902
/home/emily/MMIP/week5/quiz1/data/query/truck/00064.png,truck,3,/home/emily/MMIP/week5/quiz1/data/gallery/truck/00981.png,truck,0.893489
/home/emily/MMIP/week5/quiz1/data/query/truck/00064.png,truck,4,/home/emily/MMIP/week5/quiz1/data/gallery/truck/00618.png,truck,0.890763
/home/emily/MMIP/week5/quiz1/data/query/truck/00064.png,truck,5,/home/emily/MMIP/week5/quiz1/data/gallery/truck/00034.png,truck,0.890579
/home/emily/MMIP/week5/quiz1/data/query/truck/00065.png,truck,1,/home/emily/MMIP/week5/quiz1/data/gallery/truck/00103.png,truck,0.922021
/home/emily/MMIP/week5/quiz1/data/query/truck/00065.png,truck,2,/home/emily/MMIP/week5/quiz1/data/gallery/truck/00155.png,truck,0.911888
/home/emily/MMIP/week5/quiz1/data/query/truck/00065.png,truck,3,/home/emily/MMIP/week5/quiz1/data/gallery/truck/00160.png,truck,0.911236
/home/emily/MMIP/week5/quiz1/data/query/truck/00065.png,truck,4,/home/emily/MMIP/week5/quiz1/data/gallery/truck/00112.png,truck,0.909003
/home/emily/MMIP/week5/quiz1/data/query/truck/00065.png,truck,5,/home/emily/MMIP/week5/quiz1/data/gallery/truck/00093.png,truck,0.907443
/home/emily/MMIP/week5/quiz1/data/query/truck/00066.png,truck,1,/home/emily/MMIP/week5/quiz1/data/gallery/automobile/00760.png,automobile,0.857979
/home/emily/MMIP/week5/quiz1/data/query/truck/00066.png,truck,2,/home/emily/MMIP/week5/quiz1/data/gallery/truck/00840.png,truck,0.847153
/home/emily/MMIP/week5/quiz1/data/query/truck/00066.png,truck,3,/home/emily/MMIP/week5/quiz1/data/gallery/truck/00268.png,truck,0.844696
/home/emily/MMIP/week5/quiz1/data/query/truck/00066.png,truck,4,/home/emily/MMIP/week5/quiz1/data/gallery/truck/00971.png,truck,0.840515
/home/emily/MMIP/week5/quiz1/data/query/truck/00066.png,truck,5,/home/emily/MMIP/week5/quiz1/data/gallery/truck/00593.png,truck,0.840200
/home/emily/MMIP/week5/quiz1/data/query/truck/00067.png,truck,1,/home/emily/MMIP/week5/quiz1/data/gallery/truck/00979.png,truck,0.845035
/home/emily/MMIP/week5/quiz1/data/query/truck/00067.png,truck,2,/home/emily/MMIP/week5/quiz1/data/gallery/truck/00590.png,truck,0.840903
/home/emily/MMIP/week5/quiz1/data/query/truck/00067.png,truck,3,/home/emily/MMIP/week5/quiz1/data/gallery/truck/00999.png,truck,0.838482
/home/emily/MMIP/week5/quiz1/data/query/truck/00067.png,truck,4,/home/emily/MMIP/week5/quiz1/data/gallery/truck/00820.png,truck,0.837958
/home/emily/MMIP/week5/quiz1/data/query/truck/00067.png,truck,5,/home/emily/MMIP/week5/quiz1/data/gallery/truck/00349.png,truck,0.836315
/home/emily/MMIP/week5/quiz1/data/query/truck/00068.png,truck,1,/home/emily/MMIP/week5/quiz1/data/gallery/ship/00467.png,ship,0.879750
/home/emily/MMIP/week5/quiz1/data/query/truck/00068.png,truck,2,/home/emily/MMIP/week5/quiz1/data/gallery/truck/00294.png,truck,0.867360
/home/emily/MMIP/week5/quiz1/data/query/truck/00068.png,truck,3,/home/emily/MMIP/week5/quiz1/data/gallery/ship/00025.png,ship,0.866038
/home/emily/MMIP/week5/quiz1/data/query/truck/00068.png,truck,4,/home/emily/MMIP/week5/quiz1/data/gallery/truck/00017.png,truck,0.856595
/home/emily/MMIP/week5/quiz1/data/query/truck/00068.png,truck,5,/home/emily/MMIP/week5/quiz1/data/gallery/truck/00759.png,truck,0.856546
/home/emily/MMIP/week5/quiz1/data/query/truck/00069.png,truck,1,/home/emily/MMIP/week5/quiz1/data/gallery/truck/00444.png,truck,0.908782
/home/emily/MMIP/week5/quiz1/data/query/truck/00069.png,truck,2,/home/emily/MMIP/week5/quiz1/data/gallery/truck/00222.png,truck,0.907548
/home/emily/MMIP/week5/quiz1/data/query/truck/00069.png,truck,3,/home/emily/MMIP/week5/quiz1/data/gallery/truck/00119.png,truck,0.907159
/home/emily/MMIP/week5/quiz1/data/query/truck/00069.png,truck,4,/home/emily/MMIP/week5/quiz1/data/gallery/truck/00469.png,truck,0.904756
/home/emily/MMIP/week5/quiz1/data/query/truck/00069.png,truck,5,/home/emily/MMIP/week5/quiz1/data/gallery/truck/00717.png,truck,0.902618
/home/emily/MMIP/week5/quiz1/data/query/truck/00070.png,truck,1,/home/emily/MMIP/week5/quiz1/data/gallery/truck/00879.png,truck,0.918225
/home/emily/MMIP/week5/quiz1/data/query/truck/00070.png,truck,2,/home/emily/MMIP/week5/quiz1/data/gallery/truck/00470.png,truck,0.910480
/home/emily/MMIP/week5/quiz1/data/query/truck/00070.png,truck,3,/home/emily/MMIP/week5/quiz1/data/gallery/truck/00441.png,truck,0.907365
/home/emily/MMIP/week5/quiz1/data/query/truck/00070.png,truck,4,/home/emily/MMIP/week5/quiz1/data/gallery/truck/00393.png,truck,0.898732
/home/emily/MMIP/week5/quiz1/data/query/truck/00070.png,truck,5,/home/emily/MMIP/week5/quiz1/data/gallery/truck/00010.png,truck,0.898244
/home/emily/MMIP/week5/quiz1/data/query/truck/00071.png,truck,1,/home/emily/MMIP/week5/quiz1/data/gallery/truck/00960.png,truck,0.897002
/home/emily/MMIP/week5/quiz1/data/query/truck/00071.png,truck,2,/home/emily/MMIP/week5/quiz1/data/gallery/truck/00666.png,truck,0.896898
/home/emily/MMIP/week5/quiz1/data/query/truck/00071.png,truck,3,/home/emily/MMIP/week5/quiz1/data/gallery/truck/00585.png,truck,0.896691
/home/emily/MMIP/week5/quiz1/data/query/truck/00071.png,truck,4,/home/emily/MMIP/week5/quiz1/data/gallery/truck/00705.png,truck,0.892505
/home/emily/MMIP/week5/quiz1/data/query/truck/00071.png,truck,5,/home/emily/MMIP/week5/quiz1/data/gallery/truck/00255.png,truck,0.892042
/home/emily/MMIP/week5/quiz1/data/query/truck/00072.png,truck,1,/home/emily/MMIP/week5/quiz1/data/gallery/truck/00041.png,truck,0.890437
/home/emily/MMIP/week5/quiz1/data/query/truck/00072.png,truck,2,/home/emily/MMIP/week5/quiz1/data/gallery/truck/00384.png,truck,0.886279
/home/emily/MMIP/week5/quiz1/data/query/truck/00072.png,truck,3,/home/emily/MMIP/week5/quiz1/data/gallery/truck/00871.png,truck,0.873470
/home/emily/MMIP/week5/quiz1/data/query/truck/00072.png,truck,4,/home/emily/MMIP/week5/quiz1/data/gallery/truck/00312.png,truck,0.872513
/home/emily/MMIP/week5/quiz1/data/query/truck/00072.png,truck,5,/home/emily/MMIP/week5/quiz1/data/gallery/truck/00636.png,truck,0.872189
/home/emily/MMIP/week5/quiz1/data/query/truck/00073.png,truck,1,/home/emily/MMIP/week5/quiz1/data/gallery/truck/00011.png,truck,0.918954
/home/emily/MMIP/week5/quiz1/data/query/truck/00073.png,truck,2,/home/emily/MMIP/week5/quiz1/data/gallery/truck/00666.png,truck,0.909968
/home/emily/MMIP/week5/quiz1/data/query/truck/00073.png,truck,3,/home/emily/MMIP/week5/quiz1/data/gallery/truck/00580.png,truck,0.909327
/home/emily/MMIP/week5/quiz1/data/query/truck/00073.png,truck,4,/home/emily/MMIP/week5/quiz1/data/gallery/truck/00845.png,truck,0.907316
/home/emily/MMIP/week5/quiz1/data/query/truck/00073.png,truck,5,/home/emily/MMIP/week5/quiz1/data/gallery/truck/00499.png,truck,0.905276
/home/emily/MMIP/week5/quiz1/data/query/truck/00074.png,truck,1,/home/emily/MMIP/week5/quiz1/data/gallery/automobile/00789.png,automobile,0.912420
/home/emily/MMIP/week5/quiz1/data/query/truck/00074.png,truck,2,/home/emily/MMIP/week5/quiz1/data/gallery/truck/00451.png,truck,0.900922
/home/emily/MMIP/week5/quiz1/data/query/truck/00074.png,truck,3,/home/emily/MMIP/week5/quiz1/data/gallery/truck/00346.png,truck,0.900866
/home/emily/MMIP/week5/quiz1/data/query/truck/00074.png,truck,4,/home/emily/MMIP/week5/quiz1/data/gallery/truck/00365.png,truck,0.900584
/home/emily/MMIP/week5/quiz1/data/query/truck/00074.png,truck,5,/home/emily/MMIP/week5/quiz1/data/gallery/truck/00370.png,truck,0.898624
/home/emily/MMIP/week5/quiz1/data/query/truck/00075.png,truck,1,/home/emily/MMIP/week5/quiz1/data/gallery/truck/00596.png,truck,0.887250
/home/emily/MMIP/week5/quiz1/data/query/truck/00075.png,truck,2,/home/emily/MMIP/week5/quiz1/data/gallery/truck/00010.png,truck,0.886380
/home/emily/MMIP/week5/quiz1/data/query/truck/00075.png,truck,3,/home/emily/MMIP/week5/quiz1/data/gallery/truck/00470.png,truck,0.884707
/home/emily/MMIP/week5/quiz1/data/query/truck/00075.png,truck,4,/home/emily/MMIP/week5/quiz1/data/gallery/automobile/00752.png,automobile,0.884165
/home/emily/MMIP/week5/quiz1/data/query/truck/00075.png,truck,5,/home/emily/MMIP/week5/quiz1/data/gallery/truck/00539.png,truck,0.881132
/home/emily/MMIP/week5/quiz1/data/query/truck/00076.png,truck,1,/home/emily/MMIP/week5/quiz1/data/gallery/truck/00268.png,truck,0.888871
/home/emily/MMIP/week5/quiz1/data/query/truck/00076.png,truck,2,/home/emily/MMIP/week5/quiz1/data/gallery/truck/00427.png,truck,0.879007
/home/emily/MMIP/week5/quiz1/data/query/truck/00076.png,truck,3,/home/emily/MMIP/week5/quiz1/data/gallery/truck/00515.png,truck,0.878975
/home/emily/MMIP/week5/quiz1/data/query/truck/00076.png,truck,4,/home/emily/MMIP/week5/quiz1/data/gallery/truck/00955.png,truck,0.878521
/home/emily/MMIP/week5/quiz1/data/query/truck/00076.png,truck,5,/home/emily/MMIP/week5/quiz1/data/gallery/truck/00910.png,truck,0.878036
/home/emily/MMIP/week5/quiz1/data/query/truck/00077.png,truck,1,/home/emily/MMIP/week5/quiz1/data/gallery/truck/00229.png,truck,0.966065
/home/emily/MMIP/week5/quiz1/data/query/truck/00077.png,truck,2,/home/emily/MMIP/week5/quiz1/data/gallery/truck/00382.png,truck,0.872735
/home/emily/MMIP/week5/quiz1/data/query/truck/00077.png,truck,3,/home/emily/MMIP/week5/quiz1/data/gallery/truck/00640.png,truck,0.868309
/home/emily/MMIP/week5/quiz1/data/query/truck/00077.png,truck,4,/home/emily/MMIP/week5/quiz1/data/gallery/truck/00104.png,truck,0.864228
/home/emily/MMIP/week5/quiz1/data/query/truck/00077.png,truck,5,/home/emily/MMIP/week5/quiz1/data/gallery/truck/00615.png,truck,0.862190
/home/emily/MMIP/week5/quiz1/data/query/truck/00078.png,truck,1,/home/emily/MMIP/week5/quiz1/data/gallery/truck/00660.png,truck,0.904456
/home/emily/MMIP/week5/quiz1/data/query/truck/00078.png,truck,2,/home/emily/MMIP/week5/quiz1/data/gallery/truck/00445.png,truck,0.896411
/home/emily/MMIP/week5/quiz1/data/query/truck/00078.png,truck,3,/home/emily/MMIP/week5/quiz1/data/gallery/truck/00858.png,truck,0.895215
/home/emily/MMIP/week5/quiz1/data/query/truck/00078.png,truck,4,/home/emily/MMIP/week5/quiz1/data/gallery/truck/00592.png,truck,0.893836
/home/emily/MMIP/week5/quiz1/data/query/truck/00078.png,truck,5,/home/emily/MMIP/week5/quiz1/data/gallery/truck/00263.png,truck,0.892646
/home/emily/MMIP/week5/quiz1/data/query/truck/00079.png,truck,1,/home/emily/MMIP/week5/quiz1/data/gallery/truck/00132.png,truck,0.906679
/home/emily/MMIP/week5/quiz1/data/query/truck/00079.png,truck,2,/home/emily/MMIP/week5/quiz1/data/gallery/truck/00153.png,truck,0.900134
/home/emily/MMIP/week5/quiz1/data/query/truck/00079.png,truck,3,/home/emily/MMIP/week5/quiz1/data/gallery/truck/00415.png,truck,0.898164
/home/emily/MMIP/week5/quiz1/data/query/truck/00079.png,truck,4,/home/emily/MMIP/week5/quiz1/data/gallery/truck/00708.png,truck,0.897021
/home/emily/MMIP/week5/quiz1/data/query/truck/00079.png,truck,5,/home/emily/MMIP/week5/quiz1/data/gallery/truck/00676.png,truck,0.893813
/home/emily/MMIP/week5/quiz1/data/query/truck/00080.png,truck,1,/home/emily/MMIP/week5/quiz1/data/gallery/truck/00261.png,truck,0.877281
/home/emily/MMIP/week5/quiz1/data/query/truck/00080.png,truck,2,/home/emily/MMIP/week5/quiz1/data/gallery/truck/00910.png,truck,0.875943
/home/emily/MMIP/week5/quiz1/data/query/truck/00080.png,truck,3,/home/emily/MMIP/week5/quiz1/data/gallery/automobile/00134.png,automobile,0.875050
/home/emily/MMIP/week5/quiz1/data/query/truck/00080.png,truck,4,/home/emily/MMIP/week5/quiz1/data/gallery/truck/00580.png,truck,0.874506
/home/emily/MMIP/week5/quiz1/data/query/truck/00080.png,truck,5,/home/emily/MMIP/week5/quiz1/data/gallery/truck/00643.png,truck,0.872808
/home/emily/MMIP/week5/quiz1/data/query/truck/00081.png,truck,1,/home/emily/MMIP/week5/quiz1/data/gallery/truck/00559.png,truck,0.881585
/home/emily/MMIP/week5/quiz1/data/query/truck/00081.png,truck,2,/home/emily/MMIP/week5/quiz1/data/gallery/truck/00482.png,truck,0.861169
/home/emily/MMIP/week5/quiz1/data/query/truck/00081.png,truck,3,/home/emily/MMIP/week5/quiz1/data/gallery/truck/00205.png,truck,0.860541
/home/emily/MMIP/week5/quiz1/data/query/truck/00081.png,truck,4,/home/emily/MMIP/week5/quiz1/data/gallery/truck/00615.png,truck,0.857948
/home/emily/MMIP/week5/quiz1/data/query/truck/00081.png,truck,5,/home/emily/MMIP/week5/quiz1/data/gallery/truck/00361.png,truck,0.857100
/home/emily/MMIP/week5/quiz1/data/query/truck/00082.png,truck,1,/home/emily/MMIP/week5/quiz1/data/gallery/truck/00190.png,truck,0.856840
/home/emily/MMIP/week5/quiz1/data/query/truck/00082.png,truck,2,/home/emily/MMIP/week5/quiz1/data/gallery/truck/00427.png,truck,0.847890
/home/emily/MMIP/week5/quiz1/data/query/truck/00082.png,truck,3,/home/emily/MMIP/week5/quiz1/data/gallery/truck/00955.png,truck,0.847112
/home/emily/MMIP/week5/quiz1/data/query/truck/00082.png,truck,4,/home/emily/MMIP/week5/quiz1/data/gallery/truck/00123.png,truck,0.841425
/home/emily/MMIP/week5/quiz1/data/query/truck/00082.png,truck,5,/home/emily/MMIP/week5/quiz1/data/gallery/truck/00548.png,truck,0.836951
/home/emily/MMIP/week5/quiz1/data/query/truck/00083.png,truck,1,/home/emily/MMIP/week5/quiz1/data/gallery/truck/00223.png,truck,0.888558
/home/emily/MMIP/week5/quiz1/data/query/truck/00083.png,truck,2,/home/emily/MMIP/week5/quiz1/data/gallery/truck/00565.png,truck,0.888116
/home/emily/MMIP/week5/quiz1/data/query/truck/00083.png,truck,3,/home/emily/MMIP/week5/quiz1/data/gallery/truck/00303.png,truck,0.886784
/home/emily/MMIP/week5/quiz1/data/query/truck/00083.png,truck,4,/home/emily/MMIP/week5/quiz1/data/gallery/truck/00606.png,truck,0.886321
/home/emily/MMIP/week5/quiz1/data/query/truck/00083.png,truck,5,/home/emily/MMIP/week5/quiz1/data/gallery/truck/00956.png,truck,0.884310
/home/emily/MMIP/week5/quiz1/data/query/truck/00084.png,truck,1,/home/emily/MMIP/week5/quiz1/data/gallery/truck/00782.png,truck,0.886249
/home/emily/MMIP/week5/quiz1/data/query/truck/00084.png,truck,2,/home/emily/MMIP/week5/quiz1/data/gallery/truck/00456.png,truck,0.884370
/home/emily/MMIP/week5/quiz1/data/query/truck/00084.png,truck,3,/home/emily/MMIP/week5/quiz1/data/gallery/truck/00253.png,truck,0.874225
/home/emily/MMIP/week5/quiz1/data/query/truck/00084.png,truck,4,/home/emily/MMIP/week5/quiz1/data/gallery/truck/00678.png,truck,0.872905
/home/emily/MMIP/week5/quiz1/data/query/truck/00084.png,truck,5,/home/emily/MMIP/week5/quiz1/data/gallery/truck/00725.png,truck,0.872031
/home/emily/MMIP/week5/quiz1/data/query/truck/00085.png,truck,1,/home/emily/MMIP/week5/quiz1/data/gallery/truck/00827.png,truck,0.890920
/home/emily/MMIP/week5/quiz1/data/query/truck/00085.png,truck,2,/home/emily/MMIP/week5/quiz1/data/gallery/automobile/00401.png,automobile,0.873005
/home/emily/MMIP/week5/quiz1/data/query/truck/00085.png,truck,3,/home/emily/MMIP/week5/quiz1/data/gallery/truck/00522.png,truck,0.869105
/home/emily/MMIP/week5/quiz1/data/query/truck/00085.png,truck,4,/home/emily/MMIP/week5/quiz1/data/gallery/truck/00104.png,truck,0.868929
/home/emily/MMIP/week5/quiz1/data/query/truck/00085.png,truck,5,/home/emily/MMIP/week5/quiz1/data/gallery/automobile/00888.png,automobile,0.867007
/home/emily/MMIP/week5/quiz1/data/query/truck/00086.png,truck,1,/home/emily/MMIP/week5/quiz1/data/gallery/truck/00956.png,truck,0.902171
/home/emily/MMIP/week5/quiz1/data/query/truck/00086.png,truck,2,/home/emily/MMIP/week5/quiz1/data/gallery/automobile/00379.png,automobile,0.893660
/home/emily/MMIP/week5/quiz1/data/query/truck/00086.png,truck,3,/home/emily/MMIP/week5/quiz1/data/gallery/truck/00750.png,truck,0.887619
/home/emily/MMIP/week5/quiz1/data/query/truck/00086.png,truck,4,/home/emily/MMIP/week5/quiz1/data/gallery/truck/00376.png,truck,0.887356
/home/emily/MMIP/week5/quiz1/data/query/truck/00086.png,truck,5,/home/emily/MMIP/week5/quiz1/data/gallery/truck/00303.png,truck,0.886279
/home/emily/MMIP/week5/quiz1/data/query/truck/00087.png,truck,1,/home/emily/MMIP/week5/quiz1/data/gallery/cat/00092.png,cat,0.829135
/home/emily/MMIP/week5/quiz1/data/query/truck/00087.png,truck,2,/home/emily/MMIP/week5/quiz1/data/gallery/truck/00597.png,truck,0.817039
/home/emily/MMIP/week5/quiz1/data/query/truck/00087.png,truck,3,/home/emily/MMIP/week5/quiz1/data/gallery/truck/00124.png,truck,0.816438
/home/emily/MMIP/week5/quiz1/data/query/truck/00087.png,truck,4,/home/emily/MMIP/week5/quiz1/data/gallery/truck/00775.png,truck,0.815055
/home/emily/MMIP/week5/quiz1/data/query/truck/00087.png,truck,5,/home/emily/MMIP/week5/quiz1/data/gallery/truck/00406.png,truck,0.814976
/home/emily/MMIP/week5/quiz1/data/query/truck/00088.png,truck,1,/home/emily/MMIP/week5/quiz1/data/gallery/truck/00419.png,truck,0.910960
/home/emily/MMIP/week5/quiz1/data/query/truck/00088.png,truck,2,/home/emily/MMIP/week5/quiz1/data/gallery/truck/00717.png,truck,0.910517
/home/emily/MMIP/week5/quiz1/data/query/truck/00088.png,truck,3,/home/emily/MMIP/week5/quiz1/data/gallery/truck/00447.png,truck,0.902649
/home/emily/MMIP/week5/quiz1/data/query/truck/00088.png,truck,4,/home/emily/MMIP/week5/quiz1/data/gallery/truck/00975.png,truck,0.897633
/home/emily/MMIP/week5/quiz1/data/query/truck/00088.png,truck,5,/home/emily/MMIP/week5/quiz1/data/gallery/truck/00255.png,truck,0.894912
/home/emily/MMIP/week5/quiz1/data/query/truck/00089.png,truck,1,/home/emily/MMIP/week5/quiz1/data/gallery/truck/00208.png,truck,0.893151
/home/emily/MMIP/week5/quiz1/data/query/truck/00089.png,truck,2,/home/emily/MMIP/week5/quiz1/data/gallery/truck/00009.png,truck,0.888702
/home/emily/MMIP/week5/quiz1/data/query/truck/00089.png,truck,3,/home/emily/MMIP/week5/quiz1/data/gallery/truck/00303.png,truck,0.888393
/home/emily/MMIP/week5/quiz1/data/query/truck/00089.png,truck,4,/home/emily/MMIP/week5/quiz1/data/gallery/truck/00139.png,truck,0.883343
/home/emily/MMIP/week5/quiz1/data/query/truck/00089.png,truck,5,/home/emily/MMIP/week5/quiz1/data/gallery/truck/00844.png,truck,0.882842
/home/emily/MMIP/week5/quiz1/data/query/truck/00090.png,truck,1,/home/emily/MMIP/week5/quiz1/data/gallery/truck/00191.png,truck,0.875734
/home/emily/MMIP/week5/quiz1/data/query/truck/00090.png,truck,2,/home/emily/MMIP/week5/quiz1/data/gallery/truck/00955.png,truck,0.873654
/home/emily/MMIP/week5/quiz1/data/query/truck/00090.png,truck,3,/home/emily/MMIP/week5/quiz1/data/gallery/truck/00714.png,truck,0.873492
/home/emily/MMIP/week5/quiz1/data/query/truck/00090.png,truck,4,/home/emily/MMIP/week5/quiz1/data/gallery/truck/00236.png,truck,0.872533
/home/emily/MMIP/week5/quiz1/data/query/truck/00090.png,truck,5,/home/emily/MMIP/week5/quiz1/data/gallery/truck/00497.png,truck,0.868976
/home/emily/MMIP/week5/quiz1/data/query/truck/00091.png,truck,1,/home/emily/MMIP/week5/quiz1/data/gallery/truck/00084.png,truck,0.912759
/home/emily/MMIP/week5/quiz1/data/query/truck/00091.png,truck,2,/home/emily/MMIP/week5/quiz1/data/gallery/automobile/00134.png,automobile,0.900580
/home/emily/MMIP/week5/quiz1/data/query/truck/00091.png,truck,3,/home/emily/MMIP/week5/quiz1/data/gallery/truck/00764.png,truck,0.896392
/home/emily/MMIP/week5/quiz1/data/query/truck/00091.png,truck,4,/home/emily/MMIP/week5/quiz1/data/gallery/truck/00553.png,truck,0.894783
/home/emily/MMIP/week5/quiz1/data/query/truck/00091.png,truck,5,/home/emily/MMIP/week5/quiz1/data/gallery/truck/00419.png,truck,0.894466
/home/emily/MMIP/week5/quiz1/data/query/truck/00092.png,truck,1,/home/emily/MMIP/week5/quiz1/data/gallery/truck/00089.png,truck,0.897435
/home/emily/MMIP/week5/quiz1/data/query/truck/00092.png,truck,2,/home/emily/MMIP/week5/quiz1/data/gallery/truck/00175.png,truck,0.889728
/home/emily/MMIP/week5/quiz1/data/query/truck/00092.png,truck,3,/home/emily/MMIP/week5/quiz1/data/gallery/truck/00592.png,truck,0.888496
/home/emily/MMIP/week5/quiz1/data/query/truck/00092.png,truck,4,/home/emily/MMIP/week5/quiz1/data/gallery/truck/00869.png,truck,0.885736
/home/emily/MMIP/week5/quiz1/data/query/truck/00092.png,truck,5,/home/emily/MMIP/week5/quiz1/data/gallery/truck/00262.png,truck,0.885201
/home/emily/MMIP/week5/quiz1/data/query/truck/00093.png,truck,1,/home/emily/MMIP/week5/quiz1/data/gallery/airplane/00891.png,airplane,0.871219
/home/emily/MMIP/week5/quiz1/data/query/truck/00093.png,truck,2,/home/emily/MMIP/week5/quiz1/data/gallery/truck/00867.png,truck,0.861440
/home/emily/MMIP/week5/quiz1/data/query/truck/00093.png,truck,3,/home/emily/MMIP/week5/quiz1/data/gallery/airplane/00451.png,airplane,0.859586
/home/emily/MMIP/week5/quiz1/data/query/truck/00093.png,truck,4,/home/emily/MMIP/week5/quiz1/data/gallery/truck/00110.png,truck,0.856724
/home/emily/MMIP/week5/quiz1/data/query/truck/00093.png,truck,5,/home/emily/MMIP/week5/quiz1/data/gallery/airplane/00470.png,airplane,0.852371
/home/emily/MMIP/week5/quiz1/data/query/truck/00094.png,truck,1,/home/emily/MMIP/week5/quiz1/data/gallery/truck/00358.png,truck,0.917801
/home/emily/MMIP/week5/quiz1/data/query/truck/00094.png,truck,2,/home/emily/MMIP/week5/quiz1/data/gallery/automobile/00201.png,automobile,0.903498
/home/emily/MMIP/week5/quiz1/data/query/truck/00094.png,truck,3,/home/emily/MMIP/week5/quiz1/data/gallery/automobile/00883.png,automobile,0.902997
/home/emily/MMIP/week5/quiz1/data/query/truck/00094.png,truck,4,/home/emily/MMIP/week5/quiz1/data/gallery/truck/00669.png,truck,0.902697
/home/emily/MMIP/week5/quiz1/data/query/truck/00094.png,truck,5,/home/emily/MMIP/week5/quiz1/data/gallery/truck/00343.png,truck,0.900262
/home/emily/MMIP/week5/quiz1/data/query/truck/00095.png,truck,1,/home/emily/MMIP/week5/quiz1/data/gallery/automobile/00772.png,automobile,0.900837
/home/emily/MMIP/week5/quiz1/data/query/truck/00095.png,truck,2,/home/emily/MMIP/week5/quiz1/data/gallery/automobile/00449.png,automobile,0.898357
/home/emily/MMIP/week5/quiz1/data/query/truck/00095.png,truck,3,/home/emily/MMIP/week5/quiz1/data/gallery/automobile/00921.png,automobile,0.897091
/home/emily/MMIP/week5/quiz1/data/query/truck/00095.png,truck,4,/home/emily/MMIP/week5/quiz1/data/gallery/automobile/00325.png,automobile,0.893605
/home/emily/MMIP/week5/quiz1/data/query/truck/00095.png,truck,5,/home/emily/MMIP/week5/quiz1/data/gallery/automobile/00896.png,automobile,0.890375
/home/emily/MMIP/week5/quiz1/data/query/truck/00096.png,truck,1,/home/emily/MMIP/week5/quiz1/data/gallery/automobile/00609.png,automobile,0.888214
/home/emily/MMIP/week5/quiz1/data/query/truck/00096.png,truck,2,/home/emily/MMIP/week5/quiz1/data/gallery/truck/00448.png,truck,0.885985
/home/emily/MMIP/week5/quiz1/data/query/truck/00096.png,truck,3,/home/emily/MMIP/week5/quiz1/data/gallery/truck/00791.png,truck,0.883247
/home/emily/MMIP/week5/quiz1/data/query/truck/00096.png,truck,4,/home/emily/MMIP/week5/quiz1/data/gallery/automobile/00368.png,automobile,0.874981
/home/emily/MMIP/week5/quiz1/data/query/truck/00096.png,truck,5,/home/emily/MMIP/week5/quiz1/data/gallery/automobile/00006.png,automobile,0.874897
/home/emily/MMIP/week5/quiz1/data/query/truck/00097.png,truck,1,/home/emily/MMIP/week5/quiz1/data/gallery/truck/00729.png,truck,0.900361
/home/emily/MMIP/week5/quiz1/data/query/truck/00097.png,truck,2,/home/emily/MMIP/week5/quiz1/data/gallery/truck/00915.png,truck,0.898516
/home/emily/MMIP/week5/quiz1/data/query/truck/00097.png,truck,3,/home/emily/MMIP/week5/quiz1/data/gallery/truck/00236.png,truck,0.894796
/home/emily/MMIP/week5/quiz1/data/query/truck/00097.png,truck,4,/home/emily/MMIP/week5/quiz1/data/gallery/truck/00060.png,truck,0.894352
/home/emily/MMIP/week5/quiz1/data/query/truck/00097.png,truck,5,/home/emily/MMIP/week5/quiz1/data/gallery/truck/00463.png,truck,0.891239
/home/emily/MMIP/week5/quiz1/data/query/truck/00098.png,truck,1,/home/emily/MMIP/week5/quiz1/data/gallery/truck/00854.png,truck,0.971013
/home/emily/MMIP/week5/quiz1/data/query/truck/00098.png,truck,2,/home/emily/MMIP/week5/quiz1/data/gallery/truck/00666.png,truck,0.875710
/home/emily/MMIP/week5/quiz1/data/query/truck/00098.png,truck,3,/home/emily/MMIP/week5/quiz1/data/gallery/truck/00705.png,truck,0.856143
/home/emily/MMIP/week5/quiz1/data/query/truck/00098.png,truck,4,/home/emily/MMIP/week5/quiz1/data/gallery/truck/00961.png,truck,0.845056
/home/emily/MMIP/week5/quiz1/data/query/truck/00098.png,truck,5,/home/emily/MMIP/week5/quiz1/data/gallery/truck/00642.png,truck,0.841061
/home/emily/MMIP/week5/quiz1/data/query/truck/00099.png,truck,1,/home/emily/MMIP/week5/quiz1/data/gallery/truck/00059.png,truck,0.868017
/home/emily/MMIP/week5/quiz1/data/query/truck/00099.png,truck,2,/home/emily/MMIP/week5/quiz1/data/gallery/truck/00680.png,truck,0.867936
/home/emily/MMIP/week5/quiz1/data/query/truck/00099.png,truck,3,/home/emily/MMIP/week5/quiz1/data/gallery/truck/00697.png,truck,0.867442
/home/emily/MMIP/week5/quiz1/data/query/truck/00099.png,truck,4,/home/emily/MMIP/week5/quiz1/data/gallery/truck/00806.png,truck,0.866960
/home/emily/MMIP/week5/quiz1/data/query/truck/00099.png,truck,5,/home/emily/MMIP/week5/quiz1/data/gallery/truck/00746.png,truck,0.859251
