query_path,query_class,rank,gallery_path,gallery_class,cosine_similarity
/home/emily/MMIP/week5/quiz1/data/query/airplane/00000.png,airplane,1,/home/emily/MMIP/week5/quiz1/data/gallery/airplane/00657.png,airplane,0.833991
/home/emily/MMIP/week5/quiz1/data/query/airplane/00000.png,airplane,2,/home/emily/MMIP/week5/quiz1/data/gallery/airplane/00323.png,airplane,0.828644
/home/emily/MMIP/week5/quiz1/data/query/airplane/00000.png,airplane,3,/home/emily/MMIP/week5/quiz1/data/gallery/airplane/00689.png,airplane,0.828538
/home/emily/MMIP/week5/quiz1/data/query/airplane/00000.png,airplane,4,/home/emily/MMIP/week5/quiz1/data/gallery/airplane/00525.png,airplane,0.826766
/home/emily/MMIP/week5/quiz1/data/query/airplane/00000.png,airplane,5,/home/emily/MMIP/week5/quiz1/data/gallery/airplane/00185.png,airplane,0.825269
/home/emily/MMIP/week5/quiz1/data/query/airplane/00001.png,airplane,1,/home/emily/MMIP/week5/quiz1/data/gallery/airplane/00358.png,airplane,0.856405
/home/emily/MMIP/week5/quiz1/data/query/airplane/00001.png,airplane,2,/home/emily/MMIP/week5/quiz1/data/gallery/airplane/00631.png,airplane,0.845090
/home/emily/MMIP/week5/quiz1/data/query/airplane/00001.png,airplane,3,/home/emily/MMIP/week5/quiz1/data/gallery/airplane/00897.png,airplane,0.843791
/home/emily/MMIP/week5/quiz1/data/query/airplane/00001.png,airplane,4,/home/emily/MMIP/week5/quiz1/data/gallery/airplane/00982.png,airplane,0.839876
/home/emily/MMIP/week5/quiz1/data/query/airplane/00001.png,airplane,5,/home/emily/MMIP/week5/quiz1/data/gallery/airplane/00694.png,airplane,0.831813
/home/emily/MMIP/week5/quiz1/data/query/airplane/00002.png,airplane,1,/home/emily/MMIP/week5/quiz1/data/gallery/airplane/00997.png,airplane,0.895127
/home/emily/MMIP/week5/quiz1/data/query/airplane/00002.png,airplane,2,/home/emily/MMIP/week5/quiz1/data/gallery/airplane/00468.png,airplane,0.886521
/home/emily/MMIP/week5/quiz1/data/query/airplane/00002.png,airplane,3,/home/emily/MMIP/week5/quiz1/data/gallery/airplane/00157.png,airplane,0.884779
/home/emily/MMIP/week5/quiz1/data/query/airplane/00002.png,airplane,4,/home/emily/MMIP/week5/quiz1/data/gallery/airplane/00051.png,airplane,0.873740
/home/emily/MMIP/week5/quiz1/data/query/airplane/00002.png,airplane,5,/home/emily/MMIP/week5/quiz1/data/gallery/airplane/00969.png,airplane,0.868450
/home/emily/MMIP/week5/quiz1/data/query/airplane/00003.png,airplane,1,/home/emily/MMIP/week5/quiz1/data/gallery/airplane/00442.png,airplane,0.827481
/home/emily/MMIP/week5/quiz1/data/query/airplane/00003.png,airplane,2,/home/emily/MMIP/week5/quiz1/data/gallery/airplane/00405.png,airplane,0.826108
/home/emily/MMIP/week5/quiz1/data/query/airplane/00003.png,airplane,3,/home/emily/MMIP/week5/quiz1/data/gallery/airplane/00709.png,airplane,0.821733
/home/emily/MMIP/week5/quiz1/data/query/airplane/00003.png,airplane,4,/home/emily/MMIP/week5/quiz1/data/gallery/airplane/00480.png,airplane,0.819860
/home/emily/MMIP/week5/quiz1/data/query/airplane/00003.png,airplane,5,/home/emily/MMIP/week5/quiz1/data/gallery/airplane/00257.png,airplane,0.813872
/home/emily/MMIP/week5/quiz1/data/query/airplane/00004.png,airplane,1,/home/emily/MMIP/week5/quiz1/data/gallery/airplane/00837.png,airplane,0.857588
/home/emily/MMIP/week5/quiz1/data/query/airplane/00004.png,airplane,2,/home/emily/MMIP/week5/quiz1/data/gallery/airplane/00415.png,airplane,0.854367
/home/emily/MMIP/week5/quiz1/data/query/airplane/00004.png,airplane,3,/home/emily/MMIP/week5/quiz1/data/gallery/airplane/00581.png,airplane,0.853245
/home/emily/MMIP/week5/quiz1/data/query/airplane/00004.png,airplane,4,/home/emily/MMIP/week5/quiz1/data/gallery/airplane/00887.png,airplane,0.853031
/home/emily/MMIP/week5/quiz1/data/query/airplane/00004.png,airplane,5,/home/emily/MMIP/week5/quiz1/data/gallery/airplane/00417.png,airplane,0.847770
/home/emily/MMIP/week5/quiz1/data/query/airplane/00005.png,airplane,1,/home/emily/MMIP/week5/quiz1/data/gallery/frog/00329.png,frog,0.802030
/home/emily/MMIP/week5/quiz1/data/query/airplane/00005.png,airplane,2,/home/emily/MMIP/week5/quiz1/data/gallery/horse/00561.png,horse,0.799418
/home/emily/MMIP/week5/quiz1/data/query/airplane/00005.png,airplane,3,/home/emily/MMIP/week5/quiz1/data/gallery/frog/00589.png,frog,0.799350
/home/emily/MMIP/week5/quiz1/data/query/airplane/00005.png,airplane,4,/home/emily/MMIP/week5/quiz1/data/gallery/horse/00952.png,horse,0.794828
/home/emily/MMIP/week5/quiz1/data/query/airplane/00005.png,airplane,5,/home/emily/MMIP/week5/quiz1/data/gallery/airplane/00405.png,airplane,0.794738
/home/emily/MMIP/week5/quiz1/data/query/airplane/00006.png,airplane,1,/home/emily/MMIP/week5/quiz1/data/gallery/truck/00402.png,truck,0.833767
/home/emily/MMIP/week5/quiz1/data/query/airplane/00006.png,airplane,2,/home/emily/MMIP/week5/quiz1/data/gallery/truck/00271.png,truck,0.829522
/home/emily/MMIP/week5/quiz1/data/query/airplane/00006.png,airplane,3,/home/emily/MMIP/week5/quiz1/data/gallery/truck/00634.png,truck,0.824051
/home/emily/MMIP/week5/quiz1/data/query/airplane/00006.png,airplane,4,/home/emily/MMIP/week5/quiz1/data/gallery/truck/00513.png,truck,0.823547
/home/emily/MMIP/week5/quiz1/data/query/airplane/00006.png,airplane,5,/home/emily/MMIP/week5/quiz1/data/gallery/truck/00871.png,truck,0.818487
/home/emily/MMIP/week5/quiz1/data/query/airplane/00007.png,airplane,1,/home/emily/MMIP/week5/quiz1/data/gallery/ship/00665.png,ship,0.826109
/home/emily/MMIP/week5/quiz1/data/query/airplane/00007.png,airplane,2,/home/emily/MMIP/week5/quiz1/data/gallery/airplane/00735.png,airplane,0.825803
/home/emily/MMIP/week5/quiz1/data/query/airplane/00007.png,airplane,3,/home/emily/MMIP/week5/quiz1/data/gallery/airplane/00683.png,airplane,0.821798
/home/emily/MMIP/week5/quiz1/data/query/airplane/00007.png,airplane,4,/home/emily/MMIP/week5/quiz1/data/gallery/airplane/00381.png,airplane,0.821039
/home/emily/MMIP/week5/quiz1/data/query/airplane/00007.png,airplane,5,/home/emily/MMIP/week5/quiz1/data/gallery/airplane/00088.png,airplane,0.819653
/home/emily/MMIP/week5/quiz1/data/query/airplane/00008.png,airplane,1,/home/emily/MMIP/week5/quiz1/data/gallery/airplane/00598.png,airplane,0.815251
/home/emily/MMIP/week5/quiz1/data/query/airplane/00008.png,airplane,2,/home/emily/MMIP/week5/quiz1/data/gallery/airplane/00527.png,airplane,0.813256
/home/emily/MMIP/week5/quiz1/data/query/airplane/00008.png,airplane,3,/home/emily/MMIP/week5/quiz1/data/gallery/airplane/00851.png,airplane,0.809863
/home/emily/MMIP/week5/quiz1/data/query/airplane/00008.png,airplane,4,/home/emily/MMIP/week5/quiz1/data/gallery/airplane/00699.png,airplane,0.808032
/home/emily/MMIP/week5/quiz1/data/query/airplane/00008.png,airplane,5,/home/emily/MMIP/week5/quiz1/data/gallery/airplane/00525.png,airplane,0.806318
/home/emily/MMIP/week5/quiz1/data/query/airplane/00009.png,airplane,1,/home/emily/MMIP/week5/quiz1/data/gallery/airplane/00921.png,airplane,0.883396
/home/emily/MMIP/week5/quiz1/data/query/airplane/00009.png,airplane,2,/home/emily/MMIP/week5/quiz1/data/gallery/airplane/00520.png,airplane,0.879617
/home/emily/MMIP/week5/quiz1/data/query/airplane/00009.png,airplane,3,/home/emily/MMIP/week5/quiz1/data/gallery/airplane/00692.png,airplane,0.878474
/home/emily/MMIP/week5/quiz1/data/query/airplane/00009.png,airplane,4,/home/emily/MMIP/week5/quiz1/data/gallery/airplane/00077.png,airplane,0.876656
/home/emily/MMIP/week5/quiz1/data/query/airplane/00009.png,airplane,5,/home/emily/MMIP/week5/quiz1/data/gallery/airplane/00341.png,airplane,0.869420
/home/emily/MMIP/week5/quiz1/data/query/airplane/00010.png,airplane,1,/home/emily/MMIP/week5/quiz1/data/gallery/airplane/00310.png,airplane,0.826244
/home/emily/MMIP/week5/quiz1/data/query/airplane/00010.png,airplane,2,/home/emily/MMIP/week5/quiz1/data/gallery/airplane/00103.png,airplane,0.825204
/home/emily/MMIP/week5/quiz1/data/query/airplane/00010.png,airplane,3,/home/emily/MMIP/week5/quiz1/data/gallery/airplane/00281.png,airplane,0.822677
/home/emily/MMIP/week5/quiz1/data/query/airplane/00010.png,airplane,4,/home/emily/MMIP/week5/quiz1/data/gallery/airplane/00903.png,airplane,0.822021
/home/emily/MMIP/week5/quiz1/data/query/airplane/00010.png,airplane,5,/home/emily/MMIP/week5/quiz1/data/gallery/airplane/00752.png,airplane,0.820833
/home/emily/MMIP/week5/quiz1/data/query/airplane/00011.png,airplane,1,/home/emily/MMIP/week5/quiz1/data/gallery/airplane/00655.png,airplane,0.841061
/home/emily/MMIP/week5/quiz1/data/query/airplane/00011.png,airplane,2,/home/emily/MMIP/week5/quiz1/data/gallery/airplane/00420.png,airplane,0.836225
/home/emily/MMIP/week5/quiz1/data/query/airplane/00011.png,airplane,3,/home/emily/MMIP/week5/quiz1/data/gallery/airplane/00081.png,airplane,0.835175
/home/emily/MMIP/week5/quiz1/data/query/airplane/00011.png,airplane,4,/home/emily/MMIP/week5/quiz1/data/gallery/airplane/00868.png,airplane,0.832139
/home/emily/MMIP/week5/quiz1/data/query/airplane/00011.png,airplane,5,/home/emily/MMIP/week5/quiz1/data/gallery/airplane/00895.png,airplane,0.829116
/home/emily/MMIP/week5/quiz1/data/query/airplane/00012.png,airplane,1,/home/emily/MMIP/week5/quiz1/data/gallery/bird/00960.png,bird,0.818862
/home/emily/MMIP/week5/quiz1/data/query/airplane/00012.png,airplane,2,/home/emily/MMIP/week5/quiz1/data/gallery/frog/00078.png,frog,0.816512
/home/emily/MMIP/week5/quiz1/data/query/airplane/00012.png,airplane,3,/home/emily/MMIP/week5/quiz1/data/gallery/bird/00185.png,bird,0.815201
/home/emily/MMIP/week5/quiz1/data/query/airplane/00012.png,airplane,4,/home/emily/MMIP/week5/quiz1/data/gallery/frog/00032.png,frog,0.808807
/home/emily/MMIP/week5/quiz1/data/query/airplane/00012.png,airplane,5,/home/emily/MMIP/week5/quiz1/data/gallery/frog/00482.png,frog,0.808686
/home/emily/MMIP/week5/quiz1/data/query/airplane/00013.png,airplane,1,/home/emily/MMIP/week5/quiz1/data/gallery/airplane/00893.png,airplane,0.818485
/home/emily/MMIP/week5/quiz1/data/query/airplane/00013.png,airplane,2,/home/emily/MMIP/week5/quiz1/data/gallery/truck/00911.png,truck,0.814320
/home/emily/MMIP/week5/quiz1/data/query/airplane/00013.png,airplane,3,/home/emily/MMIP/week5/quiz1/data/gallery/airplane/00006.png,airplane,0.809424
/home/emily/MMIP/week5/quiz1/data/query/airplane/00013.png,airplane,4,/home/emily/MMIP/week5/quiz1/data/gallery/airplane/00654.png,airplane,0.809024
/home/emily/MMIP/week5/quiz1/data/query/airplane/00013.png,airplane,5,/home/emily/MMIP/week5/quiz1/data/gallery/airplane/00894.png,airplane,0.807951
/home/emily/MMIP/week5/quiz1/data/query/airplane/00014.png,airplane,1,/home/emily/MMIP/week5/quiz1/data/gallery/airplane/00833.png,airplane,0.873199
/home/emily/MMIP/week5/quiz1/data/query/airplane/00014.png,airplane,2,/home/emily/MMIP/week5/quiz1/data/gallery/airplane/00431.png,airplane,0.871168
/home/emily/MMIP/week5/quiz1/data/query/airplane/00014.png,airplane,3,/home/emily/MMIP/week5/quiz1/data/gallery/airplane/00040.png,airplane,0.862290
/home/emily/MMIP/week5/quiz1/data/query/airplane/00014.png,airplane,4,/home/emily/MMIP/week5/quiz1/data/gallery/airplane/00212.png,airplane,0.860746
/home/emily/MMIP/week5/quiz1/data/query/airplane/00014.png,airplane,5,/home/emily/MMIP/week5/quiz1/data/gallery/airplane/00871.png,airplane,0.858968
/home/emily/MMIP/week5/quiz1/data/query/airplane/00015.png,airplane,1,/home/emily/MMIP/week5/quiz1/data/gallery/airplane/00219.png,airplane,0.836311
/home/emily/MMIP/week5/quiz1/data/query/airplane/00015.png,airplane,2,/home/emily/MMIP/week5/quiz1/data/gallery/airplane/00009.png,airplane,0.835489
/home/emily/MMIP/week5/quiz1/data/query/airplane/00015.png,airplane,3,/home/emily/MMIP/week5/quiz1/data/gallery/ship/00093.png,ship,0.829442
/home/emily/MMIP/week5/quiz1/data/query/airplane/00015.png,airplane,4,/home/emily/MMIP/week5/quiz1/data/gallery/airplane/00557.png,airplane,0.822765
/home/emily/MMIP/week5/quiz1/data/query/airplane/00015.png,airplane,5,/home/emily/MMIP/week5/quiz1/data/gallery/airplane/00119.png,airplane,0.822059
/home/emily/MMIP/week5/quiz1/data/query/airplane/00016.png,airplane,1,/home/emily/MMIP/week5/quiz1/data/gallery/airplane/00269.png,airplane,0.852290
/home/emily/MMIP/week5/quiz1/data/query/airplane/00016.png,airplane,2,/home/emily/MMIP/week5/quiz1/data/gallery/airplane/00354.png,airplane,0.848677
/home/emily/MMIP/week5/quiz1/data/query/airplane/00016.png,airplane,3,/home/emily/MMIP/week5/quiz1/data/gallery/airplane/00922.png,airplane,0.845714
/home/emily/MMIP/week5/quiz1/data/query/airplane/00016.png,airplane,4,/home/emily/MMIP/week5/quiz1/data/gallery/airplane/00316.png,airplane,0.839790
/home/emily/MMIP/week5/quiz1/data/query/airplane/00016.png,airplane,5,/home/emily/MMIP/week5/quiz1/data/gallery/airplane/00735.png,airplane,0.839020
/home/emily/MMIP/week5/quiz1/data/query/airplane/00017.png,airplane,1,/home/emily/MMIP/week5/quiz1/data/gallery/airplane/00597.png,airplane,0.887762
/home/emily/MMIP/week5/quiz1/data/query/airplane/00017.png,airplane,2,/home/emily/MMIP/week5/quiz1/data/gallery/airplane/00438.png,airplane,0.864535
/home/emily/MMIP/week5/quiz1/data/query/airplane/00017.png,airplane,3,/home/emily/MMIP/week5/quiz1/data/gallery/airplane/00545.png,airplane,0.833083
/home/emily/MMIP/week5/quiz1/data/query/airplane/00017.png,airplane,4,/home/emily/MMIP/week5/quiz1/data/gallery/bird/00460.png,bird,0.822436
/home/emily/MMIP/week5/quiz1/data/query/airplane/00017.png,airplane,5,/home/emily/MMIP/week5/quiz1/data/gallery/airplane/00196.png,airplane,0.818205
/home/emily/MMIP/week5/quiz1/data/query/airplane/00018.png,airplane,1,/home/emily/MMIP/week5/quiz1/data/gallery/ship/00105.png,ship,0.845584
/home/emily/MMIP/week5/quiz1/data/query/airplane/00018.png,airplane,2,/home/emily/MMIP/week5/quiz1/data/gallery/airplane/00460.png,airplane,0.842430
/home/emily/MMIP/week5/quiz1/data/query/airplane/00018.png,airplane,3,/home/emily/MMIP/week5/quiz1/data/gallery/airplane/00303.png,airplane,0.838657
/home/emily/MMIP/week5/quiz1/data/query/airplane/00018.png,airplane,4,/home/emily/MMIP/week5/quiz1/data/gallery/airplane/00673.png,airplane,0.834624
/home/emily/MMIP/week5/quiz1/data/query/airplane/00018.png,airplane,5,/home/emily/MMIP/week5/quiz1/data/gallery/airplane/00141.png,airplane,0.832638
/home/emily/MMIP/week5/quiz1/data/query/airplane/00019.png,airplane,1,/home/emily/MMIP/week5/quiz1/data/gallery/airplane/00748.png,airplane,0.812642
/home/emily/MMIP/week5/quiz1/data/query/airplane/00019.png,airplane,2,/home/emily/MMIP/week5/quiz1/data/gallery/airplane/00118.png,airplane,0.812028
/home/emily/MMIP/week5/quiz1/data/query/airplane/00019.png,airplane,3,/home/emily/MMIP/week5/quiz1/data/gallery/cat/00559.png,cat,0.806706
/home/emily/MMIP/week5/quiz1/data/query/airplane/00019.png,airplane,4,/home/emily/MMIP/week5/quiz1/data/gallery/horse/00116.png,horse,0.806408
/home/emily/MMIP/week5/quiz1/data/query/airplane/00019.png,airplane,5,/home/emily/MMIP/week5/quiz1/data/gallery/airplane/00880.png,airplane,0.806407
/home/emily/MMIP/week5/quiz1/data/query/airplane/00020.png,airplane,1,/home/emily/MMIP/week5/quiz1/data/gallery/airplane/00134.png,airplane,0.865584
/home/emily/MMIP/week5/quiz1/data/query/airplane/00020.png,airplane,2,/home/emily/MMIP/week5/quiz1/data/gallery/airplane/00869.png,airplane,0.859115
/home/emily/MMIP/week5/quiz1/data/query/airplane/00020.png,airplane,3,/home/emily/MMIP/week5/quiz1/data/gallery/airplane/00144.png,airplane,0.857392
/home/emily/MMIP/week5/quiz1/data/query/airplane/00020.png,airplane,4,/home/emily/MMIP/week5/quiz1/data/gallery/airplane/00081.png,airplane,0.854020
/home/emily/MMIP/week5/quiz1/data/query/airplane/00020.png,airplane,5,/home/emily/MMIP/week5/quiz1/data/gallery/airplane/00409.png,airplane,0.852957
/home/emily/MMIP/week5/quiz1/data/query/airplane/00021.png,airplane,1,/home/emily/MMIP/week5/quiz1/data/gallery/airplane/00761.png,airplane,0.851003
/home/emily/MMIP/week5/quiz1/data/query/airplane/00021.png,airplane,2,/home/emily/MMIP/week5/quiz1/data/gallery/airplane/00438.png,airplane,0.848231
/home/emily/MMIP/week5/quiz1/data/query/airplane/00021.png,airplane,3,/home/emily/MMIP/week5/quiz1/data/gallery/airplane/00000.png,airplane,0.847711
/home/emily/MMIP/week5/quiz1/data/query/airplane/00021.png,airplane,4,/home/emily/MMIP/week5/quiz1/data/gallery/airplane/00424.png,airplane,0.845077
/home/emily/MMIP/week5/quiz1/data/query/airplane/00021.png,airplane,5,/home/emily/MMIP/week5/quiz1/data/gallery/airplane/00240.png,airplane,0.842081
/home/emily/MMIP/week5/quiz1/data/query/airplane/00022.png,airplane,1,/home/emily/MMIP/week5/quiz1/data/gallery/airplane/00667.png,airplane,0.925052
/home/emily/MMIP/week5/quiz1/data/query/airplane/00022.png,airplane,2,/home/emily/MMIP/week5/quiz1/data/gallery/airplane/00048.png,airplane,0.918454
/home/emily/MMIP/week5/quiz1/data/query/airplane/00022.png,airplane,3,/home/emily/MMIP/week5/quiz1/data/gallery/airplane/00267.png,airplane,0.913523
/home/emily/MMIP/week5/quiz1/data/query/airplane/00022.png,airplane,4,/home/emily/MMIP/week5/quiz1/data/gallery/airplane/00080.png,airplane,0.907996
/home/emily/MMIP/week5/quiz1/data/query/airplane/00022.png,airplane,5,/home/emily/MMIP/week5/quiz1/data/gallery/airplane/00832.png,airplane,0.907085
/home/emily/MMIP/week5/quiz1/data/query/airplane/00023.png,airplane,1,/home/emily/MMIP/week5/quiz1/data/gallery/truck/00336.png,truck,0.849681
/home/emily/MMIP/week5/quiz1/data/query/airplane/00023.png,airplane,2,/home/emily/MMIP/week5/quiz1/data/gallery/truck/00426.png,truck,0.848680
/home/emily/MMIP/week5/quiz1/data/query/airplane/00023.png,airplane,3,/home/emily/MMIP/week5/quiz1/data/gallery/truck/00756.png,truck,0.845068
/home/emily/MMIP/week5/quiz1/data/query/airplane/00023.png,airplane,4,/home/emily/MMIP/week5/quiz1/data/gallery/truck/00777.png,truck,0.842415
/home/emily/MMIP/week5/quiz1/data/query/airplane/00023.png,airplane,5,/home/emily/MMIP/week5/quiz1/data/gallery/truck/00072.png,truck,0.837207
/home/emily/MMIP/week5/quiz1/data/query/airplane/00024.png,airplane,1,/home/emily/MMIP/week5/quiz1/data/gallery/airplane/00431.png,airplane,0.896553
/home/emily/MMIP/week5/quiz1/data/query/airplane/00024.png,airplane,2,/home/emily/MMIP/week5/quiz1/data/gallery/airplane/00614.png,airplane,0.888090
/home/emily/MMIP/week5/quiz1/data/query/airplane/00024.png,airplane,3,/home/emily/MMIP/week5/quiz1/data/gallery/airplane/00805.png,airplane,0.881818
/home/emily/MMIP/week5/quiz1/data/query/airplane/00024.png,airplane,4,/home/emily/MMIP/week5/quiz1/data/gallery/airplane/00830.png,airplane,0.878809
/home/emily/MMIP/week5/quiz1/data/query/airplane/00024.png,airplane,5,/home/emily/MMIP/week5/quiz1/data/gallery/airplane/00382.png,airplane,0.876129
/home/emily/MMIP/week5/quiz1/data/query/airplane/00025.png,airplane,1,/home/emily/MMIP/week5/quiz1/data/gallery/ship/00630.png,ship,0.829451
/home/emily/MMIP/week5/quiz1/data/query/airplane/00025.png,airplane,2,/home/emily/MMIP/week5/quiz1/data/gallery/ship/00198.png,ship,0.817050
/home/emily/MMIP/week5/quiz1/data/query/airplane/00025.png,airplane,3,/home/emily/MMIP/week5/quiz1/data/gallery/ship/00847.png,ship,0.814427
/home/emily/MMIP/week5/quiz1/data/query/airplane/00025.png,airplane,4,/home/emily/MMIP/week5/quiz1/data/gallery/ship/00160.png,ship,0.812424
/home/emily/MMIP/week5/quiz1/data/query/airplane/00025.png,airplane,5,/home/emily/MMIP/week5/quiz1/data/gallery/ship/00509.png,ship,0.808915
/home/emily/MMIP/week5/quiz1/data/query/airplane/00026.png,airplane,1,/home/emily/MMIP/week5/quiz1/data/gallery/airplane/00834.png,airplane,0.883654
/home/emily/MMIP/week5/quiz1/data/query/airplane/00026.png,airplane,2,/home/emily/MMIP/week5/quiz1/data/gallery/airplane/00805.png,airplane,0.878793
/home/emily/MMIP/week5/quiz1/data/query/airplane/00026.png,airplane,3,/home/emily/MMIP/week5/quiz1/data/gallery/airplane/00065.png,airplane,0.867588
/home/emily/MMIP/week5/quiz1/data/query/airplane/00026.png,airplane,4,/home/emily/MMIP/week5/quiz1/data/gallery/airplane/00616.png,airplane,0.866028
/home/emily/MMIP/week5/quiz1/data/query/airplane/00026.png,airplane,5,/home/emily/MMIP/week5/quiz1/data/gallery/airplane/00963.png,airplane,0.863514
/home/emily/MMIP/week5/quiz1/data/query/airplane/00027.png,airplane,1,/home/emily/MMIP/week5/quiz1/data/gallery/airplane/00821.png,airplane,0.823205
/home/emily/MMIP/week5/quiz1/data/query/airplane/00027.png,airplane,2,/home/emily/MMIP/week5/quiz1/data/gallery/airplane/00489.png,airplane,0.821061
/home/emily/MMIP/week5/quiz1/data/query/airplane/00027.png,airplane,3,/home/emily/MMIP/week5/quiz1/data/gallery/airplane/00013.png,airplane,0.818927
/home/emily/MMIP/week5/quiz1/data/query/airplane/00027.png,airplane,4,/home/emily/MMIP/week5/quiz1/data/gallery/airplane/00439.png,airplane,0.817343
/home/emily/MMIP/week5/quiz1/data/query/airplane/00027.png,airplane,5,/home/emily/MMIP/week5/quiz1/data/gallery/airplane/00637.png,airplane,0.814956
/home/emily/MMIP/week5/quiz1/data/query/airplane/00028.png,airplane,1,/home/emily/MMIP/week5/quiz1/data/gallery/ship/00564.png,ship,0.878133
/home/emily/MMIP/week5/quiz1/data/query/airplane/00028.png,airplane,2,/home/emily/MMIP/week5/quiz1/data/gallery/ship/00311.png,ship,0.875342
/home/emily/MMIP/week5/quiz1/data/query/airplane/00028.png,airplane,3,/home/emily/MMIP/week5/quiz1/data/gallery/ship/00107.png,ship,0.875150
/home/emily/MMIP/week5/quiz1/data/query/airplane/00028.png,airplane,4,/home/emily/MMIP/week5/quiz1/data/gallery/ship/00279.png,ship,0.874182
/home/emily/MMIP/week5/quiz1/data/query/airplane/00028.png,airplane,5,/home/emily/MMIP/week5/quiz1/data/gallery/ship/00506.png,ship,0.873614
/home/emily/MMIP/week5/quiz1/data/query/airplane/00029.png,airplane,1,/home/emily/MMIP/week5/quiz1/data/gallery/airplane/00968.png,airplane,0.827658
/home/emily/MMIP/week5/quiz1/data/query/airplane/00029.png,airplane,2,/home/emily/MMIP/week5/quiz1/data/gallery/bird/00249.png,bird,0.823184
/home/emily/MMIP/week5/quiz1/data/query/airplane/00029.png,airplane,3,/home/emily/MMIP/week5/quiz1/data/gallery/bird/00784.png,bird,0.822558
/home/emily/MMIP/week5/quiz1/data/query/airplane/00029.png,airplane,4,/home/emily/MMIP/week5/quiz1/data/gallery/airplane/00223.png,airplane,0.822058
/home/emily/MMIP/week5/quiz1/data/query/airplane/00029.png,airplane,5,/home/emily/MMIP/week5/quiz1/data/gallery/bird/00693.png,bird,0.819397
/home/emily/MMIP/week5/quiz1/data/query/airplane/00030.png,airplane,1,/home/emily/MMIP/week5/quiz1/data/gallery/ship/00226.png,ship,0.802454
/home/emily/MMIP/week5/quiz1/data/query/airplane/00030.png,airplane,2,/home/emily/MMIP/week5/quiz1/data/gallery/automobile/00473.png,automobile,0.802332
/home/emily/MMIP/week5/quiz1/data/query/airplane/00030.png,airplane,3,/home/emily/MMIP/week5/quiz1/data/gallery/automobile/00922.png,automobile,0.797573
/home/emily/MMIP/week5/quiz1/data/query/airplane/00030.png,airplane,4,/home/emily/MMIP/week5/quiz1/data/gallery/ship/00137.png,ship,0.795622
/home/emily/MMIP/week5/quiz1/data/query/airplane/00030.png,airplane,5,/home/emily/MMIP/week5/quiz1/data/gallery/automobile/00538.png,automobile,0.794176
/home/emily/MMIP/week5/quiz1/data/query/airplane/00031.png,airplane,1,/home/emily/MMIP/week5/quiz1/data/gallery/airplane/00505.png,airplane,0.820169
/home/emily/MMIP/week5/quiz1/data/query/airplane/00031.png,airplane,2,/home/emily/MMIP/week5/quiz1/data/gallery/airplane/00200.png,airplane,0.817167
/home/emily/MMIP/week5/quiz1/data/query/airplane/00031.png,airplane,3,/home/emily/MMIP/week5/quiz1/data/gallery/airplane/00982.png,airplane,0.817151
/home/emily/MMIP/week5/quiz1/data/query/airplane/00031.png,airplane,4,/home/emily/MMIP/week5/quiz1/data/gallery/airplane/00358.png,airplane,0.813024
/home/emily/MMIP/week5/quiz1/data/query/airplane/00031.png,airplane,5,/home/emily/MMIP/week5/quiz1/data/gallery/airplane/00631.png,airplane,0.810854
/home/emily/MMIP/week5/quiz1/data/query/airplane/00032.png,airplane,1,/home/emily/MMIP/week5/quiz1/data/gallery/ship/00355.png,ship,0.824256
/home/emily/MMIP/week5/quiz1/data/query/airplane/00032.png,airplane,2,/home/emily/MMIP/week5/quiz1/data/gallery/airplane/00906.png,airplane,0.819189
/home/emily/MMIP/week5/quiz1/data/query/airplane/00032.png,airplane,3,/home/emily/MMIP/week5/quiz1/data/gallery/ship/00128.png,ship,0.817662
/home/emily/MMIP/week5/quiz1/data/query/airplane/00032.png,airplane,4,/home/emily/MMIP/week5/quiz1/data/gallery/airplane/00567.png,airplane,0.815914
/home/emily/MMIP/week5/quiz1/data/query/airplane/00032.png,airplane,5,/home/emily/MMIP/week5/quiz1/data/gallery/airplane/00643.png,airplane,0.814136
/home/emily/MMIP/week5/quiz1/data/query/airplane/00033.png,airplane,1,/home/emily/MMIP/week5/quiz1/data/gallery/airplane/00778.png,airplane,0.849114
/home/emily/MMIP/week5/quiz1/data/query/airplane/00033.png,airplane,2,/home/emily/MMIP/week5/quiz1/data/gallery/ship/00079.png,ship,0.827091
/home/emily/MMIP/week5/quiz1/data/query/airplane/00033.png,airplane,3,/home/emily/MMIP/week5/quiz1/data/gallery/airplane/00673.png,airplane,0.826981
/home/emily/MMIP/week5/quiz1/data/query/airplane/00033.png,airplane,4,/home/emily/MMIP/week5/quiz1/data/gallery/airplane/00660.png,airplane,0.826484
/home/emily/MMIP/week5/quiz1/data/query/airplane/00033.png,airplane,5,/home/emily/MMIP/week5/quiz1/data/gallery/ship/00035.png,ship,0.824255
/home/emily/MMIP/week5/quiz1/data/query/airplane/00034.png,airplane,1,/home/emily/MMIP/week5/quiz1/data/gallery/airplane/00965.png,airplane,0.858232
/home/emily/MMIP/week5/quiz1/data/query/airplane/00034.png,airplane,2,/home/emily/MMIP/week5/quiz1/data/gallery/airplane/00596.png,airplane,0.843067
/home/emily/MMIP/week5/quiz1/data/query/airplane/00034.png,airplane,3,/home/emily/MMIP/week5/quiz1/data/gallery/airplane/00240.png,airplane,0.839268
/home/emily/MMIP/week5/quiz1/data/query/airplane/00034.png,airplane,4,/home/emily/MMIP/week5/quiz1/data/gallery/airplane/00761.png,airplane,0.839176
/home/emily/MMIP/week5/quiz1/data/query/airplane/00034.png,airplane,5,/home/emily/MMIP/week5/quiz1/data/gallery/airplane/00597.png,airplane,0.838573
/home/emily/MMIP/week5/quiz1/data/query/airplane/00035.png,airplane,1,/home/emily/MMIP/week5/quiz1/data/gallery/airplane/00725.png,airplane,0.860702
/home/emily/MMIP/week5/quiz1/data/query/airplane/00035.png,airplane,2,/home/emily/MMIP/week5/quiz1/data/gallery/airplane/00786.png,airplane,0.858026
/home/emily/MMIP/week5/quiz1/data/query/airplane/00035.png,airplane,3,/home/emily/MMIP/week5/quiz1/data/gallery/airplane/00404.png,airplane,0.850226
/home/emily/MMIP/week5/quiz1/data/query/airplane/00035.png,airplane,4,/home/emily/MMIP/week5/quiz1/data/gallery/airplane/00077.png,airplane,0.848278
/home/emily/MMIP/week5/quiz1/data/query/airplane/00035.png,airplane,5,/home/emily/MMIP/week5/quiz1/data/gallery/airplane/00257.png,airplane,0.846312
/home/emily/MMIP/week5/quiz1/data/query/airplane/00036.png,airplane,1,/home/emily/MMIP/week5/quiz1/data/gallery/airplane/00884.png,airplane,0.835135
/home/emily/MMIP/week5/quiz1/data/query/airplane/00036.png,airplane,2,/home/emily/MMIP/week5/quiz1/data/gallery/bird/00028.png,bird,0.824581
/home/emily/MMIP/week5/quiz1/data/query/airplane/00036.png,airplane,3,/home/emily/MMIP/week5/quiz1/data/gallery/ship/00990.png,ship,0.823581
/home/emily/MMIP/week5/quiz1/data/query/airplane/00036.png,airplane,4,/home/emily/MMIP/week5/quiz1/data/gallery/airplane/00145.png,airplane,0.819845
/home/emily/MMIP/week5/quiz1/data/query/airplane/00036.png,airplane,5,/home/emily/MMIP/week5/quiz1/data/gallery/airplane/00157.png,airplane,0.818953
/home/emily/MMIP/week5/quiz1/data/query/airplane/00037.png,airplane,1,/home/emily/MMIP/week5/quiz1/data/gallery/airplane/00918.png,airplane,0.811120
/home/emily/MMIP/week5/quiz1/data/query/airplane/00037.png,airplane,2,/home/emily/MMIP/week5/quiz1/data/gallery/airplane/00614.png,airplane,0.808137
/home/emily/MMIP/week5/quiz1/data/query/airplane/00037.png,airplane,3,/home/emily/MMIP/week5/quiz1/data/gallery/airplane/00596.png,airplane,0.804020
/home/emily/MMIP/week5/quiz1/data/query/airplane/00037.png,airplane,4,/home/emily/MMIP/week5/quiz1/data/gallery/airplane/00301.png,airplane,0.802106
/home/emily/MMIP/week5/quiz1/data/query/airplane/00037.png,airplane,5,/home/emily/MMIP/week5/quiz1/data/gallery/airplane/00991.png,airplane,0.799050
/home/emily/MMIP/week5/quiz1/data/query/airplane/00038.png,airplane,1,/home/emily/MMIP/week5/quiz1/data/gallery/airplane/00163.png,airplane,0.818434
/home/emily/MMIP/week5/quiz1/data/query/airplane/00038.png,airplane,2,/home/emily/MMIP/week5/quiz1/data/gallery/airplane/00054.png,airplane,0.810524
/home/emily/MMIP/week5/quiz1/data/query/airplane/00038.png,airplane,3,/home/emily/MMIP/week5/quiz1/data/gallery/airplane/00999.png,airplane,0.806340
/home/emily/MMIP/week5/quiz1/data/query/airplane/00038.png,airplane,4,/home/emily/MMIP/week5/quiz1/data/gallery/airplane/00398.png,airplane,0.802671
/home/emily/MMIP/week5/quiz1/data/query/airplane/00038.png,airplane,5,/home/emily/MMIP/week5/quiz1/data/gallery/airplane/00615.png,airplane,0.800861
/home/emily/MMIP/week5/quiz1/data/query/airplane/00039.png,airplane,1,/home/emily/MMIP/week5/quiz1/data/gallery/ship/00794.png,ship,0.851161
/home/emily/MMIP/week5/quiz1/data/query/airplane/00039.png,airplane,2,/home/emily/MMIP/week5/quiz1/data/gallery/ship/00075.png,ship,0.844741
/home/emily/MMIP/week5/quiz1/data/query/airplane/00039.png,airplane,3,/home/emily/MMIP/week5/quiz1/data/gallery/ship/00761.png,ship,0.842562
/home/emily/MMIP/week5/quiz1/data/query/airplane/00039.png,airplane,4,/home/emily/MMIP/week5/quiz1/data/gallery/ship/00676.png,ship,0.840301
/home/emily/MMIP/week5/quiz1/data/query/airplane/00039.png,airplane,5,/home/emily/MMIP/week5/quiz1/data/gallery/ship/00828.png,ship,0.839838
/home/emily/MMIP/week5/quiz1/data/query/airplane/00040.png,airplane,1,/home/emily/MMIP/week5/quiz1/data/gallery/airplane/00109.png,airplane,0.900994
/home/emily/MMIP/week5/quiz1/data/query/airplane/00040.png,airplane,2,/home/emily/MMIP/week5/quiz1/data/gallery/airplane/00347.png,airplane,0.895405
/home/emily/MMIP/week5/quiz1/data/query/airplane/00040.png,airplane,3,/home/emily/MMIP/week5/quiz1/data/gallery/airplane/00956.png,airplane,0.894804
/home/emily/MMIP/week5/quiz1/data/query/airplane/00040.png,airplane,4,/home/emily/MMIP/week5/quiz1/data/gallery/airplane/00100.png,airplane,0.889370
/home/emily/MMIP/week5/quiz1/data/query/airplane/00040.png,airplane,5,/home/emily/MMIP/week5/quiz1/data/gallery/airplane/00082.png,airplane,0.888885
/home/emily/MMIP/week5/quiz1/data/query/airplane/00041.png,airplane,1,/home/emily/MMIP/week5/quiz1/data/gallery/horse/00308.png,horse,0.800149
/home/emily/MMIP/week5/quiz1/data/query/airplane/00041.png,airplane,2,/home/emily/MMIP/week5/quiz1/data/gallery/deer/00625.png,deer,0.794731
/home/emily/MMIP/week5/quiz1/data/query/airplane/00041.png,airplane,3,/home/emily/MMIP/week5/quiz1/data/gallery/bird/00230.png,bird,0.792991
/home/emily/MMIP/week5/quiz1/data/query/airplane/00041.png,airplane,4,/home/emily/MMIP/week5/quiz1/data/gallery/horse/00479.png,horse,0.792957
/home/emily/MMIP/week5/quiz1/data/query/airplane/00041.png,airplane,5,/home/emily/MMIP/week5/quiz1/data/gallery/deer/00357.png,deer,0.791086
/home/emily/MMIP/week5/quiz1/data/query/airplane/00042.png,airplane,1,/home/emily/MMIP/week5/quiz1/data/gallery/airplane/00572.png,airplane,0.807886
/home/emily/MMIP/week5/quiz1/data/query/airplane/00042.png,airplane,2,/home/emily/MMIP/week5/quiz1/data/gallery/airplane/00860.png,airplane,0.803397
/home/emily/MMIP/week5/quiz1/data/query/airplane/00042.png,airplane,3,/home/emily/MMIP/week5/quiz1/data/gallery/airplane/00537.png,airplane,0.801614
/home/emily/MMIP/week5/quiz1/data/query/airplane/00042.png,airplane,4,/home/emily/MMIP/week5/quiz1/data/gallery/airplane/00300.png,airplane,0.799004
/home/emily/MMIP/week5/quiz1/data/query/airplane/00042.png,airplane,5,/home/emily/MMIP/week5/quiz1/data/gallery/airplane/00108.png,airplane,0.796377
/home/emily/MMIP/week5/quiz1/data/query/airplane/00043.png,airplane,1,/home/emily/MMIP/week5/quiz1/data/gallery/airplane/00834.png,airplane,0.897813
/home/emily/MMIP/week5/quiz1/data/query/airplane/00043.png,airplane,2,/home/emily/MMIP/week5/quiz1/data/gallery/airplane/00569.png,airplane,0.897568
/home/emily/MMIP/week5/quiz1/data/query/airplane/00043.png,airplane,3,/home/emily/MMIP/week5/quiz1/data/gallery/airplane/00921.png,airplane,0.893376
/home/emily/MMIP/week5/quiz1/data/query/airplane/00043.png,airplane,4,/home/emily/MMIP/week5/quiz1/data/gallery/airplane/00645.png,airplane,0.892962
/home/emily/MMIP/week5/quiz1/data/query/airplane/00043.png,airplane,5,/home/emily/MMIP/week5/quiz1/data/gallery/bird/00999.png,bird,0.887956
/home/emily/MMIP/week5/quiz1/data/query/airplane/00044.png,airplane,1,/home/emily/MMIP/week5/quiz1/data/gallery/airplane/00673.png,airplane,0.832806
/home/emily/MMIP/week5/quiz1/data/query/airplane/00044.png,airplane,2,/home/emily/MMIP/week5/quiz1/data/gallery/airplane/00471.png,airplane,0.832500
/home/emily/MMIP/week5/quiz1/data/query/airplane/00044.png,airplane,3,/home/emily/MMIP/week5/quiz1/data/gallery/airplane/00572.png,airplane,0.829394
/home/emily/MMIP/week5/quiz1/data/query/airplane/00044.png,airplane,4,/home/emily/MMIP/week5/quiz1/data/gallery/airplane/00132.png,airplane,0.827164
/home/emily/MMIP/week5/quiz1/data/query/airplane/00044.png,airplane,5,/home/emily/MMIP/week5/quiz1/data/gallery/airplane/00965.png,airplane,0.823819
/home/emily/MMIP/week5/quiz1/data/query/airplane/00045.png,airplane,1,/home/emily/MMIP/week5/quiz1/data/gallery/airplane/00667.png,airplane,0.900180
/home/emily/MMIP/week5/quiz1/data/query/airplane/00045.png,airplane,2,/home/emily/MMIP/week5/quiz1/data/gallery/airplane/00250.png,airplane,0.897139
/home/emily/MMIP/week5/quiz1/data/query/airplane/00045.png,airplane,3,/home/emily/MMIP/week5/quiz1/data/gallery/airplane/00080.png,airplane,0.894054
/home/emily/MMIP/week5/quiz1/data/query/airplane/00045.png,airplane,4,/home/emily/MMIP/week5/quiz1/data/gallery/airplane/00830.png,airplane,0.893910
/home/emily/MMIP/week5/quiz1/data/query/airplane/00045.png,airplane,5,/home/emily/MMIP/week5/quiz1/data/gallery/airplane/00943.png,airplane,0.889178
/home/emily/MMIP/week5/quiz1/data/query/airplane/00046.png,airplane,1,/home/emily/MMIP/week5/quiz1/data/gallery/airplane/00144.png,airplane,0.864269
/home/emily/MMIP/week5/quiz1/data/query/airplane/00046.png,airplane,2,/home/emily/MMIP/week5/quiz1/data/gallery/airplane/00897.png,airplane,0.854752
/home/emily/MMIP/week5/quiz1/data/query/airplane/00046.png,airplane,3,/home/emily/MMIP/week5/quiz1/data/gallery/airplane/00901.png,airplane,0.853887
/home/emily/MMIP/week5/quiz1/data/query/airplane/00046.png,airplane,4,/home/emily/MMIP/week5/quiz1/data/gallery/airplane/00081.png,airplane,0.848727
/home/emily/MMIP/week5/quiz1/data/query/airplane/00046.png,airplane,5,/home/emily/MMIP/week5/quiz1/data/gallery/airplane/00674.png,airplane,0.847539
/home/emily/MMIP/week5/quiz1/data/query/airplane/00047.png,airplane,1,/home/emily/MMIP/week5/quiz1/data/gallery/ship/00600.png,ship,0.837751
/home/emily/MMIP/week5/quiz1/data/query/airplane/00047.png,airplane,2,/home/emily/MMIP/week5/quiz1/data/gallery/airplane/00414.png,airplane,0.835517
/home/emily/MMIP/week5/quiz1/data/query/airplane/00047.png,airplane,3,/home/emily/MMIP/week5/quiz1/data/gallery/ship/00389.png,ship,0.832648
/home/emily/MMIP/week5/quiz1/data/query/airplane/00047.png,airplane,4,/home/emily/MMIP/week5/quiz1/data/gallery/airplane/00375.png,airplane,0.829706
/home/emily/MMIP/week5/quiz1/data/query/airplane/00047.png,airplane,5,/home/emily/MMIP/week5/quiz1/data/gallery/ship/00078.png,ship,0.827715
/home/emily/MMIP/week5/quiz1/data/query/airplane/00048.png,airplane,1,/home/emily/MMIP/week5/quiz1/data/gallery/airplane/00342.png,airplane,0.822575
/home/emily/MMIP/week5/quiz1/data/query/airplane/00048.png,airplane,2,/home/emily/MMIP/week5/quiz1/data/gallery/airplane/00198.png,airplane,0.819420
/home/emily/MMIP/week5/quiz1/data/query/airplane/00048.png,airplane,3,/home/emily/MMIP/week5/quiz1/data/gallery/cat/00375.png,cat,0.818341
/home/emily/MMIP/week5/quiz1/data/query/airplane/00048.png,airplane,4,/home/emily/MMIP/week5/quiz1/data/gallery/airplane/00405.png,airplane,0.813054
/home/emily/MMIP/week5/quiz1/data/query/airplane/00048.png,airplane,5,/home/emily/MMIP/week5/quiz1/data/gallery/airplane/00190.png,airplane,0.812801
/home/emily/MMIP/week5/quiz1/data/query/airplane/00049.png,airplane,1,/home/emily/MMIP/week5/quiz1/data/gallery/frog/00178.png,frog,0.793211
/home/emily/MMIP/week5/quiz1/data/query/airplane/00049.png,airplane,2,/home/emily/MMIP/week5/quiz1/data/gallery/frog/00161.png,frog,0.790372
/home/emily/MMIP/week5/quiz1/data/query/airplane/00049.png,airplane,3,/home/emily/MMIP/week5/quiz1/data/gallery/frog/00590.png,frog,0.790368
/home/emily/MMIP/week5/quiz1/data/query/airplane/00049.png,airplane,4,/home/emily/MMIP/week5/quiz1/data/gallery/automobile/00736.png,automobile,0.790175
/home/emily/MMIP/week5/quiz1/data/query/airplane/00049.png,airplane,5,/home/emily/MMIP/week5/quiz1/data/gallery/frog/00221.png,frog,0.789780
/home/emily/MMIP/week5/quiz1/data/query/airplane/00050.png,airplane,1,/home/emily/MMIP/week5/quiz1/data/gallery/airplane/00249.png,airplane,0.918455
/home/emily/MMIP/week5/quiz1/data/query/airplane/00050.png,airplane,2,/home/emily/MMIP/week5/quiz1/data/gallery/airplane/00525.png,airplane,0.894858
/home/emily/MMIP/week5/quiz1/data/query/airplane/00050.png,airplane,3,/home/emily/MMIP/week5/quiz1/data/gallery/airplane/00905.png,airplane,0.883712
/home/emily/MMIP/week5/quiz1/data/query/airplane/00050.png,airplane,4,/home/emily/MMIP/week5/quiz1/data/gallery/airplane/00115.png,airplane,0.881119
/home/emily/MMIP/week5/quiz1/data/query/airplane/00050.png,airplane,5,/home/emily/MMIP/week5/quiz1/data/gallery/airplane/00394.png,airplane,0.876894
/home/emily/MMIP/week5/quiz1/data/query/airplane/00051.png,airplane,1,/home/emily/MMIP/week5/quiz1/data/gallery/airplane/00202.png,airplane,0.847968
/home/emily/MMIP/week5/quiz1/data/query/airplane/00051.png,airplane,2,/home/emily/MMIP/week5/quiz1/data/gallery/airplane/00426.png,airplane,0.843794
/home/emily/MMIP/week5/quiz1/data/query/airplane/00051.png,airplane,3,/home/emily/MMIP/week5/quiz1/data/gallery/airplane/00628.png,airplane,0.843728
/home/emily/MMIP/week5/quiz1/data/query/airplane/00051.png,airplane,4,/home/emily/MMIP/week5/quiz1/data/gallery/airplane/00414.png,airplane,0.840260
/home/emily/MMIP/week5/quiz1/data/query/airplane/00051.png,airplane,5,/home/emily/MMIP/week5/quiz1/data/gallery/airplane/00837.png,airplane,0.840005
/home/emily/MMIP/week5/quiz1/data/query/airplane/00052.png,airplane,1,/home/emily/MMIP/week5/quiz1/data/gallery/airplane/00475.png,airplane,0.871148
/home/emily/MMIP/week5/quiz1/data/query/airplane/00052.png,airplane,2,/home/emily/MMIP/week5/quiz1/data/gallery/airplane/00100.png,airplane,0.865076
/home/emily/MMIP/week5/quiz1/data/query/airplane/00052.png,airplane,3,/home/emily/MMIP/week5/quiz1/data/gallery/airplane/00518.png,airplane,0.862890
/home/emily/MMIP/week5/quiz1/data/query/airplane/00052.png,airplane,4,/home/emily/MMIP/week5/quiz1/data/gallery/airplane/00832.png,airplane,0.860316
/home/emily/MMIP/week5/quiz1/data/query/airplane/00052.png,airplane,5,/home/emily/MMIP/week5/quiz1/data/gallery/airplane/00135.png,airplane,0.858689
/home/emily/MMIP/week5/quiz1/data/query/airplane/00053.png,airplane,1,/home/emily/MMIP/week5/quiz1/data/gallery/airplane/00054.png,airplane,0.861866
/home/emily/MMIP/week5/quiz1/data/query/airplane/00053.png,airplane,2,/home/emily/MMIP/week5/quiz1/data/gallery/airplane/00525.png,airplane,0.860195
/home/emily/MMIP/week5/quiz1/data/query/airplane/00053.png,airplane,3,/home/emily/MMIP/week5/quiz1/data/gallery/airplane/00800.png,airplane,0.859970
/home/emily/MMIP/week5/quiz1/data/query/airplane/00053.png,airplane,4,/home/emily/MMIP/week5/quiz1/data/gallery/airplane/00136.png,airplane,0.856006
/home/emily/MMIP/week5/quiz1/data/query/airplane/00053.png,airplane,5,/home/emily/MMIP/week5/quiz1/data/gallery/airplane/00905.png,airplane,0.852070
/home/emily/MMIP/week5/quiz1/data/query/airplane/00054.png,airplane,1,/home/emily/MMIP/week5/quiz1/data/gallery/horse/00260.png,horse,0.812754
/home/emily/MMIP/week5/quiz1/data/query/airplane/00054.png,airplane,2,/home/emily/MMIP/week5/quiz1/data/gallery/airplane/00806.png,airplane,0.801145
/home/emily/MMIP/week5/quiz1/data/query/airplane/00054.png,airplane,3,/home/emily/MMIP/week5/quiz1/data/gallery/cat/00764.png,cat,0.800771
/home/emily/MMIP/week5/quiz1/data/query/airplane/00054.png,airplane,4,/home/emily/MMIP/week5/quiz1/data/gallery/bird/00777.png,bird,0.798272
/home/emily/MMIP/week5/quiz1/data/query/airplane/00054.png,airplane,5,/home/emily/MMIP/week5/quiz1/data/gallery/horse/00655.png,horse,0.798036
/home/emily/MMIP/week5/quiz1/data/query/airplane/00055.png,airplane,1,/home/emily/MMIP/week5/quiz1/data/gallery/airplane/00813.png,airplane,0.835857
/home/emily/MMIP/week5/quiz1/data/query/airplane/00055.png,airplane,2,/home/emily/MMIP/week5/quiz1/data/gallery/airplane/00827.png,airplane,0.833333
/home/emily/MMIP/week5/quiz1/data/query/airplane/00055.png,airplane,3,/home/emily/MMIP/week5/quiz1/data/gallery/airplane/00782.png,airplane,0.832971
/home/emily/MMIP/week5/quiz1/data/query/airplane/00055.png,airplane,4,/home/emily/MMIP/week5/quiz1/data/gallery/airplane/00585.png,airplane,0.831273
/home/emily/MMIP/week5/quiz1/data/query/airplane/00055.png,airplane,5,/home/emily/MMIP/week5/quiz1/data/gallery/airplane/00938.png,airplane,0.830429
/home/emily/MMIP/week5/quiz1/data/query/airplane/00056.png,airplane,1,/home/emily/MMIP/week5/quiz1/data/gallery/airplane/00468.png,airplane,0.899613
/home/emily/MMIP/week5/quiz1/data/query/airplane/00056.png,airplane,2,/home/emily/MMIP/week5/quiz1/data/gallery/airplane/00974.png,airplane,0.886184
/home/emily/MMIP/week5/quiz1/data/query/airplane/00056.png,airplane,3,/home/emily/MMIP/week5/quiz1/data/gallery/airplane/00667.png,airplane,0.885863
/home/emily/MMIP/week5/quiz1/data/query/airplane/00056.png,airplane,4,/home/emily/MMIP/week5/quiz1/data/gallery/airplane/00921.png,airplane,0.885773
/home/emily/MMIP/week5/quiz1/data/query/airplane/00056.png,airplane,5,/home/emily/MMIP/week5/quiz1/data/gallery/airplane/00969.png,airplane,0.885026
/home/emily/MMIP/week5/quiz1/data/query/airplane/00057.png,airplane,1,/home/emily/MMIP/week5/quiz1/data/gallery/ship/00687.png,ship,0.841821
/home/emily/MMIP/week5/quiz1/data/query/airplane/00057.png,airplane,2,/home/emily/MMIP/week5/quiz1/data/gallery/ship/00615.png,ship,0.841382
/home/emily/MMIP/week5/quiz1/data/query/airplane/00057.png,airplane,3,/home/emily/MMIP/week5/quiz1/data/gallery/ship/00173.png,ship,0.840820
/home/emily/MMIP/week5/quiz1/data/query/airplane/00057.png,airplane,4,/home/emily/MMIP/week5/quiz1/data/gallery/ship/00070.png,ship,0.840732
/home/emily/MMIP/week5/quiz1/data/query/airplane/00057.png,airplane,5,/home/emily/MMIP/week5/quiz1/data/gallery/ship/00864.png,ship,0.840709
/home/emily/MMIP/week5/quiz1/data/query/airplane/00058.png,airplane,1,/home/emily/MMIP/week5/quiz1/data/gallery/airplane/00185.png,airplane,0.915957
/home/emily/MMIP/week5/quiz1/data/query/airplane/00058.png,airplane,2,/home/emily/MMIP/week5/quiz1/data/gallery/airplane/00247.png,airplane,0.915135
/home/emily/MMIP/week5/quiz1/data/query/airplane/00058.png,airplane,3,/home/emily/MMIP/week5/quiz1/data/gallery/airplane/00988.png,airplane,0.914259
/home/emily/MMIP/week5/quiz1/data/query/airplane/00058.png,airplane,4,/home/emily/MMIP/week5/quiz1/data/gallery/airplane/00600.png,airplane,0.909634
/home/emily/MMIP/week5/quiz1/data/query/airplane/00058.png,airplane,5,/home/emily/MMIP/week5/quiz1/data/gallery/airplane/00317.png,airplane,0.906370
/home/emily/MMIP/week5/quiz1/data/query/airplane/00059.png,airplane,1,/home/emily/MMIP/week5/quiz1/data/gallery/ship/00801.png,ship,0.808964
/home/emily/MMIP/week5/quiz1/data/query/airplane/00059.png,airplane,2,/home/emily/MMIP/week5/quiz1/data/gallery/airplane/00293.png,airplane,0.798693
/home/emily/MMIP/week5/quiz1/data/query/airplane/00059.png,airplane,3,/home/emily/MMIP/week5/quiz1/data/gallery/airplane/00685.png,airplane,0.795587
/home/emily/MMIP/week5/quiz1/data/query/airplane/00059.png,airplane,4,/home/emily/MMIP/week5/quiz1/data/gallery/airplane/00388.png,airplane,0.793467
/home/emily/MMIP/week5/quiz1/data/query/airplane/00059.png,airplane,5,/home/emily/MMIP/week5/quiz1/data/gallery/airplane/00839.png,airplane,0.791645
/home/emily/MMIP/week5/quiz1/data/query/airplane/00060.png,airplane,1,/home/emily/MMIP/week5/quiz1/data/gallery/airplane/00248.png,airplane,0.876261
/home/emily/MMIP/week5/quiz1/data/query/airplane/00060.png,airplane,2,/home/emily/MMIP/week5/quiz1/data/gallery/airplane/00667.png,airplane,0.875257
/home/emily/MMIP/week5/quiz1/data/query/airplane/00060.png,airplane,3,/home/emily/MMIP/week5/quiz1/data/gallery/airplane/00080.png,airplane,0.874042
/home/emily/MMIP/week5/quiz1/data/query/airplane/00060.png,airplane,4,/home/emily/MMIP/week5/quiz1/data/gallery/airplane/00645.png,airplane,0.872367
/home/emily/MMIP/week5/quiz1/data/query/airplane/00060.png,airplane,5,/home/emily/MMIP/week5/quiz1/data/gallery/airplane/00026.png,airplane,0.871761
/home/emily/MMIP/week5/quiz1/data/query/airplane/00061.png,airplane,1,/home/emily/MMIP/week5/quiz1/data/gallery/airplane/00880.png,airplane,0.806708
/home/emily/MMIP/week5/quiz1/data/query/airplane/00061.png,airplane,2,/home/emily/MMIP/week5/quiz1/data/gallery/deer/00936.png,deer,0.805805
/home/emily/MMIP/week5/quiz1/data/query/airplane/00061.png,airplane,3,/home/emily/MMIP/week5/quiz1/data/gallery/airplane/00342.png,airplane,0.805765
/home/emily/MMIP/week5/quiz1/data/query/airplane/00061.png,airplane,4,/home/emily/MMIP/week5/quiz1/data/gallery/cat/00992.png,cat,0.793069
/home/emily/MMIP/week5/quiz1/data/query/airplane/00061.png,airplane,5,/home/emily/MMIP/week5/quiz1/data/gallery/cat/00726.png,cat,0.791910
/home/emily/MMIP/week5/quiz1/data/query/airplane/00062.png,airplane,1,/home/emily/MMIP/week5/quiz1/data/gallery/airplane/00970.png,airplane,0.868553
/home/emily/MMIP/week5/quiz1/data/query/airplane/00062.png,airplane,2,/home/emily/MMIP/week5/quiz1/data/gallery/airplane/00746.png,airplane,0.856683
/home/emily/MMIP/week5/quiz1/data/query/airplane/00062.png,airplane,3,/home/emily/MMIP/week5/quiz1/data/gallery/airplane/00693.png,airplane,0.855696
/home/emily/MMIP/week5/quiz1/data/query/airplane/00062.png,airplane,4,/home/emily/MMIP/week5/quiz1/data/gallery/airplane/00956.png,airplane,0.853410
/home/emily/MMIP/week5/quiz1/data/query/airplane/00062.png,airplane,5,/home/emily/MMIP/week5/quiz1/data/gallery/airplane/00743.png,airplane,0.853391
/home/emily/MMIP/week5/quiz1/data/query/airplane/00063.png,airplane,1,/home/emily/MMIP/week5/quiz1/data/gallery/airplane/00667.png,airplane,0.855357
/home/emily/MMIP/week5/quiz1/data/query/airplane/00063.png,airplane,2,/home/emily/MMIP/week5/quiz1/data/gallery/airplane/00816.png,airplane,0.853163
/home/emily/MMIP/week5/quiz1/data/query/airplane/00063.png,airplane,3,/home/emily/MMIP/week5/quiz1/data/gallery/airplane/00235.png,airplane,0.852852
/home/emily/MMIP/week5/quiz1/data/query/airplane/00063.png,airplane,4,/home/emily/MMIP/week5/quiz1/data/gallery/airplane/00436.png,airplane,0.851865
/home/emily/MMIP/week5/quiz1/data/query/airplane/00063.png,airplane,5,/home/emily/MMIP/week5/quiz1/data/gallery/airplane/00571.png,airplane,0.850150
/home/emily/MMIP/week5/quiz1/data/query/airplane/00064.png,airplane,1,/home/emily/MMIP/week5/quiz1/data/gallery/ship/00143.png,ship,0.813013
/home/emily/MMIP/week5/quiz1/data/query/airplane/00064.png,airplane,2,/home/emily/MMIP/week5/quiz1/data/gallery/ship/00916.png,ship,0.812000
/home/emily/MMIP/week5/quiz1/data/query/airplane/00064.png,airplane,3,/home/emily/MMIP/week5/quiz1/data/gallery/ship/00177.png,ship,0.810798
/home/emily/MMIP/week5/quiz1/data/query/airplane/00064.png,airplane,4,/home/emily/MMIP/week5/quiz1/data/gallery/ship/00166.png,ship,0.810069
/home/emily/MMIP/week5/quiz1/data/query/airplane/00064.png,airplane,5,/home/emily/MMIP/week5/quiz1/data/gallery/ship/00687.png,ship,0.807485
/home/emily/MMIP/week5/quiz1/data/query/airplane/00065.png,airplane,1,/home/emily/MMIP/week5/quiz1/data/gallery/airplane/00191.png,airplane,0.844436
/home/emily/MMIP/week5/quiz1/data/query/airplane/00065.png,airplane,2,/home/emily/MMIP/week5/quiz1/data/gallery/airplane/00857.png,airplane,0.840616
/home/emily/MMIP/week5/quiz1/data/query/airplane/00065.png,airplane,3,/home/emily/MMIP/week5/quiz1/data/gallery/airplane/00132.png,airplane,0.839850
/home/emily/MMIP/week5/quiz1/data/query/airplane/00065.png,airplane,4,/home/emily/MMIP/week5/quiz1/data/gallery/airplane/00713.png,airplane,0.835054
/home/emily/MMIP/week5/quiz1/data/query/airplane/00065.png,airplane,5,/home/emily/MMIP/week5/quiz1/data/gallery/airplane/00134.png,airplane,0.830467
/home/emily/MMIP/week5/quiz1/data/query/airplane/00066.png,airplane,1,/home/emily/MMIP/week5/quiz1/data/gallery/airplane/00526.png,airplane,0.869174
/home/emily/MMIP/week5/quiz1/data/query/airplane/00066.png,airplane,2,/home/emily/MMIP/week5/quiz1/data/gallery/airplane/00683.png,airplane,0.853396
/home/emily/MMIP/week5/quiz1/data/query/airplane/00066.png,airplane,3,/home/emily/MMIP/week5/quiz1/data/gallery/airplane/00122.png,airplane,0.851296
/home/emily/MMIP/week5/quiz1/data/query/airplane/00066.png,airplane,4,/home/emily/MMIP/week5/quiz1/data/gallery/airplane/00924.png,airplane,0.847970
/home/emily/MMIP/week5/quiz1/data/query/airplane/00066.png,airplane,5,/home/emily/MMIP/week5/quiz1/data/gallery/airplane/00444.png,airplane,0.847298
/home/emily/MMIP/week5/quiz1/data/query/airplane/00067.png,airplane,1,/home/emily/MMIP/week5/quiz1/data/gallery/airplane/00956.png,airplane,0.887125
/home/emily/MMIP/week5/quiz1/data/query/airplane/00067.png,airplane,2,/home/emily/MMIP/week5/quiz1/data/gallery/airplane/00797.png,airplane,0.882598
/home/emily/MMIP/week5/quiz1/data/query/airplane/00067.png,airplane,3,/home/emily/MMIP/week5/quiz1/data/gallery/airplane/00605.png,airplane,0.880806
/home/emily/MMIP/week5/quiz1/data/query/airplane/00067.png,airplane,4,/home/emily/MMIP/week5/quiz1/data/gallery/airplane/00675.png,airplane,0.880347
/home/emily/MMIP/week5/quiz1/data/query/airplane/00067.png,airplane,5,/home/emily/MMIP/week5/quiz1/data/gallery/airplane/00911.png,airplane,0.874153
/home/emily/MMIP/week5/quiz1/data/query/airplane/00068.png,airplane,1,/home/emily/MMIP/week5/quiz1/data/gallery/bird/00488.png,bird,0.826801
/home/emily/MMIP/week5/quiz1/data/query/airplane/00068.png,airplane,2,/home/emily/MMIP/week5/quiz1/data/gallery/airplane/00364.png,airplane,0.811006
/home/emily/MMIP/week5/quiz1/data/query/airplane/00068.png,airplane,3,/home/emily/MMIP/week5/quiz1/data/gallery/airplane/00621.png,airplane,0.810192
/home/emily/MMIP/week5/quiz1/data/query/airplane/00068.png,airplane,4,/home/emily/MMIP/week5/quiz1/data/gallery/airplane/00903.png,airplane,0.808310
/home/emily/MMIP/week5/quiz1/data/query/airplane/00068.png,airplane,5,/home/emily/MMIP/week5/quiz1/data/gallery/airplane/00714.png,airplane,0.806019
/home/emily/MMIP/week5/quiz1/data/query/airplane/00069.png,airplane,1,/home/emily/MMIP/week5/quiz1/data/gallery/airplane/00735.png,airplane,0.870792
/home/emily/MMIP/week5/quiz1/data/query/airplane/00069.png,airplane,2,/home/emily/MMIP/week5/quiz1/data/gallery/airplane/00693.png,airplane,0.863394
/home/emily/MMIP/week5/quiz1/data/query/airplane/00069.png,airplane,3,/home/emily/MMIP/week5/quiz1/data/gallery/airplane/00202.png,airplane,0.862261
/home/emily/MMIP/week5/quiz1/data/query/airplane/00069.png,airplane,4,/home/emily/MMIP/week5/quiz1/data/gallery/airplane/00216.png,airplane,0.861529
/home/emily/MMIP/week5/quiz1/data/query/airplane/00069.png,airplane,5,/home/emily/MMIP/week5/quiz1/data/gallery/airplane/00269.png,airplane,0.858534
/home/emily/MMIP/week5/quiz1/data/query/airplane/00070.png,airplane,1,/home/emily/MMIP/week5/quiz1/data/gallery/airplane/00240.png,airplane,0.821740
/home/emily/MMIP/week5/quiz1/data/query/airplane/00070.png,airplane,2,/home/emily/MMIP/week5/quiz1/data/gallery/airplane/00327.png,airplane,0.812988
/home/emily/MMIP/week5/quiz1/data/query/airplane/00070.png,airplane,3,/home/emily/MMIP/week5/quiz1/data/gallery/airplane/00289.png,airplane,0.812012
/home/emily/MMIP/week5/quiz1/data/query/airplane/00070.png,airplane,4,/home/emily/MMIP/week5/quiz1/data/gallery/airplane/00540.png,airplane,0.811757
/home/emily/MMIP/week5/quiz1/data/query/airplane/00070.png,airplane,5,/home/emily/MMIP/week5/quiz1/data/gallery/airplane/00438.png,airplane,0.808576
/home/emily/MMIP/week5/quiz1/data/query/airplane/00071.png,airplane,1,/home/emily/MMIP/week5/quiz1/data/gallery/airplane/00786.png,airplane,0.827063
/home/emily/MMIP/week5/quiz1/data/query/airplane/00071.png,airplane,2,/home/emily/MMIP/week5/quiz1/data/gallery/airplane/00403.png,airplane,0.825429
/home/emily/MMIP/week5/quiz1/data/query/airplane/00071.png,airplane,3,/home/emily/MMIP/week5/quiz1/data/gallery/airplane/00666.png,airplane,0.823197
/home/emily/MMIP/week5/quiz1/data/query/airplane/00071.png,airplane,4,/home/emily/MMIP/week5/quiz1/data/gallery/airplane/00932.png,airplane,0.822127
/home/emily/MMIP/week5/quiz1/data/query/airplane/00071.png,airplane,5,/home/emily/MMIP/week5/quiz1/data/gallery/airplane/00194.png,airplane,0.819799
/home/emily/MMIP/week5/quiz1/data/query/airplane/00072.png,airplane,1,/home/emily/MMIP/week5/quiz1/data/gallery/airplane/00194.png,airplane,0.851919
/home/emily/MMIP/week5/quiz1/data/query/airplane/00072.png,airplane,2,/home/emily/MMIP/week5/quiz1/data/gallery/airplane/00232.png,airplane,0.843370
/home/emily/MMIP/week5/quiz1/data/query/airplane/00072.png,airplane,3,/home/emily/MMIP/week5/quiz1/data/gallery/airplane/00586.png,airplane,0.836578
/home/emily/MMIP/week5/quiz1/data/query/airplane/00072.png,airplane,4,/home/emily/MMIP/week5/quiz1/data/gallery/airplane/00605.png,airplane,0.831344
/home/emily/MMIP/week5/quiz1/data/query/airplane/00072.png,airplane,5,/home/emily/MMIP/week5/quiz1/data/gallery/airplane/00725.png,airplane,0.828991
/home/emily/MMIP/week5/quiz1/data/query/airplane/00073.png,airplane,1,/home/emily/MMIP/week5/quiz1/data/gallery/airplane/00017.png,airplane,0.873296
/home/emily/MMIP/week5/quiz1/data/query/airplane/00073.png,airplane,2,/home/emily/MMIP/week5/quiz1/data/gallery/airplane/00248.png,airplane,0.873273
/home/emily/MMIP/week5/quiz1/data/query/airplane/00073.png,airplane,3,/home/emily/MMIP/week5/quiz1/data/gallery/airplane/00431.png,airplane,0.870829
/home/emily/MMIP/week5/quiz1/data/query/airplane/00073.png,airplane,4,/home/emily/MMIP/week5/quiz1/data/gallery/airplane/00185.png,airplane,0.869944
/home/emily/MMIP/week5/quiz1/data/query/airplane/00073.png,airplane,5,/home/emily/MMIP/week5/quiz1/data/gallery/airplane/00518.png,airplane,0.869106
/home/emily/MMIP/week5/quiz1/data/query/airplane/00074.png,airplane,1,/home/emily/MMIP/week5/quiz1/data/gallery/airplane/00947.png,airplane,0.875237
/home/emily/MMIP/week5/quiz1/data/query/airplane/00074.png,airplane,2,/home/emily/MMIP/week5/quiz1/data/gallery/airplane/00675.png,airplane,0.873095
/home/emily/MMIP/week5/quiz1/data/query/airplane/00074.png,airplane,3,/home/emily/MMIP/week5/quiz1/data/gallery/airplane/00616.png,airplane,0.872330
/home/emily/MMIP/week5/quiz1/data/query/airplane/00074.png,airplane,4,/home/emily/MMIP/week5/quiz1/data/gallery/airplane/00956.png,airplane,0.871682
/home/emily/MMIP/week5/quiz1/data/query/airplane/00074.png,airplane,5,/home/emily/MMIP/week5/quiz1/data/gallery/airplane/00144.png,airplane,0.871123
/home/emily/MMIP/week5/quiz1/data/query/airplane/00075.png,airplane,1,/home/emily/MMIP/week5/quiz1/data/gallery/truck/00181.png,truck,0.862131
/home/emily/MMIP/week5/quiz1/data/query/airplane/00075.png,airplane,2,/home/emily/MMIP/week5/quiz1/data/gallery/truck/00568.png,truck,0.859361
/home/emily/MMIP/week5/quiz1/data/query/airplane/00075.png,airplane,3,/home/emily/MMIP/week5/quiz1/data/gallery/truck/00173.png,truck,0.858166
/home/emily/MMIP/week5/quiz1/data/query/airplane/00075.png,airplane,4,/home/emily/MMIP/week5/quiz1/data/gallery/truck/00996.png,truck,0.854686
/home/emily/MMIP/week5/quiz1/data/query/airplane/00075.png,airplane,5,/home/emily/MMIP/week5/quiz1/data/gallery/truck/00682.png,truck,0.851680
/home/emily/MMIP/week5/quiz1/data/query/airplane/00076.png,airplane,1,/home/emily/MMIP/week5/quiz1/data/gallery/airplane/00070.png,airplane,0.847778
/home/emily/MMIP/week5/quiz1/data/query/airplane/00076.png,airplane,2,/home/emily/MMIP/week5/quiz1/data/gallery/airplane/00868.png,airplane,0.834754
/home/emily/MMIP/week5/quiz1/data/query/airplane/00076.png,airplane,3,/home/emily/MMIP/week5/quiz1/data/gallery/airplane/00673.png,airplane,0.832516
/home/emily/MMIP/week5/quiz1/data/query/airplane/00076.png,airplane,4,/home/emily/MMIP/week5/quiz1/data/gallery/airplane/00578.png,airplane,0.830034
/home/emily/MMIP/week5/quiz1/data/query/airplane/00076.png,airplane,5,/home/emily/MMIP/week5/quiz1/data/gallery/airplane/00969.png,airplane,0.829053
/home/emily/MMIP/week5/quiz1/data/query/airplane/00077.png,airplane,1,/home/emily/MMIP/week5/quiz1/data/gallery/airplane/00968.png,airplane,0.853099
/home/emily/MMIP/week5/quiz1/data/query/airplane/00077.png,airplane,2,/home/emily/MMIP/week5/quiz1/data/gallery/airplane/00737.png,airplane,0.847528
/home/emily/MMIP/week5/quiz1/data/query/airplane/00077.png,airplane,3,/home/emily/MMIP/week5/quiz1/data/gallery/airplane/00317.png,airplane,0.846324
/home/emily/MMIP/week5/quiz1/data/query/airplane/00077.png,airplane,4,/home/emily/MMIP/week5/quiz1/data/gallery/airplane/00679.png,airplane,0.845614
/home/emily/MMIP/week5/quiz1/data/query/airplane/00077.png,airplane,5,/home/emily/MMIP/week5/quiz1/data/gallery/airplane/00159.png,airplane,0.844183
/home/emily/MMIP/week5/quiz1/data/query/airplane/00078.png,airplane,1,/home/emily/MMIP/week5/quiz1/data/gallery/airplane/00973.png,airplane,0.825941
/home/emily/MMIP/week5/quiz1/data/query/airplane/00078.png,airplane,2,/home/emily/MMIP/week5/quiz1/data/gallery/deer/00179.png,deer,0.816705
/home/emily/MMIP/week5/quiz1/data/query/airplane/00078.png,airplane,3,/home/emily/MMIP/week5/quiz1/data/gallery/airplane/00361.png,airplane,0.811538
/home/emily/MMIP/week5/quiz1/data/query/airplane/00078.png,airplane,4,/home/emily/MMIP/week5/quiz1/data/gallery/airplane/00592.png,airplane,0.811475
/home/emily/MMIP/week5/quiz1/data/query/airplane/00078.png,airplane,5,/home/emily/MMIP/week5/quiz1/data/gallery/airplane/00603.png,airplane,0.810263
/home/emily/MMIP/week5/quiz1/data/query/airplane/00079.png,airplane,1,/home/emily/MMIP/week5/quiz1/data/gallery/airplane/00730.png,airplane,0.851184
/home/emily/MMIP/week5/quiz1/data/query/airplane/00079.png,airplane,2,/home/emily/MMIP/week5/quiz1/data/gallery/airplane/00715.png,airplane,0.835210
/home/emily/MMIP/week5/quiz1/data/query/airplane/00079.png,airplane,3,/home/emily/MMIP/week5/quiz1/data/gallery/airplane/00721.png,airplane,0.826521
/home/emily/MMIP/week5/quiz1/data/query/airplane/00079.png,airplane,4,/home/emily/MMIP/week5/quiz1/data/gallery/airplane/00517.png,airplane,0.825390
/home/emily/MMIP/week5/quiz1/data/query/airplane/00079.png,airplane,5,/home/emily/MMIP/week5/quiz1/data/gallery/airplane/00806.png,airplane,0.822785
/home/emily/MMIP/week5/quiz1/data/query/airplane/00080.png,airplane,1,/home/emily/MMIP/week5/quiz1/data/gallery/airplane/00891.png,airplane,0.836094
/home/emily/MMIP/week5/quiz1/data/query/airplane/00080.png,airplane,2,/home/emily/MMIP/week5/quiz1/data/gallery/airplane/00933.png,airplane,0.823147
/home/emily/MMIP/week5/quiz1/data/query/airplane/00080.png,airplane,3,/home/emily/MMIP/week5/quiz1/data/gallery/truck/00890.png,truck,0.821245
/home/emily/MMIP/week5/quiz1/data/query/airplane/00080.png,airplane,4,/home/emily/MMIP/week5/quiz1/data/gallery/airplane/00558.png,airplane,0.815621
/home/emily/MMIP/week5/quiz1/data/query/airplane/00080.png,airplane,5,/home/emily/MMIP/week5/quiz1/data/gallery/truck/00835.png,truck,0.814960
/home/emily/MMIP/week5/quiz1/data/query/airplane/00081.png,airplane,1,/home/emily/MMIP/week5/quiz1/data/gallery/airplane/00778.png,airplane,0.829994
/home/emily/MMIP/week5/quiz1/data/query/airplane/00081.png,airplane,2,/home/emily/MMIP/week5/quiz1/data/gallery/airplane/00839.png,airplane,0.829897
/home/emily/MMIP/week5/quiz1/data/query/airplane/00081.png,airplane,3,/home/emily/MMIP/week5/quiz1/data/gallery/airplane/00205.png,airplane,0.824514
/home/emily/MMIP/week5/quiz1/data/query/airplane/00081.png,airplane,4,/home/emily/MMIP/week5/quiz1/data/gallery/airplane/00894.png,airplane,0.824231
/home/emily/MMIP/week5/quiz1/data/query/airplane/00081.png,airplane,5,/home/emily/MMIP/week5/quiz1/data/gallery/airplane/00175.png,airplane,0.823959
/home/emily/MMIP/week5/quiz1/data/query/airplane/00082.png,airplane,1,/home/emily/MMIP/week5/quiz1/data/gallery/ship/00400.png,ship,0.841406
/home/emily/MMIP/week5/quiz1/data/query/airplane/00082.png,airplane,2,/home/emily/MMIP/week5/quiz1/data/gallery/ship/00978.png,ship,0.837487
/home/emily/MMIP/week5/quiz1/data/query/airplane/00082.png,airplane,3,/home/emily/MMIP/week5/quiz1/data/gallery/ship/00770.png,ship,0.835766
/home/emily/MMIP/week5/quiz1/data/query/airplane/00082.png,airplane,4,/home/emily/MMIP/week5/quiz1/data/gallery/ship/00185.png,ship,0.834850
/home/emily/MMIP/week5/quiz1/data/query/airplane/00082.png,airplane,5,/home/emily/MMIP/week5/quiz1/data/gallery/ship/00935.png,ship,0.834471
/home/emily/MMIP/week5/quiz1/data/query/airplane/00083.png,airplane,1,/home/emily/MMIP/week5/quiz1/data/gallery/airplane/00135.png,airplane,0.846030
/home/emily/MMIP/week5/quiz1/data/query/airplane/00083.png,airplane,2,/home/emily/MMIP/week5/quiz1/data/gallery/airplane/00832.png,airplane,0.842507
/home/emily/MMIP/week5/quiz1/data/query/airplane/00083.png,airplane,3,/home/emily/MMIP/week5/quiz1/data/gallery/airplane/00110.png,airplane,0.841748
/home/emily/MMIP/week5/quiz1/data/query/airplane/00083.png,airplane,4,/home/emily/MMIP/week5/quiz1/data/gallery/airplane/00475.png,airplane,0.841634
/home/emily/MMIP/week5/quiz1/data/query/airplane/00083.png,airplane,5,/home/emily/MMIP/week5/quiz1/data/gallery/airplane/00401.png,airplane,0.832670
/home/emily/MMIP/week5/quiz1/data/query/airplane/00084.png,airplane,1,/home/emily/MMIP/week5/quiz1/data/gallery/airplane/00337.png,airplane,0.875374
/home/emily/MMIP/week5/quiz1/data/query/airplane/00084.png,airplane,2,/home/emily/MMIP/week5/quiz1/data/gallery/airplane/00027.png,airplane,0.865846
/home/emily/MMIP/week5/quiz1/data/query/airplane/00084.png,airplane,3,/home/emily/MMIP/week5/quiz1/data/gallery/airplane/00536.png,airplane,0.850916
/home/emily/MMIP/week5/quiz1/data/query/airplane/00084.png,airplane,4,/home/emily/MMIP/week5/quiz1/data/gallery/airplane/00557.png,airplane,0.848239
/home/emily/MMIP/week5/quiz1/data/query/airplane/00084.png,airplane,5,/home/emily/MMIP/week5/quiz1/data/gallery/airplane/00581.png,airplane,0.846611
/home/emily/MMIP/week5/quiz1/data/query/airplane/00085.png,airplane,1,/home/emily/MMIP/week5/quiz1/data/gallery/airplane/00054.png,airplane,0.869450
/home/emily/MMIP/week5/quiz1/data/query/airplane/00085.png,airplane,2,/home/emily/MMIP/week5/quiz1/data/gallery/airplane/00207.png,airplane,0.852802
/home/emily/MMIP/week5/quiz1/data/query/airplane/00085.png,airplane,3,/home/emily/MMIP/week5/quiz1/data/gallery/frog/00706.png,frog,0.832701
/home/emily/MMIP/week5/quiz1/data/query/airplane/00085.png,airplane,4,/home/emily/MMIP/week5/quiz1/data/gallery/airplane/00758.png,airplane,0.828279
/home/emily/MMIP/week5/quiz1/data/query/airplane/00085.png,airplane,5,/home/emily/MMIP/week5/quiz1/data/gallery/airplane/00351.png,airplane,0.826452
/home/emily/MMIP/week5/quiz1/data/query/airplane/00086.png,airplane,1,/home/emily/MMIP/week5/quiz1/data/gallery/airplane/00057.png,airplane,0.891712
/home/emily/MMIP/week5/quiz1/data/query/airplane/00086.png,airplane,2,/home/emily/MMIP/week5/quiz1/data/gallery/airplane/00431.png,airplane,0.891272
/home/emily/MMIP/week5/quiz1/data/query/airplane/00086.png,airplane,3,/home/emily/MMIP/week5/quiz1/data/gallery/airplane/00212.png,airplane,0.890428
/home/emily/MMIP/week5/quiz1/data/query/airplane/00086.png,airplane,4,/home/emily/MMIP/week5/quiz1/data/gallery/airplane/00886.png,airplane,0.888066
/home/emily/MMIP/week5/quiz1/data/query/airplane/00086.png,airplane,5,/home/emily/MMIP/week5/quiz1/data/gallery/airplane/00127.png,airplane,0.886725
/home/emily/MMIP/week5/quiz1/data/query/airplane/00087.png,airplane,1,/home/emily/MMIP/week5/quiz1/data/gallery/airplane/00248.png,airplane,0.911622
/home/emily/MMIP/week5/quiz1/data/query/airplane/00087.png,airplane,2,/home/emily/MMIP/week5/quiz1/data/gallery/airplane/00317.png,airplane,0.908758
/home/emily/MMIP/week5/quiz1/data/query/airplane/00087.png,airplane,3,/home/emily/MMIP/week5/quiz1/data/gallery/airplane/00185.png,airplane,0.898207
/home/emily/MMIP/week5/quiz1/data/query/airplane/00087.png,airplane,4,/home/emily/MMIP/week5/quiz1/data/gallery/airplane/00017.png,airplane,0.897914
/home/emily/MMIP/week5/quiz1/data/query/airplane/00087.png,airplane,5,/home/emily/MMIP/week5/quiz1/data/gallery/airplane/00832.png,airplane,0.896668
/home/emily/MMIP/week5/quiz1/data/query/airplane/00088.png,airplane,1,/home/emily/MMIP/week5/quiz1/data/gallery/ship/00346.png,ship,0.825200
/home/emily/MMIP/week5/quiz1/data/query/airplane/00088.png,airplane,2,/home/emily/MMIP/week5/quiz1/data/gallery/ship/00706.png,ship,0.821054
/home/emily/MMIP/week5/quiz1/data/query/airplane/00088.png,airplane,3,/home/emily/MMIP/week5/quiz1/data/gallery/ship/00857.png,ship,0.819392
/home/emily/MMIP/week5/quiz1/data/query/airplane/00088.png,airplane,4,/home/emily/MMIP/week5/quiz1/data/gallery/ship/00656.png,ship,0.818332
/home/emily/MMIP/week5/quiz1/data/query/airplane/00088.png,airplane,5,/home/emily/MMIP/week5/quiz1/data/gallery/ship/00536.png,ship,0.816312
/home/emily/MMIP/week5/quiz1/data/query/airplane/00089.png,airplane,1,/home/emily/MMIP/week5/quiz1/data/gallery/airplane/00054.png,airplane,0.825480
/home/emily/MMIP/week5/quiz1/data/query/airplane/00089.png,airplane,2,/home/emily/MMIP/week5/quiz1/data/gallery/airplane/00115.png,airplane,0.821639
/home/emily/MMIP/week5/quiz1/data/query/airplane/00089.png,airplane,3,/home/emily/MMIP/week5/quiz1/data/gallery/airplane/00974.png,airplane,0.817119
/home/emily/MMIP/week5/quiz1/data/query/airplane/00089.png,airplane,4,/home/emily/MMIP/week5/quiz1/data/gallery/bird/00154.png,bird,0.816565
/home/emily/MMIP/week5/quiz1/data/query/airplane/00089.png,airplane,5,/home/emily/MMIP/week5/quiz1/data/gallery/airplane/00667.png,airplane,0.812354
/home/emily/MMIP/week5/quiz1/data/query/airplane/00090.png,airplane,1,/home/emily/MMIP/week5/quiz1/data/gallery/ship/00912.png,ship,0.817621
/home/emily/MMIP/week5/quiz1/data/query/airplane/00090.png,airplane,2,/home/emily/MMIP/week5/quiz1/data/gallery/ship/00395.png,ship,0.814749
/home/emily/MMIP/week5/quiz1/data/query/airplane/00090.png,airplane,3,/home/emily/MMIP/week5/quiz1/data/gallery/ship/00084.png,ship,0.813423
/home/emily/MMIP/week5/quiz1/data/query/airplane/00090.png,airplane,4,/home/emily/MMIP/week5/quiz1/data/gallery/airplane/00063.png,airplane,0.813339
/home/emily/MMIP/week5/quiz1/data/query/airplane/00090.png,airplane,5,/home/emily/MMIP/week5/quiz1/data/gallery/airplane/00751.png,airplane,0.811807
/home/emily/MMIP/week5/quiz1/data/query/airplane/00091.png,airplane,1,/home/emily/MMIP/week5/quiz1/data/gallery/deer/00634.png,deer,0.830356
/home/emily/MMIP/week5/quiz1/data/query/airplane/00091.png,airplane,2,/home/emily/MMIP/week5/quiz1/data/gallery/ship/00675.png,ship,0.797093
/home/emily/MMIP/week5/quiz1/data/query/airplane/00091.png,airplane,3,/home/emily/MMIP/week5/quiz1/data/gallery/bird/00112.png,bird,0.796050
/home/emily/MMIP/week5/quiz1/data/query/airplane/00091.png,airplane,4,/home/emily/MMIP/week5/quiz1/data/gallery/ship/00493.png,ship,0.795786
/home/emily/MMIP/week5/quiz1/data/query/airplane/00091.png,airplane,5,/home/emily/MMIP/week5/quiz1/data/gallery/ship/00314.png,ship,0.795438
/home/emily/MMIP/week5/quiz1/data/query/airplane/00092.png,airplane,1,/home/emily/MMIP/week5/quiz1/data/gallery/airplane/00676.png,airplane,0.813324
/home/emily/MMIP/week5/quiz1/data/query/airplane/00092.png,airplane,2,/home/emily/MMIP/week5/quiz1/data/gallery/frog/00907.png,frog,0.804680
/home/emily/MMIP/week5/quiz1/data/query/airplane/00092.png,airplane,3,/home/emily/MMIP/week5/quiz1/data/gallery/airplane/00780.png,airplane,0.804192
/home/emily/MMIP/week5/quiz1/data/query/airplane/00092.png,airplane,4,/home/emily/MMIP/week5/quiz1/data/gallery/frog/00883.png,frog,0.802864
/home/emily/MMIP/week5/quiz1/data/query/airplane/00092.png,airplane,5,/home/emily/MMIP/week5/quiz1/data/gallery/cat/00815.png,cat,0.802520
/home/emily/MMIP/week5/quiz1/data/query/airplane/00093.png,airplane,1,/home/emily/MMIP/week5/quiz1/data/gallery/airplane/00209.png,airplane,0.877405
/home/emily/MMIP/week5/quiz1/data/query/airplane/00093.png,airplane,2,/home/emily/MMIP/week5/quiz1/data/gallery/airplane/00202.png,airplane,0.861364
/home/emily/MMIP/week5/quiz1/data/query/airplane/00093.png,airplane,3,/home/emily/MMIP/week5/quiz1/data/gallery/airplane/00779.png,airplane,0.847954
/home/emily/MMIP/week5/quiz1/data/query/airplane/00093.png,airplane,4,/home/emily/MMIP/week5/quiz1/data/gallery/airplane/00557.png,airplane,0.846220
/home/emily/MMIP/week5/quiz1/data/query/airplane/00093.png,airplane,5,/home/emily/MMIP/week5/quiz1/data/gallery/airplane/00431.png,airplane,0.846156
/home/emily/MMIP/week5/quiz1/data/query/airplane/00094.png,airplane,1,/home/emily/MMIP/week5/quiz1/data/gallery/airplane/00135.png,airplane,0.837141
/home/emily/MMIP/week5/quiz1/data/query/airplane/00094.png,airplane,2,/home/emily/MMIP/week5/quiz1/data/gallery/airplane/00132.png,airplane,0.832020
/home/emily/MMIP/week5/quiz1/data/query/airplane/00094.png,airplane,3,/home/emily/MMIP/week5/quiz1/data/gallery/airplane/00977.png,airplane,0.826683
/home/emily/MMIP/week5/quiz1/data/query/airplane/00094.png,airplane,4,/home/emily/MMIP/week5/quiz1/data/gallery/airplane/00440.png,airplane,0.826676
/home/emily/MMIP/week5/quiz1/data/query/airplane/00094.png,airplane,5,/home/emily/MMIP/week5/quiz1/data/gallery/airplane/00787.png,airplane,0.823741
/home/emily/MMIP/week5/quiz1/data/query/airplane/00095.png,airplane,1,/home/emily/MMIP/week5/quiz1/data/gallery/airplane/00868.png,airplane,0.867545
/home/emily/MMIP/week5/quiz1/data/query/airplane/00095.png,airplane,2,/home/emily/MMIP/week5/quiz1/data/gallery/airplane/00431.png,airplane,0.861383
/home/emily/MMIP/week5/quiz1/data/query/airplane/00095.png,airplane,3,/home/emily/MMIP/week5/quiz1/data/gallery/airplane/00834.png,airplane,0.859819
/home/emily/MMIP/week5/quiz1/data/query/airplane/00095.png,airplane,4,/home/emily/MMIP/week5/quiz1/data/gallery/airplane/00616.png,airplane,0.859199
/home/emily/MMIP/week5/quiz1/data/query/airplane/00095.png,airplane,5,/home/emily/MMIP/week5/quiz1/data/gallery/airplane/00013.png,airplane,0.858916
/home/emily/MMIP/week5/quiz1/data/query/airplane/00096.png,airplane,1,/home/emily/MMIP/week5/quiz1/data/gallery/airplane/00699.png,airplane,0.835663
/home/emily/MMIP/week5/quiz1/data/query/airplane/00096.png,airplane,2,/home/emily/MMIP/week5/quiz1/data/gallery/airplane/00411.png,airplane,0.835254
/home/emily/MMIP/week5/quiz1/data/query/airplane/00096.png,airplane,3,/home/emily/MMIP/week5/quiz1/data/gallery/airplane/00607.png,airplane,0.831878
/home/emily/MMIP/week5/quiz1/data/query/airplane/00096.png,airplane,4,/home/emily/MMIP/week5/quiz1/data/gallery/airplane/00673.png,airplane,0.830159
/home/emily/MMIP/week5/quiz1/data/query/airplane/00096.png,airplane,5,/home/emily/MMIP/week5/quiz1/data/gallery/airplane/00924.png,airplane,0.829082
/home/emily/MMIP/week5/quiz1/data/query/airplane/00097.png,airplane,1,/home/emily/MMIP/week5/quiz1/data/gallery/airplane/00558.png,airplane,0.865888
/home/emily/MMIP/week5/quiz1/data/query/airplane/00097.png,airplane,2,/home/emily/MMIP/week5/quiz1/data/gallery/airplane/00933.png,airplane,0.862682
/home/emily/MMIP/week5/quiz1/data/query/airplane/00097.png,airplane,3,/home/emily/MMIP/week5/quiz1/data/gallery/airplane/00937.png,airplane,0.852391
/home/emily/MMIP/week5/quiz1/data/query/airplane/00097.png,airplane,4,/home/emily/MMIP/week5/quiz1/data/gallery/airplane/00381.png,airplane,0.851719
/home/emily/MMIP/week5/quiz1/data/query/airplane/00097.png,airplane,5,/home/emily/MMIP/week5/quiz1/data/gallery/airplane/00295.png,airplane,0.844792
/home/emily/MMIP/week5/quiz1/data/query/airplane/00098.png,airplane,1,/home/emily/MMIP/week5/quiz1/data/gallery/airplane/00057.png,airplane,0.881779
/home/emily/MMIP/week5/quiz1/data/query/airplane/00098.png,airplane,2,/home/emily/MMIP/week5/quiz1/data/gallery/airplane/00502.png,airplane,0.881269
/home/emily/MMIP/week5/quiz1/data/query/airplane/00098.png,airplane,3,/home/emily/MMIP/week5/quiz1/data/gallery/airplane/00830.png,airplane,0.875227
/home/emily/MMIP/week5/quiz1/data/query/airplane/00098.png,airplane,4,/home/emily/MMIP/week5/quiz1/data/gallery/airplane/00463.png,airplane,0.871477
/home/emily/MMIP/week5/quiz1/data/query/airplane/00098.png,airplane,5,/home/emily/MMIP/week5/quiz1/data/gallery/airplane/00969.png,airplane,0.868272
/home/emily/MMIP/week5/quiz1/data/query/airplane/00099.png,airplane,1,/home/emily/MMIP/week5/quiz1/data/gallery/airplane/00266.png,airplane,0.822058
/home/emily/MMIP/week5/quiz1/data/query/airplane/00099.png,airplane,2,/home/emily/MMIP/week5/quiz1/data/gallery/airplane/00028.png,airplane,0.818313
/home/emily/MMIP/week5/quiz1/data/query/airplane/00099.png,airplane,3,/home/emily/MMIP/week5/quiz1/data/gallery/airplane/00103.png,airplane,0.813785
/home/emily/MMIP/week5/quiz1/data/query/airplane/00099.png,airplane,4,/home/emily/MMIP/week5/quiz1/data/gallery/airplane/00939.png,airplane,0.811440
/home/emily/MMIP/week5/quiz1/data/query/airplane/00099.png,airplane,5,/home/emily/MMIP/week5/quiz1/data/gallery/airplane/00018.png,airplane,0.810406
/home/emily/MMIP/week5/quiz1/data/query/automobile/00000.png,automobile,1,/home/emily/MMIP/week5/quiz1/data/gallery/automobile/00588.png,automobile,0.844676
/home/emily/MMIP/week5/quiz1/data/query/automobile/00000.png,automobile,2,/home/emily/MMIP/week5/quiz1/data/gallery/automobile/00228.png,automobile,0.839843
/home/emily/MMIP/week5/quiz1/data/query/automobile/00000.png,automobile,3,/home/emily/MMIP/week5/quiz1/data/gallery/automobile/00972.png,automobile,0.835746
/home/emily/MMIP/week5/quiz1/data/query/automobile/00000.png,automobile,4,/home/emily/MMIP/week5/quiz1/data/gallery/automobile/00424.png,automobile,0.833509
/home/emily/MMIP/week5/quiz1/data/query/automobile/00000.png,automobile,5,/home/emily/MMIP/week5/quiz1/data/gallery/automobile/00396.png,automobile,0.831338
/home/emily/MMIP/week5/quiz1/data/query/automobile/00001.png,automobile,1,/home/emily/MMIP/week5/quiz1/data/gallery/automobile/00426.png,automobile,0.882331
/home/emily/MMIP/week5/quiz1/data/query/automobile/00001.png,automobile,2,/home/emily/MMIP/week5/quiz1/data/gallery/automobile/00722.png,automobile,0.871529
/home/emily/MMIP/week5/quiz1/data/query/automobile/00001.png,automobile,3,/home/emily/MMIP/week5/quiz1/data/gallery/automobile/00734.png,automobile,0.867589
/home/emily/MMIP/week5/quiz1/data/query/automobile/00001.png,automobile,4,/home/emily/MMIP/week5/quiz1/data/gallery/automobile/00967.png,automobile,0.863481
/home/emily/MMIP/week5/quiz1/data/query/automobile/00001.png,automobile,5,/home/emily/MMIP/week5/quiz1/data/gallery/automobile/00602.png,automobile,0.863299
/home/emily/MMIP/week5/quiz1/data/query/automobile/00002.png,automobile,1,/home/emily/MMIP/week5/quiz1/data/gallery/truck/00232.png,truck,0.874642
/home/emily/MMIP/week5/quiz1/data/query/automobile/00002.png,automobile,2,/home/emily/MMIP/week5/quiz1/data/gallery/truck/00297.png,truck,0.862070
/home/emily/MMIP/week5/quiz1/data/query/automobile/00002.png,automobile,3,/home/emily/MMIP/week5/quiz1/data/gallery/truck/00854.png,truck,0.861630
/home/emily/MMIP/week5/quiz1/data/query/automobile/00002.png,automobile,4,/home/emily/MMIP/week5/quiz1/data/gallery/truck/00868.png,truck,0.860470
/home/emily/MMIP/week5/quiz1/data/query/automobile/00002.png,automobile,5,/home/emily/MMIP/week5/quiz1/data/gallery/truck/00215.png,truck,0.859969
/home/emily/MMIP/week5/quiz1/data/query/automobile/00003.png,automobile,1,/home/emily/MMIP/week5/quiz1/data/gallery/automobile/00566.png,automobile,0.904071
/home/emily/MMIP/week5/quiz1/data/query/automobile/00003.png,automobile,2,/home/emily/MMIP/week5/quiz1/data/gallery/automobile/00746.png,automobile,0.902813
/home/emily/MMIP/week5/quiz1/data/query/automobile/00003.png,automobile,3,/home/emily/MMIP/week5/quiz1/data/gallery/automobile/00105.png,automobile,0.902754
/home/emily/MMIP/week5/quiz1/data/query/automobile/00003.png,automobile,4,/home/emily/MMIP/week5/quiz1/data/gallery/automobile/00158.png,automobile,0.902469
/home/emily/MMIP/week5/quiz1/data/query/automobile/00003.png,automobile,5,/home/emily/MMIP/week5/quiz1/data/gallery/automobile/00838.png,automobile,0.901230
/home/emily/MMIP/week5/quiz1/data/query/automobile/00004.png,automobile,1,/home/emily/MMIP/week5/quiz1/data/gallery/automobile/00424.png,automobile,0.870116
/home/emily/MMIP/week5/quiz1/data/query/automobile/00004.png,automobile,2,/home/emily/MMIP/week5/quiz1/data/gallery/automobile/00392.png,automobile,0.868783
/home/emily/MMIP/week5/quiz1/data/query/automobile/00004.png,automobile,3,/home/emily/MMIP/week5/quiz1/data/gallery/automobile/00408.png,automobile,0.868763
/home/emily/MMIP/week5/quiz1/data/query/automobile/00004.png,automobile,4,/home/emily/MMIP/week5/quiz1/data/gallery/automobile/00268.png,automobile,0.866631
/home/emily/MMIP/week5/quiz1/data/query/automobile/00004.png,automobile,5,/home/emily/MMIP/week5/quiz1/data/gallery/automobile/00442.png,automobile,0.864226
/home/emily/MMIP/week5/quiz1/data/query/automobile/00005.png,automobile,1,/home/emily/MMIP/week5/quiz1/data/gallery/automobile/00151.png,automobile,0.975717
/home/emily/MMIP/week5/quiz1/data/query/automobile/00005.png,automobile,2,/home/emily/MMIP/week5/quiz1/data/gallery/automobile/00090.png,automobile,0.975056
/home/emily/MMIP/week5/quiz1/data/query/automobile/00005.png,automobile,3,/home/emily/MMIP/week5/quiz1/data/gallery/automobile/00993.png,automobile,0.969857
/home/emily/MMIP/week5/quiz1/data/query/automobile/00005.png,automobile,4,/home/emily/MMIP/week5/quiz1/data/gallery/automobile/00909.png,automobile,0.968228
/home/emily/MMIP/week5/quiz1/data/query/automobile/00005.png,automobile,5,/home/emily/MMIP/week5/quiz1/data/gallery/automobile/00350.png,automobile,0.968192
/home/emily/MMIP/week5/quiz1/data/query/automobile/00006.png,automobile,1,/home/emily/MMIP/week5/quiz1/data/gallery/automobile/00993.png,automobile,0.960876
/home/emily/MMIP/week5/quiz1/data/query/automobile/00006.png,automobile,2,/home/emily/MMIP/week5/quiz1/data/gallery/automobile/00620.png,automobile,0.958374
/home/emily/MMIP/week5/quiz1/data/query/automobile/00006.png,automobile,3,/home/emily/MMIP/week5/quiz1/data/gallery/automobile/00272.png,automobile,0.955436
/home/emily/MMIP/week5/quiz1/data/query/automobile/00006.png,automobile,4,/home/emily/MMIP/week5/quiz1/data/gallery/automobile/00951.png,automobile,0.954959
/home/emily/MMIP/week5/quiz1/data/query/automobile/00006.png,automobile,5,/home/emily/MMIP/week5/quiz1/data/gallery/automobile/00129.png,automobile,0.954844
/home/emily/MMIP/week5/quiz1/data/query/automobile/00007.png,automobile,1,/home/emily/MMIP/week5/quiz1/data/gallery/automobile/00039.png,automobile,0.956614
/home/emily/MMIP/week5/quiz1/data/query/automobile/00007.png,automobile,2,/home/emily/MMIP/week5/quiz1/data/gallery/automobile/00090.png,automobile,0.955802
/home/emily/MMIP/week5/quiz1/data/query/automobile/00007.png,automobile,3,/home/emily/MMIP/week5/quiz1/data/gallery/automobile/00064.png,automobile,0.954129
/home/emily/MMIP/week5/quiz1/data/query/automobile/00007.png,automobile,4,/home/emily/MMIP/week5/quiz1/data/gallery/automobile/00036.png,automobile,0.952610
/home/emily/MMIP/week5/quiz1/data/query/automobile/00007.png,automobile,5,/home/emily/MMIP/week5/quiz1/data/gallery/automobile/00241.png,automobile,0.950982
/home/emily/MMIP/week5/quiz1/data/query/automobile/00008.png,automobile,1,/home/emily/MMIP/week5/quiz1/data/gallery/automobile/00038.png,automobile,0.933966
/home/emily/MMIP/week5/quiz1/data/query/automobile/00008.png,automobile,2,/home/emily/MMIP/week5/quiz1/data/gallery/automobile/00543.png,automobile,0.930221
/home/emily/MMIP/week5/quiz1/data/query/automobile/00008.png,automobile,3,/home/emily/MMIP/week5/quiz1/data/gallery/automobile/00004.png,automobile,0.928685
/home/emily/MMIP/week5/quiz1/data/query/automobile/00008.png,automobile,4,/home/emily/MMIP/week5/quiz1/data/gallery/automobile/00954.png,automobile,0.927582
/home/emily/MMIP/week5/quiz1/data/query/automobile/00008.png,automobile,5,/home/emily/MMIP/week5/quiz1/data/gallery/automobile/00983.png,automobile,0.927166
/home/emily/MMIP/week5/quiz1/data/query/automobile/00009.png,automobile,1,/home/emily/MMIP/week5/quiz1/data/gallery/automobile/00985.png,automobile,0.953808
/home/emily/MMIP/week5/quiz1/data/query/automobile/00009.png,automobile,2,/home/emily/MMIP/week5/quiz1/data/gallery/automobile/00152.png,automobile,0.950257
/home/emily/MMIP/week5/quiz1/data/query/automobile/00009.png,automobile,3,/home/emily/MMIP/week5/quiz1/data/gallery/automobile/00882.png,automobile,0.949493
/home/emily/MMIP/week5/quiz1/data/query/automobile/00009.png,automobile,4,/home/emily/MMIP/week5/quiz1/data/gallery/automobile/00090.png,automobile,0.946951
/home/emily/MMIP/week5/quiz1/data/query/automobile/00009.png,automobile,5,/home/emily/MMIP/week5/quiz1/data/gallery/automobile/00665.png,automobile,0.946829
/home/emily/MMIP/week5/quiz1/data/query/automobile/00010.png,automobile,1,/home/emily/MMIP/week5/quiz1/data/gallery/automobile/00797.png,automobile,0.928792
/home/emily/MMIP/week5/quiz1/data/query/automobile/00010.png,automobile,2,/home/emily/MMIP/week5/quiz1/data/gallery/automobile/00355.png,automobile,0.908989
/home/emily/MMIP/week5/quiz1/data/query/automobile/00010.png,automobile,3,/home/emily/MMIP/week5/quiz1/data/gallery/automobile/00601.png,automobile,0.903197
/home/emily/MMIP/week5/quiz1/data/query/automobile/00010.png,automobile,4,/home/emily/MMIP/week5/quiz1/data/gallery/automobile/00135.png,automobile,0.896374
/home/emily/MMIP/week5/quiz1/data/query/automobile/00010.png,automobile,5,/home/emily/MMIP/week5/quiz1/data/gallery/automobile/00822.png,automobile,0.895910
/home/emily/MMIP/week5/quiz1/data/query/automobile/00011.png,automobile,1,/home/emily/MMIP/week5/quiz1/data/gallery/automobile/00504.png,automobile,0.864494
/home/emily/MMIP/week5/quiz1/data/query/automobile/00011.png,automobile,2,/home/emily/MMIP/week5/quiz1/data/gallery/automobile/00291.png,automobile,0.857946
/home/emily/MMIP/week5/quiz1/data/query/automobile/00011.png,automobile,3,/home/emily/MMIP/week5/quiz1/data/gallery/automobile/00780.png,automobile,0.857906
/home/emily/MMIP/week5/quiz1/data/query/automobile/00011.png,automobile,4,/home/emily/MMIP/week5/quiz1/data/gallery/automobile/00105.png,automobile,0.857905
/home/emily/MMIP/week5/quiz1/data/query/automobile/00011.png,automobile,5,/home/emily/MMIP/week5/quiz1/data/gallery/automobile/00424.png,automobile,0.856458
/home/emily/MMIP/week5/quiz1/data/query/automobile/00012.png,automobile,1,/home/emily/MMIP/week5/quiz1/data/gallery/automobile/00258.png,automobile,0.943793
/home/emily/MMIP/week5/quiz1/data/query/automobile/00012.png,automobile,2,/home/emily/MMIP/week5/quiz1/data/gallery/automobile/00147.png,automobile,0.943627
/home/emily/MMIP/week5/quiz1/data/query/automobile/00012.png,automobile,3,/home/emily/MMIP/week5/quiz1/data/gallery/automobile/00828.png,automobile,0.938921
/home/emily/MMIP/week5/quiz1/data/query/automobile/00012.png,automobile,4,/home/emily/MMIP/week5/quiz1/data/gallery/automobile/00186.png,automobile,0.938834
/home/emily/MMIP/week5/quiz1/data/query/automobile/00012.png,automobile,5,/home/emily/MMIP/week5/quiz1/data/gallery/automobile/00467.png,automobile,0.937381
/home/emily/MMIP/week5/quiz1/data/query/automobile/00013.png,automobile,1,/home/emily/MMIP/week5/quiz1/data/gallery/automobile/00889.png,automobile,0.938372
/home/emily/MMIP/week5/quiz1/data/query/automobile/00013.png,automobile,2,/home/emily/MMIP/week5/quiz1/data/gallery/automobile/00709.png,automobile,0.935539
/home/emily/MMIP/week5/quiz1/data/query/automobile/00013.png,automobile,3,/home/emily/MMIP/week5/quiz1/data/gallery/automobile/00034.png,automobile,0.931364
/home/emily/MMIP/week5/quiz1/data/query/automobile/00013.png,automobile,4,/home/emily/MMIP/week5/quiz1/data/gallery/automobile/00824.png,automobile,0.930811
/home/emily/MMIP/week5/quiz1/data/query/automobile/00013.png,automobile,5,/home/emily/MMIP/week5/quiz1/data/gallery/automobile/00386.png,automobile,0.929476
/home/emily/MMIP/week5/quiz1/data/query/automobile/00014.png,automobile,1,/home/emily/MMIP/week5/quiz1/data/gallery/automobile/00287.png,automobile,0.850699
/home/emily/MMIP/week5/quiz1/data/query/automobile/00014.png,automobile,2,/home/emily/MMIP/week5/quiz1/data/gallery/automobile/00477.png,automobile,0.845252
/home/emily/MMIP/week5/quiz1/data/query/automobile/00014.png,automobile,3,/home/emily/MMIP/week5/quiz1/data/gallery/automobile/00659.png,automobile,0.842681
/home/emily/MMIP/week5/quiz1/data/query/automobile/00014.png,automobile,4,/home/emily/MMIP/week5/quiz1/data/gallery/automobile/00931.png,automobile,0.834236
/home/emily/MMIP/week5/quiz1/data/query/automobile/00014.png,automobile,5,/home/emily/MMIP/week5/quiz1/data/gallery/automobile/00913.png,automobile,0.831718
/home/emily/MMIP/week5/quiz1/data/query/automobile/00015.png,automobile,1,/home/emily/MMIP/week5/quiz1/data/gallery/automobile/00823.png,automobile,0.934106
/home/emily/MMIP/week5/quiz1/data/query/automobile/00015.png,automobile,2,/home/emily/MMIP/week5/quiz1/data/gallery/automobile/00654.png,automobile,0.932510
/home/emily/MMIP/week5/quiz1/data/query/automobile/00015.png,automobile,3,/home/emily/MMIP/week5/quiz1/data/gallery/automobile/00444.png,automobile,0.932031
/home/emily/MMIP/week5/quiz1/data/query/automobile/00015.png,automobile,4,/home/emily/MMIP/week5/quiz1/data/gallery/automobile/00681.png,automobile,0.930205
/home/emily/MMIP/week5/quiz1/data/query/automobile/00015.png,automobile,5,/home/emily/MMIP/week5/quiz1/data/gallery/automobile/00777.png,automobile,0.930117
/home/emily/MMIP/week5/quiz1/data/query/automobile/00016.png,automobile,1,/home/emily/MMIP/week5/quiz1/data/gallery/automobile/00059.png,automobile,0.944182
/home/emily/MMIP/week5/quiz1/data/query/automobile/00016.png,automobile,2,/home/emily/MMIP/week5/quiz1/data/gallery/automobile/00785.png,automobile,0.926349
/home/emily/MMIP/week5/quiz1/data/query/automobile/00016.png,automobile,3,/home/emily/MMIP/week5/quiz1/data/gallery/automobile/00252.png,automobile,0.923037
/home/emily/MMIP/week5/quiz1/data/query/automobile/00016.png,automobile,4,/home/emily/MMIP/week5/quiz1/data/gallery/automobile/00106.png,automobile,0.922976
/home/emily/MMIP/week5/quiz1/data/query/automobile/00016.png,automobile,5,/home/emily/MMIP/week5/quiz1/data/gallery/automobile/00202.png,automobile,0.922723
/home/emily/MMIP/week5/quiz1/data/query/automobile/00017.png,automobile,1,/home/emily/MMIP/week5/quiz1/data/gallery/automobile/00993.png,automobile,0.971489
/home/emily/MMIP/week5/quiz1/data/query/automobile/00017.png,automobile,2,/home/emily/MMIP/week5/quiz1/data/gallery/automobile/00377.png,automobile,0.968320
/home/emily/MMIP/week5/quiz1/data/query/automobile/00017.png,automobile,3,/home/emily/MMIP/week5/quiz1/data/gallery/automobile/00429.png,automobile,0.967822
/home/emily/MMIP/week5/quiz1/data/query/automobile/00017.png,automobile,4,/home/emily/MMIP/week5/quiz1/data/gallery/automobile/00027.png,automobile,0.967654
/home/emily/MMIP/week5/quiz1/data/query/automobile/00017.png,automobile,5,/home/emily/MMIP/week5/quiz1/data/gallery/automobile/00448.png,automobile,0.967199
/home/emily/MMIP/week5/quiz1/data/query/automobile/00018.png,automobile,1,/home/emily/MMIP/week5/quiz1/data/gallery/automobile/00585.png,automobile,0.921978
/home/emily/MMIP/week5/quiz1/data/query/automobile/00018.png,automobile,2,/home/emily/MMIP/week5/quiz1/data/gallery/automobile/00910.png,automobile,0.919701
/home/emily/MMIP/week5/quiz1/data/query/automobile/00018.png,automobile,3,/home/emily/MMIP/week5/quiz1/data/gallery/automobile/00255.png,automobile,0.912489
/home/emily/MMIP/week5/quiz1/data/query/automobile/00018.png,automobile,4,/home/emily/MMIP/week5/quiz1/data/gallery/automobile/00071.png,automobile,0.912215
/home/emily/MMIP/week5/quiz1/data/query/automobile/00018.png,automobile,5,/home/emily/MMIP/week5/quiz1/data/gallery/automobile/00775.png,automobile,0.911909
/home/emily/MMIP/week5/quiz1/data/query/automobile/00019.png,automobile,1,/home/emily/MMIP/week5/quiz1/data/gallery/automobile/00407.png,automobile,0.922665
/home/emily/MMIP/week5/quiz1/data/query/automobile/00019.png,automobile,2,/home/emily/MMIP/week5/quiz1/data/gallery/automobile/00149.png,automobile,0.915796
/home/emily/MMIP/week5/quiz1/data/query/automobile/00019.png,automobile,3,/home/emily/MMIP/week5/quiz1/data/gallery/automobile/00210.png,automobile,0.915329
/home/emily/MMIP/week5/quiz1/data/query/automobile/00019.png,automobile,4,/home/emily/MMIP/week5/quiz1/data/gallery/automobile/00889.png,automobile,0.914326
/home/emily/MMIP/week5/quiz1/data/query/automobile/00019.png,automobile,5,/home/emily/MMIP/week5/quiz1/data/gallery/automobile/00834.png,automobile,0.914299
/home/emily/MMIP/week5/quiz1/data/query/automobile/00020.png,automobile,1,/home/emily/MMIP/week5/quiz1/data/gallery/automobile/00874.png,automobile,0.856393
/home/emily/MMIP/week5/quiz1/data/query/automobile/00020.png,automobile,2,/home/emily/MMIP/week5/quiz1/data/gallery/automobile/00730.png,automobile,0.855325
/home/emily/MMIP/week5/quiz1/data/query/automobile/00020.png,automobile,3,/home/emily/MMIP/week5/quiz1/data/gallery/automobile/00473.png,automobile,0.854682
/home/emily/MMIP/week5/quiz1/data/query/automobile/00020.png,automobile,4,/home/emily/MMIP/week5/quiz1/data/gallery/automobile/00014.png,automobile,0.852407
/home/emily/MMIP/week5/quiz1/data/query/automobile/00020.png,automobile,5,/home/emily/MMIP/week5/quiz1/data/gallery/automobile/00197.png,automobile,0.852391
/home/emily/MMIP/week5/quiz1/data/query/automobile/00021.png,automobile,1,/home/emily/MMIP/week5/quiz1/data/gallery/automobile/00181.png,automobile,0.898442
/home/emily/MMIP/week5/quiz1/data/query/automobile/00021.png,automobile,2,/home/emily/MMIP/week5/quiz1/data/gallery/automobile/00426.png,automobile,0.895702
/home/emily/MMIP/week5/quiz1/data/query/automobile/00021.png,automobile,3,/home/emily/MMIP/week5/quiz1/data/gallery/automobile/00903.png,automobile,0.894339
/home/emily/MMIP/week5/quiz1/data/query/automobile/00021.png,automobile,4,/home/emily/MMIP/week5/quiz1/data/gallery/automobile/00211.png,automobile,0.893355
/home/emily/MMIP/week5/quiz1/data/query/automobile/00021.png,automobile,5,/home/emily/MMIP/week5/quiz1/data/gallery/automobile/00667.png,automobile,0.892904
/home/emily/MMIP/week5/quiz1/data/query/automobile/00022.png,automobile,1,/home/emily/MMIP/week5/quiz1/data/gallery/automobile/00502.png,automobile,0.913711
/home/emily/MMIP/week5/quiz1/data/query/automobile/00022.png,automobile,2,/home/emily/MMIP/week5/quiz1/data/gallery/automobile/00893.png,automobile,0.913083
/home/emily/MMIP/week5/quiz1/data/query/automobile/00022.png,automobile,3,/home/emily/MMIP/week5/quiz1/data/gallery/automobile/00969.png,automobile,0.912145
/home/emily/MMIP/week5/quiz1/data/query/automobile/00022.png,automobile,4,/home/emily/MMIP/week5/quiz1/data/gallery/automobile/00719.png,automobile,0.911947
/home/emily/MMIP/week5/quiz1/data/query/automobile/00022.png,automobile,5,/home/emily/MMIP/week5/quiz1/data/gallery/automobile/00641.png,automobile,0.911574
/home/emily/MMIP/week5/quiz1/data/query/automobile/00023.png,automobile,1,/home/emily/MMIP/week5/quiz1/data/gallery/automobile/00204.png,automobile,0.905492
/home/emily/MMIP/week5/quiz1/data/query/automobile/00023.png,automobile,2,/home/emily/MMIP/week5/quiz1/data/gallery/automobile/00502.png,automobile,0.901698
/home/emily/MMIP/week5/quiz1/data/query/automobile/00023.png,automobile,3,/home/emily/MMIP/week5/quiz1/data/gallery/automobile/00393.png,automobile,0.901065
/home/emily/MMIP/week5/quiz1/data/query/automobile/00023.png,automobile,4,/home/emily/MMIP/week5/quiz1/data/gallery/automobile/00867.png,automobile,0.900866
/home/emily/MMIP/week5/quiz1/data/query/automobile/00023.png,automobile,5,/home/emily/MMIP/week5/quiz1/data/gallery/automobile/00197.png,automobile,0.896673
/home/emily/MMIP/week5/quiz1/data/query/automobile/00024.png,automobile,1,/home/emily/MMIP/week5/quiz1/data/gallery/airplane/00088.png,airplane,0.852406
/home/emily/MMIP/week5/quiz1/data/query/automobile/00024.png,automobile,2,/home/emily/MMIP/week5/quiz1/data/gallery/airplane/00772.png,airplane,0.841732
/home/emily/MMIP/week5/quiz1/data/query/automobile/00024.png,automobile,3,/home/emily/MMIP/week5/quiz1/data/gallery/ship/00665.png,ship,0.839258
/home/emily/MMIP/week5/quiz1/data/query/automobile/00024.png,automobile,4,/home/emily/MMIP/week5/quiz1/data/gallery/airplane/00033.png,airplane,0.835454
/home/emily/MMIP/week5/quiz1/data/query/automobile/00024.png,automobile,5,/home/emily/MMIP/week5/quiz1/data/gallery/airplane/00381.png,airplane,0.832177
/home/emily/MMIP/week5/quiz1/data/query/automobile/00025.png,automobile,1,/home/emily/MMIP/week5/quiz1/data/gallery/automobile/00181.png,automobile,0.869833
/home/emily/MMIP/week5/quiz1/data/query/automobile/00025.png,automobile,2,/home/emily/MMIP/week5/quiz1/data/gallery/automobile/00211.png,automobile,0.865356
/home/emily/MMIP/week5/quiz1/data/query/automobile/00025.png,automobile,3,/home/emily/MMIP/week5/quiz1/data/gallery/automobile/00667.png,automobile,0.857930
/home/emily/MMIP/week5/quiz1/data/query/automobile/00025.png,automobile,4,/home/emily/MMIP/week5/quiz1/data/gallery/automobile/00722.png,automobile,0.856243
/home/emily/MMIP/week5/quiz1/data/query/automobile/00025.png,automobile,5,/home/emily/MMIP/week5/quiz1/data/gallery/automobile/00794.png,automobile,0.851873
/home/emily/MMIP/week5/quiz1/data/query/automobile/00026.png,automobile,1,/home/emily/MMIP/week5/quiz1/data/gallery/automobile/00594.png,automobile,0.806949
/home/emily/MMIP/week5/quiz1/data/query/automobile/00026.png,automobile,2,/home/emily/MMIP/week5/quiz1/data/gallery/truck/00862.png,truck,0.805768
/home/emily/MMIP/week5/quiz1/data/query/automobile/00026.png,automobile,3,/home/emily/MMIP/week5/quiz1/data/gallery/automobile/00812.png,automobile,0.804470
/home/emily/MMIP/week5/quiz1/data/query/automobile/00026.png,automobile,4,/home/emily/MMIP/week5/quiz1/data/gallery/automobile/00373.png,automobile,0.803949
/home/emily/MMIP/week5/quiz1/data/query/automobile/00026.png,automobile,5,/home/emily/MMIP/week5/quiz1/data/gallery/automobile/00035.png,automobile,0.801696
/home/emily/MMIP/week5/quiz1/data/query/automobile/00027.png,automobile,1,/home/emily/MMIP/week5/quiz1/data/gallery/automobile/00080.png,automobile,0.943381
/home/emily/MMIP/week5/quiz1/data/query/automobile/00027.png,automobile,2,/home/emily/MMIP/week5/quiz1/data/gallery/automobile/00514.png,automobile,0.942137
/home/emily/MMIP/week5/quiz1/data/query/automobile/00027.png,automobile,3,/home/emily/MMIP/week5/quiz1/data/gallery/automobile/00383.png,automobile,0.941038
/home/emily/MMIP/week5/quiz1/data/query/automobile/00027.png,automobile,4,/home/emily/MMIP/week5/quiz1/data/gallery/automobile/00483.png,automobile,0.940673
/home/emily/MMIP/week5/quiz1/data/query/automobile/00027.png,automobile,5,/home/emily/MMIP/week5/quiz1/data/gallery/automobile/00430.png,automobile,0.939698
/home/emily/MMIP/week5/quiz1/data/query/automobile/00028.png,automobile,1,/home/emily/MMIP/week5/quiz1/data/gallery/automobile/00965.png,automobile,0.915815
/home/emily/MMIP/week5/quiz1/data/query/automobile/00028.png,automobile,2,/home/emily/MMIP/week5/quiz1/data/gallery/automobile/00968.png,automobile,0.915488
/home/emily/MMIP/week5/quiz1/data/query/automobile/00028.png,automobile,3,/home/emily/MMIP/week5/quiz1/data/gallery/automobile/00444.png,automobile,0.915476
/home/emily/MMIP/week5/quiz1/data/query/automobile/00028.png,automobile,4,/home/emily/MMIP/week5/quiz1/data/gallery/automobile/00522.png,automobile,0.914846
/home/emily/MMIP/week5/quiz1/data/query/automobile/00028.png,automobile,5,/home/emily/MMIP/week5/quiz1/data/gallery/automobile/00673.png,automobile,0.914448
/home/emily/MMIP/week5/quiz1/data/query/automobile/00029.png,automobile,1,/home/emily/MMIP/week5/quiz1/data/gallery/automobile/00691.png,automobile,0.908152
/home/emily/MMIP/week5/quiz1/data/query/automobile/00029.png,automobile,2,/home/emily/MMIP/week5/quiz1/data/gallery/automobile/00453.png,automobile,0.904742
/home/emily/MMIP/week5/quiz1/data/query/automobile/00029.png,automobile,3,/home/emily/MMIP/week5/quiz1/data/gallery/automobile/00124.png,automobile,0.903149
/home/emily/MMIP/week5/quiz1/data/query/automobile/00029.png,automobile,4,/home/emily/MMIP/week5/quiz1/data/gallery/automobile/00784.png,automobile,0.901369
/home/emily/MMIP/week5/quiz1/data/query/automobile/00029.png,automobile,5,/home/emily/MMIP/week5/quiz1/data/gallery/automobile/00585.png,automobile,0.901179
/home/emily/MMIP/week5/quiz1/data/query/automobile/00030.png,automobile,1,/home/emily/MMIP/week5/quiz1/data/gallery/automobile/00626.png,automobile,0.878928
/home/emily/MMIP/week5/quiz1/data/query/automobile/00030.png,automobile,2,/home/emily/MMIP/week5/quiz1/data/gallery/automobile/00581.png,automobile,0.869704
/home/emily/MMIP/week5/quiz1/data/query/automobile/00030.png,automobile,3,/home/emily/MMIP/week5/quiz1/data/gallery/automobile/00093.png,automobile,0.869084
/home/emily/MMIP/week5/quiz1/data/query/automobile/00030.png,automobile,4,/home/emily/MMIP/week5/quiz1/data/gallery/automobile/00249.png,automobile,0.865927
/home/emily/MMIP/week5/quiz1/data/query/automobile/00030.png,automobile,5,/home/emily/MMIP/week5/quiz1/data/gallery/automobile/00994.png,automobile,0.861452
/home/emily/MMIP/week5/quiz1/data/query/automobile/00031.png,automobile,1,/home/emily/MMIP/week5/quiz1/data/gallery/automobile/00234.png,automobile,0.894375
/home/emily/MMIP/week5/quiz1/data/query/automobile/00031.png,automobile,2,/home/emily/MMIP/week5/quiz1/data/gallery/automobile/00361.png,automobile,0.892361
/home/emily/MMIP/week5/quiz1/data/query/automobile/00031.png,automobile,3,/home/emily/MMIP/week5/quiz1/data/gallery/automobile/00687.png,automobile,0.892313
/home/emily/MMIP/week5/quiz1/data/query/automobile/00031.png,automobile,4,/home/emily/MMIP/week5/quiz1/data/gallery/automobile/00430.png,automobile,0.890275
/home/emily/MMIP/week5/quiz1/data/query/automobile/00031.png,automobile,5,/home/emily/MMIP/week5/quiz1/data/gallery/automobile/00473.png,automobile,0.888450
/home/emily/MMIP/week5/quiz1/data/query/automobile/00032.png,automobile,1,/home/emily/MMIP/week5/quiz1/data/gallery/automobile/00241.png,automobile,0.930371
/home/emily/MMIP/week5/quiz1/data/query/automobile/00032.png,automobile,2,/home/emily/MMIP/week5/quiz1/data/gallery/automobile/00048.png,automobile,0.930057
/home/emily/MMIP/week5/quiz1/data/query/automobile/00032.png,automobile,3,/home/emily/MMIP/week5/quiz1/data/gallery/automobile/00719.png,automobile,0.929596
/home/emily/MMIP/week5/quiz1/data/query/automobile/00032.png,automobile,4,/home/emily/MMIP/week5/quiz1/data/gallery/automobile/00620.png,automobile,0.927986
/home/emily/MMIP/week5/quiz1/data/query/automobile/00032.png,automobile,5,/home/emily/MMIP/week5/quiz1/data/gallery/automobile/00199.png,automobile,0.926448
/home/emily/MMIP/week5/quiz1/data/query/automobile/00033.png,automobile,1,/home/emily/MMIP/week5/quiz1/data/gallery/automobile/00430.png,automobile,0.944705
/home/emily/MMIP/week5/quiz1/data/query/automobile/00033.png,automobile,2,/home/emily/MMIP/week5/quiz1/data/gallery/automobile/00585.png,automobile,0.930835
/home/emily/MMIP/week5/quiz1/data/query/automobile/00033.png,automobile,3,/home/emily/MMIP/week5/quiz1/data/gallery/automobile/00000.png,automobile,0.927410
/home/emily/MMIP/week5/quiz1/data/query/automobile/00033.png,automobile,4,/home/emily/MMIP/week5/quiz1/data/gallery/automobile/00164.png,automobile,0.923336
/home/emily/MMIP/week5/quiz1/data/query/automobile/00033.png,automobile,5,/home/emily/MMIP/week5/quiz1/data/gallery/automobile/00589.png,automobile,0.921710
/home/emily/MMIP/week5/quiz1/data/query/automobile/00034.png,automobile,1,/home/emily/MMIP/week5/quiz1/data/gallery/automobile/00473.png,automobile,0.854335
/home/emily/MMIP/week5/quiz1/data/query/automobile/00034.png,automobile,2,/home/emily/MMIP/week5/quiz1/data/gallery/automobile/00576.png,automobile,0.849072
/home/emily/MMIP/week5/quiz1/data/query/automobile/00034.png,automobile,3,/home/emily/MMIP/week5/quiz1/data/gallery/automobile/00323.png,automobile,0.848511
/home/emily/MMIP/week5/quiz1/data/query/automobile/00034.png,automobile,4,/home/emily/MMIP/week5/quiz1/data/gallery/automobile/00623.png,automobile,0.847778
/home/emily/MMIP/week5/quiz1/data/query/automobile/00034.png,automobile,5,/home/emily/MMIP/week5/quiz1/data/gallery/automobile/00083.png,automobile,0.846730
/home/emily/MMIP/week5/quiz1/data/query/automobile/00035.png,automobile,1,/home/emily/MMIP/week5/quiz1/data/gallery/automobile/00433.png,automobile,0.921597
/home/emily/MMIP/week5/quiz1/data/query/automobile/00035.png,automobile,2,/home/emily/MMIP/week5/quiz1/data/gallery/automobile/00360.png,automobile,0.883002
/home/emily/MMIP/week5/quiz1/data/query/automobile/00035.png,automobile,3,/home/emily/MMIP/week5/quiz1/data/gallery/automobile/00384.png,automobile,0.879951
/home/emily/MMIP/week5/quiz1/data/query/automobile/00035.png,automobile,4,/home/emily/MMIP/week5/quiz1/data/gallery/automobile/00708.png,automobile,0.878639
/home/emily/MMIP/week5/quiz1/data/query/automobile/00035.png,automobile,5,/home/emily/MMIP/week5/quiz1/data/gallery/automobile/00697.png,automobile,0.877903
/home/emily/MMIP/week5/quiz1/data/query/automobile/00036.png,automobile,1,/home/emily/MMIP/week5/quiz1/data/gallery/automobile/00521.png,automobile,0.929580
/home/emily/MMIP/week5/quiz1/data/query/automobile/00036.png,automobile,2,/home/emily/MMIP/week5/quiz1/data/gallery/automobile/00724.png,automobile,0.927961
/home/emily/MMIP/week5/quiz1/data/query/automobile/00036.png,automobile,3,/home/emily/MMIP/week5/quiz1/data/gallery/automobile/00775.png,automobile,0.927537
/home/emily/MMIP/week5/quiz1/data/query/automobile/00036.png,automobile,4,/home/emily/MMIP/week5/quiz1/data/gallery/automobile/00330.png,automobile,0.927219
/home/emily/MMIP/week5/quiz1/data/query/automobile/00036.png,automobile,5,/home/emily/MMIP/week5/quiz1/data/gallery/automobile/00810.png,automobile,0.926986
/home/emily/MMIP/week5/quiz1/data/query/automobile/00037.png,automobile,1,/home/emily/MMIP/week5/quiz1/data/gallery/automobile/00072.png,automobile,0.946409
/home/emily/MMIP/week5/quiz1/data/query/automobile/00037.png,automobile,2,/home/emily/MMIP/week5/quiz1/data/gallery/automobile/00513.png,automobile,0.941278
/home/emily/MMIP/week5/quiz1/data/query/automobile/00037.png,automobile,3,/home/emily/MMIP/week5/quiz1/data/gallery/automobile/00423.png,automobile,0.941239
/home/emily/MMIP/week5/quiz1/data/query/automobile/00037.png,automobile,4,/home/emily/MMIP/week5/quiz1/data/gallery/automobile/00933.png,automobile,0.940639
/home/emily/MMIP/week5/quiz1/data/query/automobile/00037.png,automobile,5,/home/emily/MMIP/week5/quiz1/data/gallery/automobile/00009.png,automobile,0.939703
/home/emily/MMIP/week5/quiz1/data/query/automobile/00038.png,automobile,1,/home/emily/MMIP/week5/quiz1/data/gallery/automobile/00151.png,automobile,0.961319
/home/emily/MMIP/week5/quiz1/data/query/automobile/00038.png,automobile,2,/home/emily/MMIP/week5/quiz1/data/gallery/automobile/00835.png,automobile,0.959578
/home/emily/MMIP/week5/quiz1/data/query/automobile/00038.png,automobile,3,/home/emily/MMIP/week5/quiz1/data/gallery/automobile/00982.png,automobile,0.959068
/home/emily/MMIP/week5/quiz1/data/query/automobile/00038.png,automobile,4,/home/emily/MMIP/week5/quiz1/data/gallery/automobile/00933.png,automobile,0.959053
/home/emily/MMIP/week5/quiz1/data/query/automobile/00038.png,automobile,5,/home/emily/MMIP/week5/quiz1/data/gallery/automobile/00527.png,automobile,0.958930
/home/emily/MMIP/week5/quiz1/data/query/automobile/00039.png,automobile,1,/home/emily/MMIP/week5/quiz1/data/gallery/automobile/00380.png,automobile,0.934998
/home/emily/MMIP/week5/quiz1/data/query/automobile/00039.png,automobile,2,/home/emily/MMIP/week5/quiz1/data/gallery/automobile/00746.png,automobile,0.931172
/home/emily/MMIP/week5/quiz1/data/query/automobile/00039.png,automobile,3,/home/emily/MMIP/week5/quiz1/data/gallery/automobile/00525.png,automobile,0.930448
/home/emily/MMIP/week5/quiz1/data/query/automobile/00039.png,automobile,4,/home/emily/MMIP/week5/quiz1/data/gallery/automobile/00824.png,automobile,0.930067
/home/emily/MMIP/week5/quiz1/data/query/automobile/00039.png,automobile,5,/home/emily/MMIP/week5/quiz1/data/gallery/automobile/00280.png,automobile,0.929634
/home/emily/MMIP/week5/quiz1/data/query/automobile/00040.png,automobile,1,/home/emily/MMIP/week5/quiz1/data/gallery/automobile/00998.png,automobile,0.949718
/home/emily/MMIP/week5/quiz1/data/query/automobile/00040.png,automobile,2,/home/emily/MMIP/week5/quiz1/data/gallery/automobile/00995.png,automobile,0.948578
/home/emily/MMIP/week5/quiz1/data/query/automobile/00040.png,automobile,3,/home/emily/MMIP/week5/quiz1/data/gallery/automobile/00778.png,automobile,0.948034
/home/emily/MMIP/week5/quiz1/data/query/automobile/00040.png,automobile,4,/home/emily/MMIP/week5/quiz1/data/gallery/automobile/00189.png,automobile,0.947267
/home/emily/MMIP/week5/quiz1/data/query/automobile/00040.png,automobile,5,/home/emily/MMIP/week5/quiz1/data/gallery/automobile/00608.png,automobile,0.945574
/home/emily/MMIP/week5/quiz1/data/query/automobile/00041.png,automobile,1,/home/emily/MMIP/week5/quiz1/data/gallery/automobile/00914.png,automobile,0.939086
/home/emily/MMIP/week5/quiz1/data/query/automobile/00041.png,automobile,2,/home/emily/MMIP/week5/quiz1/data/gallery/automobile/00699.png,automobile,0.923032
/home/emily/MMIP/week5/quiz1/data/query/automobile/00041.png,automobile,3,/home/emily/MMIP/week5/quiz1/data/gallery/automobile/00799.png,automobile,0.922810
/home/emily/MMIP/week5/quiz1/data/query/automobile/00041.png,automobile,4,/home/emily/MMIP/week5/quiz1/data/gallery/automobile/00793.png,automobile,0.921677
/home/emily/MMIP/week5/quiz1/data/query/automobile/00041.png,automobile,5,/home/emily/MMIP/week5/quiz1/data/gallery/automobile/00663.png,automobile,0.920645
/home/emily/MMIP/week5/quiz1/data/query/automobile/00042.png,automobile,1,/home/emily/MMIP/week5/quiz1/data/gallery/automobile/00903.png,automobile,0.935327
/home/emily/MMIP/week5/quiz1/data/query/automobile/00042.png,automobile,2,/home/emily/MMIP/week5/quiz1/data/gallery/automobile/00546.png,automobile,0.927396
/home/emily/MMIP/week5/quiz1/data/query/automobile/00042.png,automobile,3,/home/emily/MMIP/week5/quiz1/data/gallery/automobile/00071.png,automobile,0.926907
/home/emily/MMIP/week5/quiz1/data/query/automobile/00042.png,automobile,4,/home/emily/MMIP/week5/quiz1/data/gallery/automobile/00230.png,automobile,0.926313
/home/emily/MMIP/week5/quiz1/data/query/automobile/00042.png,automobile,5,/home/emily/MMIP/week5/quiz1/data/gallery/automobile/00810.png,automobile,0.925570
/home/emily/MMIP/week5/quiz1/data/query/automobile/00043.png,automobile,1,/home/emily/MMIP/week5/quiz1/data/gallery/automobile/00068.png,automobile,0.959583
/home/emily/MMIP/week5/quiz1/data/query/automobile/00043.png,automobile,2,/home/emily/MMIP/week5/quiz1/data/gallery/automobile/00186.png,automobile,0.958499
/home/emily/MMIP/week5/quiz1/data/query/automobile/00043.png,automobile,3,/home/emily/MMIP/week5/quiz1/data/gallery/automobile/00520.png,automobile,0.958286
/home/emily/MMIP/week5/quiz1/data/query/automobile/00043.png,automobile,4,/home/emily/MMIP/week5/quiz1/data/gallery/automobile/00018.png,automobile,0.954609
/home/emily/MMIP/week5/quiz1/data/query/automobile/00043.png,automobile,5,/home/emily/MMIP/week5/quiz1/data/gallery/automobile/00742.png,automobile,0.952364
/home/emily/MMIP/week5/quiz1/data/query/automobile/00044.png,automobile,1,/home/emily/MMIP/week5/quiz1/data/gallery/automobile/00325.png,automobile,0.885945
/home/emily/MMIP/week5/quiz1/data/query/automobile/00044.png,automobile,2,/home/emily/MMIP/week5/quiz1/data/gallery/automobile/00963.png,automobile,0.885462
/home/emily/MMIP/week5/quiz1/data/query/automobile/00044.png,automobile,3,/home/emily/MMIP/week5/quiz1/data/gallery/automobile/00208.png,automobile,0.878435
/home/emily/MMIP/week5/quiz1/data/query/automobile/00044.png,automobile,4,/home/emily/MMIP/week5/quiz1/data/gallery/automobile/00661.png,automobile,0.876817
/home/emily/MMIP/week5/quiz1/data/query/automobile/00044.png,automobile,5,/home/emily/MMIP/week5/quiz1/data/gallery/automobile/00318.png,automobile,0.876341
/home/emily/MMIP/week5/quiz1/data/query/automobile/00045.png,automobile,1,/home/emily/MMIP/week5/quiz1/data/gallery/automobile/00098.png,automobile,0.907291
/home/emily/MMIP/week5/quiz1/data/query/automobile/00045.png,automobile,2,/home/emily/MMIP/week5/quiz1/data/gallery/automobile/00990.png,automobile,0.904042
/home/emily/MMIP/week5/quiz1/data/query/automobile/00045.png,automobile,3,/home/emily/MMIP/week5/quiz1/data/gallery/automobile/00015.png,automobile,0.901091
/home/emily/MMIP/week5/quiz1/data/query/automobile/00045.png,automobile,4,/home/emily/MMIP/week5/quiz1/data/gallery/automobile/00525.png,automobile,0.900450
/home/emily/MMIP/week5/quiz1/data/query/automobile/00045.png,automobile,5,/home/emily/MMIP/week5/quiz1/data/gallery/automobile/00504.png,automobile,0.897643
/home/emily/MMIP/week5/quiz1/data/query/automobile/00046.png,automobile,1,/home/emily/MMIP/week5/quiz1/data/gallery/automobile/00227.png,automobile,0.975608
/home/emily/MMIP/week5/quiz1/data/query/automobile/00046.png,automobile,2,/home/emily/MMIP/week5/quiz1/data/gallery/automobile/00510.png,automobile,0.970176
/home/emily/MMIP/week5/quiz1/data/query/automobile/00046.png,automobile,3,/home/emily/MMIP/week5/quiz1/data/gallery/automobile/00221.png,automobile,0.969230
/home/emily/MMIP/week5/quiz1/data/query/automobile/00046.png,automobile,4,/home/emily/MMIP/week5/quiz1/data/gallery/automobile/00130.png,automobile,0.967483
/home/emily/MMIP/week5/quiz1/data/query/automobile/00046.png,automobile,5,/home/emily/MMIP/week5/quiz1/data/gallery/automobile/00527.png,automobile,0.967343
/home/emily/MMIP/week5/quiz1/data/query/automobile/00047.png,automobile,1,/home/emily/MMIP/week5/quiz1/data/gallery/automobile/00603.png,automobile,0.891871
/home/emily/MMIP/week5/quiz1/data/query/automobile/00047.png,automobile,2,/home/emily/MMIP/week5/quiz1/data/gallery/automobile/00249.png,automobile,0.890668
/home/emily/MMIP/week5/quiz1/data/query/automobile/00047.png,automobile,3,/home/emily/MMIP/week5/quiz1/data/gallery/automobile/00364.png,automobile,0.890277
/home/emily/MMIP/week5/quiz1/data/query/automobile/00047.png,automobile,4,/home/emily/MMIP/week5/quiz1/data/gallery/automobile/00516.png,automobile,0.889181
/home/emily/MMIP/week5/quiz1/data/query/automobile/00047.png,automobile,5,/home/emily/MMIP/week5/quiz1/data/gallery/automobile/00617.png,automobile,0.888336
/home/emily/MMIP/week5/quiz1/data/query/automobile/00048.png,automobile,1,/home/emily/MMIP/week5/quiz1/data/gallery/automobile/00092.png,automobile,0.938457
/home/emily/MMIP/week5/quiz1/data/query/automobile/00048.png,automobile,2,/home/emily/MMIP/week5/quiz1/data/gallery/automobile/00158.png,automobile,0.936743
/home/emily/MMIP/week5/quiz1/data/query/automobile/00048.png,automobile,3,/home/emily/MMIP/week5/quiz1/data/gallery/automobile/00028.png,automobile,0.936459
/home/emily/MMIP/week5/quiz1/data/query/automobile/00048.png,automobile,4,/home/emily/MMIP/week5/quiz1/data/gallery/automobile/00230.png,automobile,0.934661
/home/emily/MMIP/week5/quiz1/data/query/automobile/00048.png,automobile,5,/home/emily/MMIP/week5/quiz1/data/gallery/automobile/00600.png,automobile,0.934401
/home/emily/MMIP/week5/quiz1/data/query/automobile/00049.png,automobile,1,/home/emily/MMIP/week5/quiz1/data/gallery/automobile/00370.png,automobile,0.857082
/home/emily/MMIP/week5/quiz1/data/query/automobile/00049.png,automobile,2,/home/emily/MMIP/week5/quiz1/data/gallery/automobile/00597.png,automobile,0.851375
/home/emily/MMIP/week5/quiz1/data/query/automobile/00049.png,automobile,3,/home/emily/MMIP/week5/quiz1/data/gallery/automobile/00442.png,automobile,0.850675
/home/emily/MMIP/week5/quiz1/data/query/automobile/00049.png,automobile,4,/home/emily/MMIP/week5/quiz1/data/gallery/automobile/00624.png,automobile,0.846600
/home/emily/MMIP/week5/quiz1/data/query/automobile/00049.png,automobile,5,/home/emily/MMIP/week5/quiz1/data/gallery/automobile/00286.png,automobile,0.845271
/home/emily/MMIP/week5/quiz1/data/query/automobile/00050.png,automobile,1,/home/emily/MMIP/week5/quiz1/data/gallery/automobile/00343.png,automobile,0.914520
/home/emily/MMIP/week5/quiz1/data/query/automobile/00050.png,automobile,2,/home/emily/MMIP/week5/quiz1/data/gallery/automobile/00630.png,automobile,0.912995
/home/emily/MMIP/week5/quiz1/data/query/automobile/00050.png,automobile,3,/home/emily/MMIP/week5/quiz1/data/gallery/automobile/00334.png,automobile,0.904727
/home/emily/MMIP/week5/quiz1/data/query/automobile/00050.png,automobile,4,/home/emily/MMIP/week5/quiz1/data/gallery/automobile/00546.png,automobile,0.903506
/home/emily/MMIP/week5/quiz1/data/query/automobile/00050.png,automobile,5,/home/emily/MMIP/week5/quiz1/data/gallery/automobile/00709.png,automobile,0.901857
/home/emily/MMIP/week5/quiz1/data/query/automobile/00051.png,automobile,1,/home/emily/MMIP/week5/quiz1/data/gallery/automobile/00520.png,automobile,0.944970
/home/emily/MMIP/week5/quiz1/data/query/automobile/00051.png,automobile,2,/home/emily/MMIP/week5/quiz1/data/gallery/automobile/00219.png,automobile,0.938897
/home/emily/MMIP/week5/quiz1/data/query/automobile/00051.png,automobile,3,/home/emily/MMIP/week5/quiz1/data/gallery/automobile/00742.png,automobile,0.936209
/home/emily/MMIP/week5/quiz1/data/query/automobile/00051.png,automobile,4,/home/emily/MMIP/week5/quiz1/data/gallery/automobile/00309.png,automobile,0.936119
/home/emily/MMIP/week5/quiz1/data/query/automobile/00051.png,automobile,5,/home/emily/MMIP/week5/quiz1/data/gallery/automobile/00896.png,automobile,0.934675
/home/emily/MMIP/week5/quiz1/data/query/automobile/00052.png,automobile,1,/home/emily/MMIP/week5/quiz1/data/gallery/automobile/00128.png,automobile,0.909899
/home/emily/MMIP/week5/quiz1/data/query/automobile/00052.png,automobile,2,/home/emily/MMIP/week5/quiz1/data/gallery/automobile/00313.png,automobile,0.908763
/home/emily/MMIP/week5/quiz1/data/query/automobile/00052.png,automobile,3,/home/emily/MMIP/week5/quiz1/data/gallery/automobile/00426.png,automobile,0.904816
/home/emily/MMIP/week5/quiz1/data/query/automobile/00052.png,automobile,4,/home/emily/MMIP/week5/quiz1/data/gallery/automobile/00546.png,automobile,0.903590
/home/emily/MMIP/week5/quiz1/data/query/automobile/00052.png,automobile,5,/home/emily/MMIP/week5/quiz1/data/gallery/automobile/00980.png,automobile,0.902324
/home/emily/MMIP/week5/quiz1/data/query/automobile/00053.png,automobile,1,/home/emily/MMIP/week5/quiz1/data/gallery/automobile/00620.png,automobile,0.937493
/home/emily/MMIP/week5/quiz1/data/query/automobile/00053.png,automobile,2,/home/emily/MMIP/week5/quiz1/data/gallery/automobile/00330.png,automobile,0.936452
/home/emily/MMIP/week5/quiz1/data/query/automobile/00053.png,automobile,3,/home/emily/MMIP/week5/quiz1/data/gallery/automobile/00252.png,automobile,0.936267
/home/emily/MMIP/week5/quiz1/data/query/automobile/00053.png,automobile,4,/home/emily/MMIP/week5/quiz1/data/gallery/automobile/00015.png,automobile,0.935163
/home/emily/MMIP/week5/quiz1/data/query/automobile/00053.png,automobile,5,/home/emily/MMIP/week5/quiz1/data/gallery/automobile/00769.png,automobile,0.933758
/home/emily/MMIP/week5/quiz1/data/query/automobile/00054.png,automobile,1,/home/emily/MMIP/week5/quiz1/data/gallery/automobile/00059.png,automobile,0.914289
/home/emily/MMIP/week5/quiz1/data/query/automobile/00054.png,automobile,2,/home/emily/MMIP/week5/quiz1/data/gallery/automobile/00194.png,automobile,0.911681
/home/emily/MMIP/week5/quiz1/data/query/automobile/00054.png,automobile,3,/home/emily/MMIP/week5/quiz1/data/gallery/automobile/00591.png,automobile,0.910180
/home/emily/MMIP/week5/quiz1/data/query/automobile/00054.png,automobile,4,/home/emily/MMIP/week5/quiz1/data/gallery/automobile/00256.png,automobile,0.907506
/home/emily/MMIP/week5/quiz1/data/query/automobile/00054.png,automobile,5,/home/emily/MMIP/week5/quiz1/data/gallery/automobile/00364.png,automobile,0.907283
/home/emily/MMIP/week5/quiz1/data/query/automobile/00055.png,automobile,1,/home/emily/MMIP/week5/quiz1/data/gallery/truck/00316.png,truck,0.861005
/home/emily/MMIP/week5/quiz1/data/query/automobile/00055.png,automobile,2,/home/emily/MMIP/week5/quiz1/data/gallery/truck/00831.png,truck,0.853699
/home/emily/MMIP/week5/quiz1/data/query/automobile/00055.png,automobile,3,/home/emily/MMIP/week5/quiz1/data/gallery/truck/00573.png,truck,0.851364
/home/emily/MMIP/week5/quiz1/data/query/automobile/00055.png,automobile,4,/home/emily/MMIP/week5/quiz1/data/gallery/automobile/00426.png,automobile,0.850173
/home/emily/MMIP/week5/quiz1/data/query/automobile/00055.png,automobile,5,/home/emily/MMIP/week5/quiz1/data/gallery/automobile/00401.png,automobile,0.849363
/home/emily/MMIP/week5/quiz1/data/query/automobile/00056.png,automobile,1,/home/emily/MMIP/week5/quiz1/data/gallery/automobile/00350.png,automobile,0.952112
/home/emily/MMIP/week5/quiz1/data/query/automobile/00056.png,automobile,2,/home/emily/MMIP/week5/quiz1/data/gallery/automobile/00848.png,automobile,0.950845
/home/emily/MMIP/week5/quiz1/data/query/automobile/00056.png,automobile,3,/home/emily/MMIP/week5/quiz1/data/gallery/automobile/00665.png,automobile,0.948242
/home/emily/MMIP/week5/quiz1/data/query/automobile/00056.png,automobile,4,/home/emily/MMIP/week5/quiz1/data/gallery/automobile/00335.png,automobile,0.948121
/home/emily/MMIP/week5/quiz1/data/query/automobile/00056.png,automobile,5,/home/emily/MMIP/week5/quiz1/data/gallery/automobile/00962.png,automobile,0.947427
/home/emily/MMIP/week5/quiz1/data/query/automobile/00057.png,automobile,1,/home/emily/MMIP/week5/quiz1/data/gallery/automobile/00036.png,automobile,0.944695
/home/emily/MMIP/week5/quiz1/data/query/automobile/00057.png,automobile,2,/home/emily/MMIP/week5/quiz1/data/gallery/automobile/00493.png,automobile,0.942896
/home/emily/MMIP/week5/quiz1/data/query/automobile/00057.png,automobile,3,/home/emily/MMIP/week5/quiz1/data/gallery/automobile/00894.png,automobile,0.941525
/home/emily/MMIP/week5/quiz1/data/query/automobile/00057.png,automobile,4,/home/emily/MMIP/week5/quiz1/data/gallery/automobile/00062.png,automobile,0.940657
/home/emily/MMIP/week5/quiz1/data/query/automobile/00057.png,automobile,5,/home/emily/MMIP/week5/quiz1/data/gallery/automobile/00046.png,automobile,0.940363
/home/emily/MMIP/week5/quiz1/data/query/automobile/00058.png,automobile,1,/home/emily/MMIP/week5/quiz1/data/gallery/automobile/00477.png,automobile,0.843937
/home/emily/MMIP/week5/quiz1/data/query/automobile/00058.png,automobile,2,/home/emily/MMIP/week5/quiz1/data/gallery/automobile/00305.png,automobile,0.839933
/home/emily/MMIP/week5/quiz1/data/query/automobile/00058.png,automobile,3,/home/emily/MMIP/week5/quiz1/data/gallery/automobile/00734.png,automobile,0.839766
/home/emily/MMIP/week5/quiz1/data/query/automobile/00058.png,automobile,4,/home/emily/MMIP/week5/quiz1/data/gallery/automobile/00087.png,automobile,0.835830
/home/emily/MMIP/week5/quiz1/data/query/automobile/00058.png,automobile,5,/home/emily/MMIP/week5/quiz1/data/gallery/automobile/00930.png,automobile,0.831689
/home/emily/MMIP/week5/quiz1/data/query/automobile/00059.png,automobile,1,/home/emily/MMIP/week5/quiz1/data/gallery/automobile/00374.png,automobile,0.917538
/home/emily/MMIP/week5/quiz1/data/query/automobile/00059.png,automobile,2,/home/emily/MMIP/week5/quiz1/data/gallery/automobile/00921.png,automobile,0.915261
/home/emily/MMIP/week5/quiz1/data/query/automobile/00059.png,automobile,3,/home/emily/MMIP/week5/quiz1/data/gallery/automobile/00364.png,automobile,0.910560
/home/emily/MMIP/week5/quiz1/data/query/automobile/00059.png,automobile,4,/home/emily/MMIP/week5/quiz1/data/gallery/automobile/00309.png,automobile,0.910517
/home/emily/MMIP/week5/quiz1/data/query/automobile/00059.png,automobile,5,/home/emily/MMIP/week5/quiz1/data/gallery/automobile/00745.png,automobile,0.904152
/home/emily/MMIP/week5/quiz1/data/query/automobile/00060.png,automobile,1,/home/emily/MMIP/week5/quiz1/data/gallery/automobile/00905.png,automobile,0.893582
/home/emily/MMIP/week5/quiz1/data/query/automobile/00060.png,automobile,2,/home/emily/MMIP/week5/quiz1/data/gallery/automobile/00166.png,automobile,0.891105
/home/emily/MMIP/week5/quiz1/data/query/automobile/00060.png,automobile,3,/home/emily/MMIP/week5/quiz1/data/gallery/automobile/00275.png,automobile,0.890552
/home/emily/MMIP/week5/quiz1/data/query/automobile/00060.png,automobile,4,/home/emily/MMIP/week5/quiz1/data/gallery/automobile/00844.png,automobile,0.889753
/home/emily/MMIP/week5/quiz1/data/query/automobile/00060.png,automobile,5,/home/emily/MMIP/week5/quiz1/data/gallery/automobile/00956.png,automobile,0.889387
/home/emily/MMIP/week5/quiz1/data/query/automobile/00061.png,automobile,1,/home/emily/MMIP/week5/quiz1/data/gallery/automobile/00031.png,automobile,0.958229
/home/emily/MMIP/week5/quiz1/data/query/automobile/00061.png,automobile,2,/home/emily/MMIP/week5/quiz1/data/gallery/automobile/00273.png,automobile,0.958015
/home/emily/MMIP/week5/quiz1/data/query/automobile/00061.png,automobile,3,/home/emily/MMIP/week5/quiz1/data/gallery/automobile/00464.png,automobile,0.953370
/home/emily/MMIP/week5/quiz1/data/query/automobile/00061.png,automobile,4,/home/emily/MMIP/week5/quiz1/data/gallery/automobile/00227.png,automobile,0.952744
/home/emily/MMIP/week5/quiz1/data/query/automobile/00061.png,automobile,5,/home/emily/MMIP/week5/quiz1/data/gallery/automobile/00072.png,automobile,0.952434
/home/emily/MMIP/week5/quiz1/data/query/automobile/00062.png,automobile,1,/home/emily/MMIP/week5/quiz1/data/gallery/automobile/00722.png,automobile,0.917723
/home/emily/MMIP/week5/quiz1/data/query/automobile/00062.png,automobile,2,/home/emily/MMIP/week5/quiz1/data/gallery/automobile/00546.png,automobile,0.911984
/home/emily/MMIP/week5/quiz1/data/query/automobile/00062.png,automobile,3,/home/emily/MMIP/week5/quiz1/data/gallery/automobile/00364.png,automobile,0.905469
/home/emily/MMIP/week5/quiz1/data/query/automobile/00062.png,automobile,4,/home/emily/MMIP/week5/quiz1/data/gallery/automobile/00211.png,automobile,0.905314
/home/emily/MMIP/week5/quiz1/data/query/automobile/00062.png,automobile,5,/home/emily/MMIP/week5/quiz1/data/gallery/automobile/00667.png,automobile,0.903451
/home/emily/MMIP/week5/quiz1/data/query/automobile/00063.png,automobile,1,/home/emily/MMIP/week5/quiz1/data/gallery/automobile/00737.png,automobile,0.882642
/home/emily/MMIP/week5/quiz1/data/query/automobile/00063.png,automobile,2,/home/emily/MMIP/week5/quiz1/data/gallery/automobile/00428.png,automobile,0.881499
/home/emily/MMIP/week5/quiz1/data/query/automobile/00063.png,automobile,3,/home/emily/MMIP/week5/quiz1/data/gallery/automobile/00478.png,automobile,0.876181
/home/emily/MMIP/week5/quiz1/data/query/automobile/00063.png,automobile,4,/home/emily/MMIP/week5/quiz1/data/gallery/automobile/00249.png,automobile,0.874754
/home/emily/MMIP/week5/quiz1/data/query/automobile/00063.png,automobile,5,/home/emily/MMIP/week5/quiz1/data/gallery/automobile/00753.png,automobile,0.871581
/home/emily/MMIP/week5/quiz1/data/query/automobile/00064.png,automobile,1,/home/emily/MMIP/week5/quiz1/data/gallery/automobile/00028.png,automobile,0.955673
/home/emily/MMIP/week5/quiz1/data/query/automobile/00064.png,automobile,2,/home/emily/MMIP/week5/quiz1/data/gallery/automobile/00593.png,automobile,0.951961
/home/emily/MMIP/week5/quiz1/data/query/automobile/00064.png,automobile,3,/home/emily/MMIP/week5/quiz1/data/gallery/automobile/00221.png,automobile,0.951679
/home/emily/MMIP/week5/quiz1/data/query/automobile/00064.png,automobile,4,/home/emily/MMIP/week5/quiz1/data/gallery/automobile/00420.png,automobile,0.947937
/home/emily/MMIP/week5/quiz1/data/query/automobile/00064.png,automobile,5,/home/emily/MMIP/week5/quiz1/data/gallery/automobile/00132.png,automobile,0.947530
/home/emily/MMIP/week5/quiz1/data/query/automobile/00065.png,automobile,1,/home/emily/MMIP/week5/quiz1/data/gallery/automobile/00556.png,automobile,0.828132
/home/emily/MMIP/week5/quiz1/data/query/automobile/00065.png,automobile,2,/home/emily/MMIP/week5/quiz1/data/gallery/automobile/00093.png,automobile,0.827190
/home/emily/MMIP/week5/quiz1/data/query/automobile/00065.png,automobile,3,/home/emily/MMIP/week5/quiz1/data/gallery/automobile/00200.png,automobile,0.821479
/home/emily/MMIP/week5/quiz1/data/query/automobile/00065.png,automobile,4,/home/emily/MMIP/week5/quiz1/data/gallery/automobile/00517.png,automobile,0.817388
/home/emily/MMIP/week5/quiz1/data/query/automobile/00065.png,automobile,5,/home/emily/MMIP/week5/quiz1/data/gallery/automobile/00497.png,automobile,0.815014
/home/emily/MMIP/week5/quiz1/data/query/automobile/00066.png,automobile,1,/home/emily/MMIP/week5/quiz1/data/gallery/automobile/00962.png,automobile,0.946892
/home/emily/MMIP/week5/quiz1/data/query/automobile/00066.png,automobile,2,/home/emily/MMIP/week5/quiz1/data/gallery/automobile/00578.png,automobile,0.945864
/home/emily/MMIP/week5/quiz1/data/query/automobile/00066.png,automobile,3,/home/emily/MMIP/week5/quiz1/data/gallery/automobile/00925.png,automobile,0.942283
/home/emily/MMIP/week5/quiz1/data/query/automobile/00066.png,automobile,4,/home/emily/MMIP/week5/quiz1/data/gallery/automobile/00413.png,automobile,0.941779
/home/emily/MMIP/week5/quiz1/data/query/automobile/00066.png,automobile,5,/home/emily/MMIP/week5/quiz1/data/gallery/automobile/00186.png,automobile,0.941541
/home/emily/MMIP/week5/quiz1/data/query/automobile/00067.png,automobile,1,/home/emily/MMIP/week5/quiz1/data/gallery/automobile/00080.png,automobile,0.934784
/home/emily/MMIP/week5/quiz1/data/query/automobile/00067.png,automobile,2,/home/emily/MMIP/week5/quiz1/data/gallery/automobile/00039.png,automobile,0.933563
/home/emily/MMIP/week5/quiz1/data/query/automobile/00067.png,automobile,3,/home/emily/MMIP/week5/quiz1/data/gallery/automobile/00751.png,automobile,0.932249
/home/emily/MMIP/week5/quiz1/data/query/automobile/00067.png,automobile,4,/home/emily/MMIP/week5/quiz1/data/gallery/automobile/00092.png,automobile,0.930041
/home/emily/MMIP/week5/quiz1/data/query/automobile/00067.png,automobile,5,/home/emily/MMIP/week5/quiz1/data/gallery/automobile/00028.png,automobile,0.929226
/home/emily/MMIP/week5/quiz1/data/query/automobile/00068.png,automobile,1,/home/emily/MMIP/week5/quiz1/data/gallery/automobile/00361.png,automobile,0.876141
/home/emily/MMIP/week5/quiz1/data/query/automobile/00068.png,automobile,2,/home/emily/MMIP/week5/quiz1/data/gallery/automobile/00360.png,automobile,0.873951
/home/emily/MMIP/week5/quiz1/data/query/automobile/00068.png,automobile,3,/home/emily/MMIP/week5/quiz1/data/gallery/automobile/00311.png,automobile,0.872021
/home/emily/MMIP/week5/quiz1/data/query/automobile/00068.png,automobile,4,/home/emily/MMIP/week5/quiz1/data/gallery/automobile/00249.png,automobile,0.870516
/home/emily/MMIP/week5/quiz1/data/query/automobile/00068.png,automobile,5,/home/emily/MMIP/week5/quiz1/data/gallery/automobile/00180.png,automobile,0.870197
/home/emily/MMIP/week5/quiz1/data/query/automobile/00069.png,automobile,1,/home/emily/MMIP/week5/quiz1/data/gallery/automobile/00390.png,automobile,0.856252
/home/emily/MMIP/week5/quiz1/data/query/automobile/00069.png,automobile,2,/home/emily/MMIP/week5/quiz1/data/gallery/automobile/00499.png,automobile,0.856156
/home/emily/MMIP/week5/quiz1/data/query/automobile/00069.png,automobile,3,/home/emily/MMIP/week5/quiz1/data/gallery/automobile/00236.png,automobile,0.855469
/home/emily/MMIP/week5/quiz1/data/query/automobile/00069.png,automobile,4,/home/emily/MMIP/week5/quiz1/data/gallery/automobile/00588.png,automobile,0.854823
/home/emily/MMIP/week5/quiz1/data/query/automobile/00069.png,automobile,5,/home/emily/MMIP/week5/quiz1/data/gallery/automobile/00037.png,automobile,0.854458
/home/emily/MMIP/week5/quiz1/data/query/automobile/00070.png,automobile,1,/home/emily/MMIP/week5/quiz1/data/gallery/automobile/00209.png,automobile,0.940100
/home/emily/MMIP/week5/quiz1/data/query/automobile/00070.png,automobile,2,/home/emily/MMIP/week5/quiz1/data/gallery/automobile/00960.png,automobile,0.936738
/home/emily/MMIP/week5/quiz1/data/query/automobile/00070.png,automobile,3,/home/emily/MMIP/week5/quiz1/data/gallery/automobile/00893.png,automobile,0.936267
/home/emily/MMIP/week5/quiz1/data/query/automobile/00070.png,automobile,4,/home/emily/MMIP/week5/quiz1/data/gallery/automobile/00124.png,automobile,0.935381
/home/emily/MMIP/week5/quiz1/data/query/automobile/00070.png,automobile,5,/home/emily/MMIP/week5/quiz1/data/gallery/automobile/00965.png,automobile,0.934111
/home/emily/MMIP/week5/quiz1/data/query/automobile/00071.png,automobile,1,/home/emily/MMIP/week5/quiz1/data/gallery/automobile/00214.png,automobile,0.892341
/home/emily/MMIP/week5/quiz1/data/query/automobile/00071.png,automobile,2,/home/emily/MMIP/week5/quiz1/data/gallery/automobile/00091.png,automobile,0.891282
/home/emily/MMIP/week5/quiz1/data/query/automobile/00071.png,automobile,3,/home/emily/MMIP/week5/quiz1/data/gallery/automobile/00329.png,automobile,0.890297
/home/emily/MMIP/week5/quiz1/data/query/automobile/00071.png,automobile,4,/home/emily/MMIP/week5/quiz1/data/gallery/automobile/00648.png,automobile,0.890152
/home/emily/MMIP/week5/quiz1/data/query/automobile/00071.png,automobile,5,/home/emily/MMIP/week5/quiz1/data/gallery/automobile/00264.png,automobile,0.889767
/home/emily/MMIP/week5/quiz1/data/query/automobile/00072.png,automobile,1,/home/emily/MMIP/week5/quiz1/data/gallery/automobile/00104.png,automobile,0.970069
/home/emily/MMIP/week5/quiz1/data/query/automobile/00072.png,automobile,2,/home/emily/MMIP/week5/quiz1/data/gallery/automobile/00608.png,automobile,0.965582
/home/emily/MMIP/week5/quiz1/data/query/automobile/00072.png,automobile,3,/home/emily/MMIP/week5/quiz1/data/gallery/automobile/00377.png,automobile,0.965319
/home/emily/MMIP/week5/quiz1/data/query/automobile/00072.png,automobile,4,/home/emily/MMIP/week5/quiz1/data/gallery/automobile/00151.png,automobile,0.964759
/home/emily/MMIP/week5/quiz1/data/query/automobile/00072.png,automobile,5,/home/emily/MMIP/week5/quiz1/data/gallery/automobile/00993.png,automobile,0.964596
/home/emily/MMIP/week5/quiz1/data/query/automobile/00073.png,automobile,1,/home/emily/MMIP/week5/quiz1/data/gallery/automobile/00753.png,automobile,0.848720
/home/emily/MMIP/week5/quiz1/data/query/automobile/00073.png,automobile,2,/home/emily/MMIP/week5/quiz1/data/gallery/automobile/00535.png,automobile,0.842579
/home/emily/MMIP/week5/quiz1/data/query/automobile/00073.png,automobile,3,/home/emily/MMIP/week5/quiz1/data/gallery/automobile/00659.png,automobile,0.839843
/home/emily/MMIP/week5/quiz1/data/query/automobile/00073.png,automobile,4,/home/emily/MMIP/week5/quiz1/data/gallery/automobile/00213.png,automobile,0.838499
/home/emily/MMIP/week5/quiz1/data/query/automobile/00073.png,automobile,5,/home/emily/MMIP/week5/quiz1/data/gallery/automobile/00736.png,automobile,0.837831
/home/emily/MMIP/week5/quiz1/data/query/automobile/00074.png,automobile,1,/home/emily/MMIP/week5/quiz1/data/gallery/automobile/00746.png,automobile,0.909939
/home/emily/MMIP/week5/quiz1/data/query/automobile/00074.png,automobile,2,/home/emily/MMIP/week5/quiz1/data/gallery/automobile/00630.png,automobile,0.908134
/home/emily/MMIP/week5/quiz1/data/query/automobile/00074.png,automobile,3,/home/emily/MMIP/week5/quiz1/data/gallery/automobile/00428.png,automobile,0.906893
/home/emily/MMIP/week5/quiz1/data/query/automobile/00074.png,automobile,4,/home/emily/MMIP/week5/quiz1/data/gallery/automobile/00523.png,automobile,0.904622
/home/emily/MMIP/week5/quiz1/data/query/automobile/00074.png,automobile,5,/home/emily/MMIP/week5/quiz1/data/gallery/automobile/00813.png,automobile,0.903944
/home/emily/MMIP/week5/quiz1/data/query/automobile/00075.png,automobile,1,/home/emily/MMIP/week5/quiz1/data/gallery/truck/00088.png,truck,0.872239
/home/emily/MMIP/week5/quiz1/data/query/automobile/00075.png,automobile,2,/home/emily/MMIP/week5/quiz1/data/gallery/truck/00688.png,truck,0.872077
/home/emily/MMIP/week5/quiz1/data/query/automobile/00075.png,automobile,3,/home/emily/MMIP/week5/quiz1/data/gallery/truck/00313.png,truck,0.871912
/home/emily/MMIP/week5/quiz1/data/query/automobile/00075.png,automobile,4,/home/emily/MMIP/week5/quiz1/data/gallery/truck/00012.png,truck,0.868206
/home/emily/MMIP/week5/quiz1/data/query/automobile/00075.png,automobile,5,/home/emily/MMIP/week5/quiz1/data/gallery/truck/00745.png,truck,0.867787
/home/emily/MMIP/week5/quiz1/data/query/automobile/00076.png,automobile,1,/home/emily/MMIP/week5/quiz1/data/gallery/automobile/00393.png,automobile,0.900982
/home/emily/MMIP/week5/quiz1/data/query/automobile/00076.png,automobile,2,/home/emily/MMIP/week5/quiz1/data/gallery/automobile/00044.png,automobile,0.900286
/home/emily/MMIP/week5/quiz1/data/query/automobile/00076.png,automobile,3,/home/emily/MMIP/week5/quiz1/data/gallery/automobile/00853.png,automobile,0.893681
/home/emily/MMIP/week5/quiz1/data/query/automobile/00076.png,automobile,4,/home/emily/MMIP/week5/quiz1/data/gallery/automobile/00155.png,automobile,0.892133
/home/emily/MMIP/week5/quiz1/data/query/automobile/00076.png,automobile,5,/home/emily/MMIP/week5/quiz1/data/gallery/automobile/00498.png,automobile,0.891806
/home/emily/MMIP/week5/quiz1/data/query/automobile/00077.png,automobile,1,/home/emily/MMIP/week5/quiz1/data/gallery/automobile/00654.png,automobile,0.955499
/home/emily/MMIP/week5/quiz1/data/query/automobile/00077.png,automobile,2,/home/emily/MMIP/week5/quiz1/data/gallery/automobile/00429.png,automobile,0.954335
/home/emily/MMIP/week5/quiz1/data/query/automobile/00077.png,automobile,3,/home/emily/MMIP/week5/quiz1/data/gallery/automobile/00221.png,automobile,0.953475
/home/emily/MMIP/week5/quiz1/data/query/automobile/00077.png,automobile,4,/home/emily/MMIP/week5/quiz1/data/gallery/automobile/00118.png,automobile,0.950880
/home/emily/MMIP/week5/quiz1/data/query/automobile/00077.png,automobile,5,/home/emily/MMIP/week5/quiz1/data/gallery/automobile/00036.png,automobile,0.950772
/home/emily/MMIP/week5/quiz1/data/query/automobile/00078.png,automobile,1,/home/emily/MMIP/week5/quiz1/data/gallery/automobile/00330.png,automobile,0.886513
/home/emily/MMIP/week5/quiz1/data/query/automobile/00078.png,automobile,2,/home/emily/MMIP/week5/quiz1/data/gallery/automobile/00840.png,automobile,0.881042
/home/emily/MMIP/week5/quiz1/data/query/automobile/00078.png,automobile,3,/home/emily/MMIP/week5/quiz1/data/gallery/automobile/00407.png,automobile,0.879317
/home/emily/MMIP/week5/quiz1/data/query/automobile/00078.png,automobile,4,/home/emily/MMIP/week5/quiz1/data/gallery/automobile/00570.png,automobile,0.878985
/home/emily/MMIP/week5/quiz1/data/query/automobile/00078.png,automobile,5,/home/emily/MMIP/week5/quiz1/data/gallery/automobile/00869.png,automobile,0.878848
/home/emily/MMIP/week5/quiz1/data/query/automobile/00079.png,automobile,1,/home/emily/MMIP/week5/quiz1/data/gallery/automobile/00980.png,automobile,0.896346
/home/emily/MMIP/week5/quiz1/data/query/automobile/00079.png,automobile,2,/home/emily/MMIP/week5/quiz1/data/gallery/automobile/00103.png,automobile,0.894750
/home/emily/MMIP/week5/quiz1/data/query/automobile/00079.png,automobile,3,/home/emily/MMIP/week5/quiz1/data/gallery/automobile/00587.png,automobile,0.893404
/home/emily/MMIP/week5/quiz1/data/query/automobile/00079.png,automobile,4,/home/emily/MMIP/week5/quiz1/data/gallery/automobile/00120.png,automobile,0.893172
/home/emily/MMIP/week5/quiz1/data/query/automobile/00079.png,automobile,5,/home/emily/MMIP/week5/quiz1/data/gallery/automobile/00112.png,automobile,0.891363
/home/emily/MMIP/week5/quiz1/data/query/automobile/00080.png,automobile,1,/home/emily/MMIP/week5/quiz1/data/gallery/ship/00480.png,ship,0.805590
/home/emily/MMIP/week5/quiz1/data/query/automobile/00080.png,automobile,2,/home/emily/MMIP/week5/quiz1/data/gallery/ship/00062.png,ship,0.804242
/home/emily/MMIP/week5/quiz1/data/query/automobile/00080.png,automobile,3,/home/emily/MMIP/week5/quiz1/data/gallery/ship/00829.png,ship,0.802194
/home/emily/MMIP/week5/quiz1/data/query/automobile/00080.png,automobile,4,/home/emily/MMIP/week5/quiz1/data/gallery/ship/00325.png,ship,0.800480
/home/emily/MMIP/week5/quiz1/data/query/automobile/00080.png,automobile,5,/home/emily/MMIP/week5/quiz1/data/gallery/airplane/00906.png,airplane,0.798928
/home/emily/MMIP/week5/quiz1/data/query/automobile/00081.png,automobile,1,/home/emily/MMIP/week5/quiz1/data/gallery/automobile/00268.png,automobile,0.888164
/home/emily/MMIP/week5/quiz1/data/query/automobile/00081.png,automobile,2,/home/emily/MMIP/week5/quiz1/data/gallery/automobile/00737.png,automobile,0.887211
/home/emily/MMIP/week5/quiz1/data/query/automobile/00081.png,automobile,3,/home/emily/MMIP/week5/quiz1/data/gallery/automobile/00302.png,automobile,0.883871
/home/emily/MMIP/week5/quiz1/data/query/automobile/00081.png,automobile,4,/home/emily/MMIP/week5/quiz1/data/gallery/automobile/00247.png,automobile,0.875363
/home/emily/MMIP/week5/quiz1/data/query/automobile/00081.png,automobile,5,/home/emily/MMIP/week5/quiz1/data/gallery/automobile/00884.png,automobile,0.874857
/home/emily/MMIP/week5/quiz1/data/query/automobile/00082.png,automobile,1,/home/emily/MMIP/week5/quiz1/data/gallery/automobile/00968.png,automobile,0.882402
/home/emily/MMIP/week5/quiz1/data/query/automobile/00082.png,automobile,2,/home/emily/MMIP/week5/quiz1/data/gallery/automobile/00074.png,automobile,0.879378
/home/emily/MMIP/week5/quiz1/data/query/automobile/00082.png,automobile,3,/home/emily/MMIP/week5/quiz1/data/gallery/automobile/00113.png,automobile,0.876562
/home/emily/MMIP/week5/quiz1/data/query/automobile/00082.png,automobile,4,/home/emily/MMIP/week5/quiz1/data/gallery/automobile/00605.png,automobile,0.875862
/home/emily/MMIP/week5/quiz1/data/query/automobile/00082.png,automobile,5,/home/emily/MMIP/week5/quiz1/data/gallery/automobile/00285.png,automobile,0.874141
/home/emily/MMIP/week5/quiz1/data/query/automobile/00083.png,automobile,1,/home/emily/MMIP/week5/quiz1/data/gallery/automobile/00233.png,automobile,0.955609
/home/emily/MMIP/week5/quiz1/data/query/automobile/00083.png,automobile,2,/home/emily/MMIP/week5/quiz1/data/gallery/automobile/00665.png,automobile,0.950443
/home/emily/MMIP/week5/quiz1/data/query/automobile/00083.png,automobile,3,/home/emily/MMIP/week5/quiz1/data/gallery/automobile/00485.png,automobile,0.949481
/home/emily/MMIP/week5/quiz1/data/query/automobile/00083.png,automobile,4,/home/emily/MMIP/week5/quiz1/data/gallery/automobile/00046.png,automobile,0.949418
/home/emily/MMIP/week5/quiz1/data/query/automobile/00083.png,automobile,5,/home/emily/MMIP/week5/quiz1/data/gallery/automobile/00040.png,automobile,0.949278
/home/emily/MMIP/week5/quiz1/data/query/automobile/00084.png,automobile,1,/home/emily/MMIP/week5/quiz1/data/gallery/automobile/00780.png,automobile,0.906587
/home/emily/MMIP/week5/quiz1/data/query/automobile/00084.png,automobile,2,/home/emily/MMIP/week5/quiz1/data/gallery/automobile/00043.png,automobile,0.902275
/home/emily/MMIP/week5/quiz1/data/query/automobile/00084.png,automobile,3,/home/emily/MMIP/week5/quiz1/data/gallery/automobile/00421.png,automobile,0.901592
/home/emily/MMIP/week5/quiz1/data/query/automobile/00084.png,automobile,4,/home/emily/MMIP/week5/quiz1/data/gallery/automobile/00851.png,automobile,0.896439
/home/emily/MMIP/week5/quiz1/data/query/automobile/00084.png,automobile,5,/home/emily/MMIP/week5/quiz1/data/gallery/automobile/00329.png,automobile,0.895389
/home/emily/MMIP/week5/quiz1/data/query/automobile/00085.png,automobile,1,/home/emily/MMIP/week5/quiz1/data/gallery/automobile/00861.png,automobile,0.914595
/home/emily/MMIP/week5/quiz1/data/query/automobile/00085.png,automobile,2,/home/emily/MMIP/week5/quiz1/data/gallery/automobile/00874.png,automobile,0.905490
/home/emily/MMIP/week5/quiz1/data/query/automobile/00085.png,automobile,3,/home/emily/MMIP/week5/quiz1/data/gallery/automobile/00137.png,automobile,0.905193
/home/emily/MMIP/week5/quiz1/data/query/automobile/00085.png,automobile,4,/home/emily/MMIP/week5/quiz1/data/gallery/automobile/00329.png,automobile,0.904958
/home/emily/MMIP/week5/quiz1/data/query/automobile/00085.png,automobile,5,/home/emily/MMIP/week5/quiz1/data/gallery/automobile/00098.png,automobile,0.904576
/home/emily/MMIP/week5/quiz1/data/query/automobile/00086.png,automobile,1,/home/emily/MMIP/week5/quiz1/data/gallery/automobile/00448.png,automobile,0.976079
/home/emily/MMIP/week5/quiz1/data/query/automobile/00086.png,automobile,2,/home/emily/MMIP/week5/quiz1/data/gallery/automobile/00130.png,automobile,0.971429
/home/emily/MMIP/week5/quiz1/data/query/automobile/00086.png,automobile,3,/home/emily/MMIP/week5/quiz1/data/gallery/automobile/00721.png,automobile,0.969992
/home/emily/MMIP/week5/quiz1/data/query/automobile/00086.png,automobile,4,/home/emily/MMIP/week5/quiz1/data/gallery/automobile/00685.png,automobile,0.969182
/home/emily/MMIP/week5/quiz1/data/query/automobile/00086.png,automobile,5,/home/emily/MMIP/week5/quiz1/data/gallery/automobile/00118.png,automobile,0.969152
/home/emily/MMIP/week5/quiz1/data/query/automobile/00087.png,automobile,1,/home/emily/MMIP/week5/quiz1/data/gallery/automobile/00272.png,automobile,0.956703
/home/emily/MMIP/week5/quiz1/data/query/automobile/00087.png,automobile,2,/home/emily/MMIP/week5/quiz1/data/gallery/automobile/00993.png,automobile,0.954094
/home/emily/MMIP/week5/quiz1/data/query/automobile/00087.png,automobile,3,/home/emily/MMIP/week5/quiz1/data/gallery/automobile/00925.png,automobile,0.953293
/home/emily/MMIP/week5/quiz1/data/query/automobile/00087.png,automobile,4,/home/emily/MMIP/week5/quiz1/data/gallery/automobile/00518.png,automobile,0.953214
/home/emily/MMIP/week5/quiz1/data/query/automobile/00087.png,automobile,5,/home/emily/MMIP/week5/quiz1/data/gallery/automobile/00104.png,automobile,0.953148
/home/emily/MMIP/week5/quiz1/data/query/automobile/00088.png,automobile,1,/home/emily/MMIP/week5/quiz1/data/gallery/automobile/00722.png,automobile,0.843376
/home/emily/MMIP/week5/quiz1/data/query/automobile/00088.png,automobile,2,/home/emily/MMIP/week5/quiz1/data/gallery/automobile/00213.png,automobile,0.842777
/home/emily/MMIP/week5/quiz1/data/query/automobile/00088.png,automobile,3,/home/emily/MMIP/week5/quiz1/data/gallery/automobile/00232.png,automobile,0.842363
/home/emily/MMIP/week5/quiz1/data/query/automobile/00088.png,automobile,4,/home/emily/MMIP/week5/quiz1/data/gallery/automobile/00426.png,automobile,0.841721
/home/emily/MMIP/week5/quiz1/data/query/automobile/00088.png,automobile,5,/home/emily/MMIP/week5/quiz1/data/gallery/automobile/00497.png,automobile,0.838400
/home/emily/MMIP/week5/quiz1/data/query/automobile/00089.png,automobile,1,/home/emily/MMIP/week5/quiz1/data/gallery/automobile/00037.png,automobile,0.886369
/home/emily/MMIP/week5/quiz1/data/query/automobile/00089.png,automobile,2,/home/emily/MMIP/week5/quiz1/data/gallery/automobile/00222.png,automobile,0.883988
/home/emily/MMIP/week5/quiz1/data/query/automobile/00089.png,automobile,3,/home/emily/MMIP/week5/quiz1/data/gallery/automobile/00135.png,automobile,0.874000
/home/emily/MMIP/week5/quiz1/data/query/automobile/00089.png,automobile,4,/home/emily/MMIP/week5/quiz1/data/gallery/automobile/00330.png,automobile,0.869483
/home/emily/MMIP/week5/quiz1/data/query/automobile/00089.png,automobile,5,/home/emily/MMIP/week5/quiz1/data/gallery/automobile/00762.png,automobile,0.868980
/home/emily/MMIP/week5/quiz1/data/query/automobile/00090.png,automobile,1,/home/emily/MMIP/week5/quiz1/data/gallery/automobile/00967.png,automobile,0.885199
/home/emily/MMIP/week5/quiz1/data/query/automobile/00090.png,automobile,2,/home/emily/MMIP/week5/quiz1/data/gallery/automobile/00082.png,automobile,0.878322
/home/emily/MMIP/week5/quiz1/data/query/automobile/00090.png,automobile,3,/home/emily/MMIP/week5/quiz1/data/gallery/automobile/00886.png,automobile,0.877938
/home/emily/MMIP/week5/quiz1/data/query/automobile/00090.png,automobile,4,/home/emily/MMIP/week5/quiz1/data/gallery/automobile/00844.png,automobile,0.876560
/home/emily/MMIP/week5/quiz1/data/query/automobile/00090.png,automobile,5,/home/emily/MMIP/week5/quiz1/data/gallery/automobile/00912.png,automobile,0.874016
/home/emily/MMIP/week5/quiz1/data/query/automobile/00091.png,automobile,1,/home/emily/MMIP/week5/quiz1/data/gallery/automobile/00227.png,automobile,0.973379
/home/emily/MMIP/week5/quiz1/data/query/automobile/00091.png,automobile,2,/home/emily/MMIP/week5/quiz1/data/gallery/automobile/00996.png,automobile,0.971940
/home/emily/MMIP/week5/quiz1/data/query/automobile/00091.png,automobile,3,/home/emily/MMIP/week5/quiz1/data/gallery/automobile/00221.png,automobile,0.970663
/home/emily/MMIP/week5/quiz1/data/query/automobile/00091.png,automobile,4,/home/emily/MMIP/week5/quiz1/data/gallery/automobile/00510.png,automobile,0.970659
/home/emily/MMIP/week5/quiz1/data/query/automobile/00091.png,automobile,5,/home/emily/MMIP/week5/quiz1/data/gallery/automobile/00377.png,automobile,0.970324
/home/emily/MMIP/week5/quiz1/data/query/automobile/00092.png,automobile,1,/home/emily/MMIP/week5/quiz1/data/gallery/automobile/00158.png,automobile,0.920491
/home/emily/MMIP/week5/quiz1/data/query/automobile/00092.png,automobile,2,/home/emily/MMIP/week5/quiz1/data/gallery/automobile/00722.png,automobile,0.917940
/home/emily/MMIP/week5/quiz1/data/query/automobile/00092.png,automobile,3,/home/emily/MMIP/week5/quiz1/data/gallery/automobile/00226.png,automobile,0.914405
/home/emily/MMIP/week5/quiz1/data/query/automobile/00092.png,automobile,4,/home/emily/MMIP/week5/quiz1/data/gallery/automobile/00521.png,automobile,0.912137
/home/emily/MMIP/week5/quiz1/data/query/automobile/00092.png,automobile,5,/home/emily/MMIP/week5/quiz1/data/gallery/automobile/00965.png,automobile,0.911096
/home/emily/MMIP/week5/quiz1/data/query/automobile/00093.png,automobile,1,/home/emily/MMIP/week5/quiz1/data/gallery/automobile/00918.png,automobile,0.921703
/home/emily/MMIP/week5/quiz1/data/query/automobile/00093.png,automobile,2,/home/emily/MMIP/week5/quiz1/data/gallery/automobile/00256.png,automobile,0.920749
/home/emily/MMIP/week5/quiz1/data/query/automobile/00093.png,automobile,3,/home/emily/MMIP/week5/quiz1/data/gallery/automobile/00081.png,automobile,0.919647
/home/emily/MMIP/week5/quiz1/data/query/automobile/00093.png,automobile,4,/home/emily/MMIP/week5/quiz1/data/gallery/automobile/00803.png,automobile,0.913749
/home/emily/MMIP/week5/quiz1/data/query/automobile/00093.png,automobile,5,/home/emily/MMIP/week5/quiz1/data/gallery/automobile/00910.png,automobile,0.913275
/home/emily/MMIP/week5/quiz1/data/query/automobile/00094.png,automobile,1,/home/emily/MMIP/week5/quiz1/data/gallery/automobile/00542.png,automobile,0.915918
/home/emily/MMIP/week5/quiz1/data/query/automobile/00094.png,automobile,2,/home/emily/MMIP/week5/quiz1/data/gallery/automobile/00738.png,automobile,0.906102
/home/emily/MMIP/week5/quiz1/data/query/automobile/00094.png,automobile,3,/home/emily/MMIP/week5/quiz1/data/gallery/automobile/00452.png,automobile,0.905721
/home/emily/MMIP/week5/quiz1/data/query/automobile/00094.png,automobile,4,/home/emily/MMIP/week5/quiz1/data/gallery/automobile/00455.png,automobile,0.904134
/home/emily/MMIP/week5/quiz1/data/query/automobile/00094.png,automobile,5,/home/emily/MMIP/week5/quiz1/data/gallery/automobile/00614.png,automobile,0.901553
/home/emily/MMIP/week5/quiz1/data/query/automobile/00095.png,automobile,1,/home/emily/MMIP/week5/quiz1/data/gallery/automobile/00362.png,automobile,0.924763
/home/emily/MMIP/week5/quiz1/data/query/automobile/00095.png,automobile,2,/home/emily/MMIP/week5/quiz1/data/gallery/automobile/00599.png,automobile,0.917222
/home/emily/MMIP/week5/quiz1/data/query/automobile/00095.png,automobile,3,/home/emily/MMIP/week5/quiz1/data/gallery/automobile/00708.png,automobile,0.915658
/home/emily/MMIP/week5/quiz1/data/query/automobile/00095.png,automobile,4,/home/emily/MMIP/week5/quiz1/data/gallery/automobile/00689.png,automobile,0.912601
/home/emily/MMIP/week5/quiz1/data/query/automobile/00095.png,automobile,5,/home/emily/MMIP/week5/quiz1/data/gallery/automobile/00252.png,automobile,0.912078
/home/emily/MMIP/week5/quiz1/data/query/automobile/00096.png,automobile,1,/home/emily/MMIP/week5/quiz1/data/gallery/automobile/00486.png,automobile,0.931718
/home/emily/MMIP/week5/quiz1/data/query/automobile/00096.png,automobile,2,/home/emily/MMIP/week5/quiz1/data/gallery/automobile/00544.png,automobile,0.927734
/home/emily/MMIP/week5/quiz1/data/query/automobile/00096.png,automobile,3,/home/emily/MMIP/week5/quiz1/data/gallery/automobile/00620.png,automobile,0.924699
/home/emily/MMIP/week5/quiz1/data/query/automobile/00096.png,automobile,4,/home/emily/MMIP/week5/quiz1/data/gallery/automobile/00034.png,automobile,0.922771
/home/emily/MMIP/week5/quiz1/data/query/automobile/00096.png,automobile,5,/home/emily/MMIP/week5/quiz1/data/gallery/automobile/00791.png,automobile,0.922320
/home/emily/MMIP/week5/quiz1/data/query/automobile/00097.png,automobile,1,/home/emily/MMIP/week5/quiz1/data/gallery/automobile/00416.png,automobile,0.922938
/home/emily/MMIP/week5/quiz1/data/query/automobile/00097.png,automobile,2,/home/emily/MMIP/week5/quiz1/data/gallery/automobile/00158.png,automobile,0.922034
/home/emily/MMIP/week5/quiz1/data/query/automobile/00097.png,automobile,3,/home/emily/MMIP/week5/quiz1/data/gallery/automobile/00211.png,automobile,0.921628
/home/emily/MMIP/week5/quiz1/data/query/automobile/00097.png,automobile,4,/home/emily/MMIP/week5/quiz1/data/gallery/automobile/00199.png,automobile,0.919225
/home/emily/MMIP/week5/quiz1/data/query/automobile/00097.png,automobile,5,/home/emily/MMIP/week5/quiz1/data/gallery/automobile/00775.png,automobile,0.919170
/home/emily/MMIP/week5/quiz1/data/query/automobile/00098.png,automobile,1,/home/emily/MMIP/week5/quiz1/data/gallery/automobile/00630.png,automobile,0.909621
/home/emily/MMIP/week5/quiz1/data/query/automobile/00098.png,automobile,2,/home/emily/MMIP/week5/quiz1/data/gallery/automobile/00155.png,automobile,0.908044
/home/emily/MMIP/week5/quiz1/data/query/automobile/00098.png,automobile,3,/home/emily/MMIP/week5/quiz1/data/gallery/automobile/00080.png,automobile,0.907741
/home/emily/MMIP/week5/quiz1/data/query/automobile/00098.png,automobile,4,/home/emily/MMIP/week5/quiz1/data/gallery/automobile/00650.png,automobile,0.904795
/home/emily/MMIP/week5/quiz1/data/query/automobile/00098.png,automobile,5,/home/emily/MMIP/week5/quiz1/data/gallery/automobile/00827.png,automobile,0.904679
/home/emily/MMIP/week5/quiz1/data/query/automobile/00099.png,automobile,1,/home/emily/MMIP/week5/quiz1/data/gallery/automobile/00571.png,automobile,0.897943
/home/emily/MMIP/week5/quiz1/data/query/automobile/00099.png,automobile,2,/home/emily/MMIP/week5/quiz1/data/gallery/automobile/00780.png,automobile,0.897621
/home/emily/MMIP/week5/quiz1/data/query/automobile/00099.png,automobile,3,/home/emily/MMIP/week5/quiz1/data/gallery/automobile/00407.png,automobile,0.897182
/home/emily/MMIP/week5/quiz1/data/query/automobile/00099.png,automobile,4,/home/emily/MMIP/week5/quiz1/data/gallery/automobile/00156.png,automobile,0.895403
/home/emily/MMIP/week5/quiz1/data/query/automobile/00099.png,automobile,5,/home/emily/MMIP/week5/quiz1/data/gallery/automobile/00946.png,automobile,0.892794
/home/emily/MMIP/week5/quiz1/data/query/bird/00000.png,bird,1,/home/emily/MMIP/week5/quiz1/data/gallery/deer/00803.png,deer,0.822534
/home/emily/MMIP/week5/quiz1/data/query/bird/00000.png,bird,2,/home/emily/MMIP/week5/quiz1/data/gallery/frog/00182.png,frog,0.819557
/home/emily/MMIP/week5/quiz1/data/query/bird/00000.png,bird,3,/home/emily/MMIP/week5/quiz1/data/gallery/frog/00575.png,frog,0.818740
/home/emily/MMIP/week5/quiz1/data/query/bird/00000.png,bird,4,/home/emily/MMIP/week5/quiz1/data/gallery/dog/00407.png,dog,0.818611
/home/emily/MMIP/week5/quiz1/data/query/bird/00000.png,bird,5,/home/emily/MMIP/week5/quiz1/data/gallery/frog/00847.png,frog,0.815567
/home/emily/MMIP/week5/quiz1/data/query/bird/00001.png,bird,1,/home/emily/MMIP/week5/quiz1/data/gallery/bird/00715.png,bird,0.821159
/home/emily/MMIP/week5/quiz1/data/query/bird/00001.png,bird,2,/home/emily/MMIP/week5/quiz1/data/gallery/bird/00810.png,bird,0.813009
/home/emily/MMIP/week5/quiz1/data/query/bird/00001.png,bird,3,/home/emily/MMIP/week5/quiz1/data/gallery/ship/00538.png,ship,0.812975
/home/emily/MMIP/week5/quiz1/data/query/bird/00001.png,bird,4,/home/emily/MMIP/week5/quiz1/data/gallery/bird/00828.png,bird,0.811858
/home/emily/MMIP/week5/quiz1/data/query/bird/00001.png,bird,5,/home/emily/MMIP/week5/quiz1/data/gallery/frog/00346.png,frog,0.811590
/home/emily/MMIP/week5/quiz1/data/query/bird/00002.png,bird,1,/home/emily/MMIP/week5/quiz1/data/gallery/bird/00367.png,bird,0.871800
/home/emily/MMIP/week5/quiz1/data/query/bird/00002.png,bird,2,/home/emily/MMIP/week5/quiz1/data/gallery/bird/00504.png,bird,0.863665
/home/emily/MMIP/week5/quiz1/data/query/bird/00002.png,bird,3,/home/emily/MMIP/week5/quiz1/data/gallery/bird/00522.png,bird,0.863355
/home/emily/MMIP/week5/quiz1/data/query/bird/00002.png,bird,4,/home/emily/MMIP/week5/quiz1/data/gallery/bird/00573.png,bird,0.862945
/home/emily/MMIP/week5/quiz1/data/query/bird/00002.png,bird,5,/home/emily/MMIP/week5/quiz1/data/gallery/bird/00210.png,bird,0.862707
/home/emily/MMIP/week5/quiz1/data/query/bird/00003.png,bird,1,/home/emily/MMIP/week5/quiz1/data/gallery/bird/00591.png,bird,0.831568
/home/emily/MMIP/week5/quiz1/data/query/bird/00003.png,bird,2,/home/emily/MMIP/week5/quiz1/data/gallery/bird/00794.png,bird,0.828919
/home/emily/MMIP/week5/quiz1/data/query/bird/00003.png,bird,3,/home/emily/MMIP/week5/quiz1/data/gallery/bird/00399.png,bird,0.826737
/home/emily/MMIP/week5/quiz1/data/query/bird/00003.png,bird,4,/home/emily/MMIP/week5/quiz1/data/gallery/airplane/00071.png,airplane,0.824963
/home/emily/MMIP/week5/quiz1/data/query/bird/00003.png,bird,5,/home/emily/MMIP/week5/quiz1/data/gallery/airplane/00631.png,airplane,0.824579
/home/emily/MMIP/week5/quiz1/data/query/bird/00004.png,bird,1,/home/emily/MMIP/week5/quiz1/data/gallery/bird/00838.png,bird,0.835204
/home/emily/MMIP/week5/quiz1/data/query/bird/00004.png,bird,2,/home/emily/MMIP/week5/quiz1/data/gallery/bird/00013.png,bird,0.831100
/home/emily/MMIP/week5/quiz1/data/query/bird/00004.png,bird,3,/home/emily/MMIP/week5/quiz1/data/gallery/bird/00854.png,bird,0.821221
/home/emily/MMIP/week5/quiz1/data/query/bird/00004.png,bird,4,/home/emily/MMIP/week5/quiz1/data/gallery/bird/00942.png,bird,0.815620
/home/emily/MMIP/week5/quiz1/data/query/bird/00004.png,bird,5,/home/emily/MMIP/week5/quiz1/data/gallery/bird/00508.png,bird,0.815376
/home/emily/MMIP/week5/quiz1/data/query/bird/00005.png,bird,1,/home/emily/MMIP/week5/quiz1/data/gallery/bird/00098.png,bird,0.865082
/home/emily/MMIP/week5/quiz1/data/query/bird/00005.png,bird,2,/home/emily/MMIP/week5/quiz1/data/gallery/bird/00853.png,bird,0.851941
/home/emily/MMIP/week5/quiz1/data/query/bird/00005.png,bird,3,/home/emily/MMIP/week5/quiz1/data/gallery/bird/00837.png,bird,0.849976
/home/emily/MMIP/week5/quiz1/data/query/bird/00005.png,bird,4,/home/emily/MMIP/week5/quiz1/data/gallery/bird/00751.png,bird,0.845797
/home/emily/MMIP/week5/quiz1/data/query/bird/00005.png,bird,5,/home/emily/MMIP/week5/quiz1/data/gallery/bird/00319.png,bird,0.845374
/home/emily/MMIP/week5/quiz1/data/query/bird/00006.png,bird,1,/home/emily/MMIP/week5/quiz1/data/gallery/bird/00967.png,bird,0.825313
/home/emily/MMIP/week5/quiz1/data/query/bird/00006.png,bird,2,/home/emily/MMIP/week5/quiz1/data/gallery/bird/00926.png,bird,0.813027
/home/emily/MMIP/week5/quiz1/data/query/bird/00006.png,bird,3,/home/emily/MMIP/week5/quiz1/data/gallery/cat/00803.png,cat,0.810744
/home/emily/MMIP/week5/quiz1/data/query/bird/00006.png,bird,4,/home/emily/MMIP/week5/quiz1/data/gallery/bird/00884.png,bird,0.809888
/home/emily/MMIP/week5/quiz1/data/query/bird/00006.png,bird,5,/home/emily/MMIP/week5/quiz1/data/gallery/bird/00426.png,bird,0.806351
/home/emily/MMIP/week5/quiz1/data/query/bird/00007.png,bird,1,/home/emily/MMIP/week5/quiz1/data/gallery/bird/00621.png,bird,0.849045
/home/emily/MMIP/week5/quiz1/data/query/bird/00007.png,bird,2,/home/emily/MMIP/week5/quiz1/data/gallery/bird/00425.png,bird,0.820870
/home/emily/MMIP/week5/quiz1/data/query/bird/00007.png,bird,3,/home/emily/MMIP/week5/quiz1/data/gallery/bird/00789.png,bird,0.817415
/home/emily/MMIP/week5/quiz1/data/query/bird/00007.png,bird,4,/home/emily/MMIP/week5/quiz1/data/gallery/horse/00815.png,horse,0.815338
/home/emily/MMIP/week5/quiz1/data/query/bird/00007.png,bird,5,/home/emily/MMIP/week5/quiz1/data/gallery/bird/00681.png,bird,0.813641
/home/emily/MMIP/week5/quiz1/data/query/bird/00008.png,bird,1,/home/emily/MMIP/week5/quiz1/data/gallery/bird/00090.png,bird,0.832572
/home/emily/MMIP/week5/quiz1/data/query/bird/00008.png,bird,2,/home/emily/MMIP/week5/quiz1/data/gallery/bird/00199.png,bird,0.830308
/home/emily/MMIP/week5/quiz1/data/query/bird/00008.png,bird,3,/home/emily/MMIP/week5/quiz1/data/gallery/bird/00906.png,bird,0.823589
/home/emily/MMIP/week5/quiz1/data/query/bird/00008.png,bird,4,/home/emily/MMIP/week5/quiz1/data/gallery/bird/00874.png,bird,0.818917
/home/emily/MMIP/week5/quiz1/data/query/bird/00008.png,bird,5,/home/emily/MMIP/week5/quiz1/data/gallery/bird/00572.png,bird,0.816905
/home/emily/MMIP/week5/quiz1/data/query/bird/00009.png,bird,1,/home/emily/MMIP/week5/quiz1/data/gallery/bird/00493.png,bird,0.823204
/home/emily/MMIP/week5/quiz1/data/query/bird/00009.png,bird,2,/home/emily/MMIP/week5/quiz1/data/gallery/bird/00441.png,bird,0.821806
/home/emily/MMIP/week5/quiz1/data/query/bird/00009.png,bird,3,/home/emily/MMIP/week5/quiz1/data/gallery/bird/00103.png,bird,0.821689
/home/emily/MMIP/week5/quiz1/data/query/bird/00009.png,bird,4,/home/emily/MMIP/week5/quiz1/data/gallery/frog/00366.png,frog,0.821450
/home/emily/MMIP/week5/quiz1/data/query/bird/00009.png,bird,5,/home/emily/MMIP/week5/quiz1/data/gallery/bird/00279.png,bird,0.820718
/home/emily/MMIP/week5/quiz1/data/query/bird/00010.png,bird,1,/home/emily/MMIP/week5/quiz1/data/gallery/bird/00785.png,bird,0.845778
/home/emily/MMIP/week5/quiz1/data/query/bird/00010.png,bird,2,/home/emily/MMIP/week5/quiz1/data/gallery/bird/00711.png,bird,0.841003
/home/emily/MMIP/week5/quiz1/data/query/bird/00010.png,bird,3,/home/emily/MMIP/week5/quiz1/data/gallery/bird/00668.png,bird,0.838013
/home/emily/MMIP/week5/quiz1/data/query/bird/00010.png,bird,4,/home/emily/MMIP/week5/quiz1/data/gallery/bird/00740.png,bird,0.833112
/home/emily/MMIP/week5/quiz1/data/query/bird/00010.png,bird,5,/home/emily/MMIP/week5/quiz1/data/gallery/bird/00374.png,bird,0.828457
/home/emily/MMIP/week5/quiz1/data/query/bird/00011.png,bird,1,/home/emily/MMIP/week5/quiz1/data/gallery/bird/00484.png,bird,0.828494
/home/emily/MMIP/week5/quiz1/data/query/bird/00011.png,bird,2,/home/emily/MMIP/week5/quiz1/data/gallery/airplane/00206.png,airplane,0.825840
/home/emily/MMIP/week5/quiz1/data/query/bird/00011.png,bird,3,/home/emily/MMIP/week5/quiz1/data/gallery/bird/00987.png,bird,0.818361
/home/emily/MMIP/week5/quiz1/data/query/bird/00011.png,bird,4,/home/emily/MMIP/week5/quiz1/data/gallery/bird/00124.png,bird,0.818078
/home/emily/MMIP/week5/quiz1/data/query/bird/00011.png,bird,5,/home/emily/MMIP/week5/quiz1/data/gallery/bird/00083.png,bird,0.817998
/home/emily/MMIP/week5/quiz1/data/query/bird/00012.png,bird,1,/home/emily/MMIP/week5/quiz1/data/gallery/bird/00784.png,bird,0.834961
/home/emily/MMIP/week5/quiz1/data/query/bird/00012.png,bird,2,/home/emily/MMIP/week5/quiz1/data/gallery/bird/00424.png,bird,0.831510
/home/emily/MMIP/week5/quiz1/data/query/bird/00012.png,bird,3,/home/emily/MMIP/week5/quiz1/data/gallery/bird/00452.png,bird,0.829739
/home/emily/MMIP/week5/quiz1/data/query/bird/00012.png,bird,4,/home/emily/MMIP/week5/quiz1/data/gallery/bird/00380.png,bird,0.829630
/home/emily/MMIP/week5/quiz1/data/query/bird/00012.png,bird,5,/home/emily/MMIP/week5/quiz1/data/gallery/bird/00329.png,bird,0.829303
/home/emily/MMIP/week5/quiz1/data/query/bird/00013.png,bird,1,/home/emily/MMIP/week5/quiz1/data/gallery/bird/00416.png,bird,0.842745
/home/emily/MMIP/week5/quiz1/data/query/bird/00013.png,bird,2,/home/emily/MMIP/week5/quiz1/data/gallery/bird/00160.png,bird,0.827023
/home/emily/MMIP/week5/quiz1/data/query/bird/00013.png,bird,3,/home/emily/MMIP/week5/quiz1/data/gallery/bird/00111.png,bird,0.823051
/home/emily/MMIP/week5/quiz1/data/query/bird/00013.png,bird,4,/home/emily/MMIP/week5/quiz1/data/gallery/bird/00384.png,bird,0.822743
/home/emily/MMIP/week5/quiz1/data/query/bird/00013.png,bird,5,/home/emily/MMIP/week5/quiz1/data/gallery/bird/00612.png,bird,0.822342
/home/emily/MMIP/week5/quiz1/data/query/bird/00014.png,bird,1,/home/emily/MMIP/week5/quiz1/data/gallery/frog/00680.png,frog,0.827164
/home/emily/MMIP/week5/quiz1/data/query/bird/00014.png,bird,2,/home/emily/MMIP/week5/quiz1/data/gallery/dog/00264.png,dog,0.816490
/home/emily/MMIP/week5/quiz1/data/query/bird/00014.png,bird,3,/home/emily/MMIP/week5/quiz1/data/gallery/frog/00254.png,frog,0.816406
/home/emily/MMIP/week5/quiz1/data/query/bird/00014.png,bird,4,/home/emily/MMIP/week5/quiz1/data/gallery/dog/00906.png,dog,0.812834
/home/emily/MMIP/week5/quiz1/data/query/bird/00014.png,bird,5,/home/emily/MMIP/week5/quiz1/data/gallery/frog/00791.png,frog,0.809394
/home/emily/MMIP/week5/quiz1/data/query/bird/00015.png,bird,1,/home/emily/MMIP/week5/quiz1/data/gallery/cat/00459.png,cat,0.831425
/home/emily/MMIP/week5/quiz1/data/query/bird/00015.png,bird,2,/home/emily/MMIP/week5/quiz1/data/gallery/cat/00223.png,cat,0.829616
/home/emily/MMIP/week5/quiz1/data/query/bird/00015.png,bird,3,/home/emily/MMIP/week5/quiz1/data/gallery/bird/00111.png,bird,0.826789
/home/emily/MMIP/week5/quiz1/data/query/bird/00015.png,bird,4,/home/emily/MMIP/week5/quiz1/data/gallery/cat/00164.png,cat,0.822916
/home/emily/MMIP/week5/quiz1/data/query/bird/00015.png,bird,5,/home/emily/MMIP/week5/quiz1/data/gallery/bird/00861.png,bird,0.815664
/home/emily/MMIP/week5/quiz1/data/query/bird/00016.png,bird,1,/home/emily/MMIP/week5/quiz1/data/gallery/bird/00249.png,bird,0.849302
/home/emily/MMIP/week5/quiz1/data/query/bird/00016.png,bird,2,/home/emily/MMIP/week5/quiz1/data/gallery/frog/00585.png,frog,0.845770
/home/emily/MMIP/week5/quiz1/data/query/bird/00016.png,bird,3,/home/emily/MMIP/week5/quiz1/data/gallery/bird/00446.png,bird,0.839152
/home/emily/MMIP/week5/quiz1/data/query/bird/00016.png,bird,4,/home/emily/MMIP/week5/quiz1/data/gallery/bird/00300.png,bird,0.838625
/home/emily/MMIP/week5/quiz1/data/query/bird/00016.png,bird,5,/home/emily/MMIP/week5/quiz1/data/gallery/cat/00783.png,cat,0.835208
/home/emily/MMIP/week5/quiz1/data/query/bird/00017.png,bird,1,/home/emily/MMIP/week5/quiz1/data/gallery/bird/00587.png,bird,0.835365
/home/emily/MMIP/week5/quiz1/data/query/bird/00017.png,bird,2,/home/emily/MMIP/week5/quiz1/data/gallery/bird/00233.png,bird,0.831706
/home/emily/MMIP/week5/quiz1/data/query/bird/00017.png,bird,3,/home/emily/MMIP/week5/quiz1/data/gallery/airplane/00758.png,airplane,0.826800
/home/emily/MMIP/week5/quiz1/data/query/bird/00017.png,bird,4,/home/emily/MMIP/week5/quiz1/data/gallery/airplane/00351.png,airplane,0.825389
/home/emily/MMIP/week5/quiz1/data/query/bird/00017.png,bird,5,/home/emily/MMIP/week5/quiz1/data/gallery/airplane/00054.png,airplane,0.823274
/home/emily/MMIP/week5/quiz1/data/query/bird/00018.png,bird,1,/home/emily/MMIP/week5/quiz1/data/gallery/bird/00185.png,bird,0.843942
/home/emily/MMIP/week5/quiz1/data/query/bird/00018.png,bird,2,/home/emily/MMIP/week5/quiz1/data/gallery/bird/00960.png,bird,0.842270
/home/emily/MMIP/week5/quiz1/data/query/bird/00018.png,bird,3,/home/emily/MMIP/week5/quiz1/data/gallery/bird/00204.png,bird,0.835898
/home/emily/MMIP/week5/quiz1/data/query/bird/00018.png,bird,4,/home/emily/MMIP/week5/quiz1/data/gallery/bird/00296.png,bird,0.832014
/home/emily/MMIP/week5/quiz1/data/query/bird/00018.png,bird,5,/home/emily/MMIP/week5/quiz1/data/gallery/bird/00098.png,bird,0.830760
/home/emily/MMIP/week5/quiz1/data/query/bird/00019.png,bird,1,/home/emily/MMIP/week5/quiz1/data/gallery/deer/00379.png,deer,0.820421
/home/emily/MMIP/week5/quiz1/data/query/bird/00019.png,bird,2,/home/emily/MMIP/week5/quiz1/data/gallery/deer/00672.png,deer,0.816262
/home/emily/MMIP/week5/quiz1/data/query/bird/00019.png,bird,3,/home/emily/MMIP/week5/quiz1/data/gallery/deer/00754.png,deer,0.814906
/home/emily/MMIP/week5/quiz1/data/query/bird/00019.png,bird,4,/home/emily/MMIP/week5/quiz1/data/gallery/deer/00951.png,deer,0.813832
/home/emily/MMIP/week5/quiz1/data/query/bird/00019.png,bird,5,/home/emily/MMIP/week5/quiz1/data/gallery/bird/00974.png,bird,0.809335
/home/emily/MMIP/week5/quiz1/data/query/bird/00020.png,bird,1,/home/emily/MMIP/week5/quiz1/data/gallery/bird/00067.png,bird,0.848722
/home/emily/MMIP/week5/quiz1/data/query/bird/00020.png,bird,2,/home/emily/MMIP/week5/quiz1/data/gallery/bird/00338.png,bird,0.838638
/home/emily/MMIP/week5/quiz1/data/query/bird/00020.png,bird,3,/home/emily/MMIP/week5/quiz1/data/gallery/bird/00190.png,bird,0.836321
/home/emily/MMIP/week5/quiz1/data/query/bird/00020.png,bird,4,/home/emily/MMIP/week5/quiz1/data/gallery/bird/00746.png,bird,0.831877
/home/emily/MMIP/week5/quiz1/data/query/bird/00020.png,bird,5,/home/emily/MMIP/week5/quiz1/data/gallery/bird/00138.png,bird,0.826220
/home/emily/MMIP/week5/quiz1/data/query/bird/00021.png,bird,1,/home/emily/MMIP/week5/quiz1/data/gallery/bird/00740.png,bird,0.889042
/home/emily/MMIP/week5/quiz1/data/query/bird/00021.png,bird,2,/home/emily/MMIP/week5/quiz1/data/gallery/bird/00668.png,bird,0.850327
/home/emily/MMIP/week5/quiz1/data/query/bird/00021.png,bird,3,/home/emily/MMIP/week5/quiz1/data/gallery/bird/00787.png,bird,0.849494
/home/emily/MMIP/week5/quiz1/data/query/bird/00021.png,bird,4,/home/emily/MMIP/week5/quiz1/data/gallery/bird/00085.png,bird,0.847191
/home/emily/MMIP/week5/quiz1/data/query/bird/00021.png,bird,5,/home/emily/MMIP/week5/quiz1/data/gallery/bird/00711.png,bird,0.837544
/home/emily/MMIP/week5/quiz1/data/query/bird/00022.png,bird,1,/home/emily/MMIP/week5/quiz1/data/gallery/bird/00895.png,bird,0.812034
/home/emily/MMIP/week5/quiz1/data/query/bird/00022.png,bird,2,/home/emily/MMIP/week5/quiz1/data/gallery/horse/00747.png,horse,0.808577
/home/emily/MMIP/week5/quiz1/data/query/bird/00022.png,bird,3,/home/emily/MMIP/week5/quiz1/data/gallery/bird/00654.png,bird,0.805256
/home/emily/MMIP/week5/quiz1/data/query/bird/00022.png,bird,4,/home/emily/MMIP/week5/quiz1/data/gallery/bird/00391.png,bird,0.804949
/home/emily/MMIP/week5/quiz1/data/query/bird/00022.png,bird,5,/home/emily/MMIP/week5/quiz1/data/gallery/bird/00284.png,bird,0.803922
/home/emily/MMIP/week5/quiz1/data/query/bird/00023.png,bird,1,/home/emily/MMIP/week5/quiz1/data/gallery/deer/00377.png,deer,0.807684
/home/emily/MMIP/week5/quiz1/data/query/bird/00023.png,bird,2,/home/emily/MMIP/week5/quiz1/data/gallery/deer/00733.png,deer,0.807052
/home/emily/MMIP/week5/quiz1/data/query/bird/00023.png,bird,3,/home/emily/MMIP/week5/quiz1/data/gallery/deer/00246.png,deer,0.806697
/home/emily/MMIP/week5/quiz1/data/query/bird/00023.png,bird,4,/home/emily/MMIP/week5/quiz1/data/gallery/deer/00775.png,deer,0.806156
/home/emily/MMIP/week5/quiz1/data/query/bird/00023.png,bird,5,/home/emily/MMIP/week5/quiz1/data/gallery/frog/00545.png,frog,0.802136
/home/emily/MMIP/week5/quiz1/data/query/bird/00024.png,bird,1,/home/emily/MMIP/week5/quiz1/data/gallery/frog/00801.png,frog,0.816196
/home/emily/MMIP/week5/quiz1/data/query/bird/00024.png,bird,2,/home/emily/MMIP/week5/quiz1/data/gallery/bird/00913.png,bird,0.812151
/home/emily/MMIP/week5/quiz1/data/query/bird/00024.png,bird,3,/home/emily/MMIP/week5/quiz1/data/gallery/cat/00581.png,cat,0.811158
/home/emily/MMIP/week5/quiz1/data/query/bird/00024.png,bird,4,/home/emily/MMIP/week5/quiz1/data/gallery/ship/00177.png,ship,0.808284
/home/emily/MMIP/week5/quiz1/data/query/bird/00024.png,bird,5,/home/emily/MMIP/week5/quiz1/data/gallery/airplane/00948.png,airplane,0.806647
/home/emily/MMIP/week5/quiz1/data/query/bird/00025.png,bird,1,/home/emily/MMIP/week5/quiz1/data/gallery/bird/00548.png,bird,0.844473
/home/emily/MMIP/week5/quiz1/data/query/bird/00025.png,bird,2,/home/emily/MMIP/week5/quiz1/data/gallery/bird/00671.png,bird,0.836908
/home/emily/MMIP/week5/quiz1/data/query/bird/00025.png,bird,3,/home/emily/MMIP/week5/quiz1/data/gallery/bird/00194.png,bird,0.830171
/home/emily/MMIP/week5/quiz1/data/query/bird/00025.png,bird,4,/home/emily/MMIP/week5/quiz1/data/gallery/bird/00190.png,bird,0.829987
/home/emily/MMIP/week5/quiz1/data/query/bird/00025.png,bird,5,/home/emily/MMIP/week5/quiz1/data/gallery/bird/00935.png,bird,0.828906
/home/emily/MMIP/week5/quiz1/data/query/bird/00026.png,bird,1,/home/emily/MMIP/week5/quiz1/data/gallery/bird/00118.png,bird,0.880947
/home/emily/MMIP/week5/quiz1/data/query/bird/00026.png,bird,2,/home/emily/MMIP/week5/quiz1/data/gallery/bird/00819.png,bird,0.867395
/home/emily/MMIP/week5/quiz1/data/query/bird/00026.png,bird,3,/home/emily/MMIP/week5/quiz1/data/gallery/bird/00160.png,bird,0.864556
/home/emily/MMIP/week5/quiz1/data/query/bird/00026.png,bird,4,/home/emily/MMIP/week5/quiz1/data/gallery/bird/00751.png,bird,0.861866
/home/emily/MMIP/week5/quiz1/data/query/bird/00026.png,bird,5,/home/emily/MMIP/week5/quiz1/data/gallery/bird/00207.png,bird,0.861581
/home/emily/MMIP/week5/quiz1/data/query/bird/00027.png,bird,1,/home/emily/MMIP/week5/quiz1/data/gallery/bird/00131.png,bird,0.840007
/home/emily/MMIP/week5/quiz1/data/query/bird/00027.png,bird,2,/home/emily/MMIP/week5/quiz1/data/gallery/bird/00860.png,bird,0.838341
/home/emily/MMIP/week5/quiz1/data/query/bird/00027.png,bird,3,/home/emily/MMIP/week5/quiz1/data/gallery/bird/00686.png,bird,0.836969
/home/emily/MMIP/week5/quiz1/data/query/bird/00027.png,bird,4,/home/emily/MMIP/week5/quiz1/data/gallery/bird/00816.png,bird,0.829568
/home/emily/MMIP/week5/quiz1/data/query/bird/00027.png,bird,5,/home/emily/MMIP/week5/quiz1/data/gallery/bird/00338.png,bird,0.828596
/home/emily/MMIP/week5/quiz1/data/query/bird/00028.png,bird,1,/home/emily/MMIP/week5/quiz1/data/gallery/bird/00246.png,bird,0.832142
/home/emily/MMIP/week5/quiz1/data/query/bird/00028.png,bird,2,/home/emily/MMIP/week5/quiz1/data/gallery/deer/00843.png,deer,0.823375
/home/emily/MMIP/week5/quiz1/data/query/bird/00028.png,bird,3,/home/emily/MMIP/week5/quiz1/data/gallery/bird/00506.png,bird,0.820655
/home/emily/MMIP/week5/quiz1/data/query/bird/00028.png,bird,4,/home/emily/MMIP/week5/quiz1/data/gallery/bird/00544.png,bird,0.812204
/home/emily/MMIP/week5/quiz1/data/query/bird/00028.png,bird,5,/home/emily/MMIP/week5/quiz1/data/gallery/cat/00177.png,cat,0.804684
/home/emily/MMIP/week5/quiz1/data/query/bird/00029.png,bird,1,/home/emily/MMIP/week5/quiz1/data/gallery/bird/00493.png,bird,0.821300
/home/emily/MMIP/week5/quiz1/data/query/bird/00029.png,bird,2,/home/emily/MMIP/week5/quiz1/data/gallery/bird/00310.png,bird,0.816076
/home/emily/MMIP/week5/quiz1/data/query/bird/00029.png,bird,3,/home/emily/MMIP/week5/quiz1/data/gallery/bird/00767.png,bird,0.813344
/home/emily/MMIP/week5/quiz1/data/query/bird/00029.png,bird,4,/home/emily/MMIP/week5/quiz1/data/gallery/bird/00123.png,bird,0.810854
/home/emily/MMIP/week5/quiz1/data/query/bird/00029.png,bird,5,/home/emily/MMIP/week5/quiz1/data/gallery/bird/00406.png,bird,0.809560
/home/emily/MMIP/week5/quiz1/data/query/bird/00030.png,bird,1,/home/emily/MMIP/week5/quiz1/data/gallery/frog/00445.png,frog,0.824819
/home/emily/MMIP/week5/quiz1/data/query/bird/00030.png,bird,2,/home/emily/MMIP/week5/quiz1/data/gallery/frog/00024.png,frog,0.821867
/home/emily/MMIP/week5/quiz1/data/query/bird/00030.png,bird,3,/home/emily/MMIP/week5/quiz1/data/gallery/bird/00586.png,bird,0.812787
/home/emily/MMIP/week5/quiz1/data/query/bird/00030.png,bird,4,/home/emily/MMIP/week5/quiz1/data/gallery/bird/00806.png,bird,0.810524
/home/emily/MMIP/week5/quiz1/data/query/bird/00030.png,bird,5,/home/emily/MMIP/week5/quiz1/data/gallery/frog/00106.png,frog,0.808341
/home/emily/MMIP/week5/quiz1/data/query/bird/00031.png,bird,1,/home/emily/MMIP/week5/quiz1/data/gallery/bird/00626.png,bird,0.930241
/home/emily/MMIP/week5/quiz1/data/query/bird/00031.png,bird,2,/home/emily/MMIP/week5/quiz1/data/gallery/bird/00558.png,bird,0.831493
/home/emily/MMIP/week5/quiz1/data/query/bird/00031.png,bird,3,/home/emily/MMIP/week5/quiz1/data/gallery/airplane/00756.png,airplane,0.821348
/home/emily/MMIP/week5/quiz1/data/query/bird/00031.png,bird,4,/home/emily/MMIP/week5/quiz1/data/gallery/airplane/00697.png,airplane,0.817433
/home/emily/MMIP/week5/quiz1/data/query/bird/00031.png,bird,5,/home/emily/MMIP/week5/quiz1/data/gallery/airplane/00968.png,airplane,0.811123
/home/emily/MMIP/week5/quiz1/data/query/bird/00032.png,bird,1,/home/emily/MMIP/week5/quiz1/data/gallery/bird/00837.png,bird,0.860808
/home/emily/MMIP/week5/quiz1/data/query/bird/00032.png,bird,2,/home/emily/MMIP/week5/quiz1/data/gallery/bird/00464.png,bird,0.849349
/home/emily/MMIP/week5/quiz1/data/query/bird/00032.png,bird,3,/home/emily/MMIP/week5/quiz1/data/gallery/bird/00994.png,bird,0.847830
/home/emily/MMIP/week5/quiz1/data/query/bird/00032.png,bird,4,/home/emily/MMIP/week5/quiz1/data/gallery/bird/00367.png,bird,0.845989
/home/emily/MMIP/week5/quiz1/data/query/bird/00032.png,bird,5,/home/emily/MMIP/week5/quiz1/data/gallery/bird/00309.png,bird,0.843395
/home/emily/MMIP/week5/quiz1/data/query/bird/00033.png,bird,1,/home/emily/MMIP/week5/quiz1/data/gallery/frog/00585.png,frog,0.849654
/home/emily/MMIP/week5/quiz1/data/query/bird/00033.png,bird,2,/home/emily/MMIP/week5/quiz1/data/gallery/bird/00431.png,bird,0.835562
/home/emily/MMIP/week5/quiz1/data/query/bird/00033.png,bird,3,/home/emily/MMIP/week5/quiz1/data/gallery/bird/00416.png,bird,0.829532
/home/emily/MMIP/week5/quiz1/data/query/bird/00033.png,bird,4,/home/emily/MMIP/week5/quiz1/data/gallery/bird/00946.png,bird,0.827605
/home/emily/MMIP/week5/quiz1/data/query/bird/00033.png,bird,5,/home/emily/MMIP/week5/quiz1/data/gallery/bird/00238.png,bird,0.822830
/home/emily/MMIP/week5/quiz1/data/query/bird/00034.png,bird,1,/home/emily/MMIP/week5/quiz1/data/gallery/horse/00815.png,horse,0.812916
/home/emily/MMIP/week5/quiz1/data/query/bird/00034.png,bird,2,/home/emily/MMIP/week5/quiz1/data/gallery/bird/00943.png,bird,0.812272
/home/emily/MMIP/week5/quiz1/data/query/bird/00034.png,bird,3,/home/emily/MMIP/week5/quiz1/data/gallery/bird/00412.png,bird,0.810776
/home/emily/MMIP/week5/quiz1/data/query/bird/00034.png,bird,4,/home/emily/MMIP/week5/quiz1/data/gallery/bird/00346.png,bird,0.807063
/home/emily/MMIP/week5/quiz1/data/query/bird/00034.png,bird,5,/home/emily/MMIP/week5/quiz1/data/gallery/bird/00071.png,bird,0.807028
/home/emily/MMIP/week5/quiz1/data/query/bird/00035.png,bird,1,/home/emily/MMIP/week5/quiz1/data/gallery/bird/00011.png,bird,0.830284
/home/emily/MMIP/week5/quiz1/data/query/bird/00035.png,bird,2,/home/emily/MMIP/week5/quiz1/data/gallery/frog/00419.png,frog,0.818244
/home/emily/MMIP/week5/quiz1/data/query/bird/00035.png,bird,3,/home/emily/MMIP/week5/quiz1/data/gallery/frog/00151.png,frog,0.818198
/home/emily/MMIP/week5/quiz1/data/query/bird/00035.png,bird,4,/home/emily/MMIP/week5/quiz1/data/gallery/bird/00287.png,bird,0.812573
/home/emily/MMIP/week5/quiz1/data/query/bird/00035.png,bird,5,/home/emily/MMIP/week5/quiz1/data/gallery/frog/00913.png,frog,0.809276
/home/emily/MMIP/week5/quiz1/data/query/bird/00036.png,bird,1,/home/emily/MMIP/week5/quiz1/data/gallery/dog/00308.png,dog,0.838376
/home/emily/MMIP/week5/quiz1/data/query/bird/00036.png,bird,2,/home/emily/MMIP/week5/quiz1/data/gallery/dog/00402.png,dog,0.829354
/home/emily/MMIP/week5/quiz1/data/query/bird/00036.png,bird,3,/home/emily/MMIP/week5/quiz1/data/gallery/dog/00097.png,dog,0.828770
/home/emily/MMIP/week5/quiz1/data/query/bird/00036.png,bird,4,/home/emily/MMIP/week5/quiz1/data/gallery/dog/00224.png,dog,0.823254
/home/emily/MMIP/week5/quiz1/data/query/bird/00036.png,bird,5,/home/emily/MMIP/week5/quiz1/data/gallery/dog/00520.png,dog,0.818150
/home/emily/MMIP/week5/quiz1/data/query/bird/00037.png,bird,1,/home/emily/MMIP/week5/quiz1/data/gallery/bird/00514.png,bird,0.833453
/home/emily/MMIP/week5/quiz1/data/query/bird/00037.png,bird,2,/home/emily/MMIP/week5/quiz1/data/gallery/bird/00634.png,bird,0.831767
/home/emily/MMIP/week5/quiz1/data/query/bird/00037.png,bird,3,/home/emily/MMIP/week5/quiz1/data/gallery/bird/00497.png,bird,0.822034
/home/emily/MMIP/week5/quiz1/data/query/bird/00037.png,bird,4,/home/emily/MMIP/week5/quiz1/data/gallery/bird/00339.png,bird,0.820605
/home/emily/MMIP/week5/quiz1/data/query/bird/00037.png,bird,5,/home/emily/MMIP/week5/quiz1/data/gallery/bird/00348.png,bird,0.820380
/home/emily/MMIP/week5/quiz1/data/query/bird/00038.png,bird,1,/home/emily/MMIP/week5/quiz1/data/gallery/bird/00424.png,bird,0.809608
/home/emily/MMIP/week5/quiz1/data/query/bird/00038.png,bird,2,/home/emily/MMIP/week5/quiz1/data/gallery/dog/00207.png,dog,0.808683
/home/emily/MMIP/week5/quiz1/data/query/bird/00038.png,bird,3,/home/emily/MMIP/week5/quiz1/data/gallery/dog/00336.png,dog,0.808430
/home/emily/MMIP/week5/quiz1/data/query/bird/00038.png,bird,4,/home/emily/MMIP/week5/quiz1/data/gallery/dog/00434.png,dog,0.805439
/home/emily/MMIP/week5/quiz1/data/query/bird/00038.png,bird,5,/home/emily/MMIP/week5/quiz1/data/gallery/cat/00031.png,cat,0.805142
/home/emily/MMIP/week5/quiz1/data/query/bird/00039.png,bird,1,/home/emily/MMIP/week5/quiz1/data/gallery/bird/00583.png,bird,0.839029
/home/emily/MMIP/week5/quiz1/data/query/bird/00039.png,bird,2,/home/emily/MMIP/week5/quiz1/data/gallery/bird/00073.png,bird,0.836419
/home/emily/MMIP/week5/quiz1/data/query/bird/00039.png,bird,3,/home/emily/MMIP/week5/quiz1/data/gallery/bird/00831.png,bird,0.827105
/home/emily/MMIP/week5/quiz1/data/query/bird/00039.png,bird,4,/home/emily/MMIP/week5/quiz1/data/gallery/bird/00098.png,bird,0.825460
/home/emily/MMIP/week5/quiz1/data/query/bird/00039.png,bird,5,/home/emily/MMIP/week5/quiz1/data/gallery/bird/00767.png,bird,0.823002
/home/emily/MMIP/week5/quiz1/data/query/bird/00040.png,bird,1,/home/emily/MMIP/week5/quiz1/data/gallery/bird/00103.png,bird,0.807704
/home/emily/MMIP/week5/quiz1/data/query/bird/00040.png,bird,2,/home/emily/MMIP/week5/quiz1/data/gallery/frog/00656.png,frog,0.806913
/home/emily/MMIP/week5/quiz1/data/query/bird/00040.png,bird,3,/home/emily/MMIP/week5/quiz1/data/gallery/deer/00201.png,deer,0.801480
/home/emily/MMIP/week5/quiz1/data/query/bird/00040.png,bird,4,/home/emily/MMIP/week5/quiz1/data/gallery/deer/00246.png,deer,0.801237
/home/emily/MMIP/week5/quiz1/data/query/bird/00040.png,bird,5,/home/emily/MMIP/week5/quiz1/data/gallery/dog/00310.png,dog,0.795239
/home/emily/MMIP/week5/quiz1/data/query/bird/00041.png,bird,1,/home/emily/MMIP/week5/quiz1/data/gallery/bird/00224.png,bird,0.834738
/home/emily/MMIP/week5/quiz1/data/query/bird/00041.png,bird,2,/home/emily/MMIP/week5/quiz1/data/gallery/bird/00559.png,bird,0.833331
/home/emily/MMIP/week5/quiz1/data/query/bird/00041.png,bird,3,/home/emily/MMIP/week5/quiz1/data/gallery/bird/00429.png,bird,0.832462
/home/emily/MMIP/week5/quiz1/data/query/bird/00041.png,bird,4,/home/emily/MMIP/week5/quiz1/data/gallery/bird/00348.png,bird,0.827273
/home/emily/MMIP/week5/quiz1/data/query/bird/00041.png,bird,5,/home/emily/MMIP/week5/quiz1/data/gallery/bird/00353.png,bird,0.818597
/home/emily/MMIP/week5/quiz1/data/query/bird/00042.png,bird,1,/home/emily/MMIP/week5/quiz1/data/gallery/bird/00056.png,bird,0.819589
/home/emily/MMIP/week5/quiz1/data/query/bird/00042.png,bird,2,/home/emily/MMIP/week5/quiz1/data/gallery/bird/00101.png,bird,0.819111
/home/emily/MMIP/week5/quiz1/data/query/bird/00042.png,bird,3,/home/emily/MMIP/week5/quiz1/data/gallery/cat/00877.png,cat,0.806819
/home/emily/MMIP/week5/quiz1/data/query/bird/00042.png,bird,4,/home/emily/MMIP/week5/quiz1/data/gallery/bird/00361.png,bird,0.804969
/home/emily/MMIP/week5/quiz1/data/query/bird/00042.png,bird,5,/home/emily/MMIP/week5/quiz1/data/gallery/bird/00824.png,bird,0.804853
/home/emily/MMIP/week5/quiz1/data/query/bird/00043.png,bird,1,/home/emily/MMIP/week5/quiz1/data/gallery/bird/00118.png,bird,0.862189
/home/emily/MMIP/week5/quiz1/data/query/bird/00043.png,bird,2,/home/emily/MMIP/week5/quiz1/data/gallery/bird/00780.png,bird,0.855593
/home/emily/MMIP/week5/quiz1/data/query/bird/00043.png,bird,3,/home/emily/MMIP/week5/quiz1/data/gallery/bird/00122.png,bird,0.851329
/home/emily/MMIP/week5/quiz1/data/query/bird/00043.png,bird,4,/home/emily/MMIP/week5/quiz1/data/gallery/bird/00819.png,bird,0.851032
/home/emily/MMIP/week5/quiz1/data/query/bird/00043.png,bird,5,/home/emily/MMIP/week5/quiz1/data/gallery/bird/00347.png,bird,0.849744
/home/emily/MMIP/week5/quiz1/data/query/bird/00044.png,bird,1,/home/emily/MMIP/week5/quiz1/data/gallery/bird/00750.png,bird,0.830042
/home/emily/MMIP/week5/quiz1/data/query/bird/00044.png,bird,2,/home/emily/MMIP/week5/quiz1/data/gallery/bird/00677.png,bird,0.821996
/home/emily/MMIP/week5/quiz1/data/query/bird/00044.png,bird,3,/home/emily/MMIP/week5/quiz1/data/gallery/bird/00737.png,bird,0.821411
/home/emily/MMIP/week5/quiz1/data/query/bird/00044.png,bird,4,/home/emily/MMIP/week5/quiz1/data/gallery/bird/00275.png,bird,0.821101
/home/emily/MMIP/week5/quiz1/data/query/bird/00044.png,bird,5,/home/emily/MMIP/week5/quiz1/data/gallery/bird/00534.png,bird,0.820513
/home/emily/MMIP/week5/quiz1/data/query/bird/00045.png,bird,1,/home/emily/MMIP/week5/quiz1/data/gallery/frog/00529.png,frog,0.827547
/home/emily/MMIP/week5/quiz1/data/query/bird/00045.png,bird,2,/home/emily/MMIP/week5/quiz1/data/gallery/frog/00621.png,frog,0.811655
/home/emily/MMIP/week5/quiz1/data/query/bird/00045.png,bird,3,/home/emily/MMIP/week5/quiz1/data/gallery/frog/00275.png,frog,0.811290
/home/emily/MMIP/week5/quiz1/data/query/bird/00045.png,bird,4,/home/emily/MMIP/week5/quiz1/data/gallery/frog/00797.png,frog,0.811093
/home/emily/MMIP/week5/quiz1/data/query/bird/00045.png,bird,5,/home/emily/MMIP/week5/quiz1/data/gallery/bird/00389.png,bird,0.810887
/home/emily/MMIP/week5/quiz1/data/query/bird/00046.png,bird,1,/home/emily/MMIP/week5/quiz1/data/gallery/bird/00484.png,bird,0.849012
/home/emily/MMIP/week5/quiz1/data/query/bird/00046.png,bird,2,/home/emily/MMIP/week5/quiz1/data/gallery/bird/00210.png,bird,0.846450
/home/emily/MMIP/week5/quiz1/data/query/bird/00046.png,bird,3,/home/emily/MMIP/week5/quiz1/data/gallery/bird/00489.png,bird,0.846347
/home/emily/MMIP/week5/quiz1/data/query/bird/00046.png,bird,4,/home/emily/MMIP/week5/quiz1/data/gallery/bird/00671.png,bird,0.843707
/home/emily/MMIP/week5/quiz1/data/query/bird/00046.png,bird,5,/home/emily/MMIP/week5/quiz1/data/gallery/bird/00135.png,bird,0.841127
/home/emily/MMIP/week5/quiz1/data/query/bird/00047.png,bird,1,/home/emily/MMIP/week5/quiz1/data/gallery/bird/00233.png,bird,0.855205
/home/emily/MMIP/week5/quiz1/data/query/bird/00047.png,bird,2,/home/emily/MMIP/week5/quiz1/data/gallery/airplane/00368.png,airplane,0.835243
/home/emily/MMIP/week5/quiz1/data/query/bird/00047.png,bird,3,/home/emily/MMIP/week5/quiz1/data/gallery/bird/00411.png,bird,0.825609
/home/emily/MMIP/week5/quiz1/data/query/bird/00047.png,bird,4,/home/emily/MMIP/week5/quiz1/data/gallery/deer/00901.png,deer,0.825425
/home/emily/MMIP/week5/quiz1/data/query/bird/00047.png,bird,5,/home/emily/MMIP/week5/quiz1/data/gallery/airplane/00184.png,airplane,0.821883
/home/emily/MMIP/week5/quiz1/data/query/bird/00048.png,bird,1,/home/emily/MMIP/week5/quiz1/data/gallery/dog/00417.png,dog,0.833393
/home/emily/MMIP/week5/quiz1/data/query/bird/00048.png,bird,2,/home/emily/MMIP/week5/quiz1/data/gallery/dog/00501.png,dog,0.825453
/home/emily/MMIP/week5/quiz1/data/query/bird/00048.png,bird,3,/home/emily/MMIP/week5/quiz1/data/gallery/dog/00928.png,dog,0.823860
/home/emily/MMIP/week5/quiz1/data/query/bird/00048.png,bird,4,/home/emily/MMIP/week5/quiz1/data/gallery/bird/00107.png,bird,0.822740
/home/emily/MMIP/week5/quiz1/data/query/bird/00048.png,bird,5,/home/emily/MMIP/week5/quiz1/data/gallery/dog/00824.png,dog,0.812045
/home/emily/MMIP/week5/quiz1/data/query/bird/00049.png,bird,1,/home/emily/MMIP/week5/quiz1/data/gallery/bird/00532.png,bird,0.832659
/home/emily/MMIP/week5/quiz1/data/query/bird/00049.png,bird,2,/home/emily/MMIP/week5/quiz1/data/gallery/bird/00816.png,bird,0.826431
/home/emily/MMIP/week5/quiz1/data/query/bird/00049.png,bird,3,/home/emily/MMIP/week5/quiz1/data/gallery/bird/00533.png,bird,0.821890
/home/emily/MMIP/week5/quiz1/data/query/bird/00049.png,bird,4,/home/emily/MMIP/week5/quiz1/data/gallery/bird/00327.png,bird,0.819178
/home/emily/MMIP/week5/quiz1/data/query/bird/00049.png,bird,5,/home/emily/MMIP/week5/quiz1/data/gallery/cat/00795.png,cat,0.817961
/home/emily/MMIP/week5/quiz1/data/query/bird/00050.png,bird,1,/home/emily/MMIP/week5/quiz1/data/gallery/bird/00289.png,bird,0.854603
/home/emily/MMIP/week5/quiz1/data/query/bird/00050.png,bird,2,/home/emily/MMIP/week5/quiz1/data/gallery/bird/00478.png,bird,0.853452
/home/emily/MMIP/week5/quiz1/data/query/bird/00050.png,bird,3,/home/emily/MMIP/week5/quiz1/data/gallery/bird/00787.png,bird,0.852538
/home/emily/MMIP/week5/quiz1/data/query/bird/00050.png,bird,4,/home/emily/MMIP/week5/quiz1/data/gallery/bird/00668.png,bird,0.849021
/home/emily/MMIP/week5/quiz1/data/query/bird/00050.png,bird,5,/home/emily/MMIP/week5/quiz1/data/gallery/bird/00402.png,bird,0.844952
/home/emily/MMIP/week5/quiz1/data/query/bird/00051.png,bird,1,/home/emily/MMIP/week5/quiz1/data/gallery/frog/00553.png,frog,0.850233
/home/emily/MMIP/week5/quiz1/data/query/bird/00051.png,bird,2,/home/emily/MMIP/week5/quiz1/data/gallery/frog/00761.png,frog,0.849039
/home/emily/MMIP/week5/quiz1/data/query/bird/00051.png,bird,3,/home/emily/MMIP/week5/quiz1/data/gallery/frog/00512.png,frog,0.845450
/home/emily/MMIP/week5/quiz1/data/query/bird/00051.png,bird,4,/home/emily/MMIP/week5/quiz1/data/gallery/frog/00345.png,frog,0.844119
/home/emily/MMIP/week5/quiz1/data/query/bird/00051.png,bird,5,/home/emily/MMIP/week5/quiz1/data/gallery/bird/00303.png,bird,0.842469
/home/emily/MMIP/week5/quiz1/data/query/bird/00052.png,bird,1,/home/emily/MMIP/week5/quiz1/data/gallery/bird/00993.png,bird,0.820772
/home/emily/MMIP/week5/quiz1/data/query/bird/00052.png,bird,2,/home/emily/MMIP/week5/quiz1/data/gallery/cat/00605.png,cat,0.812571
/home/emily/MMIP/week5/quiz1/data/query/bird/00052.png,bird,3,/home/emily/MMIP/week5/quiz1/data/gallery/bird/00249.png,bird,0.803582
/home/emily/MMIP/week5/quiz1/data/query/bird/00052.png,bird,4,/home/emily/MMIP/week5/quiz1/data/gallery/bird/00443.png,bird,0.802457
/home/emily/MMIP/week5/quiz1/data/query/bird/00052.png,bird,5,/home/emily/MMIP/week5/quiz1/data/gallery/bird/00011.png,bird,0.799409
/home/emily/MMIP/week5/quiz1/data/query/bird/00053.png,bird,1,/home/emily/MMIP/week5/quiz1/data/gallery/bird/00034.png,bird,0.872326
/home/emily/MMIP/week5/quiz1/data/query/bird/00053.png,bird,2,/home/emily/MMIP/week5/quiz1/data/gallery/bird/00094.png,bird,0.865636
/home/emily/MMIP/week5/quiz1/data/query/bird/00053.png,bird,3,/home/emily/MMIP/week5/quiz1/data/gallery/bird/00851.png,bird,0.864329
/home/emily/MMIP/week5/quiz1/data/query/bird/00053.png,bird,4,/home/emily/MMIP/week5/quiz1/data/gallery/bird/00054.png,bird,0.863478
/home/emily/MMIP/week5/quiz1/data/query/bird/00053.png,bird,5,/home/emily/MMIP/week5/quiz1/data/gallery/bird/00819.png,bird,0.860161
/home/emily/MMIP/week5/quiz1/data/query/bird/00054.png,bird,1,/home/emily/MMIP/week5/quiz1/data/gallery/bird/00297.png,bird,0.817002
/home/emily/MMIP/week5/quiz1/data/query/bird/00054.png,bird,2,/home/emily/MMIP/week5/quiz1/data/gallery/bird/00812.png,bird,0.806811
/home/emily/MMIP/week5/quiz1/data/query/bird/00054.png,bird,3,/home/emily/MMIP/week5/quiz1/data/gallery/bird/00030.png,bird,0.803333
/home/emily/MMIP/week5/quiz1/data/query/bird/00054.png,bird,4,/home/emily/MMIP/week5/quiz1/data/gallery/bird/00236.png,bird,0.801135
/home/emily/MMIP/week5/quiz1/data/query/bird/00054.png,bird,5,/home/emily/MMIP/week5/quiz1/data/gallery/dog/00483.png,dog,0.799986
/home/emily/MMIP/week5/quiz1/data/query/bird/00055.png,bird,1,/home/emily/MMIP/week5/quiz1/data/gallery/bird/00905.png,bird,0.843945
/home/emily/MMIP/week5/quiz1/data/query/bird/00055.png,bird,2,/home/emily/MMIP/week5/quiz1/data/gallery/bird/00785.png,bird,0.835691
/home/emily/MMIP/week5/quiz1/data/query/bird/00055.png,bird,3,/home/emily/MMIP/week5/quiz1/data/gallery/bird/00085.png,bird,0.834931
/home/emily/MMIP/week5/quiz1/data/query/bird/00055.png,bird,4,/home/emily/MMIP/week5/quiz1/data/gallery/bird/00748.png,bird,0.832816
/home/emily/MMIP/week5/quiz1/data/query/bird/00055.png,bird,5,/home/emily/MMIP/week5/quiz1/data/gallery/bird/00727.png,bird,0.831539
/home/emily/MMIP/week5/quiz1/data/query/bird/00056.png,bird,1,/home/emily/MMIP/week5/quiz1/data/gallery/bird/00017.png,bird,0.850778
/home/emily/MMIP/week5/quiz1/data/query/bird/00056.png,bird,2,/home/emily/MMIP/week5/quiz1/data/gallery/bird/00250.png,bird,0.824275
/home/emily/MMIP/week5/quiz1/data/query/bird/00056.png,bird,3,/home/emily/MMIP/week5/quiz1/data/gallery/bird/00720.png,bird,0.820751
/home/emily/MMIP/week5/quiz1/data/query/bird/00056.png,bird,4,/home/emily/MMIP/week5/quiz1/data/gallery/bird/00449.png,bird,0.820491
/home/emily/MMIP/week5/quiz1/data/query/bird/00056.png,bird,5,/home/emily/MMIP/week5/quiz1/data/gallery/bird/00960.png,bird,0.820263
/home/emily/MMIP/week5/quiz1/data/query/bird/00057.png,bird,1,/home/emily/MMIP/week5/quiz1/data/gallery/bird/00333.png,bird,0.838395
/home/emily/MMIP/week5/quiz1/data/query/bird/00057.png,bird,2,/home/emily/MMIP/week5/quiz1/data/gallery/bird/00249.png,bird,0.835351
/home/emily/MMIP/week5/quiz1/data/query/bird/00057.png,bird,3,/home/emily/MMIP/week5/quiz1/data/gallery/bird/00578.png,bird,0.834815
/home/emily/MMIP/week5/quiz1/data/query/bird/00057.png,bird,4,/home/emily/MMIP/week5/quiz1/data/gallery/bird/00262.png,bird,0.833117
/home/emily/MMIP/week5/quiz1/data/query/bird/00057.png,bird,5,/home/emily/MMIP/week5/quiz1/data/gallery/bird/00014.png,bird,0.832988
/home/emily/MMIP/week5/quiz1/data/query/bird/00058.png,bird,1,/home/emily/MMIP/week5/quiz1/data/gallery/bird/00166.png,bird,0.862191
/home/emily/MMIP/week5/quiz1/data/query/bird/00058.png,bird,2,/home/emily/MMIP/week5/quiz1/data/gallery/bird/00054.png,bird,0.848688
/home/emily/MMIP/week5/quiz1/data/query/bird/00058.png,bird,3,/home/emily/MMIP/week5/quiz1/data/gallery/bird/00098.png,bird,0.846474
/home/emily/MMIP/week5/quiz1/data/query/bird/00058.png,bird,4,/home/emily/MMIP/week5/quiz1/data/gallery/bird/00296.png,bird,0.839618
/home/emily/MMIP/week5/quiz1/data/query/bird/00058.png,bird,5,/home/emily/MMIP/week5/quiz1/data/gallery/bird/00113.png,bird,0.838485
/home/emily/MMIP/week5/quiz1/data/query/bird/00059.png,bird,1,/home/emily/MMIP/week5/quiz1/data/gallery/bird/00860.png,bird,0.829457
/home/emily/MMIP/week5/quiz1/data/query/bird/00059.png,bird,2,/home/emily/MMIP/week5/quiz1/data/gallery/bird/00223.png,bird,0.825837
/home/emily/MMIP/week5/quiz1/data/query/bird/00059.png,bird,3,/home/emily/MMIP/week5/quiz1/data/gallery/bird/00342.png,bird,0.821200
/home/emily/MMIP/week5/quiz1/data/query/bird/00059.png,bird,4,/home/emily/MMIP/week5/quiz1/data/gallery/bird/00464.png,bird,0.815770
/home/emily/MMIP/week5/quiz1/data/query/bird/00059.png,bird,5,/home/emily/MMIP/week5/quiz1/data/gallery/bird/00127.png,bird,0.812656
/home/emily/MMIP/week5/quiz1/data/query/bird/00060.png,bird,1,/home/emily/MMIP/week5/quiz1/data/gallery/bird/00167.png,bird,0.824191
/home/emily/MMIP/week5/quiz1/data/query/bird/00060.png,bird,2,/home/emily/MMIP/week5/quiz1/data/gallery/bird/00348.png,bird,0.821516
/home/emily/MMIP/week5/quiz1/data/query/bird/00060.png,bird,3,/home/emily/MMIP/week5/quiz1/data/gallery/deer/00850.png,deer,0.816637
/home/emily/MMIP/week5/quiz1/data/query/bird/00060.png,bird,4,/home/emily/MMIP/week5/quiz1/data/gallery/bird/00010.png,bird,0.813643
/home/emily/MMIP/week5/quiz1/data/query/bird/00060.png,bird,5,/home/emily/MMIP/week5/quiz1/data/gallery/bird/00004.png,bird,0.812361
/home/emily/MMIP/week5/quiz1/data/query/bird/00061.png,bird,1,/home/emily/MMIP/week5/quiz1/data/gallery/bird/00277.png,bird,0.868595
/home/emily/MMIP/week5/quiz1/data/query/bird/00061.png,bird,2,/home/emily/MMIP/week5/quiz1/data/gallery/bird/00201.png,bird,0.855180
/home/emily/MMIP/week5/quiz1/data/query/bird/00061.png,bird,3,/home/emily/MMIP/week5/quiz1/data/gallery/bird/00036.png,bird,0.854532
/home/emily/MMIP/week5/quiz1/data/query/bird/00061.png,bird,4,/home/emily/MMIP/week5/quiz1/data/gallery/bird/00148.png,bird,0.852037
/home/emily/MMIP/week5/quiz1/data/query/bird/00061.png,bird,5,/home/emily/MMIP/week5/quiz1/data/gallery/bird/00521.png,bird,0.821653
/home/emily/MMIP/week5/quiz1/data/query/bird/00062.png,bird,1,/home/emily/MMIP/week5/quiz1/data/gallery/truck/00806.png,truck,0.814171
/home/emily/MMIP/week5/quiz1/data/query/bird/00062.png,bird,2,/home/emily/MMIP/week5/quiz1/data/gallery/deer/00101.png,deer,0.808641
/home/emily/MMIP/week5/quiz1/data/query/bird/00062.png,bird,3,/home/emily/MMIP/week5/quiz1/data/gallery/deer/00122.png,deer,0.803552
/home/emily/MMIP/week5/quiz1/data/query/bird/00062.png,bird,4,/home/emily/MMIP/week5/quiz1/data/gallery/deer/00509.png,deer,0.802532
/home/emily/MMIP/week5/quiz1/data/query/bird/00062.png,bird,5,/home/emily/MMIP/week5/quiz1/data/gallery/truck/00181.png,truck,0.802456
/home/emily/MMIP/week5/quiz1/data/query/bird/00063.png,bird,1,/home/emily/MMIP/week5/quiz1/data/gallery/airplane/00572.png,airplane,0.819350
/home/emily/MMIP/week5/quiz1/data/query/bird/00063.png,bird,2,/home/emily/MMIP/week5/quiz1/data/gallery/airplane/00231.png,airplane,0.816550
/home/emily/MMIP/week5/quiz1/data/query/bird/00063.png,bird,3,/home/emily/MMIP/week5/quiz1/data/gallery/airplane/00998.png,airplane,0.809221
/home/emily/MMIP/week5/quiz1/data/query/bird/00063.png,bird,4,/home/emily/MMIP/week5/quiz1/data/gallery/deer/00662.png,deer,0.806373
/home/emily/MMIP/week5/quiz1/data/query/bird/00063.png,bird,5,/home/emily/MMIP/week5/quiz1/data/gallery/ship/00847.png,ship,0.805190
/home/emily/MMIP/week5/quiz1/data/query/bird/00064.png,bird,1,/home/emily/MMIP/week5/quiz1/data/gallery/bird/00261.png,bird,0.875991
/home/emily/MMIP/week5/quiz1/data/query/bird/00064.png,bird,2,/home/emily/MMIP/week5/quiz1/data/gallery/bird/00151.png,bird,0.864716
/home/emily/MMIP/week5/quiz1/data/query/bird/00064.png,bird,3,/home/emily/MMIP/week5/quiz1/data/gallery/bird/00854.png,bird,0.862343
/home/emily/MMIP/week5/quiz1/data/query/bird/00064.png,bird,4,/home/emily/MMIP/week5/quiz1/data/gallery/bird/00367.png,bird,0.861112
/home/emily/MMIP/week5/quiz1/data/query/bird/00064.png,bird,5,/home/emily/MMIP/week5/quiz1/data/gallery/bird/00922.png,bird,0.858479
/home/emily/MMIP/week5/quiz1/data/query/bird/00065.png,bird,1,/home/emily/MMIP/week5/quiz1/data/gallery/airplane/00573.png,airplane,0.808248
/home/emily/MMIP/week5/quiz1/data/query/bird/00065.png,bird,2,/home/emily/MMIP/week5/quiz1/data/gallery/deer/00084.png,deer,0.807174
/home/emily/MMIP/week5/quiz1/data/query/bird/00065.png,bird,3,/home/emily/MMIP/week5/quiz1/data/gallery/airplane/00977.png,airplane,0.802707
/home/emily/MMIP/week5/quiz1/data/query/bird/00065.png,bird,4,/home/emily/MMIP/week5/quiz1/data/gallery/airplane/00711.png,airplane,0.796298
/home/emily/MMIP/week5/quiz1/data/query/bird/00065.png,bird,5,/home/emily/MMIP/week5/quiz1/data/gallery/airplane/00028.png,airplane,0.794791
/home/emily/MMIP/week5/quiz1/data/query/bird/00066.png,bird,1,/home/emily/MMIP/week5/quiz1/data/gallery/bird/00543.png,bird,0.822251
/home/emily/MMIP/week5/quiz1/data/query/bird/00066.png,bird,2,/home/emily/MMIP/week5/quiz1/data/gallery/frog/00345.png,frog,0.820067
/home/emily/MMIP/week5/quiz1/data/query/bird/00066.png,bird,3,/home/emily/MMIP/week5/quiz1/data/gallery/bird/00222.png,bird,0.817425
/home/emily/MMIP/week5/quiz1/data/query/bird/00066.png,bird,4,/home/emily/MMIP/week5/quiz1/data/gallery/bird/00520.png,bird,0.815618
/home/emily/MMIP/week5/quiz1/data/query/bird/00066.png,bird,5,/home/emily/MMIP/week5/quiz1/data/gallery/bird/00874.png,bird,0.815465
/home/emily/MMIP/week5/quiz1/data/query/bird/00067.png,bird,1,/home/emily/MMIP/week5/quiz1/data/gallery/bird/00086.png,bird,0.832094
/home/emily/MMIP/week5/quiz1/data/query/bird/00067.png,bird,2,/home/emily/MMIP/week5/quiz1/data/gallery/bird/00530.png,bird,0.829089
/home/emily/MMIP/week5/quiz1/data/query/bird/00067.png,bird,3,/home/emily/MMIP/week5/quiz1/data/gallery/bird/00139.png,bird,0.827430
/home/emily/MMIP/week5/quiz1/data/query/bird/00067.png,bird,4,/home/emily/MMIP/week5/quiz1/data/gallery/bird/00900.png,bird,0.824547
/home/emily/MMIP/week5/quiz1/data/query/bird/00067.png,bird,5,/home/emily/MMIP/week5/quiz1/data/gallery/bird/00790.png,bird,0.817119
/home/emily/MMIP/week5/quiz1/data/query/bird/00068.png,bird,1,/home/emily/MMIP/week5/quiz1/data/gallery/bird/00698.png,bird,0.850029
/home/emily/MMIP/week5/quiz1/data/query/bird/00068.png,bird,2,/home/emily/MMIP/week5/quiz1/data/gallery/bird/00985.png,bird,0.846586
/home/emily/MMIP/week5/quiz1/data/query/bird/00068.png,bird,3,/home/emily/MMIP/week5/quiz1/data/gallery/bird/00817.png,bird,0.840250
/home/emily/MMIP/week5/quiz1/data/query/bird/00068.png,bird,4,/home/emily/MMIP/week5/quiz1/data/gallery/bird/00860.png,bird,0.838184
/home/emily/MMIP/week5/quiz1/data/query/bird/00068.png,bird,5,/home/emily/MMIP/week5/quiz1/data/gallery/bird/00064.png,bird,0.836844
/home/emily/MMIP/week5/quiz1/data/query/bird/00069.png,bird,1,/home/emily/MMIP/week5/quiz1/data/gallery/horse/00981.png,horse,0.817738
/home/emily/MMIP/week5/quiz1/data/query/bird/00069.png,bird,2,/home/emily/MMIP/week5/quiz1/data/gallery/airplane/00527.png,airplane,0.814743
/home/emily/MMIP/week5/quiz1/data/query/bird/00069.png,bird,3,/home/emily/MMIP/week5/quiz1/data/gallery/airplane/00597.png,airplane,0.813287
/home/emily/MMIP/week5/quiz1/data/query/bird/00069.png,bird,4,/home/emily/MMIP/week5/quiz1/data/gallery/airplane/00053.png,airplane,0.811341
/home/emily/MMIP/week5/quiz1/data/query/bird/00069.png,bird,5,/home/emily/MMIP/week5/quiz1/data/gallery/ship/00746.png,ship,0.810019
/home/emily/MMIP/week5/quiz1/data/query/bird/00070.png,bird,1,/home/emily/MMIP/week5/quiz1/data/gallery/airplane/00969.png,airplane,0.817435
/home/emily/MMIP/week5/quiz1/data/query/bird/00070.png,bird,2,/home/emily/MMIP/week5/quiz1/data/gallery/airplane/00585.png,airplane,0.813579
/home/emily/MMIP/week5/quiz1/data/query/bird/00070.png,bird,3,/home/emily/MMIP/week5/quiz1/data/gallery/airplane/00531.png,airplane,0.812946
/home/emily/MMIP/week5/quiz1/data/query/bird/00070.png,bird,4,/home/emily/MMIP/week5/quiz1/data/gallery/airplane/00992.png,airplane,0.810285
/home/emily/MMIP/week5/quiz1/data/query/bird/00070.png,bird,5,/home/emily/MMIP/week5/quiz1/data/gallery/airplane/00879.png,airplane,0.809533
/home/emily/MMIP/week5/quiz1/data/query/bird/00071.png,bird,1,/home/emily/MMIP/week5/quiz1/data/gallery/bird/00721.png,bird,0.827504
/home/emily/MMIP/week5/quiz1/data/query/bird/00071.png,bird,2,/home/emily/MMIP/week5/quiz1/data/gallery/bird/00340.png,bird,0.825197
/home/emily/MMIP/week5/quiz1/data/query/bird/00071.png,bird,3,/home/emily/MMIP/week5/quiz1/data/gallery/bird/00284.png,bird,0.823958
/home/emily/MMIP/week5/quiz1/data/query/bird/00071.png,bird,4,/home/emily/MMIP/week5/quiz1/data/gallery/bird/00911.png,bird,0.823394
/home/emily/MMIP/week5/quiz1/data/query/bird/00071.png,bird,5,/home/emily/MMIP/week5/quiz1/data/gallery/bird/00501.png,bird,0.819167
/home/emily/MMIP/week5/quiz1/data/query/bird/00072.png,bird,1,/home/emily/MMIP/week5/quiz1/data/gallery/bird/00898.png,bird,0.863172
/home/emily/MMIP/week5/quiz1/data/query/bird/00072.png,bird,2,/home/emily/MMIP/week5/quiz1/data/gallery/bird/00207.png,bird,0.859373
/home/emily/MMIP/week5/quiz1/data/query/bird/00072.png,bird,3,/home/emily/MMIP/week5/quiz1/data/gallery/bird/00548.png,bird,0.858949
/home/emily/MMIP/week5/quiz1/data/query/bird/00072.png,bird,4,/home/emily/MMIP/week5/quiz1/data/gallery/bird/00751.png,bird,0.852215
/home/emily/MMIP/week5/quiz1/data/query/bird/00072.png,bird,5,/home/emily/MMIP/week5/quiz1/data/gallery/bird/00402.png,bird,0.848862
/home/emily/MMIP/week5/quiz1/data/query/bird/00073.png,bird,1,/home/emily/MMIP/week5/quiz1/data/gallery/airplane/00054.png,airplane,0.843963
/home/emily/MMIP/week5/quiz1/data/query/bird/00073.png,bird,2,/home/emily/MMIP/week5/quiz1/data/gallery/bird/00782.png,bird,0.842286
/home/emily/MMIP/week5/quiz1/data/query/bird/00073.png,bird,3,/home/emily/MMIP/week5/quiz1/data/gallery/bird/00623.png,bird,0.838795
/home/emily/MMIP/week5/quiz1/data/query/bird/00073.png,bird,4,/home/emily/MMIP/week5/quiz1/data/gallery/airplane/00280.png,airplane,0.837870
/home/emily/MMIP/week5/quiz1/data/query/bird/00073.png,bird,5,/home/emily/MMIP/week5/quiz1/data/gallery/airplane/00281.png,airplane,0.837381
/home/emily/MMIP/week5/quiz1/data/query/bird/00074.png,bird,1,/home/emily/MMIP/week5/quiz1/data/gallery/bird/00489.png,bird,0.846506
/home/emily/MMIP/week5/quiz1/data/query/bird/00074.png,bird,2,/home/emily/MMIP/week5/quiz1/data/gallery/bird/00333.png,bird,0.842407
/home/emily/MMIP/week5/quiz1/data/query/bird/00074.png,bird,3,/home/emily/MMIP/week5/quiz1/data/gallery/bird/00887.png,bird,0.841226
/home/emily/MMIP/week5/quiz1/data/query/bird/00074.png,bird,4,/home/emily/MMIP/week5/quiz1/data/gallery/bird/00098.png,bird,0.840646
/home/emily/MMIP/week5/quiz1/data/query/bird/00074.png,bird,5,/home/emily/MMIP/week5/quiz1/data/gallery/bird/00323.png,bird,0.837445
/home/emily/MMIP/week5/quiz1/data/query/bird/00075.png,bird,1,/home/emily/MMIP/week5/quiz1/data/gallery/bird/00949.png,bird,0.834054
/home/emily/MMIP/week5/quiz1/data/query/bird/00075.png,bird,2,/home/emily/MMIP/week5/quiz1/data/gallery/bird/00227.png,bird,0.831265
/home/emily/MMIP/week5/quiz1/data/query/bird/00075.png,bird,3,/home/emily/MMIP/week5/quiz1/data/gallery/bird/00186.png,bird,0.825182
/home/emily/MMIP/week5/quiz1/data/query/bird/00075.png,bird,4,/home/emily/MMIP/week5/quiz1/data/gallery/bird/00926.png,bird,0.821528
/home/emily/MMIP/week5/quiz1/data/query/bird/00075.png,bird,5,/home/emily/MMIP/week5/quiz1/data/gallery/bird/00993.png,bird,0.819611
/home/emily/MMIP/week5/quiz1/data/query/bird/00076.png,bird,1,/home/emily/MMIP/week5/quiz1/data/gallery/bird/00448.png,bird,0.861420
/home/emily/MMIP/week5/quiz1/data/query/bird/00076.png,bird,2,/home/emily/MMIP/week5/quiz1/data/gallery/bird/00663.png,bird,0.858331
/home/emily/MMIP/week5/quiz1/data/query/bird/00076.png,bird,3,/home/emily/MMIP/week5/quiz1/data/gallery/bird/00578.png,bird,0.850591
/home/emily/MMIP/week5/quiz1/data/query/bird/00076.png,bird,4,/home/emily/MMIP/week5/quiz1/data/gallery/bird/00098.png,bird,0.850097
/home/emily/MMIP/week5/quiz1/data/query/bird/00076.png,bird,5,/home/emily/MMIP/week5/quiz1/data/gallery/bird/00534.png,bird,0.847639
/home/emily/MMIP/week5/quiz1/data/query/bird/00077.png,bird,1,/home/emily/MMIP/week5/quiz1/data/gallery/bird/00239.png,bird,0.883529
/home/emily/MMIP/week5/quiz1/data/query/bird/00077.png,bird,2,/home/emily/MMIP/week5/quiz1/data/gallery/bird/00860.png,bird,0.872122
/home/emily/MMIP/week5/quiz1/data/query/bird/00077.png,bird,3,/home/emily/MMIP/week5/quiz1/data/gallery/bird/00553.png,bird,0.860528
/home/emily/MMIP/week5/quiz1/data/query/bird/00077.png,bird,4,/home/emily/MMIP/week5/quiz1/data/gallery/bird/00321.png,bird,0.847130
/home/emily/MMIP/week5/quiz1/data/query/bird/00077.png,bird,5,/home/emily/MMIP/week5/quiz1/data/gallery/bird/00223.png,bird,0.845864
/home/emily/MMIP/week5/quiz1/data/query/bird/00078.png,bird,1,/home/emily/MMIP/week5/quiz1/data/gallery/bird/00750.png,bird,0.844524
/home/emily/MMIP/week5/quiz1/data/query/bird/00078.png,bird,2,/home/emily/MMIP/week5/quiz1/data/gallery/bird/00418.png,bird,0.831794
/home/emily/MMIP/week5/quiz1/data/query/bird/00078.png,bird,3,/home/emily/MMIP/week5/quiz1/data/gallery/bird/00156.png,bird,0.824759
/home/emily/MMIP/week5/quiz1/data/query/bird/00078.png,bird,4,/home/emily/MMIP/week5/quiz1/data/gallery/bird/00993.png,bird,0.821135
/home/emily/MMIP/week5/quiz1/data/query/bird/00078.png,bird,5,/home/emily/MMIP/week5/quiz1/data/gallery/bird/00773.png,bird,0.819046
/home/emily/MMIP/week5/quiz1/data/query/bird/00079.png,bird,1,/home/emily/MMIP/week5/quiz1/data/gallery/bird/00608.png,bird,0.813887
/home/emily/MMIP/week5/quiz1/data/query/bird/00079.png,bird,2,/home/emily/MMIP/week5/quiz1/data/gallery/dog/00032.png,dog,0.811022
/home/emily/MMIP/week5/quiz1/data/query/bird/00079.png,bird,3,/home/emily/MMIP/week5/quiz1/data/gallery/bird/00649.png,bird,0.804128
/home/emily/MMIP/week5/quiz1/data/query/bird/00079.png,bird,4,/home/emily/MMIP/week5/quiz1/data/gallery/bird/00351.png,bird,0.801551
/home/emily/MMIP/week5/quiz1/data/query/bird/00079.png,bird,5,/home/emily/MMIP/week5/quiz1/data/gallery/bird/00291.png,bird,0.798113
/home/emily/MMIP/week5/quiz1/data/query/bird/00080.png,bird,1,/home/emily/MMIP/week5/quiz1/data/gallery/bird/00683.png,bird,0.829675
/home/emily/MMIP/week5/quiz1/data/query/bird/00080.png,bird,2,/home/emily/MMIP/week5/quiz1/data/gallery/bird/00716.png,bird,0.822081
/home/emily/MMIP/week5/quiz1/data/query/bird/00080.png,bird,3,/home/emily/MMIP/week5/quiz1/data/gallery/bird/00079.png,bird,0.818483
/home/emily/MMIP/week5/quiz1/data/query/bird/00080.png,bird,4,/home/emily/MMIP/week5/quiz1/data/gallery/bird/00092.png,bird,0.817094
/home/emily/MMIP/week5/quiz1/data/query/bird/00080.png,bird,5,/home/emily/MMIP/week5/quiz1/data/gallery/bird/00947.png,bird,0.816012
/home/emily/MMIP/week5/quiz1/data/query/bird/00081.png,bird,1,/home/emily/MMIP/week5/quiz1/data/gallery/bird/00262.png,bird,0.863281
/home/emily/MMIP/week5/quiz1/data/query/bird/00081.png,bird,2,/home/emily/MMIP/week5/quiz1/data/gallery/bird/00332.png,bird,0.862595
/home/emily/MMIP/week5/quiz1/data/query/bird/00081.png,bird,3,/home/emily/MMIP/week5/quiz1/data/gallery/bird/00767.png,bird,0.862490
/home/emily/MMIP/week5/quiz1/data/query/bird/00081.png,bird,4,/home/emily/MMIP/week5/quiz1/data/gallery/bird/00186.png,bird,0.862217
/home/emily/MMIP/week5/quiz1/data/query/bird/00081.png,bird,5,/home/emily/MMIP/week5/quiz1/data/gallery/bird/00993.png,bird,0.861884
/home/emily/MMIP/week5/quiz1/data/query/bird/00082.png,bird,1,/home/emily/MMIP/week5/quiz1/data/gallery/bird/00852.png,bird,0.832560
/home/emily/MMIP/week5/quiz1/data/query/bird/00082.png,bird,2,/home/emily/MMIP/week5/quiz1/data/gallery/bird/00699.png,bird,0.829229
/home/emily/MMIP/week5/quiz1/data/query/bird/00082.png,bird,3,/home/emily/MMIP/week5/quiz1/data/gallery/bird/00552.png,bird,0.824763
/home/emily/MMIP/week5/quiz1/data/query/bird/00082.png,bird,4,/home/emily/MMIP/week5/quiz1/data/gallery/bird/00668.png,bird,0.820650
/home/emily/MMIP/week5/quiz1/data/query/bird/00082.png,bird,5,/home/emily/MMIP/week5/quiz1/data/gallery/bird/00540.png,bird,0.819054
/home/emily/MMIP/week5/quiz1/data/query/bird/00083.png,bird,1,/home/emily/MMIP/week5/quiz1/data/gallery/bird/00378.png,bird,0.827356
/home/emily/MMIP/week5/quiz1/data/query/bird/00083.png,bird,2,/home/emily/MMIP/week5/quiz1/data/gallery/bird/00014.png,bird,0.817113
/home/emily/MMIP/week5/quiz1/data/query/bird/00083.png,bird,3,/home/emily/MMIP/week5/quiz1/data/gallery/frog/00266.png,frog,0.815663
/home/emily/MMIP/week5/quiz1/data/query/bird/00083.png,bird,4,/home/emily/MMIP/week5/quiz1/data/gallery/frog/00610.png,frog,0.815236
/home/emily/MMIP/week5/quiz1/data/query/bird/00083.png,bird,5,/home/emily/MMIP/week5/quiz1/data/gallery/bird/00725.png,bird,0.815228
/home/emily/MMIP/week5/quiz1/data/query/bird/00084.png,bird,1,/home/emily/MMIP/week5/quiz1/data/gallery/bird/00927.png,bird,0.837485
/home/emily/MMIP/week5/quiz1/data/query/bird/00084.png,bird,2,/home/emily/MMIP/week5/quiz1/data/gallery/bird/00570.png,bird,0.833713
/home/emily/MMIP/week5/quiz1/data/query/bird/00084.png,bird,3,/home/emily/MMIP/week5/quiz1/data/gallery/bird/00559.png,bird,0.832423
/home/emily/MMIP/week5/quiz1/data/query/bird/00084.png,bird,4,/home/emily/MMIP/week5/quiz1/data/gallery/bird/00853.png,bird,0.831798
/home/emily/MMIP/week5/quiz1/data/query/bird/00084.png,bird,5,/home/emily/MMIP/week5/quiz1/data/gallery/bird/00035.png,bird,0.827714
/home/emily/MMIP/week5/quiz1/data/query/bird/00085.png,bird,1,/home/emily/MMIP/week5/quiz1/data/gallery/bird/00802.png,bird,0.829606
/home/emily/MMIP/week5/quiz1/data/query/bird/00085.png,bird,2,/home/emily/MMIP/week5/quiz1/data/gallery/deer/00787.png,deer,0.826484
/home/emily/MMIP/week5/quiz1/data/query/bird/00085.png,bird,3,/home/emily/MMIP/week5/quiz1/data/gallery/deer/00894.png,deer,0.819942
/home/emily/MMIP/week5/quiz1/data/query/bird/00085.png,bird,4,/home/emily/MMIP/week5/quiz1/data/gallery/bird/00467.png,bird,0.818899
/home/emily/MMIP/week5/quiz1/data/query/bird/00085.png,bird,5,/home/emily/MMIP/week5/quiz1/data/gallery/deer/00096.png,deer,0.818689
/home/emily/MMIP/week5/quiz1/data/query/bird/00086.png,bird,1,/home/emily/MMIP/week5/quiz1/data/gallery/bird/00261.png,bird,0.919798
/home/emily/MMIP/week5/quiz1/data/query/bird/00086.png,bird,2,/home/emily/MMIP/week5/quiz1/data/gallery/bird/00367.png,bird,0.895660
/home/emily/MMIP/week5/quiz1/data/query/bird/00086.png,bird,3,/home/emily/MMIP/week5/quiz1/data/gallery/bird/00241.png,bird,0.871907
/home/emily/MMIP/week5/quiz1/data/query/bird/00086.png,bird,4,/home/emily/MMIP/week5/quiz1/data/gallery/bird/00694.png,bird,0.870385
/home/emily/MMIP/week5/quiz1/data/query/bird/00086.png,bird,5,/home/emily/MMIP/week5/quiz1/data/gallery/bird/00603.png,bird,0.870320
/home/emily/MMIP/week5/quiz1/data/query/bird/00087.png,bird,1,/home/emily/MMIP/week5/quiz1/data/gallery/bird/00110.png,bird,0.857709
/home/emily/MMIP/week5/quiz1/data/query/bird/00087.png,bird,2,/home/emily/MMIP/week5/quiz1/data/gallery/bird/00483.png,bird,0.855328
/home/emily/MMIP/week5/quiz1/data/query/bird/00087.png,bird,3,/home/emily/MMIP/week5/quiz1/data/gallery/bird/00040.png,bird,0.849621
/home/emily/MMIP/week5/quiz1/data/query/bird/00087.png,bird,4,/home/emily/MMIP/week5/quiz1/data/gallery/bird/00166.png,bird,0.848001
/home/emily/MMIP/week5/quiz1/data/query/bird/00087.png,bird,5,/home/emily/MMIP/week5/quiz1/data/gallery/bird/00433.png,bird,0.847640
/home/emily/MMIP/week5/quiz1/data/query/bird/00088.png,bird,1,/home/emily/MMIP/week5/quiz1/data/gallery/bird/00300.png,bird,0.855970
/home/emily/MMIP/week5/quiz1/data/query/bird/00088.png,bird,2,/home/emily/MMIP/week5/quiz1/data/gallery/bird/00851.png,bird,0.854685
/home/emily/MMIP/week5/quiz1/data/query/bird/00088.png,bird,3,/home/emily/MMIP/week5/quiz1/data/gallery/bird/00098.png,bird,0.852793
/home/emily/MMIP/week5/quiz1/data/query/bird/00088.png,bird,4,/home/emily/MMIP/week5/quiz1/data/gallery/bird/00319.png,bird,0.852193
/home/emily/MMIP/week5/quiz1/data/query/bird/00088.png,bird,5,/home/emily/MMIP/week5/quiz1/data/gallery/bird/00498.png,bird,0.851349
/home/emily/MMIP/week5/quiz1/data/query/bird/00089.png,bird,1,/home/emily/MMIP/week5/quiz1/data/gallery/bird/00249.png,bird,0.835131
/home/emily/MMIP/week5/quiz1/data/query/bird/00089.png,bird,2,/home/emily/MMIP/week5/quiz1/data/gallery/bird/00448.png,bird,0.834519
/home/emily/MMIP/week5/quiz1/data/query/bird/00089.png,bird,3,/home/emily/MMIP/week5/quiz1/data/gallery/bird/00817.png,bird,0.832446
/home/emily/MMIP/week5/quiz1/data/query/bird/00089.png,bird,4,/home/emily/MMIP/week5/quiz1/data/gallery/bird/00133.png,bird,0.822696
/home/emily/MMIP/week5/quiz1/data/query/bird/00089.png,bird,5,/home/emily/MMIP/week5/quiz1/data/gallery/bird/00991.png,bird,0.821686
/home/emily/MMIP/week5/quiz1/data/query/bird/00090.png,bird,1,/home/emily/MMIP/week5/quiz1/data/gallery/bird/00114.png,bird,0.874192
/home/emily/MMIP/week5/quiz1/data/query/bird/00090.png,bird,2,/home/emily/MMIP/week5/quiz1/data/gallery/deer/00517.png,deer,0.816174
/home/emily/MMIP/week5/quiz1/data/query/bird/00090.png,bird,3,/home/emily/MMIP/week5/quiz1/data/gallery/bird/00697.png,bird,0.813373
/home/emily/MMIP/week5/quiz1/data/query/bird/00090.png,bird,4,/home/emily/MMIP/week5/quiz1/data/gallery/bird/00553.png,bird,0.813332
/home/emily/MMIP/week5/quiz1/data/query/bird/00090.png,bird,5,/home/emily/MMIP/week5/quiz1/data/gallery/deer/00495.png,deer,0.813003
/home/emily/MMIP/week5/quiz1/data/query/bird/00091.png,bird,1,/home/emily/MMIP/week5/quiz1/data/gallery/bird/00733.png,bird,0.825164
/home/emily/MMIP/week5/quiz1/data/query/bird/00091.png,bird,2,/home/emily/MMIP/week5/quiz1/data/gallery/bird/00734.png,bird,0.821021
/home/emily/MMIP/week5/quiz1/data/query/bird/00091.png,bird,3,/home/emily/MMIP/week5/quiz1/data/gallery/bird/00754.png,bird,0.820636
/home/emily/MMIP/week5/quiz1/data/query/bird/00091.png,bird,4,/home/emily/MMIP/week5/quiz1/data/gallery/bird/00669.png,bird,0.820623
/home/emily/MMIP/week5/quiz1/data/query/bird/00091.png,bird,5,/home/emily/MMIP/week5/quiz1/data/gallery/bird/00402.png,bird,0.818124
/home/emily/MMIP/week5/quiz1/data/query/bird/00092.png,bird,1,/home/emily/MMIP/week5/quiz1/data/gallery/frog/00516.png,frog,0.825706
/home/emily/MMIP/week5/quiz1/data/query/bird/00092.png,bird,2,/home/emily/MMIP/week5/quiz1/data/gallery/frog/00114.png,frog,0.823076
/home/emily/MMIP/week5/quiz1/data/query/bird/00092.png,bird,3,/home/emily/MMIP/week5/quiz1/data/gallery/frog/00231.png,frog,0.816148
/home/emily/MMIP/week5/quiz1/data/query/bird/00092.png,bird,4,/home/emily/MMIP/week5/quiz1/data/gallery/frog/00694.png,frog,0.813706
/home/emily/MMIP/week5/quiz1/data/query/bird/00092.png,bird,5,/home/emily/MMIP/week5/quiz1/data/gallery/dog/00386.png,dog,0.813375
/home/emily/MMIP/week5/quiz1/data/query/bird/00093.png,bird,1,/home/emily/MMIP/week5/quiz1/data/gallery/bird/00466.png,bird,0.850367
/home/emily/MMIP/week5/quiz1/data/query/bird/00093.png,bird,2,/home/emily/MMIP/week5/quiz1/data/gallery/bird/00054.png,bird,0.848376
/home/emily/MMIP/week5/quiz1/data/query/bird/00093.png,bird,3,/home/emily/MMIP/week5/quiz1/data/gallery/bird/00766.png,bird,0.840444
/home/emily/MMIP/week5/quiz1/data/query/bird/00093.png,bird,4,/home/emily/MMIP/week5/quiz1/data/gallery/bird/00199.png,bird,0.840113
/home/emily/MMIP/week5/quiz1/data/query/bird/00093.png,bird,5,/home/emily/MMIP/week5/quiz1/data/gallery/bird/00751.png,bird,0.838648
/home/emily/MMIP/week5/quiz1/data/query/bird/00094.png,bird,1,/home/emily/MMIP/week5/quiz1/data/gallery/bird/00249.png,bird,0.853268
/home/emily/MMIP/week5/quiz1/data/query/bird/00094.png,bird,2,/home/emily/MMIP/week5/quiz1/data/gallery/bird/00368.png,bird,0.825154
/home/emily/MMIP/week5/quiz1/data/query/bird/00094.png,bird,3,/home/emily/MMIP/week5/quiz1/data/gallery/bird/00829.png,bird,0.824381
/home/emily/MMIP/week5/quiz1/data/query/bird/00094.png,bird,4,/home/emily/MMIP/week5/quiz1/data/gallery/bird/00140.png,bird,0.822927
/home/emily/MMIP/week5/quiz1/data/query/bird/00094.png,bird,5,/home/emily/MMIP/week5/quiz1/data/gallery/bird/00953.png,bird,0.821360
/home/emily/MMIP/week5/quiz1/data/query/bird/00095.png,bird,1,/home/emily/MMIP/week5/quiz1/data/gallery/bird/00210.png,bird,0.848694
/home/emily/MMIP/week5/quiz1/data/query/bird/00095.png,bird,2,/home/emily/MMIP/week5/quiz1/data/gallery/bird/00032.png,bird,0.838996
/home/emily/MMIP/week5/quiz1/data/query/bird/00095.png,bird,3,/home/emily/MMIP/week5/quiz1/data/gallery/bird/00367.png,bird,0.835541
/home/emily/MMIP/week5/quiz1/data/query/bird/00095.png,bird,4,/home/emily/MMIP/week5/quiz1/data/gallery/bird/00054.png,bird,0.832400
/home/emily/MMIP/week5/quiz1/data/query/bird/00095.png,bird,5,/home/emily/MMIP/week5/quiz1/data/gallery/bird/00466.png,bird,0.832396
/home/emily/MMIP/week5/quiz1/data/query/bird/00096.png,bird,1,/home/emily/MMIP/week5/quiz1/data/gallery/bird/00891.png,bird,0.860737
/home/emily/MMIP/week5/quiz1/data/query/bird/00096.png,bird,2,/home/emily/MMIP/week5/quiz1/data/gallery/bird/00860.png,bird,0.851223
/home/emily/MMIP/week5/quiz1/data/query/bird/00096.png,bird,3,/home/emily/MMIP/week5/quiz1/data/gallery/bird/00114.png,bird,0.848717
/home/emily/MMIP/week5/quiz1/data/query/bird/00096.png,bird,4,/home/emily/MMIP/week5/quiz1/data/gallery/bird/00514.png,bird,0.846230
/home/emily/MMIP/week5/quiz1/data/query/bird/00096.png,bird,5,/home/emily/MMIP/week5/quiz1/data/gallery/bird/00924.png,bird,0.841782
/home/emily/MMIP/week5/quiz1/data/query/bird/00097.png,bird,1,/home/emily/MMIP/week5/quiz1/data/gallery/bird/00871.png,bird,0.815063
/home/emily/MMIP/week5/quiz1/data/query/bird/00097.png,bird,2,/home/emily/MMIP/week5/quiz1/data/gallery/bird/00083.png,bird,0.809597
/home/emily/MMIP/week5/quiz1/data/query/bird/00097.png,bird,3,/home/emily/MMIP/week5/quiz1/data/gallery/bird/00629.png,bird,0.806298
/home/emily/MMIP/week5/quiz1/data/query/bird/00097.png,bird,4,/home/emily/MMIP/week5/quiz1/data/gallery/bird/00665.png,bird,0.806053
/home/emily/MMIP/week5/quiz1/data/query/bird/00097.png,bird,5,/home/emily/MMIP/week5/quiz1/data/gallery/bird/00479.png,bird,0.803920
/home/emily/MMIP/week5/quiz1/data/query/bird/00098.png,bird,1,/home/emily/MMIP/week5/quiz1/data/gallery/bird/00906.png,bird,0.855077
/home/emily/MMIP/week5/quiz1/data/query/bird/00098.png,bird,2,/home/emily/MMIP/week5/quiz1/data/gallery/bird/00249.png,bird,0.852709
/home/emily/MMIP/week5/quiz1/data/query/bird/00098.png,bird,3,/home/emily/MMIP/week5/quiz1/data/gallery/bird/00953.png,bird,0.852254
/home/emily/MMIP/week5/quiz1/data/query/bird/00098.png,bird,4,/home/emily/MMIP/week5/quiz1/data/gallery/bird/00466.png,bird,0.841570
/home/emily/MMIP/week5/quiz1/data/query/bird/00098.png,bird,5,/home/emily/MMIP/week5/quiz1/data/gallery/bird/00335.png,bird,0.837381
/home/emily/MMIP/week5/quiz1/data/query/bird/00099.png,bird,1,/home/emily/MMIP/week5/quiz1/data/gallery/bird/00788.png,bird,0.817091
/home/emily/MMIP/week5/quiz1/data/query/bird/00099.png,bird,2,/home/emily/MMIP/week5/quiz1/data/gallery/bird/00164.png,bird,0.816936
/home/emily/MMIP/week5/quiz1/data/query/bird/00099.png,bird,3,/home/emily/MMIP/week5/quiz1/data/gallery/bird/00042.png,bird,0.814245
/home/emily/MMIP/week5/quiz1/data/query/bird/00099.png,bird,4,/home/emily/MMIP/week5/quiz1/data/gallery/bird/00708.png,bird,0.811118
/home/emily/MMIP/week5/quiz1/data/query/bird/00099.png,bird,5,/home/emily/MMIP/week5/quiz1/data/gallery/bird/00861.png,bird,0.810888
/home/emily/MMIP/week5/quiz1/data/query/cat/00000.png,cat,1,/home/emily/MMIP/week5/quiz1/data/gallery/dog/00414.png,dog,0.833378
/home/emily/MMIP/week5/quiz1/data/query/cat/00000.png,cat,2,/home/emily/MMIP/week5/quiz1/data/gallery/cat/00030.png,cat,0.832747
/home/emily/MMIP/week5/quiz1/data/query/cat/00000.png,cat,3,/home/emily/MMIP/week5/quiz1/data/gallery/dog/00942.png,dog,0.831932
/home/emily/MMIP/week5/quiz1/data/query/cat/00000.png,cat,4,/home/emily/MMIP/week5/quiz1/data/gallery/dog/00888.png,dog,0.830899
/home/emily/MMIP/week5/quiz1/data/query/cat/00000.png,cat,5,/home/emily/MMIP/week5/quiz1/data/gallery/cat/00487.png,cat,0.830827
/home/emily/MMIP/week5/quiz1/data/query/cat/00001.png,cat,1,/home/emily/MMIP/week5/quiz1/data/gallery/cat/00042.png,cat,0.828259
/home/emily/MMIP/week5/quiz1/data/query/cat/00001.png,cat,2,/home/emily/MMIP/week5/quiz1/data/gallery/cat/00647.png,cat,0.819706
/home/emily/MMIP/week5/quiz1/data/query/cat/00001.png,cat,3,/home/emily/MMIP/week5/quiz1/data/gallery/horse/00715.png,horse,0.817348
/home/emily/MMIP/week5/quiz1/data/query/cat/00001.png,cat,4,/home/emily/MMIP/week5/quiz1/data/gallery/cat/00280.png,cat,0.815236
/home/emily/MMIP/week5/quiz1/data/query/cat/00001.png,cat,5,/home/emily/MMIP/week5/quiz1/data/gallery/cat/00185.png,cat,0.814953
/home/emily/MMIP/week5/quiz1/data/query/cat/00002.png,cat,1,/home/emily/MMIP/week5/quiz1/data/gallery/cat/00981.png,cat,0.861798
/home/emily/MMIP/week5/quiz1/data/query/cat/00002.png,cat,2,/home/emily/MMIP/week5/quiz1/data/gallery/cat/00399.png,cat,0.842969
/home/emily/MMIP/week5/quiz1/data/query/cat/00002.png,cat,3,/home/emily/MMIP/week5/quiz1/data/gallery/cat/00927.png,cat,0.832671
/home/emily/MMIP/week5/quiz1/data/query/cat/00002.png,cat,4,/home/emily/MMIP/week5/quiz1/data/gallery/cat/00460.png,cat,0.832669
/home/emily/MMIP/week5/quiz1/data/query/cat/00002.png,cat,5,/home/emily/MMIP/week5/quiz1/data/gallery/dog/00918.png,dog,0.825635
/home/emily/MMIP/week5/quiz1/data/query/cat/00003.png,cat,1,/home/emily/MMIP/week5/quiz1/data/gallery/frog/00975.png,frog,0.815328
/home/emily/MMIP/week5/quiz1/data/query/cat/00003.png,cat,2,/home/emily/MMIP/week5/quiz1/data/gallery/cat/00759.png,cat,0.810230
/home/emily/MMIP/week5/quiz1/data/query/cat/00003.png,cat,3,/home/emily/MMIP/week5/quiz1/data/gallery/cat/00025.png,cat,0.810166
/home/emily/MMIP/week5/quiz1/data/query/cat/00003.png,cat,4,/home/emily/MMIP/week5/quiz1/data/gallery/frog/00465.png,frog,0.808271
/home/emily/MMIP/week5/quiz1/data/query/cat/00003.png,cat,5,/home/emily/MMIP/week5/quiz1/data/gallery/dog/00407.png,dog,0.807714
/home/emily/MMIP/week5/quiz1/data/query/cat/00004.png,cat,1,/home/emily/MMIP/week5/quiz1/data/gallery/bird/00479.png,bird,0.823147
/home/emily/MMIP/week5/quiz1/data/query/cat/00004.png,cat,2,/home/emily/MMIP/week5/quiz1/data/gallery/bird/00237.png,bird,0.822853
/home/emily/MMIP/week5/quiz1/data/query/cat/00004.png,cat,3,/home/emily/MMIP/week5/quiz1/data/gallery/bird/00215.png,bird,0.822161
/home/emily/MMIP/week5/quiz1/data/query/cat/00004.png,cat,4,/home/emily/MMIP/week5/quiz1/data/gallery/bird/00249.png,bird,0.818711
/home/emily/MMIP/week5/quiz1/data/query/cat/00004.png,cat,5,/home/emily/MMIP/week5/quiz1/data/gallery/frog/00585.png,frog,0.818366
/home/emily/MMIP/week5/quiz1/data/query/cat/00005.png,cat,1,/home/emily/MMIP/week5/quiz1/data/gallery/cat/00935.png,cat,0.827606
/home/emily/MMIP/week5/quiz1/data/query/cat/00005.png,cat,2,/home/emily/MMIP/week5/quiz1/data/gallery/cat/00252.png,cat,0.822248
/home/emily/MMIP/week5/quiz1/data/query/cat/00005.png,cat,3,/home/emily/MMIP/week5/quiz1/data/gallery/cat/00392.png,cat,0.822069
/home/emily/MMIP/week5/quiz1/data/query/cat/00005.png,cat,4,/home/emily/MMIP/week5/quiz1/data/gallery/cat/00346.png,cat,0.820535
/home/emily/MMIP/week5/quiz1/data/query/cat/00005.png,cat,5,/home/emily/MMIP/week5/quiz1/data/gallery/cat/00026.png,cat,0.818410
/home/emily/MMIP/week5/quiz1/data/query/cat/00006.png,cat,1,/home/emily/MMIP/week5/quiz1/data/gallery/dog/00837.png,dog,0.826171
/home/emily/MMIP/week5/quiz1/data/query/cat/00006.png,cat,2,/home/emily/MMIP/week5/quiz1/data/gallery/cat/00763.png,cat,0.821007
/home/emily/MMIP/week5/quiz1/data/query/cat/00006.png,cat,3,/home/emily/MMIP/week5/quiz1/data/gallery/cat/00259.png,cat,0.820115
/home/emily/MMIP/week5/quiz1/data/query/cat/00006.png,cat,4,/home/emily/MMIP/week5/quiz1/data/gallery/frog/00496.png,frog,0.819633
/home/emily/MMIP/week5/quiz1/data/query/cat/00006.png,cat,5,/home/emily/MMIP/week5/quiz1/data/gallery/deer/00615.png,deer,0.819237
/home/emily/MMIP/week5/quiz1/data/query/cat/00007.png,cat,1,/home/emily/MMIP/week5/quiz1/data/gallery/cat/00319.png,cat,0.877774
/home/emily/MMIP/week5/quiz1/data/query/cat/00007.png,cat,2,/home/emily/MMIP/week5/quiz1/data/gallery/cat/00361.png,cat,0.836053
/home/emily/MMIP/week5/quiz1/data/query/cat/00007.png,cat,3,/home/emily/MMIP/week5/quiz1/data/gallery/cat/00603.png,cat,0.834938
/home/emily/MMIP/week5/quiz1/data/query/cat/00007.png,cat,4,/home/emily/MMIP/week5/quiz1/data/gallery/cat/00259.png,cat,0.834723
/home/emily/MMIP/week5/quiz1/data/query/cat/00007.png,cat,5,/home/emily/MMIP/week5/quiz1/data/gallery/cat/00658.png,cat,0.834331
/home/emily/MMIP/week5/quiz1/data/query/cat/00008.png,cat,1,/home/emily/MMIP/week5/quiz1/data/gallery/dog/00399.png,dog,0.866117
/home/emily/MMIP/week5/quiz1/data/query/cat/00008.png,cat,2,/home/emily/MMIP/week5/quiz1/data/gallery/dog/00574.png,dog,0.861489
/home/emily/MMIP/week5/quiz1/data/query/cat/00008.png,cat,3,/home/emily/MMIP/week5/quiz1/data/gallery/dog/00472.png,dog,0.852771
/home/emily/MMIP/week5/quiz1/data/query/cat/00008.png,cat,4,/home/emily/MMIP/week5/quiz1/data/gallery/dog/00622.png,dog,0.852283
/home/emily/MMIP/week5/quiz1/data/query/cat/00008.png,cat,5,/home/emily/MMIP/week5/quiz1/data/gallery/dog/00524.png,dog,0.852244
/home/emily/MMIP/week5/quiz1/data/query/cat/00009.png,cat,1,/home/emily/MMIP/week5/quiz1/data/gallery/cat/00603.png,cat,0.864333
/home/emily/MMIP/week5/quiz1/data/query/cat/00009.png,cat,2,/home/emily/MMIP/week5/quiz1/data/gallery/cat/00250.png,cat,0.860826
/home/emily/MMIP/week5/quiz1/data/query/cat/00009.png,cat,3,/home/emily/MMIP/week5/quiz1/data/gallery/cat/00361.png,cat,0.859720
/home/emily/MMIP/week5/quiz1/data/query/cat/00009.png,cat,4,/home/emily/MMIP/week5/quiz1/data/gallery/cat/00881.png,cat,0.840679
/home/emily/MMIP/week5/quiz1/data/query/cat/00009.png,cat,5,/home/emily/MMIP/week5/quiz1/data/gallery/cat/00783.png,cat,0.839118
/home/emily/MMIP/week5/quiz1/data/query/cat/00010.png,cat,1,/home/emily/MMIP/week5/quiz1/data/gallery/cat/00647.png,cat,0.827729
/home/emily/MMIP/week5/quiz1/data/query/cat/00010.png,cat,2,/home/emily/MMIP/week5/quiz1/data/gallery/cat/00943.png,cat,0.827132
/home/emily/MMIP/week5/quiz1/data/query/cat/00010.png,cat,3,/home/emily/MMIP/week5/quiz1/data/gallery/cat/00683.png,cat,0.825911
/home/emily/MMIP/week5/quiz1/data/query/cat/00010.png,cat,4,/home/emily/MMIP/week5/quiz1/data/gallery/cat/00855.png,cat,0.823389
/home/emily/MMIP/week5/quiz1/data/query/cat/00010.png,cat,5,/home/emily/MMIP/week5/quiz1/data/gallery/cat/00579.png,cat,0.822930
/home/emily/MMIP/week5/quiz1/data/query/cat/00011.png,cat,1,/home/emily/MMIP/week5/quiz1/data/gallery/cat/00129.png,cat,0.818552
/home/emily/MMIP/week5/quiz1/data/query/cat/00011.png,cat,2,/home/emily/MMIP/week5/quiz1/data/gallery/cat/00920.png,cat,0.815820
/home/emily/MMIP/week5/quiz1/data/query/cat/00011.png,cat,3,/home/emily/MMIP/week5/quiz1/data/gallery/cat/00895.png,cat,0.815287
/home/emily/MMIP/week5/quiz1/data/query/cat/00011.png,cat,4,/home/emily/MMIP/week5/quiz1/data/gallery/cat/00460.png,cat,0.815142
/home/emily/MMIP/week5/quiz1/data/query/cat/00011.png,cat,5,/home/emily/MMIP/week5/quiz1/data/gallery/cat/00291.png,cat,0.814192
/home/emily/MMIP/week5/quiz1/data/query/cat/00012.png,cat,1,/home/emily/MMIP/week5/quiz1/data/gallery/dog/00413.png,dog,0.820681
/home/emily/MMIP/week5/quiz1/data/query/cat/00012.png,cat,2,/home/emily/MMIP/week5/quiz1/data/gallery/dog/00514.png,dog,0.819724
/home/emily/MMIP/week5/quiz1/data/query/cat/00012.png,cat,3,/home/emily/MMIP/week5/quiz1/data/gallery/cat/00812.png,cat,0.818982
/home/emily/MMIP/week5/quiz1/data/query/cat/00012.png,cat,4,/home/emily/MMIP/week5/quiz1/data/gallery/dog/00694.png,dog,0.815330
/home/emily/MMIP/week5/quiz1/data/query/cat/00012.png,cat,5,/home/emily/MMIP/week5/quiz1/data/gallery/cat/00019.png,cat,0.814300
/home/emily/MMIP/week5/quiz1/data/query/cat/00013.png,cat,1,/home/emily/MMIP/week5/quiz1/data/gallery/cat/00204.png,cat,0.800386
/home/emily/MMIP/week5/quiz1/data/query/cat/00013.png,cat,2,/home/emily/MMIP/week5/quiz1/data/gallery/cat/00735.png,cat,0.790414
/home/emily/MMIP/week5/quiz1/data/query/cat/00013.png,cat,3,/home/emily/MMIP/week5/quiz1/data/gallery/cat/00978.png,cat,0.788250
/home/emily/MMIP/week5/quiz1/data/query/cat/00013.png,cat,4,/home/emily/MMIP/week5/quiz1/data/gallery/dog/00640.png,dog,0.783841
/home/emily/MMIP/week5/quiz1/data/query/cat/00013.png,cat,5,/home/emily/MMIP/week5/quiz1/data/gallery/cat/00367.png,cat,0.783724
/home/emily/MMIP/week5/quiz1/data/query/cat/00014.png,cat,1,/home/emily/MMIP/week5/quiz1/data/gallery/frog/00511.png,frog,0.820617
/home/emily/MMIP/week5/quiz1/data/query/cat/00014.png,cat,2,/home/emily/MMIP/week5/quiz1/data/gallery/cat/00890.png,cat,0.819889
/home/emily/MMIP/week5/quiz1/data/query/cat/00014.png,cat,3,/home/emily/MMIP/week5/quiz1/data/gallery/frog/00082.png,frog,0.818286
/home/emily/MMIP/week5/quiz1/data/query/cat/00014.png,cat,4,/home/emily/MMIP/week5/quiz1/data/gallery/frog/00012.png,frog,0.817685
/home/emily/MMIP/week5/quiz1/data/query/cat/00014.png,cat,5,/home/emily/MMIP/week5/quiz1/data/gallery/deer/00917.png,deer,0.816792
/home/emily/MMIP/week5/quiz1/data/query/cat/00015.png,cat,1,/home/emily/MMIP/week5/quiz1/data/gallery/cat/00936.png,cat,0.882272
/home/emily/MMIP/week5/quiz1/data/query/cat/00015.png,cat,2,/home/emily/MMIP/week5/quiz1/data/gallery/horse/00110.png,horse,0.838684
/home/emily/MMIP/week5/quiz1/data/query/cat/00015.png,cat,3,/home/emily/MMIP/week5/quiz1/data/gallery/horse/00224.png,horse,0.833994
/home/emily/MMIP/week5/quiz1/data/query/cat/00015.png,cat,4,/home/emily/MMIP/week5/quiz1/data/gallery/horse/00919.png,horse,0.825988
/home/emily/MMIP/week5/quiz1/data/query/cat/00015.png,cat,5,/home/emily/MMIP/week5/quiz1/data/gallery/horse/00617.png,horse,0.825507
/home/emily/MMIP/week5/quiz1/data/query/cat/00016.png,cat,1,/home/emily/MMIP/week5/quiz1/data/gallery/frog/00290.png,frog,0.817747
/home/emily/MMIP/week5/quiz1/data/query/cat/00016.png,cat,2,/home/emily/MMIP/week5/quiz1/data/gallery/cat/00718.png,cat,0.814720
/home/emily/MMIP/week5/quiz1/data/query/cat/00016.png,cat,3,/home/emily/MMIP/week5/quiz1/data/gallery/cat/00797.png,cat,0.813184
/home/emily/MMIP/week5/quiz1/data/query/cat/00016.png,cat,4,/home/emily/MMIP/week5/quiz1/data/gallery/frog/00575.png,frog,0.812257
/home/emily/MMIP/week5/quiz1/data/query/cat/00016.png,cat,5,/home/emily/MMIP/week5/quiz1/data/gallery/dog/00226.png,dog,0.809297
/home/emily/MMIP/week5/quiz1/data/query/cat/00017.png,cat,1,/home/emily/MMIP/week5/quiz1/data/gallery/horse/00293.png,horse,0.817220
/home/emily/MMIP/week5/quiz1/data/query/cat/00017.png,cat,2,/home/emily/MMIP/week5/quiz1/data/gallery/horse/00518.png,horse,0.811739
/home/emily/MMIP/week5/quiz1/data/query/cat/00017.png,cat,3,/home/emily/MMIP/week5/quiz1/data/gallery/horse/00171.png,horse,0.808182
/home/emily/MMIP/week5/quiz1/data/query/cat/00017.png,cat,4,/home/emily/MMIP/week5/quiz1/data/gallery/dog/00736.png,dog,0.806894
/home/emily/MMIP/week5/quiz1/data/query/cat/00017.png,cat,5,/home/emily/MMIP/week5/quiz1/data/gallery/cat/00166.png,cat,0.805805
/home/emily/MMIP/week5/quiz1/data/query/cat/00018.png,cat,1,/home/emily/MMIP/week5/quiz1/data/gallery/cat/00257.png,cat,0.826597
/home/emily/MMIP/week5/quiz1/data/query/cat/00018.png,cat,2,/home/emily/MMIP/week5/quiz1/data/gallery/cat/00869.png,cat,0.823314
/home/emily/MMIP/week5/quiz1/data/query/cat/00018.png,cat,3,/home/emily/MMIP/week5/quiz1/data/gallery/cat/00793.png,cat,0.820480
/home/emily/MMIP/week5/quiz1/data/query/cat/00018.png,cat,4,/home/emily/MMIP/week5/quiz1/data/gallery/horse/00264.png,horse,0.817164
/home/emily/MMIP/week5/quiz1/data/query/cat/00018.png,cat,5,/home/emily/MMIP/week5/quiz1/data/gallery/cat/00526.png,cat,0.816232
/home/emily/MMIP/week5/quiz1/data/query/cat/00019.png,cat,1,/home/emily/MMIP/week5/quiz1/data/gallery/cat/00719.png,cat,0.827171
/home/emily/MMIP/week5/quiz1/data/query/cat/00019.png,cat,2,/home/emily/MMIP/week5/quiz1/data/gallery/cat/00425.png,cat,0.822751
/home/emily/MMIP/week5/quiz1/data/query/cat/00019.png,cat,3,/home/emily/MMIP/week5/quiz1/data/gallery/cat/00032.png,cat,0.818092
/home/emily/MMIP/week5/quiz1/data/query/cat/00019.png,cat,4,/home/emily/MMIP/week5/quiz1/data/gallery/cat/00516.png,cat,0.816750
/home/emily/MMIP/week5/quiz1/data/query/cat/00019.png,cat,5,/home/emily/MMIP/week5/quiz1/data/gallery/cat/00675.png,cat,0.812611
/home/emily/MMIP/week5/quiz1/data/query/cat/00020.png,cat,1,/home/emily/MMIP/week5/quiz1/data/gallery/cat/00634.png,cat,0.831054
/home/emily/MMIP/week5/quiz1/data/query/cat/00020.png,cat,2,/home/emily/MMIP/week5/quiz1/data/gallery/dog/00550.png,dog,0.825378
/home/emily/MMIP/week5/quiz1/data/query/cat/00020.png,cat,3,/home/emily/MMIP/week5/quiz1/data/gallery/deer/00270.png,deer,0.823293
/home/emily/MMIP/week5/quiz1/data/query/cat/00020.png,cat,4,/home/emily/MMIP/week5/quiz1/data/gallery/cat/00375.png,cat,0.821064
/home/emily/MMIP/week5/quiz1/data/query/cat/00020.png,cat,5,/home/emily/MMIP/week5/quiz1/data/gallery/horse/00500.png,horse,0.816168
/home/emily/MMIP/week5/quiz1/data/query/cat/00021.png,cat,1,/home/emily/MMIP/week5/quiz1/data/gallery/frog/00575.png,frog,0.841836
/home/emily/MMIP/week5/quiz1/data/query/cat/00021.png,cat,2,/home/emily/MMIP/week5/quiz1/data/gallery/frog/00742.png,frog,0.840327
/home/emily/MMIP/week5/quiz1/data/query/cat/00021.png,cat,3,/home/emily/MMIP/week5/quiz1/data/gallery/frog/00119.png,frog,0.836522
/home/emily/MMIP/week5/quiz1/data/query/cat/00021.png,cat,4,/home/emily/MMIP/week5/quiz1/data/gallery/cat/00822.png,cat,0.835063
/home/emily/MMIP/week5/quiz1/data/query/cat/00021.png,cat,5,/home/emily/MMIP/week5/quiz1/data/gallery/frog/00400.png,frog,0.828780
/home/emily/MMIP/week5/quiz1/data/query/cat/00022.png,cat,1,/home/emily/MMIP/week5/quiz1/data/gallery/cat/00985.png,cat,0.838947
/home/emily/MMIP/week5/quiz1/data/query/cat/00022.png,cat,2,/home/emily/MMIP/week5/quiz1/data/gallery/cat/00721.png,cat,0.825987
/home/emily/MMIP/week5/quiz1/data/query/cat/00022.png,cat,3,/home/emily/MMIP/week5/quiz1/data/gallery/cat/00757.png,cat,0.823101
/home/emily/MMIP/week5/quiz1/data/query/cat/00022.png,cat,4,/home/emily/MMIP/week5/quiz1/data/gallery/cat/00361.png,cat,0.817816
/home/emily/MMIP/week5/quiz1/data/query/cat/00022.png,cat,5,/home/emily/MMIP/week5/quiz1/data/gallery/cat/00459.png,cat,0.816863
/home/emily/MMIP/week5/quiz1/data/query/cat/00023.png,cat,1,/home/emily/MMIP/week5/quiz1/data/gallery/cat/00066.png,cat,0.841124
/home/emily/MMIP/week5/quiz1/data/query/cat/00023.png,cat,2,/home/emily/MMIP/week5/quiz1/data/gallery/cat/00783.png,cat,0.840253
/home/emily/MMIP/week5/quiz1/data/query/cat/00023.png,cat,3,/home/emily/MMIP/week5/quiz1/data/gallery/cat/00943.png,cat,0.837982
/home/emily/MMIP/week5/quiz1/data/query/cat/00023.png,cat,4,/home/emily/MMIP/week5/quiz1/data/gallery/frog/00043.png,frog,0.834780
/home/emily/MMIP/week5/quiz1/data/query/cat/00023.png,cat,5,/home/emily/MMIP/week5/quiz1/data/gallery/dog/00498.png,dog,0.834114
/home/emily/MMIP/week5/quiz1/data/query/cat/00024.png,cat,1,/home/emily/MMIP/week5/quiz1/data/gallery/cat/00473.png,cat,0.838576
/home/emily/MMIP/week5/quiz1/data/query/cat/00024.png,cat,2,/home/emily/MMIP/week5/quiz1/data/gallery/cat/00781.png,cat,0.837257
/home/emily/MMIP/week5/quiz1/data/query/cat/00024.png,cat,3,/home/emily/MMIP/week5/quiz1/data/gallery/cat/00757.png,cat,0.836849
/home/emily/MMIP/week5/quiz1/data/query/cat/00024.png,cat,4,/home/emily/MMIP/week5/quiz1/data/gallery/cat/00498.png,cat,0.835294
/home/emily/MMIP/week5/quiz1/data/query/cat/00024.png,cat,5,/home/emily/MMIP/week5/quiz1/data/gallery/cat/00353.png,cat,0.834403
/home/emily/MMIP/week5/quiz1/data/query/cat/00025.png,cat,1,/home/emily/MMIP/week5/quiz1/data/gallery/cat/00323.png,cat,0.834552
/home/emily/MMIP/week5/quiz1/data/query/cat/00025.png,cat,2,/home/emily/MMIP/week5/quiz1/data/gallery/cat/00754.png,cat,0.832050
/home/emily/MMIP/week5/quiz1/data/query/cat/00025.png,cat,3,/home/emily/MMIP/week5/quiz1/data/gallery/cat/00403.png,cat,0.827217
/home/emily/MMIP/week5/quiz1/data/query/cat/00025.png,cat,4,/home/emily/MMIP/week5/quiz1/data/gallery/cat/00128.png,cat,0.823060
/home/emily/MMIP/week5/quiz1/data/query/cat/00025.png,cat,5,/home/emily/MMIP/week5/quiz1/data/gallery/cat/00785.png,cat,0.818042
/home/emily/MMIP/week5/quiz1/data/query/cat/00026.png,cat,1,/home/emily/MMIP/week5/quiz1/data/gallery/horse/00422.png,horse,0.822252
/home/emily/MMIP/week5/quiz1/data/query/cat/00026.png,cat,2,/home/emily/MMIP/week5/quiz1/data/gallery/dog/00190.png,dog,0.819939
/home/emily/MMIP/week5/quiz1/data/query/cat/00026.png,cat,3,/home/emily/MMIP/week5/quiz1/data/gallery/cat/00750.png,cat,0.810419
/home/emily/MMIP/week5/quiz1/data/query/cat/00026.png,cat,4,/home/emily/MMIP/week5/quiz1/data/gallery/horse/00604.png,horse,0.808898
/home/emily/MMIP/week5/quiz1/data/query/cat/00026.png,cat,5,/home/emily/MMIP/week5/quiz1/data/gallery/cat/00789.png,cat,0.807588
/home/emily/MMIP/week5/quiz1/data/query/cat/00027.png,cat,1,/home/emily/MMIP/week5/quiz1/data/gallery/cat/00783.png,cat,0.815797
/home/emily/MMIP/week5/quiz1/data/query/cat/00027.png,cat,2,/home/emily/MMIP/week5/quiz1/data/gallery/cat/00394.png,cat,0.809945
/home/emily/MMIP/week5/quiz1/data/query/cat/00027.png,cat,3,/home/emily/MMIP/week5/quiz1/data/gallery/cat/00543.png,cat,0.809152
/home/emily/MMIP/week5/quiz1/data/query/cat/00027.png,cat,4,/home/emily/MMIP/week5/quiz1/data/gallery/cat/00972.png,cat,0.808416
/home/emily/MMIP/week5/quiz1/data/query/cat/00027.png,cat,5,/home/emily/MMIP/week5/quiz1/data/gallery/cat/00359.png,cat,0.805004
/home/emily/MMIP/week5/quiz1/data/query/cat/00028.png,cat,1,/home/emily/MMIP/week5/quiz1/data/gallery/cat/00754.png,cat,0.834430
/home/emily/MMIP/week5/quiz1/data/query/cat/00028.png,cat,2,/home/emily/MMIP/week5/quiz1/data/gallery/cat/00295.png,cat,0.832556
/home/emily/MMIP/week5/quiz1/data/query/cat/00028.png,cat,3,/home/emily/MMIP/week5/quiz1/data/gallery/cat/00028.png,cat,0.831670
/home/emily/MMIP/week5/quiz1/data/query/cat/00028.png,cat,4,/home/emily/MMIP/week5/quiz1/data/gallery/cat/00068.png,cat,0.828409
/home/emily/MMIP/week5/quiz1/data/query/cat/00028.png,cat,5,/home/emily/MMIP/week5/quiz1/data/gallery/cat/00341.png,cat,0.820310
/home/emily/MMIP/week5/quiz1/data/query/cat/00029.png,cat,1,/home/emily/MMIP/week5/quiz1/data/gallery/cat/00395.png,cat,0.835190
/home/emily/MMIP/week5/quiz1/data/query/cat/00029.png,cat,2,/home/emily/MMIP/week5/quiz1/data/gallery/cat/00744.png,cat,0.825861
/home/emily/MMIP/week5/quiz1/data/query/cat/00029.png,cat,3,/home/emily/MMIP/week5/quiz1/data/gallery/cat/00539.png,cat,0.817156
/home/emily/MMIP/week5/quiz1/data/query/cat/00029.png,cat,4,/home/emily/MMIP/week5/quiz1/data/gallery/cat/00594.png,cat,0.815226
/home/emily/MMIP/week5/quiz1/data/query/cat/00029.png,cat,5,/home/emily/MMIP/week5/quiz1/data/gallery/cat/00647.png,cat,0.813742
/home/emily/MMIP/week5/quiz1/data/query/cat/00030.png,cat,1,/home/emily/MMIP/week5/quiz1/data/gallery/cat/00683.png,cat,0.855443
/home/emily/MMIP/week5/quiz1/data/query/cat/00030.png,cat,2,/home/emily/MMIP/week5/quiz1/data/gallery/cat/00895.png,cat,0.850245
/home/emily/MMIP/week5/quiz1/data/query/cat/00030.png,cat,3,/home/emily/MMIP/week5/quiz1/data/gallery/cat/00675.png,cat,0.840940
/home/emily/MMIP/week5/quiz1/data/query/cat/00030.png,cat,4,/home/emily/MMIP/week5/quiz1/data/gallery/cat/00576.png,cat,0.840558
/home/emily/MMIP/week5/quiz1/data/query/cat/00030.png,cat,5,/home/emily/MMIP/week5/quiz1/data/gallery/cat/00781.png,cat,0.836159
/home/emily/MMIP/week5/quiz1/data/query/cat/00031.png,cat,1,/home/emily/MMIP/week5/quiz1/data/gallery/frog/00386.png,frog,0.832941
/home/emily/MMIP/week5/quiz1/data/query/cat/00031.png,cat,2,/home/emily/MMIP/week5/quiz1/data/gallery/cat/00672.png,cat,0.827889
/home/emily/MMIP/week5/quiz1/data/query/cat/00031.png,cat,3,/home/emily/MMIP/week5/quiz1/data/gallery/dog/00264.png,dog,0.826735
/home/emily/MMIP/week5/quiz1/data/query/cat/00031.png,cat,4,/home/emily/MMIP/week5/quiz1/data/gallery/dog/00039.png,dog,0.824222
/home/emily/MMIP/week5/quiz1/data/query/cat/00031.png,cat,5,/home/emily/MMIP/week5/quiz1/data/gallery/dog/00404.png,dog,0.822227
/home/emily/MMIP/week5/quiz1/data/query/cat/00032.png,cat,1,/home/emily/MMIP/week5/quiz1/data/gallery/cat/00683.png,cat,0.842700
/home/emily/MMIP/week5/quiz1/data/query/cat/00032.png,cat,2,/home/emily/MMIP/week5/quiz1/data/gallery/cat/00278.png,cat,0.838087
/home/emily/MMIP/week5/quiz1/data/query/cat/00032.png,cat,3,/home/emily/MMIP/week5/quiz1/data/gallery/cat/00895.png,cat,0.835852
/home/emily/MMIP/week5/quiz1/data/query/cat/00032.png,cat,4,/home/emily/MMIP/week5/quiz1/data/gallery/cat/00749.png,cat,0.831890
/home/emily/MMIP/week5/quiz1/data/query/cat/00032.png,cat,5,/home/emily/MMIP/week5/quiz1/data/gallery/cat/00716.png,cat,0.830905
/home/emily/MMIP/week5/quiz1/data/query/cat/00033.png,cat,1,/home/emily/MMIP/week5/quiz1/data/gallery/cat/00647.png,cat,0.837335
/home/emily/MMIP/week5/quiz1/data/query/cat/00033.png,cat,2,/home/emily/MMIP/week5/quiz1/data/gallery/cat/00450.png,cat,0.833513
/home/emily/MMIP/week5/quiz1/data/query/cat/00033.png,cat,3,/home/emily/MMIP/week5/quiz1/data/gallery/cat/00533.png,cat,0.832097
/home/emily/MMIP/week5/quiz1/data/query/cat/00033.png,cat,4,/home/emily/MMIP/week5/quiz1/data/gallery/cat/00498.png,cat,0.829792
/home/emily/MMIP/week5/quiz1/data/query/cat/00033.png,cat,5,/home/emily/MMIP/week5/quiz1/data/gallery/cat/00935.png,cat,0.829216
/home/emily/MMIP/week5/quiz1/data/query/cat/00034.png,cat,1,/home/emily/MMIP/week5/quiz1/data/gallery/dog/00549.png,dog,0.835251
/home/emily/MMIP/week5/quiz1/data/query/cat/00034.png,cat,2,/home/emily/MMIP/week5/quiz1/data/gallery/frog/00567.png,frog,0.831622
/home/emily/MMIP/week5/quiz1/data/query/cat/00034.png,cat,3,/home/emily/MMIP/week5/quiz1/data/gallery/dog/00809.png,dog,0.827934
/home/emily/MMIP/week5/quiz1/data/query/cat/00034.png,cat,4,/home/emily/MMIP/week5/quiz1/data/gallery/dog/00372.png,dog,0.826276
/home/emily/MMIP/week5/quiz1/data/query/cat/00034.png,cat,5,/home/emily/MMIP/week5/quiz1/data/gallery/frog/00061.png,frog,0.825959
/home/emily/MMIP/week5/quiz1/data/query/cat/00035.png,cat,1,/home/emily/MMIP/week5/quiz1/data/gallery/frog/00193.png,frog,0.828342
/home/emily/MMIP/week5/quiz1/data/query/cat/00035.png,cat,2,/home/emily/MMIP/week5/quiz1/data/gallery/dog/00635.png,dog,0.822768
/home/emily/MMIP/week5/quiz1/data/query/cat/00035.png,cat,3,/home/emily/MMIP/week5/quiz1/data/gallery/dog/00024.png,dog,0.821804
/home/emily/MMIP/week5/quiz1/data/query/cat/00035.png,cat,4,/home/emily/MMIP/week5/quiz1/data/gallery/cat/00535.png,cat,0.821263
/home/emily/MMIP/week5/quiz1/data/query/cat/00035.png,cat,5,/home/emily/MMIP/week5/quiz1/data/gallery/frog/00907.png,frog,0.819069
/home/emily/MMIP/week5/quiz1/data/query/cat/00036.png,cat,1,/home/emily/MMIP/week5/quiz1/data/gallery/cat/00034.png,cat,0.807149
/home/emily/MMIP/week5/quiz1/data/query/cat/00036.png,cat,2,/home/emily/MMIP/week5/quiz1/data/gallery/cat/00590.png,cat,0.804301
/home/emily/MMIP/week5/quiz1/data/query/cat/00036.png,cat,3,/home/emily/MMIP/week5/quiz1/data/gallery/dog/00376.png,dog,0.803836
/home/emily/MMIP/week5/quiz1/data/query/cat/00036.png,cat,4,/home/emily/MMIP/week5/quiz1/data/gallery/dog/00808.png,dog,0.785097
/home/emily/MMIP/week5/quiz1/data/query/cat/00036.png,cat,5,/home/emily/MMIP/week5/quiz1/data/gallery/cat/00031.png,cat,0.784097
/home/emily/MMIP/week5/quiz1/data/query/cat/00037.png,cat,1,/home/emily/MMIP/week5/quiz1/data/gallery/dog/00301.png,dog,0.812913
/home/emily/MMIP/week5/quiz1/data/query/cat/00037.png,cat,2,/home/emily/MMIP/week5/quiz1/data/gallery/cat/00233.png,cat,0.811646
/home/emily/MMIP/week5/quiz1/data/query/cat/00037.png,cat,3,/home/emily/MMIP/week5/quiz1/data/gallery/cat/00813.png,cat,0.808142
/home/emily/MMIP/week5/quiz1/data/query/cat/00037.png,cat,4,/home/emily/MMIP/week5/quiz1/data/gallery/cat/00335.png,cat,0.805490
/home/emily/MMIP/week5/quiz1/data/query/cat/00037.png,cat,5,/home/emily/MMIP/week5/quiz1/data/gallery/horse/00500.png,horse,0.803896
/home/emily/MMIP/week5/quiz1/data/query/cat/00038.png,cat,1,/home/emily/MMIP/week5/quiz1/data/gallery/cat/00447.png,cat,0.820604
/home/emily/MMIP/week5/quiz1/data/query/cat/00038.png,cat,2,/home/emily/MMIP/week5/quiz1/data/gallery/cat/00741.png,cat,0.817547
/home/emily/MMIP/week5/quiz1/data/query/cat/00038.png,cat,3,/home/emily/MMIP/week5/quiz1/data/gallery/cat/00925.png,cat,0.813886
/home/emily/MMIP/week5/quiz1/data/query/cat/00038.png,cat,4,/home/emily/MMIP/week5/quiz1/data/gallery/cat/00404.png,cat,0.810524
/home/emily/MMIP/week5/quiz1/data/query/cat/00038.png,cat,5,/home/emily/MMIP/week5/quiz1/data/gallery/cat/00202.png,cat,0.807272
/home/emily/MMIP/week5/quiz1/data/query/cat/00039.png,cat,1,/home/emily/MMIP/week5/quiz1/data/gallery/cat/00701.png,cat,0.852150
/home/emily/MMIP/week5/quiz1/data/query/cat/00039.png,cat,2,/home/emily/MMIP/week5/quiz1/data/gallery/cat/00176.png,cat,0.828496
/home/emily/MMIP/week5/quiz1/data/query/cat/00039.png,cat,3,/home/emily/MMIP/week5/quiz1/data/gallery/dog/00406.png,dog,0.825008
/home/emily/MMIP/week5/quiz1/data/query/cat/00039.png,cat,4,/home/emily/MMIP/week5/quiz1/data/gallery/dog/00332.png,dog,0.824676
/home/emily/MMIP/week5/quiz1/data/query/cat/00039.png,cat,5,/home/emily/MMIP/week5/quiz1/data/gallery/cat/00862.png,cat,0.824094
/home/emily/MMIP/week5/quiz1/data/query/cat/00040.png,cat,1,/home/emily/MMIP/week5/quiz1/data/gallery/frog/00656.png,frog,0.800305
/home/emily/MMIP/week5/quiz1/data/query/cat/00040.png,cat,2,/home/emily/MMIP/week5/quiz1/data/gallery/frog/00472.png,frog,0.792899
/home/emily/MMIP/week5/quiz1/data/query/cat/00040.png,cat,3,/home/emily/MMIP/week5/quiz1/data/gallery/cat/00300.png,cat,0.791792
/home/emily/MMIP/week5/quiz1/data/query/cat/00040.png,cat,4,/home/emily/MMIP/week5/quiz1/data/gallery/frog/00303.png,frog,0.791659
/home/emily/MMIP/week5/quiz1/data/query/cat/00040.png,cat,5,/home/emily/MMIP/week5/quiz1/data/gallery/bird/00163.png,bird,0.790942
/home/emily/MMIP/week5/quiz1/data/query/cat/00041.png,cat,1,/home/emily/MMIP/week5/quiz1/data/gallery/cat/00624.png,cat,0.847646
/home/emily/MMIP/week5/quiz1/data/query/cat/00041.png,cat,2,/home/emily/MMIP/week5/quiz1/data/gallery/cat/00369.png,cat,0.844550
/home/emily/MMIP/week5/quiz1/data/query/cat/00041.png,cat,3,/home/emily/MMIP/week5/quiz1/data/gallery/cat/00796.png,cat,0.837638
/home/emily/MMIP/week5/quiz1/data/query/cat/00041.png,cat,4,/home/emily/MMIP/week5/quiz1/data/gallery/cat/00460.png,cat,0.835672
/home/emily/MMIP/week5/quiz1/data/query/cat/00041.png,cat,5,/home/emily/MMIP/week5/quiz1/data/gallery/cat/00576.png,cat,0.832167
/home/emily/MMIP/week5/quiz1/data/query/cat/00042.png,cat,1,/home/emily/MMIP/week5/quiz1/data/gallery/cat/00984.png,cat,0.814728
/home/emily/MMIP/week5/quiz1/data/query/cat/00042.png,cat,2,/home/emily/MMIP/week5/quiz1/data/gallery/cat/00568.png,cat,0.804646
/home/emily/MMIP/week5/quiz1/data/query/cat/00042.png,cat,3,/home/emily/MMIP/week5/quiz1/data/gallery/dog/00232.png,dog,0.801541
/home/emily/MMIP/week5/quiz1/data/query/cat/00042.png,cat,4,/home/emily/MMIP/week5/quiz1/data/gallery/cat/00625.png,cat,0.800011
/home/emily/MMIP/week5/quiz1/data/query/cat/00042.png,cat,5,/home/emily/MMIP/week5/quiz1/data/gallery/cat/00520.png,cat,0.797874
/home/emily/MMIP/week5/quiz1/data/query/cat/00043.png,cat,1,/home/emily/MMIP/week5/quiz1/data/gallery/dog/00232.png,dog,0.827132
/home/emily/MMIP/week5/quiz1/data/query/cat/00043.png,cat,2,/home/emily/MMIP/week5/quiz1/data/gallery/cat/00575.png,cat,0.816191
/home/emily/MMIP/week5/quiz1/data/query/cat/00043.png,cat,3,/home/emily/MMIP/week5/quiz1/data/gallery/cat/00634.png,cat,0.815345
/home/emily/MMIP/week5/quiz1/data/query/cat/00043.png,cat,4,/home/emily/MMIP/week5/quiz1/data/gallery/dog/00199.png,dog,0.812369
/home/emily/MMIP/week5/quiz1/data/query/cat/00043.png,cat,5,/home/emily/MMIP/week5/quiz1/data/gallery/cat/00592.png,cat,0.812275
/home/emily/MMIP/week5/quiz1/data/query/cat/00044.png,cat,1,/home/emily/MMIP/week5/quiz1/data/gallery/cat/00750.png,cat,0.819792
/home/emily/MMIP/week5/quiz1/data/query/cat/00044.png,cat,2,/home/emily/MMIP/week5/quiz1/data/gallery/cat/00084.png,cat,0.806409
/home/emily/MMIP/week5/quiz1/data/query/cat/00044.png,cat,3,/home/emily/MMIP/week5/quiz1/data/gallery/horse/00409.png,horse,0.805965
/home/emily/MMIP/week5/quiz1/data/query/cat/00044.png,cat,4,/home/emily/MMIP/week5/quiz1/data/gallery/deer/00149.png,deer,0.804268
/home/emily/MMIP/week5/quiz1/data/query/cat/00044.png,cat,5,/home/emily/MMIP/week5/quiz1/data/gallery/deer/00161.png,deer,0.802354
/home/emily/MMIP/week5/quiz1/data/query/cat/00045.png,cat,1,/home/emily/MMIP/week5/quiz1/data/gallery/cat/00098.png,cat,0.831891
/home/emily/MMIP/week5/quiz1/data/query/cat/00045.png,cat,2,/home/emily/MMIP/week5/quiz1/data/gallery/dog/00810.png,dog,0.826017
/home/emily/MMIP/week5/quiz1/data/query/cat/00045.png,cat,3,/home/emily/MMIP/week5/quiz1/data/gallery/deer/00740.png,deer,0.824562
/home/emily/MMIP/week5/quiz1/data/query/cat/00045.png,cat,4,/home/emily/MMIP/week5/quiz1/data/gallery/deer/00263.png,deer,0.820394
/home/emily/MMIP/week5/quiz1/data/query/cat/00045.png,cat,5,/home/emily/MMIP/week5/quiz1/data/gallery/deer/00993.png,deer,0.819481
/home/emily/MMIP/week5/quiz1/data/query/cat/00046.png,cat,1,/home/emily/MMIP/week5/quiz1/data/gallery/cat/00353.png,cat,0.846914
/home/emily/MMIP/week5/quiz1/data/query/cat/00046.png,cat,2,/home/emily/MMIP/week5/quiz1/data/gallery/cat/00129.png,cat,0.843265
/home/emily/MMIP/week5/quiz1/data/query/cat/00046.png,cat,3,/home/emily/MMIP/week5/quiz1/data/gallery/cat/00683.png,cat,0.835518
/home/emily/MMIP/week5/quiz1/data/query/cat/00046.png,cat,4,/home/emily/MMIP/week5/quiz1/data/gallery/cat/00855.png,cat,0.834234
/home/emily/MMIP/week5/quiz1/data/query/cat/00046.png,cat,5,/home/emily/MMIP/week5/quiz1/data/gallery/cat/00414.png,cat,0.834154
/home/emily/MMIP/week5/quiz1/data/query/cat/00047.png,cat,1,/home/emily/MMIP/week5/quiz1/data/gallery/cat/00783.png,cat,0.850690
/home/emily/MMIP/week5/quiz1/data/query/cat/00047.png,cat,2,/home/emily/MMIP/week5/quiz1/data/gallery/dog/00957.png,dog,0.841618
/home/emily/MMIP/week5/quiz1/data/query/cat/00047.png,cat,3,/home/emily/MMIP/week5/quiz1/data/gallery/cat/00717.png,cat,0.839723
/home/emily/MMIP/week5/quiz1/data/query/cat/00047.png,cat,4,/home/emily/MMIP/week5/quiz1/data/gallery/cat/00311.png,cat,0.835451
/home/emily/MMIP/week5/quiz1/data/query/cat/00047.png,cat,5,/home/emily/MMIP/week5/quiz1/data/gallery/cat/00032.png,cat,0.831420
/home/emily/MMIP/week5/quiz1/data/query/cat/00048.png,cat,1,/home/emily/MMIP/week5/quiz1/data/gallery/dog/00498.png,dog,0.807232
/home/emily/MMIP/week5/quiz1/data/query/cat/00048.png,cat,2,/home/emily/MMIP/week5/quiz1/data/gallery/dog/00552.png,dog,0.801916
/home/emily/MMIP/week5/quiz1/data/query/cat/00048.png,cat,3,/home/emily/MMIP/week5/quiz1/data/gallery/dog/00612.png,dog,0.801052
/home/emily/MMIP/week5/quiz1/data/query/cat/00048.png,cat,4,/home/emily/MMIP/week5/quiz1/data/gallery/frog/00614.png,frog,0.793234
/home/emily/MMIP/week5/quiz1/data/query/cat/00048.png,cat,5,/home/emily/MMIP/week5/quiz1/data/gallery/dog/00364.png,dog,0.792443
/home/emily/MMIP/week5/quiz1/data/query/cat/00049.png,cat,1,/home/emily/MMIP/week5/quiz1/data/gallery/cat/00068.png,cat,0.832274
/home/emily/MMIP/week5/quiz1/data/query/cat/00049.png,cat,2,/home/emily/MMIP/week5/quiz1/data/gallery/cat/00053.png,cat,0.815901
/home/emily/MMIP/week5/quiz1/data/query/cat/00049.png,cat,3,/home/emily/MMIP/week5/quiz1/data/gallery/cat/00021.png,cat,0.802730
/home/emily/MMIP/week5/quiz1/data/query/cat/00049.png,cat,4,/home/emily/MMIP/week5/quiz1/data/gallery/dog/00833.png,dog,0.800955
/home/emily/MMIP/week5/quiz1/data/query/cat/00049.png,cat,5,/home/emily/MMIP/week5/quiz1/data/gallery/cat/00454.png,cat,0.800260
/home/emily/MMIP/week5/quiz1/data/query/cat/00050.png,cat,1,/home/emily/MMIP/week5/quiz1/data/gallery/cat/00970.png,cat,0.845036
/home/emily/MMIP/week5/quiz1/data/query/cat/00050.png,cat,2,/home/emily/MMIP/week5/quiz1/data/gallery/cat/00539.png,cat,0.838273
/home/emily/MMIP/week5/quiz1/data/query/cat/00050.png,cat,3,/home/emily/MMIP/week5/quiz1/data/gallery/cat/00999.png,cat,0.830550
/home/emily/MMIP/week5/quiz1/data/query/cat/00050.png,cat,4,/home/emily/MMIP/week5/quiz1/data/gallery/cat/00960.png,cat,0.829098
/home/emily/MMIP/week5/quiz1/data/query/cat/00050.png,cat,5,/home/emily/MMIP/week5/quiz1/data/gallery/cat/00485.png,cat,0.826653
/home/emily/MMIP/week5/quiz1/data/query/cat/00051.png,cat,1,/home/emily/MMIP/week5/quiz1/data/gallery/cat/00984.png,cat,0.841907
/home/emily/MMIP/week5/quiz1/data/query/cat/00051.png,cat,2,/home/emily/MMIP/week5/quiz1/data/gallery/cat/00460.png,cat,0.838823
/home/emily/MMIP/week5/quiz1/data/query/cat/00051.png,cat,3,/home/emily/MMIP/week5/quiz1/data/gallery/dog/00940.png,dog,0.836976
/home/emily/MMIP/week5/quiz1/data/query/cat/00051.png,cat,4,/home/emily/MMIP/week5/quiz1/data/gallery/cat/00458.png,cat,0.836377
/home/emily/MMIP/week5/quiz1/data/query/cat/00051.png,cat,5,/home/emily/MMIP/week5/quiz1/data/gallery/dog/00393.png,dog,0.836255
/home/emily/MMIP/week5/quiz1/data/query/cat/00052.png,cat,1,/home/emily/MMIP/week5/quiz1/data/gallery/cat/00491.png,cat,0.843955
/home/emily/MMIP/week5/quiz1/data/query/cat/00052.png,cat,2,/home/emily/MMIP/week5/quiz1/data/gallery/cat/00999.png,cat,0.840923
/home/emily/MMIP/week5/quiz1/data/query/cat/00052.png,cat,3,/home/emily/MMIP/week5/quiz1/data/gallery/cat/00783.png,cat,0.839578
/home/emily/MMIP/week5/quiz1/data/query/cat/00052.png,cat,4,/home/emily/MMIP/week5/quiz1/data/gallery/cat/00604.png,cat,0.837022
/home/emily/MMIP/week5/quiz1/data/query/cat/00052.png,cat,5,/home/emily/MMIP/week5/quiz1/data/gallery/dog/00118.png,dog,0.833444
/home/emily/MMIP/week5/quiz1/data/query/cat/00053.png,cat,1,/home/emily/MMIP/week5/quiz1/data/gallery/cat/00063.png,cat,0.827512
/home/emily/MMIP/week5/quiz1/data/query/cat/00053.png,cat,2,/home/emily/MMIP/week5/quiz1/data/gallery/cat/00805.png,cat,0.819054
/home/emily/MMIP/week5/quiz1/data/query/cat/00053.png,cat,3,/home/emily/MMIP/week5/quiz1/data/gallery/cat/00876.png,cat,0.815364
/home/emily/MMIP/week5/quiz1/data/query/cat/00053.png,cat,4,/home/emily/MMIP/week5/quiz1/data/gallery/cat/00360.png,cat,0.815080
/home/emily/MMIP/week5/quiz1/data/query/cat/00053.png,cat,5,/home/emily/MMIP/week5/quiz1/data/gallery/frog/00472.png,frog,0.813804
/home/emily/MMIP/week5/quiz1/data/query/cat/00054.png,cat,1,/home/emily/MMIP/week5/quiz1/data/gallery/cat/00661.png,cat,0.820967
/home/emily/MMIP/week5/quiz1/data/query/cat/00054.png,cat,2,/home/emily/MMIP/week5/quiz1/data/gallery/dog/00171.png,dog,0.819377
/home/emily/MMIP/week5/quiz1/data/query/cat/00054.png,cat,3,/home/emily/MMIP/week5/quiz1/data/gallery/cat/00258.png,cat,0.813834
/home/emily/MMIP/week5/quiz1/data/query/cat/00054.png,cat,4,/home/emily/MMIP/week5/quiz1/data/gallery/cat/00848.png,cat,0.810241
/home/emily/MMIP/week5/quiz1/data/query/cat/00054.png,cat,5,/home/emily/MMIP/week5/quiz1/data/gallery/cat/00177.png,cat,0.809892
/home/emily/MMIP/week5/quiz1/data/query/cat/00055.png,cat,1,/home/emily/MMIP/week5/quiz1/data/gallery/cat/00895.png,cat,0.862892
/home/emily/MMIP/week5/quiz1/data/query/cat/00055.png,cat,2,/home/emily/MMIP/week5/quiz1/data/gallery/cat/00042.png,cat,0.841002
/home/emily/MMIP/week5/quiz1/data/query/cat/00055.png,cat,3,/home/emily/MMIP/week5/quiz1/data/gallery/cat/00796.png,cat,0.839652
/home/emily/MMIP/week5/quiz1/data/query/cat/00055.png,cat,4,/home/emily/MMIP/week5/quiz1/data/gallery/cat/00825.png,cat,0.834089
/home/emily/MMIP/week5/quiz1/data/query/cat/00055.png,cat,5,/home/emily/MMIP/week5/quiz1/data/gallery/cat/00231.png,cat,0.833883
/home/emily/MMIP/week5/quiz1/data/query/cat/00056.png,cat,1,/home/emily/MMIP/week5/quiz1/data/gallery/deer/00566.png,deer,0.797969
/home/emily/MMIP/week5/quiz1/data/query/cat/00056.png,cat,2,/home/emily/MMIP/week5/quiz1/data/gallery/bird/00102.png,bird,0.796654
/home/emily/MMIP/week5/quiz1/data/query/cat/00056.png,cat,3,/home/emily/MMIP/week5/quiz1/data/gallery/bird/00352.png,bird,0.793709
/home/emily/MMIP/week5/quiz1/data/query/cat/00056.png,cat,4,/home/emily/MMIP/week5/quiz1/data/gallery/horse/00237.png,horse,0.793566
/home/emily/MMIP/week5/quiz1/data/query/cat/00056.png,cat,5,/home/emily/MMIP/week5/quiz1/data/gallery/horse/00513.png,horse,0.793336
/home/emily/MMIP/week5/quiz1/data/query/cat/00057.png,cat,1,/home/emily/MMIP/week5/quiz1/data/gallery/cat/00647.png,cat,0.832952
/home/emily/MMIP/week5/quiz1/data/query/cat/00057.png,cat,2,/home/emily/MMIP/week5/quiz1/data/gallery/cat/00744.png,cat,0.829517
/home/emily/MMIP/week5/quiz1/data/query/cat/00057.png,cat,3,/home/emily/MMIP/week5/quiz1/data/gallery/cat/00495.png,cat,0.828503
/home/emily/MMIP/week5/quiz1/data/query/cat/00057.png,cat,4,/home/emily/MMIP/week5/quiz1/data/gallery/cat/00736.png,cat,0.828271
/home/emily/MMIP/week5/quiz1/data/query/cat/00057.png,cat,5,/home/emily/MMIP/week5/quiz1/data/gallery/cat/00858.png,cat,0.821670
/home/emily/MMIP/week5/quiz1/data/query/cat/00058.png,cat,1,/home/emily/MMIP/week5/quiz1/data/gallery/cat/00997.png,cat,0.818913
/home/emily/MMIP/week5/quiz1/data/query/cat/00058.png,cat,2,/home/emily/MMIP/week5/quiz1/data/gallery/bird/00071.png,bird,0.799626
/home/emily/MMIP/week5/quiz1/data/query/cat/00058.png,cat,3,/home/emily/MMIP/week5/quiz1/data/gallery/bird/00759.png,bird,0.799066
/home/emily/MMIP/week5/quiz1/data/query/cat/00058.png,cat,4,/home/emily/MMIP/week5/quiz1/data/gallery/bird/00506.png,bird,0.796831
/home/emily/MMIP/week5/quiz1/data/query/cat/00058.png,cat,5,/home/emily/MMIP/week5/quiz1/data/gallery/cat/00243.png,cat,0.794347
/home/emily/MMIP/week5/quiz1/data/query/cat/00059.png,cat,1,/home/emily/MMIP/week5/quiz1/data/gallery/cat/00730.png,cat,0.829818
/home/emily/MMIP/week5/quiz1/data/query/cat/00059.png,cat,2,/home/emily/MMIP/week5/quiz1/data/gallery/frog/00389.png,frog,0.821740
/home/emily/MMIP/week5/quiz1/data/query/cat/00059.png,cat,3,/home/emily/MMIP/week5/quiz1/data/gallery/frog/00465.png,frog,0.820875
/home/emily/MMIP/week5/quiz1/data/query/cat/00059.png,cat,4,/home/emily/MMIP/week5/quiz1/data/gallery/frog/00039.png,frog,0.820684
/home/emily/MMIP/week5/quiz1/data/query/cat/00059.png,cat,5,/home/emily/MMIP/week5/quiz1/data/gallery/dog/00635.png,dog,0.818529
/home/emily/MMIP/week5/quiz1/data/query/cat/00060.png,cat,1,/home/emily/MMIP/week5/quiz1/data/gallery/frog/00880.png,frog,0.831418
/home/emily/MMIP/week5/quiz1/data/query/cat/00060.png,cat,2,/home/emily/MMIP/week5/quiz1/data/gallery/frog/00040.png,frog,0.824622
/home/emily/MMIP/week5/quiz1/data/query/cat/00060.png,cat,3,/home/emily/MMIP/week5/quiz1/data/gallery/cat/00070.png,cat,0.823487
/home/emily/MMIP/week5/quiz1/data/query/cat/00060.png,cat,4,/home/emily/MMIP/week5/quiz1/data/gallery/cat/00272.png,cat,0.817538
/home/emily/MMIP/week5/quiz1/data/query/cat/00060.png,cat,5,/home/emily/MMIP/week5/quiz1/data/gallery/frog/00403.png,frog,0.811595
/home/emily/MMIP/week5/quiz1/data/query/cat/00061.png,cat,1,/home/emily/MMIP/week5/quiz1/data/gallery/cat/00539.png,cat,0.844981
/home/emily/MMIP/week5/quiz1/data/query/cat/00061.png,cat,2,/home/emily/MMIP/week5/quiz1/data/gallery/cat/00783.png,cat,0.837948
/home/emily/MMIP/week5/quiz1/data/query/cat/00061.png,cat,3,/home/emily/MMIP/week5/quiz1/data/gallery/cat/00395.png,cat,0.833954
/home/emily/MMIP/week5/quiz1/data/query/cat/00061.png,cat,4,/home/emily/MMIP/week5/quiz1/data/gallery/cat/00473.png,cat,0.831288
/home/emily/MMIP/week5/quiz1/data/query/cat/00061.png,cat,5,/home/emily/MMIP/week5/quiz1/data/gallery/cat/00728.png,cat,0.831251
/home/emily/MMIP/week5/quiz1/data/query/cat/00062.png,cat,1,/home/emily/MMIP/week5/quiz1/data/gallery/cat/00371.png,cat,0.817243
/home/emily/MMIP/week5/quiz1/data/query/cat/00062.png,cat,2,/home/emily/MMIP/week5/quiz1/data/gallery/cat/00292.png,cat,0.813883
/home/emily/MMIP/week5/quiz1/data/query/cat/00062.png,cat,3,/home/emily/MMIP/week5/quiz1/data/gallery/cat/00763.png,cat,0.813715
/home/emily/MMIP/week5/quiz1/data/query/cat/00062.png,cat,4,/home/emily/MMIP/week5/quiz1/data/gallery/cat/00788.png,cat,0.802697
/home/emily/MMIP/week5/quiz1/data/query/cat/00062.png,cat,5,/home/emily/MMIP/week5/quiz1/data/gallery/cat/00363.png,cat,0.798298
/home/emily/MMIP/week5/quiz1/data/query/cat/00063.png,cat,1,/home/emily/MMIP/week5/quiz1/data/gallery/bird/00022.png,bird,0.829573
/home/emily/MMIP/week5/quiz1/data/query/cat/00063.png,cat,2,/home/emily/MMIP/week5/quiz1/data/gallery/cat/00996.png,cat,0.827128
/home/emily/MMIP/week5/quiz1/data/query/cat/00063.png,cat,3,/home/emily/MMIP/week5/quiz1/data/gallery/cat/00230.png,cat,0.820092
/home/emily/MMIP/week5/quiz1/data/query/cat/00063.png,cat,4,/home/emily/MMIP/week5/quiz1/data/gallery/cat/00960.png,cat,0.816139
/home/emily/MMIP/week5/quiz1/data/query/cat/00063.png,cat,5,/home/emily/MMIP/week5/quiz1/data/gallery/dog/00685.png,dog,0.814366
/home/emily/MMIP/week5/quiz1/data/query/cat/00064.png,cat,1,/home/emily/MMIP/week5/quiz1/data/gallery/cat/00399.png,cat,0.838409
/home/emily/MMIP/week5/quiz1/data/query/cat/00064.png,cat,2,/home/emily/MMIP/week5/quiz1/data/gallery/dog/00232.png,dog,0.837689
/home/emily/MMIP/week5/quiz1/data/query/cat/00064.png,cat,3,/home/emily/MMIP/week5/quiz1/data/gallery/cat/00352.png,cat,0.830454
/home/emily/MMIP/week5/quiz1/data/query/cat/00064.png,cat,4,/home/emily/MMIP/week5/quiz1/data/gallery/cat/00562.png,cat,0.827333
/home/emily/MMIP/week5/quiz1/data/query/cat/00064.png,cat,5,/home/emily/MMIP/week5/quiz1/data/gallery/dog/00260.png,dog,0.825670
/home/emily/MMIP/week5/quiz1/data/query/cat/00065.png,cat,1,/home/emily/MMIP/week5/quiz1/data/gallery/cat/00068.png,cat,0.834748
/home/emily/MMIP/week5/quiz1/data/query/cat/00065.png,cat,2,/home/emily/MMIP/week5/quiz1/data/gallery/cat/00576.png,cat,0.816678
/home/emily/MMIP/week5/quiz1/data/query/cat/00065.png,cat,3,/home/emily/MMIP/week5/quiz1/data/gallery/cat/00717.png,cat,0.810647
/home/emily/MMIP/week5/quiz1/data/query/cat/00065.png,cat,4,/home/emily/MMIP/week5/quiz1/data/gallery/cat/00091.png,cat,0.803683
/home/emily/MMIP/week5/quiz1/data/query/cat/00065.png,cat,5,/home/emily/MMIP/week5/quiz1/data/gallery/cat/00633.png,cat,0.799346
/home/emily/MMIP/week5/quiz1/data/query/cat/00066.png,cat,1,/home/emily/MMIP/week5/quiz1/data/gallery/cat/00014.png,cat,0.830221
/home/emily/MMIP/week5/quiz1/data/query/cat/00066.png,cat,2,/home/emily/MMIP/week5/quiz1/data/gallery/cat/00822.png,cat,0.827953
/home/emily/MMIP/week5/quiz1/data/query/cat/00066.png,cat,3,/home/emily/MMIP/week5/quiz1/data/gallery/cat/00298.png,cat,0.824594
/home/emily/MMIP/week5/quiz1/data/query/cat/00066.png,cat,4,/home/emily/MMIP/week5/quiz1/data/gallery/frog/00662.png,frog,0.822371
/home/emily/MMIP/week5/quiz1/data/query/cat/00066.png,cat,5,/home/emily/MMIP/week5/quiz1/data/gallery/frog/00146.png,frog,0.815609
/home/emily/MMIP/week5/quiz1/data/query/cat/00067.png,cat,1,/home/emily/MMIP/week5/quiz1/data/gallery/cat/00574.png,cat,0.830001
/home/emily/MMIP/week5/quiz1/data/query/cat/00067.png,cat,2,/home/emily/MMIP/week5/quiz1/data/gallery/cat/00414.png,cat,0.824421
/home/emily/MMIP/week5/quiz1/data/query/cat/00067.png,cat,3,/home/emily/MMIP/week5/quiz1/data/gallery/frog/00957.png,frog,0.820049
/home/emily/MMIP/week5/quiz1/data/query/cat/00067.png,cat,4,/home/emily/MMIP/week5/quiz1/data/gallery/cat/00839.png,cat,0.816688
/home/emily/MMIP/week5/quiz1/data/query/cat/00067.png,cat,5,/home/emily/MMIP/week5/quiz1/data/gallery/cat/00716.png,cat,0.815159
/home/emily/MMIP/week5/quiz1/data/query/cat/00068.png,cat,1,/home/emily/MMIP/week5/quiz1/data/gallery/cat/00003.png,cat,0.828675
/home/emily/MMIP/week5/quiz1/data/query/cat/00068.png,cat,2,/home/emily/MMIP/week5/quiz1/data/gallery/cat/00460.png,cat,0.822966
/home/emily/MMIP/week5/quiz1/data/query/cat/00068.png,cat,3,/home/emily/MMIP/week5/quiz1/data/gallery/cat/00369.png,cat,0.821422
/home/emily/MMIP/week5/quiz1/data/query/cat/00068.png,cat,4,/home/emily/MMIP/week5/quiz1/data/gallery/cat/00783.png,cat,0.819709
/home/emily/MMIP/week5/quiz1/data/query/cat/00068.png,cat,5,/home/emily/MMIP/week5/quiz1/data/gallery/cat/00855.png,cat,0.819217
/home/emily/MMIP/week5/quiz1/data/query/cat/00069.png,cat,1,/home/emily/MMIP/week5/quiz1/data/gallery/cat/00644.png,cat,0.853307
/home/emily/MMIP/week5/quiz1/data/query/cat/00069.png,cat,2,/home/emily/MMIP/week5/quiz1/data/gallery/cat/00839.png,cat,0.835744
/home/emily/MMIP/week5/quiz1/data/query/cat/00069.png,cat,3,/home/emily/MMIP/week5/quiz1/data/gallery/cat/00606.png,cat,0.831646
/home/emily/MMIP/week5/quiz1/data/query/cat/00069.png,cat,4,/home/emily/MMIP/week5/quiz1/data/gallery/cat/00932.png,cat,0.831329
/home/emily/MMIP/week5/quiz1/data/query/cat/00069.png,cat,5,/home/emily/MMIP/week5/quiz1/data/gallery/cat/00742.png,cat,0.831077
/home/emily/MMIP/week5/quiz1/data/query/cat/00070.png,cat,1,/home/emily/MMIP/week5/quiz1/data/gallery/cat/00947.png,cat,0.818025
/home/emily/MMIP/week5/quiz1/data/query/cat/00070.png,cat,2,/home/emily/MMIP/week5/quiz1/data/gallery/cat/00623.png,cat,0.816541
/home/emily/MMIP/week5/quiz1/data/query/cat/00070.png,cat,3,/home/emily/MMIP/week5/quiz1/data/gallery/cat/00303.png,cat,0.812951
/home/emily/MMIP/week5/quiz1/data/query/cat/00070.png,cat,4,/home/emily/MMIP/week5/quiz1/data/gallery/cat/00834.png,cat,0.812621
/home/emily/MMIP/week5/quiz1/data/query/cat/00070.png,cat,5,/home/emily/MMIP/week5/quiz1/data/gallery/frog/00066.png,frog,0.810435
/home/emily/MMIP/week5/quiz1/data/query/cat/00071.png,cat,1,/home/emily/MMIP/week5/quiz1/data/gallery/cat/00647.png,cat,0.829965
/home/emily/MMIP/week5/quiz1/data/query/cat/00071.png,cat,2,/home/emily/MMIP/week5/quiz1/data/gallery/cat/00918.png,cat,0.828817
/home/emily/MMIP/week5/quiz1/data/query/cat/00071.png,cat,3,/home/emily/MMIP/week5/quiz1/data/gallery/cat/00439.png,cat,0.828714
/home/emily/MMIP/week5/quiz1/data/query/cat/00071.png,cat,4,/home/emily/MMIP/week5/quiz1/data/gallery/cat/00853.png,cat,0.826265
/home/emily/MMIP/week5/quiz1/data/query/cat/00071.png,cat,5,/home/emily/MMIP/week5/quiz1/data/gallery/cat/00855.png,cat,0.825418
/home/emily/MMIP/week5/quiz1/data/query/cat/00072.png,cat,1,/home/emily/MMIP/week5/quiz1/data/gallery/bird/00024.png,bird,0.803996
/home/emily/MMIP/week5/quiz1/data/query/cat/00072.png,cat,2,/home/emily/MMIP/week5/quiz1/data/gallery/bird/00012.png,bird,0.803720
/home/emily/MMIP/week5/quiz1/data/query/cat/00072.png,cat,3,/home/emily/MMIP/week5/quiz1/data/gallery/deer/00316.png,deer,0.796647
/home/emily/MMIP/week5/quiz1/data/query/cat/00072.png,cat,4,/home/emily/MMIP/week5/quiz1/data/gallery/frog/00221.png,frog,0.795513
/home/emily/MMIP/week5/quiz1/data/query/cat/00072.png,cat,5,/home/emily/MMIP/week5/quiz1/data/gallery/dog/00366.png,dog,0.793177
/home/emily/MMIP/week5/quiz1/data/query/cat/00073.png,cat,1,/home/emily/MMIP/week5/quiz1/data/gallery/dog/00492.png,dog,0.823133
/home/emily/MMIP/week5/quiz1/data/query/cat/00073.png,cat,2,/home/emily/MMIP/week5/quiz1/data/gallery/horse/00779.png,horse,0.819141
/home/emily/MMIP/week5/quiz1/data/query/cat/00073.png,cat,3,/home/emily/MMIP/week5/quiz1/data/gallery/horse/00457.png,horse,0.814541
/home/emily/MMIP/week5/quiz1/data/query/cat/00073.png,cat,4,/home/emily/MMIP/week5/quiz1/data/gallery/horse/00510.png,horse,0.813217
/home/emily/MMIP/week5/quiz1/data/query/cat/00073.png,cat,5,/home/emily/MMIP/week5/quiz1/data/gallery/cat/00642.png,cat,0.812647
/home/emily/MMIP/week5/quiz1/data/query/cat/00074.png,cat,1,/home/emily/MMIP/week5/quiz1/data/gallery/cat/00999.png,cat,0.834497
/home/emily/MMIP/week5/quiz1/data/query/cat/00074.png,cat,2,/home/emily/MMIP/week5/quiz1/data/gallery/cat/00595.png,cat,0.827136
/home/emily/MMIP/week5/quiz1/data/query/cat/00074.png,cat,3,/home/emily/MMIP/week5/quiz1/data/gallery/cat/00891.png,cat,0.810572
/home/emily/MMIP/week5/quiz1/data/query/cat/00074.png,cat,4,/home/emily/MMIP/week5/quiz1/data/gallery/cat/00353.png,cat,0.809753
/home/emily/MMIP/week5/quiz1/data/query/cat/00074.png,cat,5,/home/emily/MMIP/week5/quiz1/data/gallery/cat/00728.png,cat,0.808582
/home/emily/MMIP/week5/quiz1/data/query/cat/00075.png,cat,1,/home/emily/MMIP/week5/quiz1/data/gallery/cat/00633.png,cat,0.840166
/home/emily/MMIP/week5/quiz1/data/query/cat/00075.png,cat,2,/home/emily/MMIP/week5/quiz1/data/gallery/cat/00972.png,cat,0.834602
/home/emily/MMIP/week5/quiz1/data/query/cat/00075.png,cat,3,/home/emily/MMIP/week5/quiz1/data/gallery/cat/00192.png,cat,0.832580
/home/emily/MMIP/week5/quiz1/data/query/cat/00075.png,cat,4,/home/emily/MMIP/week5/quiz1/data/gallery/cat/00159.png,cat,0.825640
/home/emily/MMIP/week5/quiz1/data/query/cat/00075.png,cat,5,/home/emily/MMIP/week5/quiz1/data/gallery/cat/00394.png,cat,0.819686
/home/emily/MMIP/week5/quiz1/data/query/cat/00076.png,cat,1,/home/emily/MMIP/week5/quiz1/data/gallery/frog/00870.png,frog,0.820983
/home/emily/MMIP/week5/quiz1/data/query/cat/00076.png,cat,2,/home/emily/MMIP/week5/quiz1/data/gallery/bird/00460.png,bird,0.819010
/home/emily/MMIP/week5/quiz1/data/query/cat/00076.png,cat,3,/home/emily/MMIP/week5/quiz1/data/gallery/frog/00180.png,frog,0.815155
/home/emily/MMIP/week5/quiz1/data/query/cat/00076.png,cat,4,/home/emily/MMIP/week5/quiz1/data/gallery/airplane/00196.png,airplane,0.813946
/home/emily/MMIP/week5/quiz1/data/query/cat/00076.png,cat,5,/home/emily/MMIP/week5/quiz1/data/gallery/airplane/00615.png,airplane,0.808407
/home/emily/MMIP/week5/quiz1/data/query/cat/00077.png,cat,1,/home/emily/MMIP/week5/quiz1/data/gallery/dog/00487.png,dog,0.818860
/home/emily/MMIP/week5/quiz1/data/query/cat/00077.png,cat,2,/home/emily/MMIP/week5/quiz1/data/gallery/deer/00128.png,deer,0.812679
/home/emily/MMIP/week5/quiz1/data/query/cat/00077.png,cat,3,/home/emily/MMIP/week5/quiz1/data/gallery/deer/00642.png,deer,0.812392
/home/emily/MMIP/week5/quiz1/data/query/cat/00077.png,cat,4,/home/emily/MMIP/week5/quiz1/data/gallery/cat/00634.png,cat,0.811039
/home/emily/MMIP/week5/quiz1/data/query/cat/00077.png,cat,5,/home/emily/MMIP/week5/quiz1/data/gallery/dog/00952.png,dog,0.810666
/home/emily/MMIP/week5/quiz1/data/query/cat/00078.png,cat,1,/home/emily/MMIP/week5/quiz1/data/gallery/bird/00315.png,bird,0.830506
/home/emily/MMIP/week5/quiz1/data/query/cat/00078.png,cat,2,/home/emily/MMIP/week5/quiz1/data/gallery/dog/00662.png,dog,0.821900
/home/emily/MMIP/week5/quiz1/data/query/cat/00078.png,cat,3,/home/emily/MMIP/week5/quiz1/data/gallery/dog/00235.png,dog,0.820266
/home/emily/MMIP/week5/quiz1/data/query/cat/00078.png,cat,4,/home/emily/MMIP/week5/quiz1/data/gallery/dog/00237.png,dog,0.819610
/home/emily/MMIP/week5/quiz1/data/query/cat/00078.png,cat,5,/home/emily/MMIP/week5/quiz1/data/gallery/bird/00314.png,bird,0.818839
/home/emily/MMIP/week5/quiz1/data/query/cat/00079.png,cat,1,/home/emily/MMIP/week5/quiz1/data/gallery/dog/00537.png,dog,0.811920
/home/emily/MMIP/week5/quiz1/data/query/cat/00079.png,cat,2,/home/emily/MMIP/week5/quiz1/data/gallery/dog/00165.png,dog,0.811601
/home/emily/MMIP/week5/quiz1/data/query/cat/00079.png,cat,3,/home/emily/MMIP/week5/quiz1/data/gallery/dog/00927.png,dog,0.809502
/home/emily/MMIP/week5/quiz1/data/query/cat/00079.png,cat,4,/home/emily/MMIP/week5/quiz1/data/gallery/deer/00615.png,deer,0.808954
/home/emily/MMIP/week5/quiz1/data/query/cat/00079.png,cat,5,/home/emily/MMIP/week5/quiz1/data/gallery/cat/00187.png,cat,0.807106
/home/emily/MMIP/week5/quiz1/data/query/cat/00080.png,cat,1,/home/emily/MMIP/week5/quiz1/data/gallery/frog/00897.png,frog,0.831618
/home/emily/MMIP/week5/quiz1/data/query/cat/00080.png,cat,2,/home/emily/MMIP/week5/quiz1/data/gallery/cat/00783.png,cat,0.830760
/home/emily/MMIP/week5/quiz1/data/query/cat/00080.png,cat,3,/home/emily/MMIP/week5/quiz1/data/gallery/cat/00836.png,cat,0.826713
/home/emily/MMIP/week5/quiz1/data/query/cat/00080.png,cat,4,/home/emily/MMIP/week5/quiz1/data/gallery/frog/00830.png,frog,0.825217
/home/emily/MMIP/week5/quiz1/data/query/cat/00080.png,cat,5,/home/emily/MMIP/week5/quiz1/data/gallery/frog/00614.png,frog,0.824613
/home/emily/MMIP/week5/quiz1/data/query/cat/00081.png,cat,1,/home/emily/MMIP/week5/quiz1/data/gallery/frog/00091.png,frog,0.825389
/home/emily/MMIP/week5/quiz1/data/query/cat/00081.png,cat,2,/home/emily/MMIP/week5/quiz1/data/gallery/cat/00261.png,cat,0.824212
/home/emily/MMIP/week5/quiz1/data/query/cat/00081.png,cat,3,/home/emily/MMIP/week5/quiz1/data/gallery/cat/00104.png,cat,0.822475
/home/emily/MMIP/week5/quiz1/data/query/cat/00081.png,cat,4,/home/emily/MMIP/week5/quiz1/data/gallery/frog/00901.png,frog,0.821638
/home/emily/MMIP/week5/quiz1/data/query/cat/00081.png,cat,5,/home/emily/MMIP/week5/quiz1/data/gallery/frog/00763.png,frog,0.820501
/home/emily/MMIP/week5/quiz1/data/query/cat/00082.png,cat,1,/home/emily/MMIP/week5/quiz1/data/gallery/cat/00829.png,cat,0.824102
/home/emily/MMIP/week5/quiz1/data/query/cat/00082.png,cat,2,/home/emily/MMIP/week5/quiz1/data/gallery/cat/00815.png,cat,0.819511
/home/emily/MMIP/week5/quiz1/data/query/cat/00082.png,cat,3,/home/emily/MMIP/week5/quiz1/data/gallery/cat/00188.png,cat,0.812002
/home/emily/MMIP/week5/quiz1/data/query/cat/00082.png,cat,4,/home/emily/MMIP/week5/quiz1/data/gallery/cat/00285.png,cat,0.811032
/home/emily/MMIP/week5/quiz1/data/query/cat/00082.png,cat,5,/home/emily/MMIP/week5/quiz1/data/gallery/cat/00551.png,cat,0.810880
/home/emily/MMIP/week5/quiz1/data/query/cat/00083.png,cat,1,/home/emily/MMIP/week5/quiz1/data/gallery/cat/00989.png,cat,0.813779
/home/emily/MMIP/week5/quiz1/data/query/cat/00083.png,cat,2,/home/emily/MMIP/week5/quiz1/data/gallery/airplane/00632.png,airplane,0.804828
/home/emily/MMIP/week5/quiz1/data/query/cat/00083.png,cat,3,/home/emily/MMIP/week5/quiz1/data/gallery/deer/00611.png,deer,0.803748
/home/emily/MMIP/week5/quiz1/data/query/cat/00083.png,cat,4,/home/emily/MMIP/week5/quiz1/data/gallery/deer/00849.png,deer,0.803726
/home/emily/MMIP/week5/quiz1/data/query/cat/00083.png,cat,5,/home/emily/MMIP/week5/quiz1/data/gallery/airplane/00077.png,airplane,0.802589
/home/emily/MMIP/week5/quiz1/data/query/cat/00084.png,cat,1,/home/emily/MMIP/week5/quiz1/data/gallery/frog/00850.png,frog,0.831957
/home/emily/MMIP/week5/quiz1/data/query/cat/00084.png,cat,2,/home/emily/MMIP/week5/quiz1/data/gallery/frog/00239.png,frog,0.825387
/home/emily/MMIP/week5/quiz1/data/query/cat/00084.png,cat,3,/home/emily/MMIP/week5/quiz1/data/gallery/frog/00658.png,frog,0.823309
/home/emily/MMIP/week5/quiz1/data/query/cat/00084.png,cat,4,/home/emily/MMIP/week5/quiz1/data/gallery/frog/00269.png,frog,0.820710
/home/emily/MMIP/week5/quiz1/data/query/cat/00084.png,cat,5,/home/emily/MMIP/week5/quiz1/data/gallery/frog/00113.png,frog,0.818258
/home/emily/MMIP/week5/quiz1/data/query/cat/00085.png,cat,1,/home/emily/MMIP/week5/quiz1/data/gallery/cat/00608.png,cat,0.839363
/home/emily/MMIP/week5/quiz1/data/query/cat/00085.png,cat,2,/home/emily/MMIP/week5/quiz1/data/gallery/dog/00737.png,dog,0.836921
/home/emily/MMIP/week5/quiz1/data/query/cat/00085.png,cat,3,/home/emily/MMIP/week5/quiz1/data/gallery/cat/00554.png,cat,0.821560
/home/emily/MMIP/week5/quiz1/data/query/cat/00085.png,cat,4,/home/emily/MMIP/week5/quiz1/data/gallery/dog/00809.png,dog,0.821506
/home/emily/MMIP/week5/quiz1/data/query/cat/00085.png,cat,5,/home/emily/MMIP/week5/quiz1/data/gallery/dog/00247.png,dog,0.821092
/home/emily/MMIP/week5/quiz1/data/query/cat/00086.png,cat,1,/home/emily/MMIP/week5/quiz1/data/gallery/dog/00418.png,dog,0.837883
/home/emily/MMIP/week5/quiz1/data/query/cat/00086.png,cat,2,/home/emily/MMIP/week5/quiz1/data/gallery/dog/00569.png,dog,0.836774
/home/emily/MMIP/week5/quiz1/data/query/cat/00086.png,cat,3,/home/emily/MMIP/week5/quiz1/data/gallery/dog/00906.png,dog,0.833599
/home/emily/MMIP/week5/quiz1/data/query/cat/00086.png,cat,4,/home/emily/MMIP/week5/quiz1/data/gallery/dog/00840.png,dog,0.833376
/home/emily/MMIP/week5/quiz1/data/query/cat/00086.png,cat,5,/home/emily/MMIP/week5/quiz1/data/gallery/dog/00309.png,dog,0.831055
/home/emily/MMIP/week5/quiz1/data/query/cat/00087.png,cat,1,/home/emily/MMIP/week5/quiz1/data/gallery/bird/00095.png,bird,0.818579
/home/emily/MMIP/week5/quiz1/data/query/cat/00087.png,cat,2,/home/emily/MMIP/week5/quiz1/data/gallery/dog/00500.png,dog,0.814520
/home/emily/MMIP/week5/quiz1/data/query/cat/00087.png,cat,3,/home/emily/MMIP/week5/quiz1/data/gallery/dog/00638.png,dog,0.810337
/home/emily/MMIP/week5/quiz1/data/query/cat/00087.png,cat,4,/home/emily/MMIP/week5/quiz1/data/gallery/dog/00635.png,dog,0.810017
/home/emily/MMIP/week5/quiz1/data/query/cat/00087.png,cat,5,/home/emily/MMIP/week5/quiz1/data/gallery/dog/00986.png,dog,0.806826
/home/emily/MMIP/week5/quiz1/data/query/cat/00088.png,cat,1,/home/emily/MMIP/week5/quiz1/data/gallery/cat/00157.png,cat,0.840758
/home/emily/MMIP/week5/quiz1/data/query/cat/00088.png,cat,2,/home/emily/MMIP/week5/quiz1/data/gallery/cat/00806.png,cat,0.827063
/home/emily/MMIP/week5/quiz1/data/query/cat/00088.png,cat,3,/home/emily/MMIP/week5/quiz1/data/gallery/cat/00577.png,cat,0.825827
/home/emily/MMIP/week5/quiz1/data/query/cat/00088.png,cat,4,/home/emily/MMIP/week5/quiz1/data/gallery/cat/00644.png,cat,0.817650
/home/emily/MMIP/week5/quiz1/data/query/cat/00088.png,cat,5,/home/emily/MMIP/week5/quiz1/data/gallery/cat/00351.png,cat,0.817483
/home/emily/MMIP/week5/quiz1/data/query/cat/00089.png,cat,1,/home/emily/MMIP/week5/quiz1/data/gallery/deer/00226.png,deer,0.796224
/home/emily/MMIP/week5/quiz1/data/query/cat/00089.png,cat,2,/home/emily/MMIP/week5/quiz1/data/gallery/cat/00547.png,cat,0.790302
/home/emily/MMIP/week5/quiz1/data/query/cat/00089.png,cat,3,/home/emily/MMIP/week5/quiz1/data/gallery/horse/00257.png,horse,0.789503
/home/emily/MMIP/week5/quiz1/data/query/cat/00089.png,cat,4,/home/emily/MMIP/week5/quiz1/data/gallery/cat/00501.png,cat,0.787962
/home/emily/MMIP/week5/quiz1/data/query/cat/00089.png,cat,5,/home/emily/MMIP/week5/quiz1/data/gallery/cat/00769.png,cat,0.785564
/home/emily/MMIP/week5/quiz1/data/query/cat/00090.png,cat,1,/home/emily/MMIP/week5/quiz1/data/gallery/frog/00597.png,frog,0.810192
/home/emily/MMIP/week5/quiz1/data/query/cat/00090.png,cat,2,/home/emily/MMIP/week5/quiz1/data/gallery/bird/00666.png,bird,0.808647
/home/emily/MMIP/week5/quiz1/data/query/cat/00090.png,cat,3,/home/emily/MMIP/week5/quiz1/data/gallery/frog/00883.png,frog,0.807148
/home/emily/MMIP/week5/quiz1/data/query/cat/00090.png,cat,4,/home/emily/MMIP/week5/quiz1/data/gallery/deer/00075.png,deer,0.798911
/home/emily/MMIP/week5/quiz1/data/query/cat/00090.png,cat,5,/home/emily/MMIP/week5/quiz1/data/gallery/frog/00950.png,frog,0.798149
/home/emily/MMIP/week5/quiz1/data/query/cat/00091.png,cat,1,/home/emily/MMIP/week5/quiz1/data/gallery/cat/00311.png,cat,0.842410
/home/emily/MMIP/week5/quiz1/data/query/cat/00091.png,cat,2,/home/emily/MMIP/week5/quiz1/data/gallery/cat/00416.png,cat,0.836942
/home/emily/MMIP/week5/quiz1/data/query/cat/00091.png,cat,3,/home/emily/MMIP/week5/quiz1/data/gallery/cat/00163.png,cat,0.835891
/home/emily/MMIP/week5/quiz1/data/query/cat/00091.png,cat,4,/home/emily/MMIP/week5/quiz1/data/gallery/dog/00106.png,dog,0.834854
/home/emily/MMIP/week5/quiz1/data/query/cat/00091.png,cat,5,/home/emily/MMIP/week5/quiz1/data/gallery/cat/00763.png,cat,0.832274
/home/emily/MMIP/week5/quiz1/data/query/cat/00092.png,cat,1,/home/emily/MMIP/week5/quiz1/data/gallery/truck/00150.png,truck,0.815424
/home/emily/MMIP/week5/quiz1/data/query/cat/00092.png,cat,2,/home/emily/MMIP/week5/quiz1/data/gallery/dog/00912.png,dog,0.798049
/home/emily/MMIP/week5/quiz1/data/query/cat/00092.png,cat,3,/home/emily/MMIP/week5/quiz1/data/gallery/automobile/00547.png,automobile,0.795650
/home/emily/MMIP/week5/quiz1/data/query/cat/00092.png,cat,4,/home/emily/MMIP/week5/quiz1/data/gallery/truck/00471.png,truck,0.795281
/home/emily/MMIP/week5/quiz1/data/query/cat/00092.png,cat,5,/home/emily/MMIP/week5/quiz1/data/gallery/dog/00243.png,dog,0.792811
/home/emily/MMIP/week5/quiz1/data/query/cat/00093.png,cat,1,/home/emily/MMIP/week5/quiz1/data/gallery/cat/00184.png,cat,0.862756
/home/emily/MMIP/week5/quiz1/data/query/cat/00093.png,cat,2,/home/emily/MMIP/week5/quiz1/data/gallery/cat/00644.png,cat,0.861288
/home/emily/MMIP/week5/quiz1/data/query/cat/00093.png,cat,3,/home/emily/MMIP/week5/quiz1/data/gallery/cat/00783.png,cat,0.855900
/home/emily/MMIP/week5/quiz1/data/query/cat/00093.png,cat,4,/home/emily/MMIP/week5/quiz1/data/gallery/cat/00658.png,cat,0.854379
/home/emily/MMIP/week5/quiz1/data/query/cat/00093.png,cat,5,/home/emily/MMIP/week5/quiz1/data/gallery/cat/00319.png,cat,0.850067
/home/emily/MMIP/week5/quiz1/data/query/cat/00094.png,cat,1,/home/emily/MMIP/week5/quiz1/data/gallery/horse/00145.png,horse,0.804800
/home/emily/MMIP/week5/quiz1/data/query/cat/00094.png,cat,2,/home/emily/MMIP/week5/quiz1/data/gallery/cat/00963.png,cat,0.804074
/home/emily/MMIP/week5/quiz1/data/query/cat/00094.png,cat,3,/home/emily/MMIP/week5/quiz1/data/gallery/dog/00001.png,dog,0.802277
/home/emily/MMIP/week5/quiz1/data/query/cat/00094.png,cat,4,/home/emily/MMIP/week5/quiz1/data/gallery/cat/00299.png,cat,0.800396
/home/emily/MMIP/week5/quiz1/data/query/cat/00094.png,cat,5,/home/emily/MMIP/week5/quiz1/data/gallery/dog/00296.png,dog,0.798061
/home/emily/MMIP/week5/quiz1/data/query/cat/00095.png,cat,1,/home/emily/MMIP/week5/quiz1/data/gallery/dog/00235.png,dog,0.820260
/home/emily/MMIP/week5/quiz1/data/query/cat/00095.png,cat,2,/home/emily/MMIP/week5/quiz1/data/gallery/cat/00379.png,cat,0.819832
/home/emily/MMIP/week5/quiz1/data/query/cat/00095.png,cat,3,/home/emily/MMIP/week5/quiz1/data/gallery/horse/00068.png,horse,0.812597
/home/emily/MMIP/week5/quiz1/data/query/cat/00095.png,cat,4,/home/emily/MMIP/week5/quiz1/data/gallery/dog/00160.png,dog,0.811570
/home/emily/MMIP/week5/quiz1/data/query/cat/00095.png,cat,5,/home/emily/MMIP/week5/quiz1/data/gallery/dog/00724.png,dog,0.811105
/home/emily/MMIP/week5/quiz1/data/query/cat/00096.png,cat,1,/home/emily/MMIP/week5/quiz1/data/gallery/cat/00842.png,cat,0.814783
/home/emily/MMIP/week5/quiz1/data/query/cat/00096.png,cat,2,/home/emily/MMIP/week5/quiz1/data/gallery/horse/00951.png,horse,0.802051
/home/emily/MMIP/week5/quiz1/data/query/cat/00096.png,cat,3,/home/emily/MMIP/week5/quiz1/data/gallery/horse/00405.png,horse,0.800922
/home/emily/MMIP/week5/quiz1/data/query/cat/00096.png,cat,4,/home/emily/MMIP/week5/quiz1/data/gallery/frog/00014.png,frog,0.799197
/home/emily/MMIP/week5/quiz1/data/query/cat/00096.png,cat,5,/home/emily/MMIP/week5/quiz1/data/gallery/frog/00055.png,frog,0.796092
/home/emily/MMIP/week5/quiz1/data/query/cat/00097.png,cat,1,/home/emily/MMIP/week5/quiz1/data/gallery/cat/00992.png,cat,0.806971
/home/emily/MMIP/week5/quiz1/data/query/cat/00097.png,cat,2,/home/emily/MMIP/week5/quiz1/data/gallery/cat/00376.png,cat,0.794196
/home/emily/MMIP/week5/quiz1/data/query/cat/00097.png,cat,3,/home/emily/MMIP/week5/quiz1/data/gallery/cat/00892.png,cat,0.790734
/home/emily/MMIP/week5/quiz1/data/query/cat/00097.png,cat,4,/home/emily/MMIP/week5/quiz1/data/gallery/deer/00485.png,deer,0.787523
/home/emily/MMIP/week5/quiz1/data/query/cat/00097.png,cat,5,/home/emily/MMIP/week5/quiz1/data/gallery/dog/00663.png,dog,0.786469
/home/emily/MMIP/week5/quiz1/data/query/cat/00098.png,cat,1,/home/emily/MMIP/week5/quiz1/data/gallery/cat/00806.png,cat,0.814813
/home/emily/MMIP/week5/quiz1/data/query/cat/00098.png,cat,2,/home/emily/MMIP/week5/quiz1/data/gallery/cat/00855.png,cat,0.809109
/home/emily/MMIP/week5/quiz1/data/query/cat/00098.png,cat,3,/home/emily/MMIP/week5/quiz1/data/gallery/cat/00834.png,cat,0.804216
/home/emily/MMIP/week5/quiz1/data/query/cat/00098.png,cat,4,/home/emily/MMIP/week5/quiz1/data/gallery/cat/00696.png,cat,0.803209
/home/emily/MMIP/week5/quiz1/data/query/cat/00098.png,cat,5,/home/emily/MMIP/week5/quiz1/data/gallery/cat/00870.png,cat,0.802641
/home/emily/MMIP/week5/quiz1/data/query/cat/00099.png,cat,1,/home/emily/MMIP/week5/quiz1/data/gallery/dog/00228.png,dog,0.825205
/home/emily/MMIP/week5/quiz1/data/query/cat/00099.png,cat,2,/home/emily/MMIP/week5/quiz1/data/gallery/frog/00290.png,frog,0.814334
/home/emily/MMIP/week5/quiz1/data/query/cat/00099.png,cat,3,/home/emily/MMIP/week5/quiz1/data/gallery/frog/00129.png,frog,0.813563
/home/emily/MMIP/week5/quiz1/data/query/cat/00099.png,cat,4,/home/emily/MMIP/week5/quiz1/data/gallery/cat/00883.png,cat,0.809475
/home/emily/MMIP/week5/quiz1/data/query/cat/00099.png,cat,5,/home/emily/MMIP/week5/quiz1/data/gallery/frog/00285.png,frog,0.808299
/home/emily/MMIP/week5/quiz1/data/query/deer/00000.png,deer,1,/home/emily/MMIP/week5/quiz1/data/gallery/deer/00453.png,deer,0.816413
/home/emily/MMIP/week5/quiz1/data/query/deer/00000.png,deer,2,/home/emily/MMIP/week5/quiz1/data/gallery/deer/00851.png,deer,0.813627
/home/emily/MMIP/week5/quiz1/data/query/deer/00000.png,deer,3,/home/emily/MMIP/week5/quiz1/data/gallery/deer/00423.png,deer,0.810422
/home/emily/MMIP/week5/quiz1/data/query/deer/00000.png,deer,4,/home/emily/MMIP/week5/quiz1/data/gallery/deer/00378.png,deer,0.808436
/home/emily/MMIP/week5/quiz1/data/query/deer/00000.png,deer,5,/home/emily/MMIP/week5/quiz1/data/gallery/deer/00124.png,deer,0.807309
/home/emily/MMIP/week5/quiz1/data/query/deer/00001.png,deer,1,/home/emily/MMIP/week5/quiz1/data/gallery/horse/00322.png,horse,0.799208
/home/emily/MMIP/week5/quiz1/data/query/deer/00001.png,deer,2,/home/emily/MMIP/week5/quiz1/data/gallery/horse/00845.png,horse,0.790538
/home/emily/MMIP/week5/quiz1/data/query/deer/00001.png,deer,3,/home/emily/MMIP/week5/quiz1/data/gallery/horse/00116.png,horse,0.790395
/home/emily/MMIP/week5/quiz1/data/query/deer/00001.png,deer,4,/home/emily/MMIP/week5/quiz1/data/gallery/horse/00068.png,horse,0.790074
/home/emily/MMIP/week5/quiz1/data/query/deer/00001.png,deer,5,/home/emily/MMIP/week5/quiz1/data/gallery/cat/00754.png,cat,0.789029
/home/emily/MMIP/week5/quiz1/data/query/deer/00002.png,deer,1,/home/emily/MMIP/week5/quiz1/data/gallery/deer/00389.png,deer,0.816626
/home/emily/MMIP/week5/quiz1/data/query/deer/00002.png,deer,2,/home/emily/MMIP/week5/quiz1/data/gallery/deer/00163.png,deer,0.814759
/home/emily/MMIP/week5/quiz1/data/query/deer/00002.png,deer,3,/home/emily/MMIP/week5/quiz1/data/gallery/deer/00958.png,deer,0.813889
/home/emily/MMIP/week5/quiz1/data/query/deer/00002.png,deer,4,/home/emily/MMIP/week5/quiz1/data/gallery/deer/00349.png,deer,0.812989
/home/emily/MMIP/week5/quiz1/data/query/deer/00002.png,deer,5,/home/emily/MMIP/week5/quiz1/data/gallery/deer/00616.png,deer,0.808246
/home/emily/MMIP/week5/quiz1/data/query/deer/00003.png,deer,1,/home/emily/MMIP/week5/quiz1/data/gallery/horse/00227.png,horse,0.843189
/home/emily/MMIP/week5/quiz1/data/query/deer/00003.png,deer,2,/home/emily/MMIP/week5/quiz1/data/gallery/deer/00340.png,deer,0.841965
/home/emily/MMIP/week5/quiz1/data/query/deer/00003.png,deer,3,/home/emily/MMIP/week5/quiz1/data/gallery/deer/00240.png,deer,0.837078
/home/emily/MMIP/week5/quiz1/data/query/deer/00003.png,deer,4,/home/emily/MMIP/week5/quiz1/data/gallery/deer/00442.png,deer,0.832544
/home/emily/MMIP/week5/quiz1/data/query/deer/00003.png,deer,5,/home/emily/MMIP/week5/quiz1/data/gallery/deer/00222.png,deer,0.828446
/home/emily/MMIP/week5/quiz1/data/query/deer/00004.png,deer,1,/home/emily/MMIP/week5/quiz1/data/gallery/deer/00901.png,deer,0.823597
/home/emily/MMIP/week5/quiz1/data/query/deer/00004.png,deer,2,/home/emily/MMIP/week5/quiz1/data/gallery/airplane/00480.png,airplane,0.822698
/home/emily/MMIP/week5/quiz1/data/query/deer/00004.png,deer,3,/home/emily/MMIP/week5/quiz1/data/gallery/airplane/00285.png,airplane,0.819256
/home/emily/MMIP/week5/quiz1/data/query/deer/00004.png,deer,4,/home/emily/MMIP/week5/quiz1/data/gallery/airplane/00617.png,airplane,0.816754
/home/emily/MMIP/week5/quiz1/data/query/deer/00004.png,deer,5,/home/emily/MMIP/week5/quiz1/data/gallery/airplane/00977.png,airplane,0.816613
/home/emily/MMIP/week5/quiz1/data/query/deer/00005.png,deer,1,/home/emily/MMIP/week5/quiz1/data/gallery/dog/00224.png,dog,0.831300
/home/emily/MMIP/week5/quiz1/data/query/deer/00005.png,deer,2,/home/emily/MMIP/week5/quiz1/data/gallery/dog/00232.png,dog,0.825610
/home/emily/MMIP/week5/quiz1/data/query/deer/00005.png,deer,3,/home/emily/MMIP/week5/quiz1/data/gallery/dog/00665.png,dog,0.819139
/home/emily/MMIP/week5/quiz1/data/query/deer/00005.png,deer,4,/home/emily/MMIP/week5/quiz1/data/gallery/dog/00972.png,dog,0.817333
/home/emily/MMIP/week5/quiz1/data/query/deer/00005.png,deer,5,/home/emily/MMIP/week5/quiz1/data/gallery/dog/00329.png,dog,0.816464
/home/emily/MMIP/week5/quiz1/data/query/deer/00006.png,deer,1,/home/emily/MMIP/week5/quiz1/data/gallery/horse/00559.png,horse,0.834177
/home/emily/MMIP/week5/quiz1/data/query/deer/00006.png,deer,2,/home/emily/MMIP/week5/quiz1/data/gallery/horse/00045.png,horse,0.827007
/home/emily/MMIP/week5/quiz1/data/query/deer/00006.png,deer,3,/home/emily/MMIP/week5/quiz1/data/gallery/horse/00660.png,horse,0.825672
/home/emily/MMIP/week5/quiz1/data/query/deer/00006.png,deer,4,/home/emily/MMIP/week5/quiz1/data/gallery/horse/00845.png,horse,0.822108
/home/emily/MMIP/week5/quiz1/data/query/deer/00006.png,deer,5,/home/emily/MMIP/week5/quiz1/data/gallery/horse/00398.png,horse,0.821158
/home/emily/MMIP/week5/quiz1/data/query/deer/00007.png,deer,1,/home/emily/MMIP/week5/quiz1/data/gallery/deer/00221.png,deer,0.830964
/home/emily/MMIP/week5/quiz1/data/query/deer/00007.png,deer,2,/home/emily/MMIP/week5/quiz1/data/gallery/deer/00269.png,deer,0.821154
/home/emily/MMIP/week5/quiz1/data/query/deer/00007.png,deer,3,/home/emily/MMIP/week5/quiz1/data/gallery/deer/00918.png,deer,0.820359
/home/emily/MMIP/week5/quiz1/data/query/deer/00007.png,deer,4,/home/emily/MMIP/week5/quiz1/data/gallery/deer/00585.png,deer,0.812940
/home/emily/MMIP/week5/quiz1/data/query/deer/00007.png,deer,5,/home/emily/MMIP/week5/quiz1/data/gallery/deer/00351.png,deer,0.810901
/home/emily/MMIP/week5/quiz1/data/query/deer/00008.png,deer,1,/home/emily/MMIP/week5/quiz1/data/gallery/cat/00893.png,cat,0.841176
/home/emily/MMIP/week5/quiz1/data/query/deer/00008.png,deer,2,/home/emily/MMIP/week5/quiz1/data/gallery/deer/00401.png,deer,0.836316
/home/emily/MMIP/week5/quiz1/data/query/deer/00008.png,deer,3,/home/emily/MMIP/week5/quiz1/data/gallery/deer/00711.png,deer,0.822662
/home/emily/MMIP/week5/quiz1/data/query/deer/00008.png,deer,4,/home/emily/MMIP/week5/quiz1/data/gallery/deer/00258.png,deer,0.821690
/home/emily/MMIP/week5/quiz1/data/query/deer/00008.png,deer,5,/home/emily/MMIP/week5/quiz1/data/gallery/deer/00220.png,deer,0.819603
/home/emily/MMIP/week5/quiz1/data/query/deer/00009.png,deer,1,/home/emily/MMIP/week5/quiz1/data/gallery/horse/00132.png,horse,0.813744
/home/emily/MMIP/week5/quiz1/data/query/deer/00009.png,deer,2,/home/emily/MMIP/week5/quiz1/data/gallery/horse/00617.png,horse,0.812793
/home/emily/MMIP/week5/quiz1/data/query/deer/00009.png,deer,3,/home/emily/MMIP/week5/quiz1/data/gallery/horse/00222.png,horse,0.812306
/home/emily/MMIP/week5/quiz1/data/query/deer/00009.png,deer,4,/home/emily/MMIP/week5/quiz1/data/gallery/horse/00500.png,horse,0.811519
/home/emily/MMIP/week5/quiz1/data/query/deer/00009.png,deer,5,/home/emily/MMIP/week5/quiz1/data/gallery/horse/00952.png,horse,0.811392
/home/emily/MMIP/week5/quiz1/data/query/deer/00010.png,deer,1,/home/emily/MMIP/week5/quiz1/data/gallery/deer/00020.png,deer,0.851339
/home/emily/MMIP/week5/quiz1/data/query/deer/00010.png,deer,2,/home/emily/MMIP/week5/quiz1/data/gallery/deer/00187.png,deer,0.844473
/home/emily/MMIP/week5/quiz1/data/query/deer/00010.png,deer,3,/home/emily/MMIP/week5/quiz1/data/gallery/deer/00524.png,deer,0.840215
/home/emily/MMIP/week5/quiz1/data/query/deer/00010.png,deer,4,/home/emily/MMIP/week5/quiz1/data/gallery/deer/00468.png,deer,0.838423
/home/emily/MMIP/week5/quiz1/data/query/deer/00010.png,deer,5,/home/emily/MMIP/week5/quiz1/data/gallery/deer/00581.png,deer,0.835584
/home/emily/MMIP/week5/quiz1/data/query/deer/00011.png,deer,1,/home/emily/MMIP/week5/quiz1/data/gallery/deer/00476.png,deer,0.857267
/home/emily/MMIP/week5/quiz1/data/query/deer/00011.png,deer,2,/home/emily/MMIP/week5/quiz1/data/gallery/deer/00186.png,deer,0.852088
/home/emily/MMIP/week5/quiz1/data/query/deer/00011.png,deer,3,/home/emily/MMIP/week5/quiz1/data/gallery/deer/00782.png,deer,0.840510
/home/emily/MMIP/week5/quiz1/data/query/deer/00011.png,deer,4,/home/emily/MMIP/week5/quiz1/data/gallery/deer/00884.png,deer,0.839951
/home/emily/MMIP/week5/quiz1/data/query/deer/00011.png,deer,5,/home/emily/MMIP/week5/quiz1/data/gallery/deer/00271.png,deer,0.836632
/home/emily/MMIP/week5/quiz1/data/query/deer/00012.png,deer,1,/home/emily/MMIP/week5/quiz1/data/gallery/deer/00050.png,deer,0.805958
/home/emily/MMIP/week5/quiz1/data/query/deer/00012.png,deer,2,/home/emily/MMIP/week5/quiz1/data/gallery/deer/00658.png,deer,0.802121
/home/emily/MMIP/week5/quiz1/data/query/deer/00012.png,deer,3,/home/emily/MMIP/week5/quiz1/data/gallery/deer/00719.png,deer,0.798409
/home/emily/MMIP/week5/quiz1/data/query/deer/00012.png,deer,4,/home/emily/MMIP/week5/quiz1/data/gallery/deer/00368.png,deer,0.797829
/home/emily/MMIP/week5/quiz1/data/query/deer/00012.png,deer,5,/home/emily/MMIP/week5/quiz1/data/gallery/bird/00797.png,bird,0.796692
/home/emily/MMIP/week5/quiz1/data/query/deer/00013.png,deer,1,/home/emily/MMIP/week5/quiz1/data/gallery/deer/00124.png,deer,0.839058
/home/emily/MMIP/week5/quiz1/data/query/deer/00013.png,deer,2,/home/emily/MMIP/week5/quiz1/data/gallery/deer/00782.png,deer,0.838886
/home/emily/MMIP/week5/quiz1/data/query/deer/00013.png,deer,3,/home/emily/MMIP/week5/quiz1/data/gallery/deer/00472.png,deer,0.836059
/home/emily/MMIP/week5/quiz1/data/query/deer/00013.png,deer,4,/home/emily/MMIP/week5/quiz1/data/gallery/deer/00507.png,deer,0.834857
/home/emily/MMIP/week5/quiz1/data/query/deer/00013.png,deer,5,/home/emily/MMIP/week5/quiz1/data/gallery/deer/00067.png,deer,0.834269
/home/emily/MMIP/week5/quiz1/data/query/deer/00014.png,deer,1,/home/emily/MMIP/week5/quiz1/data/gallery/cat/00857.png,cat,0.827487
/home/emily/MMIP/week5/quiz1/data/query/deer/00014.png,deer,2,/home/emily/MMIP/week5/quiz1/data/gallery/dog/00040.png,dog,0.821608
/home/emily/MMIP/week5/quiz1/data/query/deer/00014.png,deer,3,/home/emily/MMIP/week5/quiz1/data/gallery/dog/00963.png,dog,0.813229
/home/emily/MMIP/week5/quiz1/data/query/deer/00014.png,deer,4,/home/emily/MMIP/week5/quiz1/data/gallery/horse/00528.png,horse,0.811395
/home/emily/MMIP/week5/quiz1/data/query/deer/00014.png,deer,5,/home/emily/MMIP/week5/quiz1/data/gallery/horse/00500.png,horse,0.810566
/home/emily/MMIP/week5/quiz1/data/query/deer/00015.png,deer,1,/home/emily/MMIP/week5/quiz1/data/gallery/deer/00325.png,deer,0.812033
/home/emily/MMIP/week5/quiz1/data/query/deer/00015.png,deer,2,/home/emily/MMIP/week5/quiz1/data/gallery/deer/00386.png,deer,0.809708
/home/emily/MMIP/week5/quiz1/data/query/deer/00015.png,deer,3,/home/emily/MMIP/week5/quiz1/data/gallery/deer/00035.png,deer,0.807483
/home/emily/MMIP/week5/quiz1/data/query/deer/00015.png,deer,4,/home/emily/MMIP/week5/quiz1/data/gallery/bird/00652.png,bird,0.806814
/home/emily/MMIP/week5/quiz1/data/query/deer/00015.png,deer,5,/home/emily/MMIP/week5/quiz1/data/gallery/deer/00355.png,deer,0.804969
/home/emily/MMIP/week5/quiz1/data/query/deer/00016.png,deer,1,/home/emily/MMIP/week5/quiz1/data/gallery/dog/00068.png,dog,0.812038
/home/emily/MMIP/week5/quiz1/data/query/deer/00016.png,deer,2,/home/emily/MMIP/week5/quiz1/data/gallery/deer/00694.png,deer,0.809319
/home/emily/MMIP/week5/quiz1/data/query/deer/00016.png,deer,3,/home/emily/MMIP/week5/quiz1/data/gallery/deer/00269.png,deer,0.807713
/home/emily/MMIP/week5/quiz1/data/query/deer/00016.png,deer,4,/home/emily/MMIP/week5/quiz1/data/gallery/deer/00320.png,deer,0.803697
/home/emily/MMIP/week5/quiz1/data/query/deer/00016.png,deer,5,/home/emily/MMIP/week5/quiz1/data/gallery/deer/00739.png,deer,0.802258
/home/emily/MMIP/week5/quiz1/data/query/deer/00017.png,deer,1,/home/emily/MMIP/week5/quiz1/data/gallery/deer/00868.png,deer,0.848821
/home/emily/MMIP/week5/quiz1/data/query/deer/00017.png,deer,2,/home/emily/MMIP/week5/quiz1/data/gallery/deer/00217.png,deer,0.842760
/home/emily/MMIP/week5/quiz1/data/query/deer/00017.png,deer,3,/home/emily/MMIP/week5/quiz1/data/gallery/deer/00451.png,deer,0.834199
/home/emily/MMIP/week5/quiz1/data/query/deer/00017.png,deer,4,/home/emily/MMIP/week5/quiz1/data/gallery/deer/00110.png,deer,0.825456
/home/emily/MMIP/week5/quiz1/data/query/deer/00017.png,deer,5,/home/emily/MMIP/week5/quiz1/data/gallery/deer/00411.png,deer,0.825369
/home/emily/MMIP/week5/quiz1/data/query/deer/00018.png,deer,1,/home/emily/MMIP/week5/quiz1/data/gallery/deer/00851.png,deer,0.851867
/home/emily/MMIP/week5/quiz1/data/query/deer/00018.png,deer,2,/home/emily/MMIP/week5/quiz1/data/gallery/deer/00239.png,deer,0.834773
/home/emily/MMIP/week5/quiz1/data/query/deer/00018.png,deer,3,/home/emily/MMIP/week5/quiz1/data/gallery/deer/00832.png,deer,0.833393
/home/emily/MMIP/week5/quiz1/data/query/deer/00018.png,deer,4,/home/emily/MMIP/week5/quiz1/data/gallery/deer/00430.png,deer,0.830862
/home/emily/MMIP/week5/quiz1/data/query/deer/00018.png,deer,5,/home/emily/MMIP/week5/quiz1/data/gallery/deer/00893.png,deer,0.826036
/home/emily/MMIP/week5/quiz1/data/query/deer/00019.png,deer,1,/home/emily/MMIP/week5/quiz1/data/gallery/deer/00278.png,deer,0.848956
/home/emily/MMIP/week5/quiz1/data/query/deer/00019.png,deer,2,/home/emily/MMIP/week5/quiz1/data/gallery/deer/00499.png,deer,0.847376
/home/emily/MMIP/week5/quiz1/data/query/deer/00019.png,deer,3,/home/emily/MMIP/week5/quiz1/data/gallery/deer/00159.png,deer,0.846810
/home/emily/MMIP/week5/quiz1/data/query/deer/00019.png,deer,4,/home/emily/MMIP/week5/quiz1/data/gallery/deer/00956.png,deer,0.843597
/home/emily/MMIP/week5/quiz1/data/query/deer/00019.png,deer,5,/home/emily/MMIP/week5/quiz1/data/gallery/deer/00581.png,deer,0.836488
/home/emily/MMIP/week5/quiz1/data/query/deer/00020.png,deer,1,/home/emily/MMIP/week5/quiz1/data/gallery/deer/00590.png,deer,0.870013
/home/emily/MMIP/week5/quiz1/data/query/deer/00020.png,deer,2,/home/emily/MMIP/week5/quiz1/data/gallery/deer/00170.png,deer,0.867274
/home/emily/MMIP/week5/quiz1/data/query/deer/00020.png,deer,3,/home/emily/MMIP/week5/quiz1/data/gallery/deer/00028.png,deer,0.862199
/home/emily/MMIP/week5/quiz1/data/query/deer/00020.png,deer,4,/home/emily/MMIP/week5/quiz1/data/gallery/deer/00017.png,deer,0.859780
/home/emily/MMIP/week5/quiz1/data/query/deer/00020.png,deer,5,/home/emily/MMIP/week5/quiz1/data/gallery/deer/00054.png,deer,0.854755
/home/emily/MMIP/week5/quiz1/data/query/deer/00021.png,deer,1,/home/emily/MMIP/week5/quiz1/data/gallery/deer/00155.png,deer,0.839272
/home/emily/MMIP/week5/quiz1/data/query/deer/00021.png,deer,2,/home/emily/MMIP/week5/quiz1/data/gallery/deer/00581.png,deer,0.836892
/home/emily/MMIP/week5/quiz1/data/query/deer/00021.png,deer,3,/home/emily/MMIP/week5/quiz1/data/gallery/deer/00601.png,deer,0.836213
/home/emily/MMIP/week5/quiz1/data/query/deer/00021.png,deer,4,/home/emily/MMIP/week5/quiz1/data/gallery/deer/00047.png,deer,0.829854
/home/emily/MMIP/week5/quiz1/data/query/deer/00021.png,deer,5,/home/emily/MMIP/week5/quiz1/data/gallery/deer/00518.png,deer,0.825870
/home/emily/MMIP/week5/quiz1/data/query/deer/00022.png,deer,1,/home/emily/MMIP/week5/quiz1/data/gallery/bird/00885.png,bird,0.814444
/home/emily/MMIP/week5/quiz1/data/query/deer/00022.png,deer,2,/home/emily/MMIP/week5/quiz1/data/gallery/bird/00727.png,bird,0.808091
/home/emily/MMIP/week5/quiz1/data/query/deer/00022.png,deer,3,/home/emily/MMIP/week5/quiz1/data/gallery/deer/00145.png,deer,0.806357
/home/emily/MMIP/week5/quiz1/data/query/deer/00022.png,deer,4,/home/emily/MMIP/week5/quiz1/data/gallery/deer/00565.png,deer,0.803133
/home/emily/MMIP/week5/quiz1/data/query/deer/00022.png,deer,5,/home/emily/MMIP/week5/quiz1/data/gallery/bird/00494.png,bird,0.802035
/home/emily/MMIP/week5/quiz1/data/query/deer/00023.png,deer,1,/home/emily/MMIP/week5/quiz1/data/gallery/deer/00267.png,deer,0.845989
/home/emily/MMIP/week5/quiz1/data/query/deer/00023.png,deer,2,/home/emily/MMIP/week5/quiz1/data/gallery/deer/00137.png,deer,0.829375
/home/emily/MMIP/week5/quiz1/data/query/deer/00023.png,deer,3,/home/emily/MMIP/week5/quiz1/data/gallery/deer/00501.png,deer,0.826585
/home/emily/MMIP/week5/quiz1/data/query/deer/00023.png,deer,4,/home/emily/MMIP/week5/quiz1/data/gallery/deer/00598.png,deer,0.826494
/home/emily/MMIP/week5/quiz1/data/query/deer/00023.png,deer,5,/home/emily/MMIP/week5/quiz1/data/gallery/deer/00895.png,deer,0.826451
/home/emily/MMIP/week5/quiz1/data/query/deer/00024.png,deer,1,/home/emily/MMIP/week5/quiz1/data/gallery/deer/00950.png,deer,0.814028
/home/emily/MMIP/week5/quiz1/data/query/deer/00024.png,deer,2,/home/emily/MMIP/week5/quiz1/data/gallery/deer/00898.png,deer,0.810921
/home/emily/MMIP/week5/quiz1/data/query/deer/00024.png,deer,3,/home/emily/MMIP/week5/quiz1/data/gallery/frog/00757.png,frog,0.810667
/home/emily/MMIP/week5/quiz1/data/query/deer/00024.png,deer,4,/home/emily/MMIP/week5/quiz1/data/gallery/horse/00409.png,horse,0.804934
/home/emily/MMIP/week5/quiz1/data/query/deer/00024.png,deer,5,/home/emily/MMIP/week5/quiz1/data/gallery/deer/00377.png,deer,0.797158
/home/emily/MMIP/week5/quiz1/data/query/deer/00025.png,deer,1,/home/emily/MMIP/week5/quiz1/data/gallery/deer/00990.png,deer,0.831998
/home/emily/MMIP/week5/quiz1/data/query/deer/00025.png,deer,2,/home/emily/MMIP/week5/quiz1/data/gallery/deer/00488.png,deer,0.829156
/home/emily/MMIP/week5/quiz1/data/query/deer/00025.png,deer,3,/home/emily/MMIP/week5/quiz1/data/gallery/deer/00172.png,deer,0.820721
/home/emily/MMIP/week5/quiz1/data/query/deer/00025.png,deer,4,/home/emily/MMIP/week5/quiz1/data/gallery/deer/00518.png,deer,0.820455
/home/emily/MMIP/week5/quiz1/data/query/deer/00025.png,deer,5,/home/emily/MMIP/week5/quiz1/data/gallery/deer/00367.png,deer,0.817311
/home/emily/MMIP/week5/quiz1/data/query/deer/00026.png,deer,1,/home/emily/MMIP/week5/quiz1/data/gallery/horse/00441.png,horse,0.827365
/home/emily/MMIP/week5/quiz1/data/query/deer/00026.png,deer,2,/home/emily/MMIP/week5/quiz1/data/gallery/cat/00219.png,cat,0.809802
/home/emily/MMIP/week5/quiz1/data/query/deer/00026.png,deer,3,/home/emily/MMIP/week5/quiz1/data/gallery/horse/00322.png,horse,0.805749
/home/emily/MMIP/week5/quiz1/data/query/deer/00026.png,deer,4,/home/emily/MMIP/week5/quiz1/data/gallery/deer/00625.png,deer,0.801858
/home/emily/MMIP/week5/quiz1/data/query/deer/00026.png,deer,5,/home/emily/MMIP/week5/quiz1/data/gallery/horse/00010.png,horse,0.801533
/home/emily/MMIP/week5/quiz1/data/query/deer/00027.png,deer,1,/home/emily/MMIP/week5/quiz1/data/gallery/horse/00404.png,horse,0.803288
/home/emily/MMIP/week5/quiz1/data/query/deer/00027.png,deer,2,/home/emily/MMIP/week5/quiz1/data/gallery/deer/00419.png,deer,0.798799
/home/emily/MMIP/week5/quiz1/data/query/deer/00027.png,deer,3,/home/emily/MMIP/week5/quiz1/data/gallery/horse/00998.png,horse,0.795875
/home/emily/MMIP/week5/quiz1/data/query/deer/00027.png,deer,4,/home/emily/MMIP/week5/quiz1/data/gallery/deer/00222.png,deer,0.794481
/home/emily/MMIP/week5/quiz1/data/query/deer/00027.png,deer,5,/home/emily/MMIP/week5/quiz1/data/gallery/deer/00578.png,deer,0.794332
/home/emily/MMIP/week5/quiz1/data/query/deer/00028.png,deer,1,/home/emily/MMIP/week5/quiz1/data/gallery/deer/00587.png,deer,0.828143
/home/emily/MMIP/week5/quiz1/data/query/deer/00028.png,deer,2,/home/emily/MMIP/week5/quiz1/data/gallery/deer/00357.png,deer,0.825664
/home/emily/MMIP/week5/quiz1/data/query/deer/00028.png,deer,3,/home/emily/MMIP/week5/quiz1/data/gallery/airplane/00521.png,airplane,0.822567
/home/emily/MMIP/week5/quiz1/data/query/deer/00028.png,deer,4,/home/emily/MMIP/week5/quiz1/data/gallery/deer/00612.png,deer,0.820700
/home/emily/MMIP/week5/quiz1/data/query/deer/00028.png,deer,5,/home/emily/MMIP/week5/quiz1/data/gallery/bird/00220.png,bird,0.819740
/home/emily/MMIP/week5/quiz1/data/query/deer/00029.png,deer,1,/home/emily/MMIP/week5/quiz1/data/gallery/deer/00182.png,deer,0.819172
/home/emily/MMIP/week5/quiz1/data/query/deer/00029.png,deer,2,/home/emily/MMIP/week5/quiz1/data/gallery/deer/00774.png,deer,0.813675
/home/emily/MMIP/week5/quiz1/data/query/deer/00029.png,deer,3,/home/emily/MMIP/week5/quiz1/data/gallery/deer/00396.png,deer,0.804477
/home/emily/MMIP/week5/quiz1/data/query/deer/00029.png,deer,4,/home/emily/MMIP/week5/quiz1/data/gallery/cat/00834.png,cat,0.803594
/home/emily/MMIP/week5/quiz1/data/query/deer/00029.png,deer,5,/home/emily/MMIP/week5/quiz1/data/gallery/cat/00346.png,cat,0.802553
/home/emily/MMIP/week5/quiz1/data/query/deer/00030.png,deer,1,/home/emily/MMIP/week5/quiz1/data/gallery/deer/00461.png,deer,0.820632
/home/emily/MMIP/week5/quiz1/data/query/deer/00030.png,deer,2,/home/emily/MMIP/week5/quiz1/data/gallery/deer/00172.png,deer,0.810444
/home/emily/MMIP/week5/quiz1/data/query/deer/00030.png,deer,3,/home/emily/MMIP/week5/quiz1/data/gallery/deer/00675.png,deer,0.810369
/home/emily/MMIP/week5/quiz1/data/query/deer/00030.png,deer,4,/home/emily/MMIP/week5/quiz1/data/gallery/horse/00633.png,horse,0.809626
/home/emily/MMIP/week5/quiz1/data/query/deer/00030.png,deer,5,/home/emily/MMIP/week5/quiz1/data/gallery/cat/00050.png,cat,0.809109
/home/emily/MMIP/week5/quiz1/data/query/deer/00031.png,deer,1,/home/emily/MMIP/week5/quiz1/data/gallery/deer/00605.png,deer,0.825490
/home/emily/MMIP/week5/quiz1/data/query/deer/00031.png,deer,2,/home/emily/MMIP/week5/quiz1/data/gallery/deer/00961.png,deer,0.823144
/home/emily/MMIP/week5/quiz1/data/query/deer/00031.png,deer,3,/home/emily/MMIP/week5/quiz1/data/gallery/deer/00460.png,deer,0.821667
/home/emily/MMIP/week5/quiz1/data/query/deer/00031.png,deer,4,/home/emily/MMIP/week5/quiz1/data/gallery/deer/00948.png,deer,0.818861
/home/emily/MMIP/week5/quiz1/data/query/deer/00031.png,deer,5,/home/emily/MMIP/week5/quiz1/data/gallery/deer/00851.png,deer,0.818390
/home/emily/MMIP/week5/quiz1/data/query/deer/00032.png,deer,1,/home/emily/MMIP/week5/quiz1/data/gallery/deer/00011.png,deer,0.816104
/home/emily/MMIP/week5/quiz1/data/query/deer/00032.png,deer,2,/home/emily/MMIP/week5/quiz1/data/gallery/deer/00225.png,deer,0.815165
/home/emily/MMIP/week5/quiz1/data/query/deer/00032.png,deer,3,/home/emily/MMIP/week5/quiz1/data/gallery/deer/00943.png,deer,0.808297
/home/emily/MMIP/week5/quiz1/data/query/deer/00032.png,deer,4,/home/emily/MMIP/week5/quiz1/data/gallery/deer/00478.png,deer,0.805584
/home/emily/MMIP/week5/quiz1/data/query/deer/00032.png,deer,5,/home/emily/MMIP/week5/quiz1/data/gallery/deer/00425.png,deer,0.803967
/home/emily/MMIP/week5/quiz1/data/query/deer/00033.png,deer,1,/home/emily/MMIP/week5/quiz1/data/gallery/deer/00025.png,deer,0.821862
/home/emily/MMIP/week5/quiz1/data/query/deer/00033.png,deer,2,/home/emily/MMIP/week5/quiz1/data/gallery/deer/00333.png,deer,0.816783
/home/emily/MMIP/week5/quiz1/data/query/deer/00033.png,deer,3,/home/emily/MMIP/week5/quiz1/data/gallery/deer/00767.png,deer,0.815645
/home/emily/MMIP/week5/quiz1/data/query/deer/00033.png,deer,4,/home/emily/MMIP/week5/quiz1/data/gallery/bird/00369.png,bird,0.813967
/home/emily/MMIP/week5/quiz1/data/query/deer/00033.png,deer,5,/home/emily/MMIP/week5/quiz1/data/gallery/deer/00694.png,deer,0.813884
/home/emily/MMIP/week5/quiz1/data/query/deer/00034.png,deer,1,/home/emily/MMIP/week5/quiz1/data/gallery/deer/00095.png,deer,0.832086
/home/emily/MMIP/week5/quiz1/data/query/deer/00034.png,deer,2,/home/emily/MMIP/week5/quiz1/data/gallery/deer/00311.png,deer,0.827369
/home/emily/MMIP/week5/quiz1/data/query/deer/00034.png,deer,3,/home/emily/MMIP/week5/quiz1/data/gallery/deer/00759.png,deer,0.825682
/home/emily/MMIP/week5/quiz1/data/query/deer/00034.png,deer,4,/home/emily/MMIP/week5/quiz1/data/gallery/dog/00261.png,dog,0.822034
/home/emily/MMIP/week5/quiz1/data/query/deer/00034.png,deer,5,/home/emily/MMIP/week5/quiz1/data/gallery/dog/00236.png,dog,0.821025
/home/emily/MMIP/week5/quiz1/data/query/deer/00035.png,deer,1,/home/emily/MMIP/week5/quiz1/data/gallery/dog/00612.png,dog,0.819770
/home/emily/MMIP/week5/quiz1/data/query/deer/00035.png,deer,2,/home/emily/MMIP/week5/quiz1/data/gallery/cat/00399.png,cat,0.819507
/home/emily/MMIP/week5/quiz1/data/query/deer/00035.png,deer,3,/home/emily/MMIP/week5/quiz1/data/gallery/cat/00313.png,cat,0.818714
/home/emily/MMIP/week5/quiz1/data/query/deer/00035.png,deer,4,/home/emily/MMIP/week5/quiz1/data/gallery/deer/00858.png,deer,0.818243
/home/emily/MMIP/week5/quiz1/data/query/deer/00035.png,deer,5,/home/emily/MMIP/week5/quiz1/data/gallery/dog/00858.png,dog,0.818214
/home/emily/MMIP/week5/quiz1/data/query/deer/00036.png,deer,1,/home/emily/MMIP/week5/quiz1/data/gallery/bird/00146.png,bird,0.821121
/home/emily/MMIP/week5/quiz1/data/query/deer/00036.png,deer,2,/home/emily/MMIP/week5/quiz1/data/gallery/deer/00535.png,deer,0.819593
/home/emily/MMIP/week5/quiz1/data/query/deer/00036.png,deer,3,/home/emily/MMIP/week5/quiz1/data/gallery/deer/00289.png,deer,0.818200
/home/emily/MMIP/week5/quiz1/data/query/deer/00036.png,deer,4,/home/emily/MMIP/week5/quiz1/data/gallery/deer/00012.png,deer,0.815915
/home/emily/MMIP/week5/quiz1/data/query/deer/00036.png,deer,5,/home/emily/MMIP/week5/quiz1/data/gallery/deer/00124.png,deer,0.815821
/home/emily/MMIP/week5/quiz1/data/query/deer/00037.png,deer,1,/home/emily/MMIP/week5/quiz1/data/gallery/deer/00886.png,deer,0.838042
/home/emily/MMIP/week5/quiz1/data/query/deer/00037.png,deer,2,/home/emily/MMIP/week5/quiz1/data/gallery/dog/00864.png,dog,0.818836
/home/emily/MMIP/week5/quiz1/data/query/deer/00037.png,deer,3,/home/emily/MMIP/week5/quiz1/data/gallery/deer/00439.png,deer,0.816203
/home/emily/MMIP/week5/quiz1/data/query/deer/00037.png,deer,4,/home/emily/MMIP/week5/quiz1/data/gallery/dog/00010.png,dog,0.814573
/home/emily/MMIP/week5/quiz1/data/query/deer/00037.png,deer,5,/home/emily/MMIP/week5/quiz1/data/gallery/deer/00720.png,deer,0.814397
/home/emily/MMIP/week5/quiz1/data/query/deer/00038.png,deer,1,/home/emily/MMIP/week5/quiz1/data/gallery/deer/00015.png,deer,0.888946
/home/emily/MMIP/week5/quiz1/data/query/deer/00038.png,deer,2,/home/emily/MMIP/week5/quiz1/data/gallery/deer/00590.png,deer,0.842921
/home/emily/MMIP/week5/quiz1/data/query/deer/00038.png,deer,3,/home/emily/MMIP/week5/quiz1/data/gallery/deer/00023.png,deer,0.829072
/home/emily/MMIP/week5/quiz1/data/query/deer/00038.png,deer,4,/home/emily/MMIP/week5/quiz1/data/gallery/deer/00168.png,deer,0.825915
/home/emily/MMIP/week5/quiz1/data/query/deer/00038.png,deer,5,/home/emily/MMIP/week5/quiz1/data/gallery/deer/00769.png,deer,0.825473
/home/emily/MMIP/week5/quiz1/data/query/deer/00039.png,deer,1,/home/emily/MMIP/week5/quiz1/data/gallery/deer/00330.png,deer,0.845096
/home/emily/MMIP/week5/quiz1/data/query/deer/00039.png,deer,2,/home/emily/MMIP/week5/quiz1/data/gallery/deer/00864.png,deer,0.831824
/home/emily/MMIP/week5/quiz1/data/query/deer/00039.png,deer,3,/home/emily/MMIP/week5/quiz1/data/gallery/deer/00904.png,deer,0.827938
/home/emily/MMIP/week5/quiz1/data/query/deer/00039.png,deer,4,/home/emily/MMIP/week5/quiz1/data/gallery/deer/00385.png,deer,0.827849
/home/emily/MMIP/week5/quiz1/data/query/deer/00039.png,deer,5,/home/emily/MMIP/week5/quiz1/data/gallery/deer/00896.png,deer,0.827477
/home/emily/MMIP/week5/quiz1/data/query/deer/00040.png,deer,1,/home/emily/MMIP/week5/quiz1/data/gallery/deer/00263.png,deer,0.816348
/home/emily/MMIP/week5/quiz1/data/query/deer/00040.png,deer,2,/home/emily/MMIP/week5/quiz1/data/gallery/deer/00788.png,deer,0.816176
/home/emily/MMIP/week5/quiz1/data/query/deer/00040.png,deer,3,/home/emily/MMIP/week5/quiz1/data/gallery/deer/00489.png,deer,0.810961
/home/emily/MMIP/week5/quiz1/data/query/deer/00040.png,deer,4,/home/emily/MMIP/week5/quiz1/data/gallery/deer/00951.png,deer,0.806831
/home/emily/MMIP/week5/quiz1/data/query/deer/00040.png,deer,5,/home/emily/MMIP/week5/quiz1/data/gallery/deer/00809.png,deer,0.806249
/home/emily/MMIP/week5/quiz1/data/query/deer/00041.png,deer,1,/home/emily/MMIP/week5/quiz1/data/gallery/frog/00659.png,frog,0.833754
/home/emily/MMIP/week5/quiz1/data/query/deer/00041.png,deer,2,/home/emily/MMIP/week5/quiz1/data/gallery/frog/00687.png,frog,0.830631
/home/emily/MMIP/week5/quiz1/data/query/deer/00041.png,deer,3,/home/emily/MMIP/week5/quiz1/data/gallery/frog/00136.png,frog,0.827581
/home/emily/MMIP/week5/quiz1/data/query/deer/00041.png,deer,4,/home/emily/MMIP/week5/quiz1/data/gallery/frog/00045.png,frog,0.826305
/home/emily/MMIP/week5/quiz1/data/query/deer/00041.png,deer,5,/home/emily/MMIP/week5/quiz1/data/gallery/frog/00817.png,frog,0.825941
/home/emily/MMIP/week5/quiz1/data/query/deer/00042.png,deer,1,/home/emily/MMIP/week5/quiz1/data/gallery/horse/00794.png,horse,0.812079
/home/emily/MMIP/week5/quiz1/data/query/deer/00042.png,deer,2,/home/emily/MMIP/week5/quiz1/data/gallery/cat/00908.png,cat,0.810723
/home/emily/MMIP/week5/quiz1/data/query/deer/00042.png,deer,3,/home/emily/MMIP/week5/quiz1/data/gallery/deer/00625.png,deer,0.808163
/home/emily/MMIP/week5/quiz1/data/query/deer/00042.png,deer,4,/home/emily/MMIP/week5/quiz1/data/gallery/bird/00576.png,bird,0.807149
/home/emily/MMIP/week5/quiz1/data/query/deer/00042.png,deer,5,/home/emily/MMIP/week5/quiz1/data/gallery/deer/00933.png,deer,0.806794
/home/emily/MMIP/week5/quiz1/data/query/deer/00043.png,deer,1,/home/emily/MMIP/week5/quiz1/data/gallery/deer/00124.png,deer,0.863516
/home/emily/MMIP/week5/quiz1/data/query/deer/00043.png,deer,2,/home/emily/MMIP/week5/quiz1/data/gallery/deer/00763.png,deer,0.862714
/home/emily/MMIP/week5/quiz1/data/query/deer/00043.png,deer,3,/home/emily/MMIP/week5/quiz1/data/gallery/deer/00266.png,deer,0.848065
/home/emily/MMIP/week5/quiz1/data/query/deer/00043.png,deer,4,/home/emily/MMIP/week5/quiz1/data/gallery/deer/00631.png,deer,0.846568
/home/emily/MMIP/week5/quiz1/data/query/deer/00043.png,deer,5,/home/emily/MMIP/week5/quiz1/data/gallery/deer/00384.png,deer,0.842470
/home/emily/MMIP/week5/quiz1/data/query/deer/00044.png,deer,1,/home/emily/MMIP/week5/quiz1/data/gallery/deer/00971.png,deer,0.815777
/home/emily/MMIP/week5/quiz1/data/query/deer/00044.png,deer,2,/home/emily/MMIP/week5/quiz1/data/gallery/deer/00109.png,deer,0.810724
/home/emily/MMIP/week5/quiz1/data/query/deer/00044.png,deer,3,/home/emily/MMIP/week5/quiz1/data/gallery/deer/00209.png,deer,0.810355
/home/emily/MMIP/week5/quiz1/data/query/deer/00044.png,deer,4,/home/emily/MMIP/week5/quiz1/data/gallery/deer/00862.png,deer,0.809098
/home/emily/MMIP/week5/quiz1/data/query/deer/00044.png,deer,5,/home/emily/MMIP/week5/quiz1/data/gallery/deer/00773.png,deer,0.804064
/home/emily/MMIP/week5/quiz1/data/query/deer/00045.png,deer,1,/home/emily/MMIP/week5/quiz1/data/gallery/deer/00358.png,deer,0.833280
/home/emily/MMIP/week5/quiz1/data/query/deer/00045.png,deer,2,/home/emily/MMIP/week5/quiz1/data/gallery/deer/00948.png,deer,0.827494
/home/emily/MMIP/week5/quiz1/data/query/deer/00045.png,deer,3,/home/emily/MMIP/week5/quiz1/data/gallery/deer/00039.png,deer,0.820410
/home/emily/MMIP/week5/quiz1/data/query/deer/00045.png,deer,4,/home/emily/MMIP/week5/quiz1/data/gallery/deer/00571.png,deer,0.813033
/home/emily/MMIP/week5/quiz1/data/query/deer/00045.png,deer,5,/home/emily/MMIP/week5/quiz1/data/gallery/deer/00408.png,deer,0.812595
/home/emily/MMIP/week5/quiz1/data/query/deer/00046.png,deer,1,/home/emily/MMIP/week5/quiz1/data/gallery/deer/00775.png,deer,0.843401
/home/emily/MMIP/week5/quiz1/data/query/deer/00046.png,deer,2,/home/emily/MMIP/week5/quiz1/data/gallery/deer/00124.png,deer,0.836710
/home/emily/MMIP/week5/quiz1/data/query/deer/00046.png,deer,3,/home/emily/MMIP/week5/quiz1/data/gallery/deer/00351.png,deer,0.835371
/home/emily/MMIP/week5/quiz1/data/query/deer/00046.png,deer,4,/home/emily/MMIP/week5/quiz1/data/gallery/deer/00354.png,deer,0.834605
/home/emily/MMIP/week5/quiz1/data/query/deer/00046.png,deer,5,/home/emily/MMIP/week5/quiz1/data/gallery/deer/00907.png,deer,0.833671
/home/emily/MMIP/week5/quiz1/data/query/deer/00047.png,deer,1,/home/emily/MMIP/week5/quiz1/data/gallery/deer/00966.png,deer,0.865242
/home/emily/MMIP/week5/quiz1/data/query/deer/00047.png,deer,2,/home/emily/MMIP/week5/quiz1/data/gallery/deer/00511.png,deer,0.860898
/home/emily/MMIP/week5/quiz1/data/query/deer/00047.png,deer,3,/home/emily/MMIP/week5/quiz1/data/gallery/deer/00668.png,deer,0.858914
/home/emily/MMIP/week5/quiz1/data/query/deer/00047.png,deer,4,/home/emily/MMIP/week5/quiz1/data/gallery/deer/00266.png,deer,0.856898
/home/emily/MMIP/week5/quiz1/data/query/deer/00047.png,deer,5,/home/emily/MMIP/week5/quiz1/data/gallery/deer/00895.png,deer,0.856112
/home/emily/MMIP/week5/quiz1/data/query/deer/00048.png,deer,1,/home/emily/MMIP/week5/quiz1/data/gallery/deer/00145.png,deer,0.848335
/home/emily/MMIP/week5/quiz1/data/query/deer/00048.png,deer,2,/home/emily/MMIP/week5/quiz1/data/gallery/deer/00172.png,deer,0.838247
/home/emily/MMIP/week5/quiz1/data/query/deer/00048.png,deer,3,/home/emily/MMIP/week5/quiz1/data/gallery/deer/00954.png,deer,0.835041
/home/emily/MMIP/week5/quiz1/data/query/deer/00048.png,deer,4,/home/emily/MMIP/week5/quiz1/data/gallery/deer/00576.png,deer,0.826872
/home/emily/MMIP/week5/quiz1/data/query/deer/00048.png,deer,5,/home/emily/MMIP/week5/quiz1/data/gallery/bird/00668.png,bird,0.824588
/home/emily/MMIP/week5/quiz1/data/query/deer/00049.png,deer,1,/home/emily/MMIP/week5/quiz1/data/gallery/deer/00163.png,deer,0.835705
/home/emily/MMIP/week5/quiz1/data/query/deer/00049.png,deer,2,/home/emily/MMIP/week5/quiz1/data/gallery/deer/00338.png,deer,0.831609
/home/emily/MMIP/week5/quiz1/data/query/deer/00049.png,deer,3,/home/emily/MMIP/week5/quiz1/data/gallery/bird/00719.png,bird,0.828162
/home/emily/MMIP/week5/quiz1/data/query/deer/00049.png,deer,4,/home/emily/MMIP/week5/quiz1/data/gallery/deer/00880.png,deer,0.823660
/home/emily/MMIP/week5/quiz1/data/query/deer/00049.png,deer,5,/home/emily/MMIP/week5/quiz1/data/gallery/deer/00145.png,deer,0.817081
/home/emily/MMIP/week5/quiz1/data/query/deer/00050.png,deer,1,/home/emily/MMIP/week5/quiz1/data/gallery/deer/00931.png,deer,0.821110
/home/emily/MMIP/week5/quiz1/data/query/deer/00050.png,deer,2,/home/emily/MMIP/week5/quiz1/data/gallery/deer/00762.png,deer,0.820361
/home/emily/MMIP/week5/quiz1/data/query/deer/00050.png,deer,3,/home/emily/MMIP/week5/quiz1/data/gallery/deer/00433.png,deer,0.818434
/home/emily/MMIP/week5/quiz1/data/query/deer/00050.png,deer,4,/home/emily/MMIP/week5/quiz1/data/gallery/horse/00035.png,horse,0.813133
/home/emily/MMIP/week5/quiz1/data/query/deer/00050.png,deer,5,/home/emily/MMIP/week5/quiz1/data/gallery/horse/00518.png,horse,0.811882
/home/emily/MMIP/week5/quiz1/data/query/deer/00051.png,deer,1,/home/emily/MMIP/week5/quiz1/data/gallery/deer/00169.png,deer,0.829192
/home/emily/MMIP/week5/quiz1/data/query/deer/00051.png,deer,2,/home/emily/MMIP/week5/quiz1/data/gallery/airplane/00198.png,airplane,0.806342
/home/emily/MMIP/week5/quiz1/data/query/deer/00051.png,deer,3,/home/emily/MMIP/week5/quiz1/data/gallery/horse/00260.png,horse,0.804893
/home/emily/MMIP/week5/quiz1/data/query/deer/00051.png,deer,4,/home/emily/MMIP/week5/quiz1/data/gallery/horse/00495.png,horse,0.804474
/home/emily/MMIP/week5/quiz1/data/query/deer/00051.png,deer,5,/home/emily/MMIP/week5/quiz1/data/gallery/airplane/00457.png,airplane,0.803933
/home/emily/MMIP/week5/quiz1/data/query/deer/00052.png,deer,1,/home/emily/MMIP/week5/quiz1/data/gallery/deer/00520.png,deer,0.902312
/home/emily/MMIP/week5/quiz1/data/query/deer/00052.png,deer,2,/home/emily/MMIP/week5/quiz1/data/gallery/deer/00598.png,deer,0.841674
/home/emily/MMIP/week5/quiz1/data/query/deer/00052.png,deer,3,/home/emily/MMIP/week5/quiz1/data/gallery/deer/00797.png,deer,0.838753
/home/emily/MMIP/week5/quiz1/data/query/deer/00052.png,deer,4,/home/emily/MMIP/week5/quiz1/data/gallery/deer/00349.png,deer,0.838253
/home/emily/MMIP/week5/quiz1/data/query/deer/00052.png,deer,5,/home/emily/MMIP/week5/quiz1/data/gallery/deer/00984.png,deer,0.837664
/home/emily/MMIP/week5/quiz1/data/query/deer/00053.png,deer,1,/home/emily/MMIP/week5/quiz1/data/gallery/deer/00698.png,deer,0.861981
/home/emily/MMIP/week5/quiz1/data/query/deer/00053.png,deer,2,/home/emily/MMIP/week5/quiz1/data/gallery/deer/00546.png,deer,0.859985
/home/emily/MMIP/week5/quiz1/data/query/deer/00053.png,deer,3,/home/emily/MMIP/week5/quiz1/data/gallery/deer/00017.png,deer,0.856263
/home/emily/MMIP/week5/quiz1/data/query/deer/00053.png,deer,4,/home/emily/MMIP/week5/quiz1/data/gallery/deer/00915.png,deer,0.855991
/home/emily/MMIP/week5/quiz1/data/query/deer/00053.png,deer,5,/home/emily/MMIP/week5/quiz1/data/gallery/deer/00650.png,deer,0.851898
/home/emily/MMIP/week5/quiz1/data/query/deer/00054.png,deer,1,/home/emily/MMIP/week5/quiz1/data/gallery/deer/00632.png,deer,0.866212
/home/emily/MMIP/week5/quiz1/data/query/deer/00054.png,deer,2,/home/emily/MMIP/week5/quiz1/data/gallery/deer/00780.png,deer,0.823396
/home/emily/MMIP/week5/quiz1/data/query/deer/00054.png,deer,3,/home/emily/MMIP/week5/quiz1/data/gallery/deer/00148.png,deer,0.817065
/home/emily/MMIP/week5/quiz1/data/query/deer/00054.png,deer,4,/home/emily/MMIP/week5/quiz1/data/gallery/deer/00049.png,deer,0.816490
/home/emily/MMIP/week5/quiz1/data/query/deer/00054.png,deer,5,/home/emily/MMIP/week5/quiz1/data/gallery/deer/00949.png,deer,0.814941
/home/emily/MMIP/week5/quiz1/data/query/deer/00055.png,deer,1,/home/emily/MMIP/week5/quiz1/data/gallery/deer/00873.png,deer,0.839994
/home/emily/MMIP/week5/quiz1/data/query/deer/00055.png,deer,2,/home/emily/MMIP/week5/quiz1/data/gallery/deer/00907.png,deer,0.838173
/home/emily/MMIP/week5/quiz1/data/query/deer/00055.png,deer,3,/home/emily/MMIP/week5/quiz1/data/gallery/deer/00414.png,deer,0.836743
/home/emily/MMIP/week5/quiz1/data/query/deer/00055.png,deer,4,/home/emily/MMIP/week5/quiz1/data/gallery/deer/00753.png,deer,0.833377
/home/emily/MMIP/week5/quiz1/data/query/deer/00055.png,deer,5,/home/emily/MMIP/week5/quiz1/data/gallery/deer/00054.png,deer,0.831332
/home/emily/MMIP/week5/quiz1/data/query/deer/00056.png,deer,1,/home/emily/MMIP/week5/quiz1/data/gallery/deer/00258.png,deer,0.832894
/home/emily/MMIP/week5/quiz1/data/query/deer/00056.png,deer,2,/home/emily/MMIP/week5/quiz1/data/gallery/deer/00776.png,deer,0.827425
/home/emily/MMIP/week5/quiz1/data/query/deer/00056.png,deer,3,/home/emily/MMIP/week5/quiz1/data/gallery/deer/00346.png,deer,0.827075
/home/emily/MMIP/week5/quiz1/data/query/deer/00056.png,deer,4,/home/emily/MMIP/week5/quiz1/data/gallery/deer/00630.png,deer,0.823217
/home/emily/MMIP/week5/quiz1/data/query/deer/00056.png,deer,5,/home/emily/MMIP/week5/quiz1/data/gallery/deer/00518.png,deer,0.821623
/home/emily/MMIP/week5/quiz1/data/query/deer/00057.png,deer,1,/home/emily/MMIP/week5/quiz1/data/gallery/deer/00008.png,deer,0.846058
/home/emily/MMIP/week5/quiz1/data/query/deer/00057.png,deer,2,/home/emily/MMIP/week5/quiz1/data/gallery/deer/00349.png,deer,0.840032
/home/emily/MMIP/week5/quiz1/data/query/deer/00057.png,deer,3,/home/emily/MMIP/week5/quiz1/data/gallery/deer/00546.png,deer,0.837342
/home/emily/MMIP/week5/quiz1/data/query/deer/00057.png,deer,4,/home/emily/MMIP/week5/quiz1/data/gallery/deer/00269.png,deer,0.834137
/home/emily/MMIP/week5/quiz1/data/query/deer/00057.png,deer,5,/home/emily/MMIP/week5/quiz1/data/gallery/deer/00632.png,deer,0.831463
/home/emily/MMIP/week5/quiz1/data/query/deer/00058.png,deer,1,/home/emily/MMIP/week5/quiz1/data/gallery/horse/00020.png,horse,0.840418
/home/emily/MMIP/week5/quiz1/data/query/deer/00058.png,deer,2,/home/emily/MMIP/week5/quiz1/data/gallery/horse/00778.png,horse,0.835004
/home/emily/MMIP/week5/quiz1/data/query/deer/00058.png,deer,3,/home/emily/MMIP/week5/quiz1/data/gallery/horse/00193.png,horse,0.819241
/home/emily/MMIP/week5/quiz1/data/query/deer/00058.png,deer,4,/home/emily/MMIP/week5/quiz1/data/gallery/horse/00853.png,horse,0.817431
/home/emily/MMIP/week5/quiz1/data/query/deer/00058.png,deer,5,/home/emily/MMIP/week5/quiz1/data/gallery/horse/00724.png,horse,0.809581
/home/emily/MMIP/week5/quiz1/data/query/deer/00059.png,deer,1,/home/emily/MMIP/week5/quiz1/data/gallery/dog/00482.png,dog,0.854410
/home/emily/MMIP/week5/quiz1/data/query/deer/00059.png,deer,2,/home/emily/MMIP/week5/quiz1/data/gallery/dog/00224.png,dog,0.844642
/home/emily/MMIP/week5/quiz1/data/query/deer/00059.png,deer,3,/home/emily/MMIP/week5/quiz1/data/gallery/cat/00396.png,cat,0.841597
/home/emily/MMIP/week5/quiz1/data/query/deer/00059.png,deer,4,/home/emily/MMIP/week5/quiz1/data/gallery/cat/00035.png,cat,0.832887
/home/emily/MMIP/week5/quiz1/data/query/deer/00059.png,deer,5,/home/emily/MMIP/week5/quiz1/data/gallery/dog/00232.png,dog,0.827670
/home/emily/MMIP/week5/quiz1/data/query/deer/00060.png,deer,1,/home/emily/MMIP/week5/quiz1/data/gallery/deer/00011.png,deer,0.837347
/home/emily/MMIP/week5/quiz1/data/query/deer/00060.png,deer,2,/home/emily/MMIP/week5/quiz1/data/gallery/deer/00511.png,deer,0.829589
/home/emily/MMIP/week5/quiz1/data/query/deer/00060.png,deer,3,/home/emily/MMIP/week5/quiz1/data/gallery/deer/00674.png,deer,0.823523
/home/emily/MMIP/week5/quiz1/data/query/deer/00060.png,deer,4,/home/emily/MMIP/week5/quiz1/data/gallery/deer/00352.png,deer,0.820345
/home/emily/MMIP/week5/quiz1/data/query/deer/00060.png,deer,5,/home/emily/MMIP/week5/quiz1/data/gallery/deer/00076.png,deer,0.819892
/home/emily/MMIP/week5/quiz1/data/query/deer/00061.png,deer,1,/home/emily/MMIP/week5/quiz1/data/gallery/deer/00234.png,deer,0.826221
/home/emily/MMIP/week5/quiz1/data/query/deer/00061.png,deer,2,/home/emily/MMIP/week5/quiz1/data/gallery/deer/00106.png,deer,0.822805
/home/emily/MMIP/week5/quiz1/data/query/deer/00061.png,deer,3,/home/emily/MMIP/week5/quiz1/data/gallery/bird/00812.png,bird,0.821206
/home/emily/MMIP/week5/quiz1/data/query/deer/00061.png,deer,4,/home/emily/MMIP/week5/quiz1/data/gallery/deer/00576.png,deer,0.817594
/home/emily/MMIP/week5/quiz1/data/query/deer/00061.png,deer,5,/home/emily/MMIP/week5/quiz1/data/gallery/bird/00268.png,bird,0.817181
/home/emily/MMIP/week5/quiz1/data/query/deer/00062.png,deer,1,/home/emily/MMIP/week5/quiz1/data/gallery/cat/00966.png,cat,0.828169
/home/emily/MMIP/week5/quiz1/data/query/deer/00062.png,deer,2,/home/emily/MMIP/week5/quiz1/data/gallery/deer/00508.png,deer,0.821281
/home/emily/MMIP/week5/quiz1/data/query/deer/00062.png,deer,3,/home/emily/MMIP/week5/quiz1/data/gallery/cat/00643.png,cat,0.820992
/home/emily/MMIP/week5/quiz1/data/query/deer/00062.png,deer,4,/home/emily/MMIP/week5/quiz1/data/gallery/deer/00374.png,deer,0.816230
/home/emily/MMIP/week5/quiz1/data/query/deer/00062.png,deer,5,/home/emily/MMIP/week5/quiz1/data/gallery/horse/00421.png,horse,0.815056
/home/emily/MMIP/week5/quiz1/data/query/deer/00063.png,deer,1,/home/emily/MMIP/week5/quiz1/data/gallery/deer/00393.png,deer,0.827721
/home/emily/MMIP/week5/quiz1/data/query/deer/00063.png,deer,2,/home/emily/MMIP/week5/quiz1/data/gallery/deer/00609.png,deer,0.807607
/home/emily/MMIP/week5/quiz1/data/query/deer/00063.png,deer,3,/home/emily/MMIP/week5/quiz1/data/gallery/dog/00929.png,dog,0.805903
/home/emily/MMIP/week5/quiz1/data/query/deer/00063.png,deer,4,/home/emily/MMIP/week5/quiz1/data/gallery/deer/00252.png,deer,0.804946
/home/emily/MMIP/week5/quiz1/data/query/deer/00063.png,deer,5,/home/emily/MMIP/week5/quiz1/data/gallery/deer/00717.png,deer,0.804802
/home/emily/MMIP/week5/quiz1/data/query/deer/00064.png,deer,1,/home/emily/MMIP/week5/quiz1/data/gallery/deer/00696.png,deer,0.847931
/home/emily/MMIP/week5/quiz1/data/query/deer/00064.png,deer,2,/home/emily/MMIP/week5/quiz1/data/gallery/horse/00068.png,horse,0.817613
/home/emily/MMIP/week5/quiz1/data/query/deer/00064.png,deer,3,/home/emily/MMIP/week5/quiz1/data/gallery/horse/00338.png,horse,0.806571
/home/emily/MMIP/week5/quiz1/data/query/deer/00064.png,deer,4,/home/emily/MMIP/week5/quiz1/data/gallery/dog/00002.png,dog,0.806481
/home/emily/MMIP/week5/quiz1/data/query/deer/00064.png,deer,5,/home/emily/MMIP/week5/quiz1/data/gallery/bird/00955.png,bird,0.803895
/home/emily/MMIP/week5/quiz1/data/query/deer/00065.png,deer,1,/home/emily/MMIP/week5/quiz1/data/gallery/airplane/00453.png,airplane,0.826533
/home/emily/MMIP/week5/quiz1/data/query/deer/00065.png,deer,2,/home/emily/MMIP/week5/quiz1/data/gallery/airplane/00368.png,airplane,0.822220
/home/emily/MMIP/week5/quiz1/data/query/deer/00065.png,deer,3,/home/emily/MMIP/week5/quiz1/data/gallery/bird/00216.png,bird,0.820768
/home/emily/MMIP/week5/quiz1/data/query/deer/00065.png,deer,4,/home/emily/MMIP/week5/quiz1/data/gallery/deer/00304.png,deer,0.816039
/home/emily/MMIP/week5/quiz1/data/query/deer/00065.png,deer,5,/home/emily/MMIP/week5/quiz1/data/gallery/deer/00235.png,deer,0.813333
/home/emily/MMIP/week5/quiz1/data/query/deer/00066.png,deer,1,/home/emily/MMIP/week5/quiz1/data/gallery/airplane/00982.png,airplane,0.853337
/home/emily/MMIP/week5/quiz1/data/query/deer/00066.png,deer,2,/home/emily/MMIP/week5/quiz1/data/gallery/airplane/00381.png,airplane,0.834454
/home/emily/MMIP/week5/quiz1/data/query/deer/00066.png,deer,3,/home/emily/MMIP/week5/quiz1/data/gallery/airplane/00863.png,airplane,0.833685
/home/emily/MMIP/week5/quiz1/data/query/deer/00066.png,deer,4,/home/emily/MMIP/week5/quiz1/data/gallery/airplane/00313.png,airplane,0.830064
/home/emily/MMIP/week5/quiz1/data/query/deer/00066.png,deer,5,/home/emily/MMIP/week5/quiz1/data/gallery/airplane/00688.png,airplane,0.829078
/home/emily/MMIP/week5/quiz1/data/query/deer/00067.png,deer,1,/home/emily/MMIP/week5/quiz1/data/gallery/deer/00264.png,deer,0.811734
/home/emily/MMIP/week5/quiz1/data/query/deer/00067.png,deer,2,/home/emily/MMIP/week5/quiz1/data/gallery/ship/00953.png,ship,0.811401
/home/emily/MMIP/week5/quiz1/data/query/deer/00067.png,deer,3,/home/emily/MMIP/week5/quiz1/data/gallery/ship/00177.png,ship,0.808265
/home/emily/MMIP/week5/quiz1/data/query/deer/00067.png,deer,4,/home/emily/MMIP/week5/quiz1/data/gallery/ship/00728.png,ship,0.807941
/home/emily/MMIP/week5/quiz1/data/query/deer/00067.png,deer,5,/home/emily/MMIP/week5/quiz1/data/gallery/deer/00988.png,deer,0.804212
/home/emily/MMIP/week5/quiz1/data/query/deer/00068.png,deer,1,/home/emily/MMIP/week5/quiz1/data/gallery/deer/00037.png,deer,0.825540
/home/emily/MMIP/week5/quiz1/data/query/deer/00068.png,deer,2,/home/emily/MMIP/week5/quiz1/data/gallery/deer/00547.png,deer,0.820992
/home/emily/MMIP/week5/quiz1/data/query/deer/00068.png,deer,3,/home/emily/MMIP/week5/quiz1/data/gallery/deer/00436.png,deer,0.820444
/home/emily/MMIP/week5/quiz1/data/query/deer/00068.png,deer,4,/home/emily/MMIP/week5/quiz1/data/gallery/deer/00145.png,deer,0.819902
/home/emily/MMIP/week5/quiz1/data/query/deer/00068.png,deer,5,/home/emily/MMIP/week5/quiz1/data/gallery/deer/00830.png,deer,0.819834
/home/emily/MMIP/week5/quiz1/data/query/deer/00069.png,deer,1,/home/emily/MMIP/week5/quiz1/data/gallery/deer/00666.png,deer,0.869730
/home/emily/MMIP/week5/quiz1/data/query/deer/00069.png,deer,2,/home/emily/MMIP/week5/quiz1/data/gallery/deer/00749.png,deer,0.855438
/home/emily/MMIP/week5/quiz1/data/query/deer/00069.png,deer,3,/home/emily/MMIP/week5/quiz1/data/gallery/deer/00915.png,deer,0.854315
/home/emily/MMIP/week5/quiz1/data/query/deer/00069.png,deer,4,/home/emily/MMIP/week5/quiz1/data/gallery/deer/00267.png,deer,0.851648
/home/emily/MMIP/week5/quiz1/data/query/deer/00069.png,deer,5,/home/emily/MMIP/week5/quiz1/data/gallery/deer/00217.png,deer,0.848741
/home/emily/MMIP/week5/quiz1/data/query/deer/00070.png,deer,1,/home/emily/MMIP/week5/quiz1/data/gallery/deer/00396.png,deer,0.811595
/home/emily/MMIP/week5/quiz1/data/query/deer/00070.png,deer,2,/home/emily/MMIP/week5/quiz1/data/gallery/deer/00278.png,deer,0.805133
/home/emily/MMIP/week5/quiz1/data/query/deer/00070.png,deer,3,/home/emily/MMIP/week5/quiz1/data/gallery/deer/00532.png,deer,0.804096
/home/emily/MMIP/week5/quiz1/data/query/deer/00070.png,deer,4,/home/emily/MMIP/week5/quiz1/data/gallery/deer/00765.png,deer,0.803961
/home/emily/MMIP/week5/quiz1/data/query/deer/00070.png,deer,5,/home/emily/MMIP/week5/quiz1/data/gallery/airplane/00595.png,airplane,0.803365
/home/emily/MMIP/week5/quiz1/data/query/deer/00071.png,deer,1,/home/emily/MMIP/week5/quiz1/data/gallery/deer/00226.png,deer,0.871363
/home/emily/MMIP/week5/quiz1/data/query/deer/00071.png,deer,2,/home/emily/MMIP/week5/quiz1/data/gallery/deer/00804.png,deer,0.848866
/home/emily/MMIP/week5/quiz1/data/query/deer/00071.png,deer,3,/home/emily/MMIP/week5/quiz1/data/gallery/deer/00965.png,deer,0.840741
/home/emily/MMIP/week5/quiz1/data/query/deer/00071.png,deer,4,/home/emily/MMIP/week5/quiz1/data/gallery/deer/00600.png,deer,0.836208
/home/emily/MMIP/week5/quiz1/data/query/deer/00071.png,deer,5,/home/emily/MMIP/week5/quiz1/data/gallery/deer/00453.png,deer,0.835849
/home/emily/MMIP/week5/quiz1/data/query/deer/00072.png,deer,1,/home/emily/MMIP/week5/quiz1/data/gallery/deer/00008.png,deer,0.837413
/home/emily/MMIP/week5/quiz1/data/query/deer/00072.png,deer,2,/home/emily/MMIP/week5/quiz1/data/gallery/deer/00914.png,deer,0.834839
/home/emily/MMIP/week5/quiz1/data/query/deer/00072.png,deer,3,/home/emily/MMIP/week5/quiz1/data/gallery/deer/00685.png,deer,0.831672
/home/emily/MMIP/week5/quiz1/data/query/deer/00072.png,deer,4,/home/emily/MMIP/week5/quiz1/data/gallery/deer/00278.png,deer,0.830370
/home/emily/MMIP/week5/quiz1/data/query/deer/00072.png,deer,5,/home/emily/MMIP/week5/quiz1/data/gallery/deer/00606.png,deer,0.826242
/home/emily/MMIP/week5/quiz1/data/query/deer/00073.png,deer,1,/home/emily/MMIP/week5/quiz1/data/gallery/deer/00485.png,deer,0.832805
/home/emily/MMIP/week5/quiz1/data/query/deer/00073.png,deer,2,/home/emily/MMIP/week5/quiz1/data/gallery/deer/00652.png,deer,0.826136
/home/emily/MMIP/week5/quiz1/data/query/deer/00073.png,deer,3,/home/emily/MMIP/week5/quiz1/data/gallery/deer/00248.png,deer,0.820081
/home/emily/MMIP/week5/quiz1/data/query/deer/00073.png,deer,4,/home/emily/MMIP/week5/quiz1/data/gallery/deer/00074.png,deer,0.819804
/home/emily/MMIP/week5/quiz1/data/query/deer/00073.png,deer,5,/home/emily/MMIP/week5/quiz1/data/gallery/horse/00421.png,horse,0.819078
/home/emily/MMIP/week5/quiz1/data/query/deer/00074.png,deer,1,/home/emily/MMIP/week5/quiz1/data/gallery/deer/00211.png,deer,0.862114
/home/emily/MMIP/week5/quiz1/data/query/deer/00074.png,deer,2,/home/emily/MMIP/week5/quiz1/data/gallery/deer/00818.png,deer,0.857033
/home/emily/MMIP/week5/quiz1/data/query/deer/00074.png,deer,3,/home/emily/MMIP/week5/quiz1/data/gallery/deer/00228.png,deer,0.855481
/home/emily/MMIP/week5/quiz1/data/query/deer/00074.png,deer,4,/home/emily/MMIP/week5/quiz1/data/gallery/deer/00489.png,deer,0.854839
/home/emily/MMIP/week5/quiz1/data/query/deer/00074.png,deer,5,/home/emily/MMIP/week5/quiz1/data/gallery/deer/00105.png,deer,0.850875
/home/emily/MMIP/week5/quiz1/data/query/deer/00075.png,deer,1,/home/emily/MMIP/week5/quiz1/data/gallery/dog/00680.png,dog,0.809429
/home/emily/MMIP/week5/quiz1/data/query/deer/00075.png,deer,2,/home/emily/MMIP/week5/quiz1/data/gallery/deer/00249.png,deer,0.805307
/home/emily/MMIP/week5/quiz1/data/query/deer/00075.png,deer,3,/home/emily/MMIP/week5/quiz1/data/gallery/deer/00002.png,deer,0.801411
/home/emily/MMIP/week5/quiz1/data/query/deer/00075.png,deer,4,/home/emily/MMIP/week5/quiz1/data/gallery/deer/00867.png,deer,0.800961
/home/emily/MMIP/week5/quiz1/data/query/deer/00075.png,deer,5,/home/emily/MMIP/week5/quiz1/data/gallery/dog/00253.png,dog,0.800208
/home/emily/MMIP/week5/quiz1/data/query/deer/00076.png,deer,1,/home/emily/MMIP/week5/quiz1/data/gallery/deer/00251.png,deer,0.848463
/home/emily/MMIP/week5/quiz1/data/query/deer/00076.png,deer,2,/home/emily/MMIP/week5/quiz1/data/gallery/deer/00686.png,deer,0.844880
/home/emily/MMIP/week5/quiz1/data/query/deer/00076.png,deer,3,/home/emily/MMIP/week5/quiz1/data/gallery/deer/00983.png,deer,0.842502
/home/emily/MMIP/week5/quiz1/data/query/deer/00076.png,deer,4,/home/emily/MMIP/week5/quiz1/data/gallery/deer/00650.png,deer,0.842219
/home/emily/MMIP/week5/quiz1/data/query/deer/00076.png,deer,5,/home/emily/MMIP/week5/quiz1/data/gallery/deer/00109.png,deer,0.840513
/home/emily/MMIP/week5/quiz1/data/query/deer/00077.png,deer,1,/home/emily/MMIP/week5/quiz1/data/gallery/deer/00966.png,deer,0.865672
/home/emily/MMIP/week5/quiz1/data/query/deer/00077.png,deer,2,/home/emily/MMIP/week5/quiz1/data/gallery/deer/00629.png,deer,0.864451
/home/emily/MMIP/week5/quiz1/data/query/deer/00077.png,deer,3,/home/emily/MMIP/week5/quiz1/data/gallery/deer/00752.png,deer,0.861738
/home/emily/MMIP/week5/quiz1/data/query/deer/00077.png,deer,4,/home/emily/MMIP/week5/quiz1/data/gallery/deer/00826.png,deer,0.859868
/home/emily/MMIP/week5/quiz1/data/query/deer/00077.png,deer,5,/home/emily/MMIP/week5/quiz1/data/gallery/deer/00017.png,deer,0.856567
/home/emily/MMIP/week5/quiz1/data/query/deer/00078.png,deer,1,/home/emily/MMIP/week5/quiz1/data/gallery/deer/00141.png,deer,0.882001
/home/emily/MMIP/week5/quiz1/data/query/deer/00078.png,deer,2,/home/emily/MMIP/week5/quiz1/data/gallery/deer/00469.png,deer,0.863082
/home/emily/MMIP/week5/quiz1/data/query/deer/00078.png,deer,3,/home/emily/MMIP/week5/quiz1/data/gallery/deer/00493.png,deer,0.843075
/home/emily/MMIP/week5/quiz1/data/query/deer/00078.png,deer,4,/home/emily/MMIP/week5/quiz1/data/gallery/deer/00917.png,deer,0.829587
/home/emily/MMIP/week5/quiz1/data/query/deer/00078.png,deer,5,/home/emily/MMIP/week5/quiz1/data/gallery/bird/00112.png,bird,0.817364
/home/emily/MMIP/week5/quiz1/data/query/deer/00079.png,deer,1,/home/emily/MMIP/week5/quiz1/data/gallery/deer/00966.png,deer,0.879040
/home/emily/MMIP/week5/quiz1/data/query/deer/00079.png,deer,2,/home/emily/MMIP/week5/quiz1/data/gallery/deer/00826.png,deer,0.871082
/home/emily/MMIP/week5/quiz1/data/query/deer/00079.png,deer,3,/home/emily/MMIP/week5/quiz1/data/gallery/deer/00973.png,deer,0.867742
/home/emily/MMIP/week5/quiz1/data/query/deer/00079.png,deer,4,/home/emily/MMIP/week5/quiz1/data/gallery/deer/00309.png,deer,0.866626
/home/emily/MMIP/week5/quiz1/data/query/deer/00079.png,deer,5,/home/emily/MMIP/week5/quiz1/data/gallery/deer/00589.png,deer,0.864003
/home/emily/MMIP/week5/quiz1/data/query/deer/00080.png,deer,1,/home/emily/MMIP/week5/quiz1/data/gallery/airplane/00615.png,airplane,0.816257
/home/emily/MMIP/week5/quiz1/data/query/deer/00080.png,deer,2,/home/emily/MMIP/week5/quiz1/data/gallery/frog/00544.png,frog,0.815610
/home/emily/MMIP/week5/quiz1/data/query/deer/00080.png,deer,3,/home/emily/MMIP/week5/quiz1/data/gallery/frog/00374.png,frog,0.814079
/home/emily/MMIP/week5/quiz1/data/query/deer/00080.png,deer,4,/home/emily/MMIP/week5/quiz1/data/gallery/frog/00972.png,frog,0.813910
/home/emily/MMIP/week5/quiz1/data/query/deer/00080.png,deer,5,/home/emily/MMIP/week5/quiz1/data/gallery/frog/00868.png,frog,0.811124
/home/emily/MMIP/week5/quiz1/data/query/deer/00081.png,deer,1,/home/emily/MMIP/week5/quiz1/data/gallery/deer/00156.png,deer,0.842769
/home/emily/MMIP/week5/quiz1/data/query/deer/00081.png,deer,2,/home/emily/MMIP/week5/quiz1/data/gallery/deer/00133.png,deer,0.839294
/home/emily/MMIP/week5/quiz1/data/query/deer/00081.png,deer,3,/home/emily/MMIP/week5/quiz1/data/gallery/deer/00680.png,deer,0.837652
/home/emily/MMIP/week5/quiz1/data/query/deer/00081.png,deer,4,/home/emily/MMIP/week5/quiz1/data/gallery/deer/00209.png,deer,0.836943
/home/emily/MMIP/week5/quiz1/data/query/deer/00081.png,deer,5,/home/emily/MMIP/week5/quiz1/data/gallery/deer/00835.png,deer,0.835995
/home/emily/MMIP/week5/quiz1/data/query/deer/00082.png,deer,1,/home/emily/MMIP/week5/quiz1/data/gallery/deer/00963.png,deer,0.828959
/home/emily/MMIP/week5/quiz1/data/query/deer/00082.png,deer,2,/home/emily/MMIP/week5/quiz1/data/gallery/deer/00804.png,deer,0.825550
/home/emily/MMIP/week5/quiz1/data/query/deer/00082.png,deer,3,/home/emily/MMIP/week5/quiz1/data/gallery/deer/00902.png,deer,0.823669
/home/emily/MMIP/week5/quiz1/data/query/deer/00082.png,deer,4,/home/emily/MMIP/week5/quiz1/data/gallery/deer/00145.png,deer,0.821276
/home/emily/MMIP/week5/quiz1/data/query/deer/00082.png,deer,5,/home/emily/MMIP/week5/quiz1/data/gallery/deer/00183.png,deer,0.820711
/home/emily/MMIP/week5/quiz1/data/query/deer/00083.png,deer,1,/home/emily/MMIP/week5/quiz1/data/gallery/deer/00070.png,deer,0.835801
/home/emily/MMIP/week5/quiz1/data/query/deer/00083.png,deer,2,/home/emily/MMIP/week5/quiz1/data/gallery/deer/00223.png,deer,0.833931
/home/emily/MMIP/week5/quiz1/data/query/deer/00083.png,deer,3,/home/emily/MMIP/week5/quiz1/data/gallery/deer/00189.png,deer,0.832521
/home/emily/MMIP/week5/quiz1/data/query/deer/00083.png,deer,4,/home/emily/MMIP/week5/quiz1/data/gallery/deer/00260.png,deer,0.830757
/home/emily/MMIP/week5/quiz1/data/query/deer/00083.png,deer,5,/home/emily/MMIP/week5/quiz1/data/gallery/deer/00782.png,deer,0.828776
/home/emily/MMIP/week5/quiz1/data/query/deer/00084.png,deer,1,/home/emily/MMIP/week5/quiz1/data/gallery/deer/00829.png,deer,0.849822
/home/emily/MMIP/week5/quiz1/data/query/deer/00084.png,deer,2,/home/emily/MMIP/week5/quiz1/data/gallery/deer/00221.png,deer,0.837180
/home/emily/MMIP/week5/quiz1/data/query/deer/00084.png,deer,3,/home/emily/MMIP/week5/quiz1/data/gallery/deer/00719.png,deer,0.827965
/home/emily/MMIP/week5/quiz1/data/query/deer/00084.png,deer,4,/home/emily/MMIP/week5/quiz1/data/gallery/deer/00151.png,deer,0.825080
/home/emily/MMIP/week5/quiz1/data/query/deer/00084.png,deer,5,/home/emily/MMIP/week5/quiz1/data/gallery/horse/00421.png,horse,0.822155
/home/emily/MMIP/week5/quiz1/data/query/deer/00085.png,deer,1,/home/emily/MMIP/week5/quiz1/data/gallery/deer/00380.png,deer,0.843046
/home/emily/MMIP/week5/quiz1/data/query/deer/00085.png,deer,2,/home/emily/MMIP/week5/quiz1/data/gallery/deer/00759.png,deer,0.822414
/home/emily/MMIP/week5/quiz1/data/query/deer/00085.png,deer,3,/home/emily/MMIP/week5/quiz1/data/gallery/deer/00161.png,deer,0.819633
/home/emily/MMIP/week5/quiz1/data/query/deer/00085.png,deer,4,/home/emily/MMIP/week5/quiz1/data/gallery/deer/00789.png,deer,0.818363
/home/emily/MMIP/week5/quiz1/data/query/deer/00085.png,deer,5,/home/emily/MMIP/week5/quiz1/data/gallery/deer/00702.png,deer,0.816157
/home/emily/MMIP/week5/quiz1/data/query/deer/00086.png,deer,1,/home/emily/MMIP/week5/quiz1/data/gallery/deer/00956.png,deer,0.876243
/home/emily/MMIP/week5/quiz1/data/query/deer/00086.png,deer,2,/home/emily/MMIP/week5/quiz1/data/gallery/deer/00958.png,deer,0.858275
/home/emily/MMIP/week5/quiz1/data/query/deer/00086.png,deer,3,/home/emily/MMIP/week5/quiz1/data/gallery/deer/00124.png,deer,0.851141
/home/emily/MMIP/week5/quiz1/data/query/deer/00086.png,deer,4,/home/emily/MMIP/week5/quiz1/data/gallery/deer/00020.png,deer,0.850798
/home/emily/MMIP/week5/quiz1/data/query/deer/00086.png,deer,5,/home/emily/MMIP/week5/quiz1/data/gallery/deer/00984.png,deer,0.844611
/home/emily/MMIP/week5/quiz1/data/query/deer/00087.png,deer,1,/home/emily/MMIP/week5/quiz1/data/gallery/deer/00847.png,deer,0.828501
/home/emily/MMIP/week5/quiz1/data/query/deer/00087.png,deer,2,/home/emily/MMIP/week5/quiz1/data/gallery/deer/00865.png,deer,0.811105
/home/emily/MMIP/week5/quiz1/data/query/deer/00087.png,deer,3,/home/emily/MMIP/week5/quiz1/data/gallery/dog/00381.png,dog,0.811003
/home/emily/MMIP/week5/quiz1/data/query/deer/00087.png,deer,4,/home/emily/MMIP/week5/quiz1/data/gallery/deer/00346.png,deer,0.807032
/home/emily/MMIP/week5/quiz1/data/query/deer/00087.png,deer,5,/home/emily/MMIP/week5/quiz1/data/gallery/deer/00804.png,deer,0.805930
/home/emily/MMIP/week5/quiz1/data/query/deer/00088.png,deer,1,/home/emily/MMIP/week5/quiz1/data/gallery/deer/00266.png,deer,0.867716
/home/emily/MMIP/week5/quiz1/data/query/deer/00088.png,deer,2,/home/emily/MMIP/week5/quiz1/data/gallery/deer/00650.png,deer,0.854937
/home/emily/MMIP/week5/quiz1/data/query/deer/00088.png,deer,3,/home/emily/MMIP/week5/quiz1/data/gallery/deer/00450.png,deer,0.851096
/home/emily/MMIP/week5/quiz1/data/query/deer/00088.png,deer,4,/home/emily/MMIP/week5/quiz1/data/gallery/deer/00486.png,deer,0.850475
/home/emily/MMIP/week5/quiz1/data/query/deer/00088.png,deer,5,/home/emily/MMIP/week5/quiz1/data/gallery/deer/00463.png,deer,0.848922
/home/emily/MMIP/week5/quiz1/data/query/deer/00089.png,deer,1,/home/emily/MMIP/week5/quiz1/data/gallery/horse/00331.png,horse,0.832069
/home/emily/MMIP/week5/quiz1/data/query/deer/00089.png,deer,2,/home/emily/MMIP/week5/quiz1/data/gallery/horse/00018.png,horse,0.828637
/home/emily/MMIP/week5/quiz1/data/query/deer/00089.png,deer,3,/home/emily/MMIP/week5/quiz1/data/gallery/horse/00642.png,horse,0.824793
/home/emily/MMIP/week5/quiz1/data/query/deer/00089.png,deer,4,/home/emily/MMIP/week5/quiz1/data/gallery/deer/00056.png,deer,0.823415
/home/emily/MMIP/week5/quiz1/data/query/deer/00089.png,deer,5,/home/emily/MMIP/week5/quiz1/data/gallery/horse/00217.png,horse,0.821897
/home/emily/MMIP/week5/quiz1/data/query/deer/00090.png,deer,1,/home/emily/MMIP/week5/quiz1/data/gallery/deer/00962.png,deer,0.842592
/home/emily/MMIP/week5/quiz1/data/query/deer/00090.png,deer,2,/home/emily/MMIP/week5/quiz1/data/gallery/deer/00894.png,deer,0.835588
/home/emily/MMIP/week5/quiz1/data/query/deer/00090.png,deer,3,/home/emily/MMIP/week5/quiz1/data/gallery/deer/00344.png,deer,0.832440
/home/emily/MMIP/week5/quiz1/data/query/deer/00090.png,deer,4,/home/emily/MMIP/week5/quiz1/data/gallery/deer/00956.png,deer,0.830561
/home/emily/MMIP/week5/quiz1/data/query/deer/00090.png,deer,5,/home/emily/MMIP/week5/quiz1/data/gallery/deer/00865.png,deer,0.824724
/home/emily/MMIP/week5/quiz1/data/query/deer/00091.png,deer,1,/home/emily/MMIP/week5/quiz1/data/gallery/deer/00966.png,deer,0.869984
/home/emily/MMIP/week5/quiz1/data/query/deer/00091.png,deer,2,/home/emily/MMIP/week5/quiz1/data/gallery/deer/00266.png,deer,0.868946
/home/emily/MMIP/week5/quiz1/data/query/deer/00091.png,deer,3,/home/emily/MMIP/week5/quiz1/data/gallery/deer/00350.png,deer,0.864798
/home/emily/MMIP/week5/quiz1/data/query/deer/00091.png,deer,4,/home/emily/MMIP/week5/quiz1/data/gallery/deer/00431.png,deer,0.860728
/home/emily/MMIP/week5/quiz1/data/query/deer/00091.png,deer,5,/home/emily/MMIP/week5/quiz1/data/gallery/deer/00020.png,deer,0.859165
/home/emily/MMIP/week5/quiz1/data/query/deer/00092.png,deer,1,/home/emily/MMIP/week5/quiz1/data/gallery/cat/00902.png,cat,0.816554
/home/emily/MMIP/week5/quiz1/data/query/deer/00092.png,deer,2,/home/emily/MMIP/week5/quiz1/data/gallery/deer/00540.png,deer,0.808171
/home/emily/MMIP/week5/quiz1/data/query/deer/00092.png,deer,3,/home/emily/MMIP/week5/quiz1/data/gallery/cat/00051.png,cat,0.805943
/home/emily/MMIP/week5/quiz1/data/query/deer/00092.png,deer,4,/home/emily/MMIP/week5/quiz1/data/gallery/cat/00503.png,cat,0.801504
/home/emily/MMIP/week5/quiz1/data/query/deer/00092.png,deer,5,/home/emily/MMIP/week5/quiz1/data/gallery/bird/00888.png,bird,0.801433
/home/emily/MMIP/week5/quiz1/data/query/deer/00093.png,deer,1,/home/emily/MMIP/week5/quiz1/data/gallery/horse/00050.png,horse,0.832341
/home/emily/MMIP/week5/quiz1/data/query/deer/00093.png,deer,2,/home/emily/MMIP/week5/quiz1/data/gallery/deer/00120.png,deer,0.827290
/home/emily/MMIP/week5/quiz1/data/query/deer/00093.png,deer,3,/home/emily/MMIP/week5/quiz1/data/gallery/deer/00953.png,deer,0.826592
/home/emily/MMIP/week5/quiz1/data/query/deer/00093.png,deer,4,/home/emily/MMIP/week5/quiz1/data/gallery/deer/00376.png,deer,0.825235
/home/emily/MMIP/week5/quiz1/data/query/deer/00093.png,deer,5,/home/emily/MMIP/week5/quiz1/data/gallery/deer/00181.png,deer,0.815776
/home/emily/MMIP/week5/quiz1/data/query/deer/00094.png,deer,1,/home/emily/MMIP/week5/quiz1/data/gallery/deer/00833.png,deer,0.850234
/home/emily/MMIP/week5/quiz1/data/query/deer/00094.png,deer,2,/home/emily/MMIP/week5/quiz1/data/gallery/deer/00213.png,deer,0.836486
/home/emily/MMIP/week5/quiz1/data/query/deer/00094.png,deer,3,/home/emily/MMIP/week5/quiz1/data/gallery/deer/00393.png,deer,0.835005
/home/emily/MMIP/week5/quiz1/data/query/deer/00094.png,deer,4,/home/emily/MMIP/week5/quiz1/data/gallery/deer/00146.png,deer,0.832197
/home/emily/MMIP/week5/quiz1/data/query/deer/00094.png,deer,5,/home/emily/MMIP/week5/quiz1/data/gallery/deer/00760.png,deer,0.826891
/home/emily/MMIP/week5/quiz1/data/query/deer/00095.png,deer,1,/home/emily/MMIP/week5/quiz1/data/gallery/horse/00004.png,horse,0.852486
/home/emily/MMIP/week5/quiz1/data/query/deer/00095.png,deer,2,/home/emily/MMIP/week5/quiz1/data/gallery/horse/00193.png,horse,0.846698
/home/emily/MMIP/week5/quiz1/data/query/deer/00095.png,deer,3,/home/emily/MMIP/week5/quiz1/data/gallery/horse/00190.png,horse,0.841066
/home/emily/MMIP/week5/quiz1/data/query/deer/00095.png,deer,4,/home/emily/MMIP/week5/quiz1/data/gallery/horse/00614.png,horse,0.837686
/home/emily/MMIP/week5/quiz1/data/query/deer/00095.png,deer,5,/home/emily/MMIP/week5/quiz1/data/gallery/horse/00123.png,horse,0.837361
/home/emily/MMIP/week5/quiz1/data/query/deer/00096.png,deer,1,/home/emily/MMIP/week5/quiz1/data/gallery/dog/00694.png,dog,0.816610
/home/emily/MMIP/week5/quiz1/data/query/deer/00096.png,deer,2,/home/emily/MMIP/week5/quiz1/data/gallery/cat/00882.png,cat,0.813667
/home/emily/MMIP/week5/quiz1/data/query/deer/00096.png,deer,3,/home/emily/MMIP/week5/quiz1/data/gallery/horse/00144.png,horse,0.813068
/home/emily/MMIP/week5/quiz1/data/query/deer/00096.png,deer,4,/home/emily/MMIP/week5/quiz1/data/gallery/horse/00401.png,horse,0.806811
/home/emily/MMIP/week5/quiz1/data/query/deer/00096.png,deer,5,/home/emily/MMIP/week5/quiz1/data/gallery/horse/00981.png,horse,0.806518
/home/emily/MMIP/week5/quiz1/data/query/deer/00097.png,deer,1,/home/emily/MMIP/week5/quiz1/data/gallery/horse/00974.png,horse,0.862175
/home/emily/MMIP/week5/quiz1/data/query/deer/00097.png,deer,2,/home/emily/MMIP/week5/quiz1/data/gallery/horse/00040.png,horse,0.862124
/home/emily/MMIP/week5/quiz1/data/query/deer/00097.png,deer,3,/home/emily/MMIP/week5/quiz1/data/gallery/horse/00016.png,horse,0.861001
/home/emily/MMIP/week5/quiz1/data/query/deer/00097.png,deer,4,/home/emily/MMIP/week5/quiz1/data/gallery/horse/00219.png,horse,0.860551
/home/emily/MMIP/week5/quiz1/data/query/deer/00097.png,deer,5,/home/emily/MMIP/week5/quiz1/data/gallery/horse/00231.png,horse,0.859903
/home/emily/MMIP/week5/quiz1/data/query/deer/00098.png,deer,1,/home/emily/MMIP/week5/quiz1/data/gallery/deer/00909.png,deer,0.813905
/home/emily/MMIP/week5/quiz1/data/query/deer/00098.png,deer,2,/home/emily/MMIP/week5/quiz1/data/gallery/bird/00866.png,bird,0.813636
/home/emily/MMIP/week5/quiz1/data/query/deer/00098.png,deer,3,/home/emily/MMIP/week5/quiz1/data/gallery/bird/00769.png,bird,0.809656
/home/emily/MMIP/week5/quiz1/data/query/deer/00098.png,deer,4,/home/emily/MMIP/week5/quiz1/data/gallery/deer/00023.png,deer,0.807440
/home/emily/MMIP/week5/quiz1/data/query/deer/00098.png,deer,5,/home/emily/MMIP/week5/quiz1/data/gallery/cat/00440.png,cat,0.807388
/home/emily/MMIP/week5/quiz1/data/query/deer/00099.png,deer,1,/home/emily/MMIP/week5/quiz1/data/gallery/deer/00824.png,deer,0.835270
/home/emily/MMIP/week5/quiz1/data/query/deer/00099.png,deer,2,/home/emily/MMIP/week5/quiz1/data/gallery/deer/00495.png,deer,0.834182
/home/emily/MMIP/week5/quiz1/data/query/deer/00099.png,deer,3,/home/emily/MMIP/week5/quiz1/data/gallery/deer/00067.png,deer,0.833557
/home/emily/MMIP/week5/quiz1/data/query/deer/00099.png,deer,4,/home/emily/MMIP/week5/quiz1/data/gallery/deer/00690.png,deer,0.832357
/home/emily/MMIP/week5/quiz1/data/query/deer/00099.png,deer,5,/home/emily/MMIP/week5/quiz1/data/gallery/deer/00950.png,deer,0.831970
/home/emily/MMIP/week5/quiz1/data/query/dog/00000.png,dog,1,/home/emily/MMIP/week5/quiz1/data/gallery/dog/00998.png,dog,0.838700
/home/emily/MMIP/week5/quiz1/data/query/dog/00000.png,dog,2,/home/emily/MMIP/week5/quiz1/data/gallery/dog/00443.png,dog,0.830553
/home/emily/MMIP/week5/quiz1/data/query/dog/00000.png,dog,3,/home/emily/MMIP/week5/quiz1/data/gallery/dog/00928.png,dog,0.830443
/home/emily/MMIP/week5/quiz1/data/query/dog/00000.png,dog,4,/home/emily/MMIP/week5/quiz1/data/gallery/dog/00092.png,dog,0.827259
/home/emily/MMIP/week5/quiz1/data/query/dog/00000.png,dog,5,/home/emily/MMIP/week5/quiz1/data/gallery/dog/00105.png,dog,0.824973
/home/emily/MMIP/week5/quiz1/data/query/dog/00001.png,dog,1,/home/emily/MMIP/week5/quiz1/data/gallery/dog/00844.png,dog,0.864619
/home/emily/MMIP/week5/quiz1/data/query/dog/00001.png,dog,2,/home/emily/MMIP/week5/quiz1/data/gallery/dog/00313.png,dog,0.850781
/home/emily/MMIP/week5/quiz1/data/query/dog/00001.png,dog,3,/home/emily/MMIP/week5/quiz1/data/gallery/dog/00291.png,dog,0.844908
/home/emily/MMIP/week5/quiz1/data/query/dog/00001.png,dog,4,/home/emily/MMIP/week5/quiz1/data/gallery/dog/00709.png,dog,0.842425
/home/emily/MMIP/week5/quiz1/data/query/dog/00001.png,dog,5,/home/emily/MMIP/week5/quiz1/data/gallery/dog/00800.png,dog,0.839881
/home/emily/MMIP/week5/quiz1/data/query/dog/00002.png,dog,1,/home/emily/MMIP/week5/quiz1/data/gallery/dog/00358.png,dog,0.832889
/home/emily/MMIP/week5/quiz1/data/query/dog/00002.png,dog,2,/home/emily/MMIP/week5/quiz1/data/gallery/bird/00680.png,bird,0.816319
/home/emily/MMIP/week5/quiz1/data/query/dog/00002.png,dog,3,/home/emily/MMIP/week5/quiz1/data/gallery/dog/00624.png,dog,0.806539
/home/emily/MMIP/week5/quiz1/data/query/dog/00002.png,dog,4,/home/emily/MMIP/week5/quiz1/data/gallery/dog/00373.png,dog,0.806338
/home/emily/MMIP/week5/quiz1/data/query/dog/00002.png,dog,5,/home/emily/MMIP/week5/quiz1/data/gallery/dog/00975.png,dog,0.804435
/home/emily/MMIP/week5/quiz1/data/query/dog/00003.png,dog,1,/home/emily/MMIP/week5/quiz1/data/gallery/dog/00756.png,dog,0.853164
/home/emily/MMIP/week5/quiz1/data/query/dog/00003.png,dog,2,/home/emily/MMIP/week5/quiz1/data/gallery/dog/00359.png,dog,0.849246
/home/emily/MMIP/week5/quiz1/data/query/dog/00003.png,dog,3,/home/emily/MMIP/week5/quiz1/data/gallery/dog/00221.png,dog,0.842906
/home/emily/MMIP/week5/quiz1/data/query/dog/00003.png,dog,4,/home/emily/MMIP/week5/quiz1/data/gallery/dog/00265.png,dog,0.842547
/home/emily/MMIP/week5/quiz1/data/query/dog/00003.png,dog,5,/home/emily/MMIP/week5/quiz1/data/gallery/dog/00922.png,dog,0.841774
/home/emily/MMIP/week5/quiz1/data/query/dog/00004.png,dog,1,/home/emily/MMIP/week5/quiz1/data/gallery/dog/00130.png,dog,0.816154
/home/emily/MMIP/week5/quiz1/data/query/dog/00004.png,dog,2,/home/emily/MMIP/week5/quiz1/data/gallery/dog/00724.png,dog,0.808969
/home/emily/MMIP/week5/quiz1/data/query/dog/00004.png,dog,3,/home/emily/MMIP/week5/quiz1/data/gallery/bird/00759.png,bird,0.808387
/home/emily/MMIP/week5/quiz1/data/query/dog/00004.png,dog,4,/home/emily/MMIP/week5/quiz1/data/gallery/cat/00798.png,cat,0.807630
/home/emily/MMIP/week5/quiz1/data/query/dog/00004.png,dog,5,/home/emily/MMIP/week5/quiz1/data/gallery/dog/00426.png,dog,0.806385
/home/emily/MMIP/week5/quiz1/data/query/dog/00005.png,dog,1,/home/emily/MMIP/week5/quiz1/data/gallery/dog/00962.png,dog,0.878720
/home/emily/MMIP/week5/quiz1/data/query/dog/00005.png,dog,2,/home/emily/MMIP/week5/quiz1/data/gallery/dog/00562.png,dog,0.876829
/home/emily/MMIP/week5/quiz1/data/query/dog/00005.png,dog,3,/home/emily/MMIP/week5/quiz1/data/gallery/dog/00172.png,dog,0.867890
/home/emily/MMIP/week5/quiz1/data/query/dog/00005.png,dog,4,/home/emily/MMIP/week5/quiz1/data/gallery/dog/00265.png,dog,0.867144
/home/emily/MMIP/week5/quiz1/data/query/dog/00005.png,dog,5,/home/emily/MMIP/week5/quiz1/data/gallery/dog/00034.png,dog,0.863583
/home/emily/MMIP/week5/quiz1/data/query/dog/00006.png,dog,1,/home/emily/MMIP/week5/quiz1/data/gallery/dog/00107.png,dog,0.820804
/home/emily/MMIP/week5/quiz1/data/query/dog/00006.png,dog,2,/home/emily/MMIP/week5/quiz1/data/gallery/dog/00770.png,dog,0.820244
/home/emily/MMIP/week5/quiz1/data/query/dog/00006.png,dog,3,/home/emily/MMIP/week5/quiz1/data/gallery/dog/00712.png,dog,0.819110
/home/emily/MMIP/week5/quiz1/data/query/dog/00006.png,dog,4,/home/emily/MMIP/week5/quiz1/data/gallery/dog/00923.png,dog,0.818338
/home/emily/MMIP/week5/quiz1/data/query/dog/00006.png,dog,5,/home/emily/MMIP/week5/quiz1/data/gallery/dog/00584.png,dog,0.813181
/home/emily/MMIP/week5/quiz1/data/query/dog/00007.png,dog,1,/home/emily/MMIP/week5/quiz1/data/gallery/dog/00877.png,dog,0.833815
/home/emily/MMIP/week5/quiz1/data/query/dog/00007.png,dog,2,/home/emily/MMIP/week5/quiz1/data/gallery/dog/00492.png,dog,0.807669
/home/emily/MMIP/week5/quiz1/data/query/dog/00007.png,dog,3,/home/emily/MMIP/week5/quiz1/data/gallery/horse/00901.png,horse,0.805493
/home/emily/MMIP/week5/quiz1/data/query/dog/00007.png,dog,4,/home/emily/MMIP/week5/quiz1/data/gallery/dog/00043.png,dog,0.805167
/home/emily/MMIP/week5/quiz1/data/query/dog/00007.png,dog,5,/home/emily/MMIP/week5/quiz1/data/gallery/dog/00936.png,dog,0.803625
/home/emily/MMIP/week5/quiz1/data/query/dog/00008.png,dog,1,/home/emily/MMIP/week5/quiz1/data/gallery/dog/00308.png,dog,0.825807
/home/emily/MMIP/week5/quiz1/data/query/dog/00008.png,dog,2,/home/emily/MMIP/week5/quiz1/data/gallery/dog/00470.png,dog,0.822362
/home/emily/MMIP/week5/quiz1/data/query/dog/00008.png,dog,3,/home/emily/MMIP/week5/quiz1/data/gallery/dog/00494.png,dog,0.819727
/home/emily/MMIP/week5/quiz1/data/query/dog/00008.png,dog,4,/home/emily/MMIP/week5/quiz1/data/gallery/dog/00688.png,dog,0.819676
/home/emily/MMIP/week5/quiz1/data/query/dog/00008.png,dog,5,/home/emily/MMIP/week5/quiz1/data/gallery/dog/00509.png,dog,0.813160
/home/emily/MMIP/week5/quiz1/data/query/dog/00009.png,dog,1,/home/emily/MMIP/week5/quiz1/data/gallery/dog/00523.png,dog,0.831676
/home/emily/MMIP/week5/quiz1/data/query/dog/00009.png,dog,2,/home/emily/MMIP/week5/quiz1/data/gallery/dog/00091.png,dog,0.830927
/home/emily/MMIP/week5/quiz1/data/query/dog/00009.png,dog,3,/home/emily/MMIP/week5/quiz1/data/gallery/dog/00430.png,dog,0.827236
/home/emily/MMIP/week5/quiz1/data/query/dog/00009.png,dog,4,/home/emily/MMIP/week5/quiz1/data/gallery/deer/00615.png,deer,0.826808
/home/emily/MMIP/week5/quiz1/data/query/dog/00009.png,dog,5,/home/emily/MMIP/week5/quiz1/data/gallery/deer/00337.png,deer,0.824506
/home/emily/MMIP/week5/quiz1/data/query/dog/00010.png,dog,1,/home/emily/MMIP/week5/quiz1/data/gallery/dog/00914.png,dog,0.843868
/home/emily/MMIP/week5/quiz1/data/query/dog/00010.png,dog,2,/home/emily/MMIP/week5/quiz1/data/gallery/dog/00399.png,dog,0.841010
/home/emily/MMIP/week5/quiz1/data/query/dog/00010.png,dog,3,/home/emily/MMIP/week5/quiz1/data/gallery/dog/00574.png,dog,0.837944
/home/emily/MMIP/week5/quiz1/data/query/dog/00010.png,dog,4,/home/emily/MMIP/week5/quiz1/data/gallery/dog/00683.png,dog,0.834910
/home/emily/MMIP/week5/quiz1/data/query/dog/00010.png,dog,5,/home/emily/MMIP/week5/quiz1/data/gallery/dog/00783.png,dog,0.832621
/home/emily/MMIP/week5/quiz1/data/query/dog/00011.png,dog,1,/home/emily/MMIP/week5/quiz1/data/gallery/cat/00543.png,cat,0.821736
/home/emily/MMIP/week5/quiz1/data/query/dog/00011.png,dog,2,/home/emily/MMIP/week5/quiz1/data/gallery/cat/00337.png,cat,0.821702
/home/emily/MMIP/week5/quiz1/data/query/dog/00011.png,dog,3,/home/emily/MMIP/week5/quiz1/data/gallery/cat/00754.png,cat,0.818975
/home/emily/MMIP/week5/quiz1/data/query/dog/00011.png,dog,4,/home/emily/MMIP/week5/quiz1/data/gallery/cat/00305.png,cat,0.817038
/home/emily/MMIP/week5/quiz1/data/query/dog/00011.png,dog,5,/home/emily/MMIP/week5/quiz1/data/gallery/dog/00347.png,dog,0.815470
/home/emily/MMIP/week5/quiz1/data/query/dog/00012.png,dog,1,/home/emily/MMIP/week5/quiz1/data/gallery/dog/00733.png,dog,0.857908
/home/emily/MMIP/week5/quiz1/data/query/dog/00012.png,dog,2,/home/emily/MMIP/week5/quiz1/data/gallery/dog/00767.png,dog,0.821486
/home/emily/MMIP/week5/quiz1/data/query/dog/00012.png,dog,3,/home/emily/MMIP/week5/quiz1/data/gallery/dog/00085.png,dog,0.821106
/home/emily/MMIP/week5/quiz1/data/query/dog/00012.png,dog,4,/home/emily/MMIP/week5/quiz1/data/gallery/dog/00624.png,dog,0.821016
/home/emily/MMIP/week5/quiz1/data/query/dog/00012.png,dog,5,/home/emily/MMIP/week5/quiz1/data/gallery/dog/00386.png,dog,0.815988
/home/emily/MMIP/week5/quiz1/data/query/dog/00013.png,dog,1,/home/emily/MMIP/week5/quiz1/data/gallery/dog/00687.png,dog,0.823825
/home/emily/MMIP/week5/quiz1/data/query/dog/00013.png,dog,2,/home/emily/MMIP/week5/quiz1/data/gallery/cat/00366.png,cat,0.822010
/home/emily/MMIP/week5/quiz1/data/query/dog/00013.png,dog,3,/home/emily/MMIP/week5/quiz1/data/gallery/cat/00232.png,cat,0.819555
/home/emily/MMIP/week5/quiz1/data/query/dog/00013.png,dog,4,/home/emily/MMIP/week5/quiz1/data/gallery/cat/00034.png,cat,0.813578
/home/emily/MMIP/week5/quiz1/data/query/dog/00013.png,dog,5,/home/emily/MMIP/week5/quiz1/data/gallery/cat/00480.png,cat,0.812757
/home/emily/MMIP/week5/quiz1/data/query/dog/00014.png,dog,1,/home/emily/MMIP/week5/quiz1/data/gallery/dog/00800.png,dog,0.873206
/home/emily/MMIP/week5/quiz1/data/query/dog/00014.png,dog,2,/home/emily/MMIP/week5/quiz1/data/gallery/dog/00313.png,dog,0.866572
/home/emily/MMIP/week5/quiz1/data/query/dog/00014.png,dog,3,/home/emily/MMIP/week5/quiz1/data/gallery/dog/00034.png,dog,0.863902
/home/emily/MMIP/week5/quiz1/data/query/dog/00014.png,dog,4,/home/emily/MMIP/week5/quiz1/data/gallery/dog/00265.png,dog,0.856202
/home/emily/MMIP/week5/quiz1/data/query/dog/00014.png,dog,5,/home/emily/MMIP/week5/quiz1/data/gallery/dog/00797.png,dog,0.854645
/home/emily/MMIP/week5/quiz1/data/query/dog/00015.png,dog,1,/home/emily/MMIP/week5/quiz1/data/gallery/dog/00185.png,dog,0.836075
/home/emily/MMIP/week5/quiz1/data/query/dog/00015.png,dog,2,/home/emily/MMIP/week5/quiz1/data/gallery/cat/00421.png,cat,0.835641
/home/emily/MMIP/week5/quiz1/data/query/dog/00015.png,dog,3,/home/emily/MMIP/week5/quiz1/data/gallery/dog/00828.png,dog,0.828333
/home/emily/MMIP/week5/quiz1/data/query/dog/00015.png,dog,4,/home/emily/MMIP/week5/quiz1/data/gallery/frog/00098.png,frog,0.822973
/home/emily/MMIP/week5/quiz1/data/query/dog/00015.png,dog,5,/home/emily/MMIP/week5/quiz1/data/gallery/dog/00529.png,dog,0.822055
/home/emily/MMIP/week5/quiz1/data/query/dog/00016.png,dog,1,/home/emily/MMIP/week5/quiz1/data/gallery/dog/00797.png,dog,0.873195
/home/emily/MMIP/week5/quiz1/data/query/dog/00016.png,dog,2,/home/emily/MMIP/week5/quiz1/data/gallery/dog/00495.png,dog,0.873020
/home/emily/MMIP/week5/quiz1/data/query/dog/00016.png,dog,3,/home/emily/MMIP/week5/quiz1/data/gallery/dog/00353.png,dog,0.871531
/home/emily/MMIP/week5/quiz1/data/query/dog/00016.png,dog,4,/home/emily/MMIP/week5/quiz1/data/gallery/dog/00034.png,dog,0.866876
/home/emily/MMIP/week5/quiz1/data/query/dog/00016.png,dog,5,/home/emily/MMIP/week5/quiz1/data/gallery/dog/00313.png,dog,0.864809
/home/emily/MMIP/week5/quiz1/data/query/dog/00017.png,dog,1,/home/emily/MMIP/week5/quiz1/data/gallery/dog/00844.png,dog,0.854945
/home/emily/MMIP/week5/quiz1/data/query/dog/00017.png,dog,2,/home/emily/MMIP/week5/quiz1/data/gallery/dog/00472.png,dog,0.851296
/home/emily/MMIP/week5/quiz1/data/query/dog/00017.png,dog,3,/home/emily/MMIP/week5/quiz1/data/gallery/dog/00664.png,dog,0.849199
/home/emily/MMIP/week5/quiz1/data/query/dog/00017.png,dog,4,/home/emily/MMIP/week5/quiz1/data/gallery/dog/00445.png,dog,0.848715
/home/emily/MMIP/week5/quiz1/data/query/dog/00017.png,dog,5,/home/emily/MMIP/week5/quiz1/data/gallery/dog/00535.png,dog,0.848428
/home/emily/MMIP/week5/quiz1/data/query/dog/00018.png,dog,1,/home/emily/MMIP/week5/quiz1/data/gallery/dog/00713.png,dog,0.851250
/home/emily/MMIP/week5/quiz1/data/query/dog/00018.png,dog,2,/home/emily/MMIP/week5/quiz1/data/gallery/dog/00569.png,dog,0.842678
/home/emily/MMIP/week5/quiz1/data/query/dog/00018.png,dog,3,/home/emily/MMIP/week5/quiz1/data/gallery/dog/00064.png,dog,0.839440
/home/emily/MMIP/week5/quiz1/data/query/dog/00018.png,dog,4,/home/emily/MMIP/week5/quiz1/data/gallery/dog/00662.png,dog,0.839191
/home/emily/MMIP/week5/quiz1/data/query/dog/00018.png,dog,5,/home/emily/MMIP/week5/quiz1/data/gallery/cat/00258.png,cat,0.838390
/home/emily/MMIP/week5/quiz1/data/query/dog/00019.png,dog,1,/home/emily/MMIP/week5/quiz1/data/gallery/dog/00543.png,dog,0.841022
/home/emily/MMIP/week5/quiz1/data/query/dog/00019.png,dog,2,/home/emily/MMIP/week5/quiz1/data/gallery/dog/00708.png,dog,0.833951
/home/emily/MMIP/week5/quiz1/data/query/dog/00019.png,dog,3,/home/emily/MMIP/week5/quiz1/data/gallery/dog/00351.png,dog,0.832060
/home/emily/MMIP/week5/quiz1/data/query/dog/00019.png,dog,4,/home/emily/MMIP/week5/quiz1/data/gallery/dog/00360.png,dog,0.825068
/home/emily/MMIP/week5/quiz1/data/query/dog/00019.png,dog,5,/home/emily/MMIP/week5/quiz1/data/gallery/dog/00632.png,dog,0.823945
/home/emily/MMIP/week5/quiz1/data/query/dog/00020.png,dog,1,/home/emily/MMIP/week5/quiz1/data/gallery/dog/00872.png,dog,0.857670
/home/emily/MMIP/week5/quiz1/data/query/dog/00020.png,dog,2,/home/emily/MMIP/week5/quiz1/data/gallery/dog/00345.png,dog,0.851140
/home/emily/MMIP/week5/quiz1/data/query/dog/00020.png,dog,3,/home/emily/MMIP/week5/quiz1/data/gallery/dog/00263.png,dog,0.849973
/home/emily/MMIP/week5/quiz1/data/query/dog/00020.png,dog,4,/home/emily/MMIP/week5/quiz1/data/gallery/dog/00844.png,dog,0.842142
/home/emily/MMIP/week5/quiz1/data/query/dog/00020.png,dog,5,/home/emily/MMIP/week5/quiz1/data/gallery/dog/00359.png,dog,0.841573
/home/emily/MMIP/week5/quiz1/data/query/dog/00021.png,dog,1,/home/emily/MMIP/week5/quiz1/data/gallery/dog/00343.png,dog,0.845979
/home/emily/MMIP/week5/quiz1/data/query/dog/00021.png,dog,2,/home/emily/MMIP/week5/quiz1/data/gallery/dog/00313.png,dog,0.845379
/home/emily/MMIP/week5/quiz1/data/query/dog/00021.png,dog,3,/home/emily/MMIP/week5/quiz1/data/gallery/dog/00725.png,dog,0.841661
/home/emily/MMIP/week5/quiz1/data/query/dog/00021.png,dog,4,/home/emily/MMIP/week5/quiz1/data/gallery/dog/00923.png,dog,0.836662
/home/emily/MMIP/week5/quiz1/data/query/dog/00021.png,dog,5,/home/emily/MMIP/week5/quiz1/data/gallery/dog/00034.png,dog,0.830933
/home/emily/MMIP/week5/quiz1/data/query/dog/00022.png,dog,1,/home/emily/MMIP/week5/quiz1/data/gallery/cat/00783.png,cat,0.818046
/home/emily/MMIP/week5/quiz1/data/query/dog/00022.png,dog,2,/home/emily/MMIP/week5/quiz1/data/gallery/cat/00611.png,cat,0.813000
/home/emily/MMIP/week5/quiz1/data/query/dog/00022.png,dog,3,/home/emily/MMIP/week5/quiz1/data/gallery/cat/00804.png,cat,0.805936
/home/emily/MMIP/week5/quiz1/data/query/dog/00022.png,dog,4,/home/emily/MMIP/week5/quiz1/data/gallery/cat/00297.png,cat,0.805603
/home/emily/MMIP/week5/quiz1/data/query/dog/00022.png,dog,5,/home/emily/MMIP/week5/quiz1/data/gallery/dog/00448.png,dog,0.804772
/home/emily/MMIP/week5/quiz1/data/query/dog/00023.png,dog,1,/home/emily/MMIP/week5/quiz1/data/gallery/dog/00523.png,dog,0.842111
/home/emily/MMIP/week5/quiz1/data/query/dog/00023.png,dog,2,/home/emily/MMIP/week5/quiz1/data/gallery/dog/00186.png,dog,0.833619
/home/emily/MMIP/week5/quiz1/data/query/dog/00023.png,dog,3,/home/emily/MMIP/week5/quiz1/data/gallery/dog/00152.png,dog,0.828208
/home/emily/MMIP/week5/quiz1/data/query/dog/00023.png,dog,4,/home/emily/MMIP/week5/quiz1/data/gallery/dog/00562.png,dog,0.826305
/home/emily/MMIP/week5/quiz1/data/query/dog/00023.png,dog,5,/home/emily/MMIP/week5/quiz1/data/gallery/dog/00922.png,dog,0.825877
/home/emily/MMIP/week5/quiz1/data/query/dog/00024.png,dog,1,/home/emily/MMIP/week5/quiz1/data/gallery/dog/00091.png,dog,0.841855
/home/emily/MMIP/week5/quiz1/data/query/dog/00024.png,dog,2,/home/emily/MMIP/week5/quiz1/data/gallery/dog/00931.png,dog,0.834727
/home/emily/MMIP/week5/quiz1/data/query/dog/00024.png,dog,3,/home/emily/MMIP/week5/quiz1/data/gallery/dog/00790.png,dog,0.833507
/home/emily/MMIP/week5/quiz1/data/query/dog/00024.png,dog,4,/home/emily/MMIP/week5/quiz1/data/gallery/dog/00028.png,dog,0.829650
/home/emily/MMIP/week5/quiz1/data/query/dog/00024.png,dog,5,/home/emily/MMIP/week5/quiz1/data/gallery/dog/00600.png,dog,0.828676
/home/emily/MMIP/week5/quiz1/data/query/dog/00025.png,dog,1,/home/emily/MMIP/week5/quiz1/data/gallery/dog/00822.png,dog,0.838902
/home/emily/MMIP/week5/quiz1/data/query/dog/00025.png,dog,2,/home/emily/MMIP/week5/quiz1/data/gallery/dog/00684.png,dog,0.832315
/home/emily/MMIP/week5/quiz1/data/query/dog/00025.png,dog,3,/home/emily/MMIP/week5/quiz1/data/gallery/dog/00632.png,dog,0.831895
/home/emily/MMIP/week5/quiz1/data/query/dog/00025.png,dog,4,/home/emily/MMIP/week5/quiz1/data/gallery/dog/00605.png,dog,0.830783
/home/emily/MMIP/week5/quiz1/data/query/dog/00025.png,dog,5,/home/emily/MMIP/week5/quiz1/data/gallery/dog/00797.png,dog,0.830504
/home/emily/MMIP/week5/quiz1/data/query/dog/00026.png,dog,1,/home/emily/MMIP/week5/quiz1/data/gallery/dog/00158.png,dog,0.847241
/home/emily/MMIP/week5/quiz1/data/query/dog/00026.png,dog,2,/home/emily/MMIP/week5/quiz1/data/gallery/dog/00415.png,dog,0.834754
/home/emily/MMIP/week5/quiz1/data/query/dog/00026.png,dog,3,/home/emily/MMIP/week5/quiz1/data/gallery/dog/00940.png,dog,0.833851
/home/emily/MMIP/week5/quiz1/data/query/dog/00026.png,dog,4,/home/emily/MMIP/week5/quiz1/data/gallery/dog/00788.png,dog,0.833666
/home/emily/MMIP/week5/quiz1/data/query/dog/00026.png,dog,5,/home/emily/MMIP/week5/quiz1/data/gallery/dog/00404.png,dog,0.832834
/home/emily/MMIP/week5/quiz1/data/query/dog/00027.png,dog,1,/home/emily/MMIP/week5/quiz1/data/gallery/cat/00572.png,cat,0.815990
/home/emily/MMIP/week5/quiz1/data/query/dog/00027.png,dog,2,/home/emily/MMIP/week5/quiz1/data/gallery/dog/00931.png,dog,0.814939
/home/emily/MMIP/week5/quiz1/data/query/dog/00027.png,dog,3,/home/emily/MMIP/week5/quiz1/data/gallery/dog/00720.png,dog,0.814372
/home/emily/MMIP/week5/quiz1/data/query/dog/00027.png,dog,4,/home/emily/MMIP/week5/quiz1/data/gallery/dog/00005.png,dog,0.813524
/home/emily/MMIP/week5/quiz1/data/query/dog/00027.png,dog,5,/home/emily/MMIP/week5/quiz1/data/gallery/horse/00539.png,horse,0.812034
/home/emily/MMIP/week5/quiz1/data/query/dog/00028.png,dog,1,/home/emily/MMIP/week5/quiz1/data/gallery/dog/00476.png,dog,0.848717
/home/emily/MMIP/week5/quiz1/data/query/dog/00028.png,dog,2,/home/emily/MMIP/week5/quiz1/data/gallery/frog/00264.png,frog,0.828707
/home/emily/MMIP/week5/quiz1/data/query/dog/00028.png,dog,3,/home/emily/MMIP/week5/quiz1/data/gallery/dog/00130.png,dog,0.825822
/home/emily/MMIP/week5/quiz1/data/query/dog/00028.png,dog,4,/home/emily/MMIP/week5/quiz1/data/gallery/dog/00194.png,dog,0.823190
/home/emily/MMIP/week5/quiz1/data/query/dog/00028.png,dog,5,/home/emily/MMIP/week5/quiz1/data/gallery/dog/00961.png,dog,0.822674
/home/emily/MMIP/week5/quiz1/data/query/dog/00029.png,dog,1,/home/emily/MMIP/week5/quiz1/data/gallery/dog/00439.png,dog,0.851129
/home/emily/MMIP/week5/quiz1/data/query/dog/00029.png,dog,2,/home/emily/MMIP/week5/quiz1/data/gallery/dog/00147.png,dog,0.848076
/home/emily/MMIP/week5/quiz1/data/query/dog/00029.png,dog,3,/home/emily/MMIP/week5/quiz1/data/gallery/dog/00609.png,dog,0.846709
/home/emily/MMIP/week5/quiz1/data/query/dog/00029.png,dog,4,/home/emily/MMIP/week5/quiz1/data/gallery/dog/00829.png,dog,0.840303
/home/emily/MMIP/week5/quiz1/data/query/dog/00029.png,dog,5,/home/emily/MMIP/week5/quiz1/data/gallery/dog/00660.png,dog,0.838521
/home/emily/MMIP/week5/quiz1/data/query/dog/00030.png,dog,1,/home/emily/MMIP/week5/quiz1/data/gallery/dog/00957.png,dog,0.831801
/home/emily/MMIP/week5/quiz1/data/query/dog/00030.png,dog,2,/home/emily/MMIP/week5/quiz1/data/gallery/dog/00069.png,dog,0.829766
/home/emily/MMIP/week5/quiz1/data/query/dog/00030.png,dog,3,/home/emily/MMIP/week5/quiz1/data/gallery/dog/00831.png,dog,0.821400
/home/emily/MMIP/week5/quiz1/data/query/dog/00030.png,dog,4,/home/emily/MMIP/week5/quiz1/data/gallery/deer/00311.png,deer,0.816279
/home/emily/MMIP/week5/quiz1/data/query/dog/00030.png,dog,5,/home/emily/MMIP/week5/quiz1/data/gallery/dog/00511.png,dog,0.809900
/home/emily/MMIP/week5/quiz1/data/query/dog/00031.png,dog,1,/home/emily/MMIP/week5/quiz1/data/gallery/dog/00604.png,dog,0.840477
/home/emily/MMIP/week5/quiz1/data/query/dog/00031.png,dog,2,/home/emily/MMIP/week5/quiz1/data/gallery/dog/00830.png,dog,0.834913
/home/emily/MMIP/week5/quiz1/data/query/dog/00031.png,dog,3,/home/emily/MMIP/week5/quiz1/data/gallery/dog/00624.png,dog,0.833156
/home/emily/MMIP/week5/quiz1/data/query/dog/00031.png,dog,4,/home/emily/MMIP/week5/quiz1/data/gallery/dog/00696.png,dog,0.832868
/home/emily/MMIP/week5/quiz1/data/query/dog/00031.png,dog,5,/home/emily/MMIP/week5/quiz1/data/gallery/dog/00821.png,dog,0.829637
/home/emily/MMIP/week5/quiz1/data/query/dog/00032.png,dog,1,/home/emily/MMIP/week5/quiz1/data/gallery/dog/00172.png,dog,0.864734
/home/emily/MMIP/week5/quiz1/data/query/dog/00032.png,dog,2,/home/emily/MMIP/week5/quiz1/data/gallery/dog/00966.png,dog,0.853445
/home/emily/MMIP/week5/quiz1/data/query/dog/00032.png,dog,3,/home/emily/MMIP/week5/quiz1/data/gallery/dog/00418.png,dog,0.849464
/home/emily/MMIP/week5/quiz1/data/query/dog/00032.png,dog,4,/home/emily/MMIP/week5/quiz1/data/gallery/dog/00075.png,dog,0.848623
/home/emily/MMIP/week5/quiz1/data/query/dog/00032.png,dog,5,/home/emily/MMIP/week5/quiz1/data/gallery/dog/00621.png,dog,0.848168
/home/emily/MMIP/week5/quiz1/data/query/dog/00033.png,dog,1,/home/emily/MMIP/week5/quiz1/data/gallery/cat/00585.png,cat,0.833854
/home/emily/MMIP/week5/quiz1/data/query/dog/00033.png,dog,2,/home/emily/MMIP/week5/quiz1/data/gallery/dog/00006.png,dog,0.829213
/home/emily/MMIP/week5/quiz1/data/query/dog/00033.png,dog,3,/home/emily/MMIP/week5/quiz1/data/gallery/cat/00399.png,cat,0.816097
/home/emily/MMIP/week5/quiz1/data/query/dog/00033.png,dog,4,/home/emily/MMIP/week5/quiz1/data/gallery/cat/00237.png,cat,0.815228
/home/emily/MMIP/week5/quiz1/data/query/dog/00033.png,dog,5,/home/emily/MMIP/week5/quiz1/data/gallery/cat/00155.png,cat,0.814330
/home/emily/MMIP/week5/quiz1/data/query/dog/00034.png,dog,1,/home/emily/MMIP/week5/quiz1/data/gallery/dog/00665.png,dog,0.873707
/home/emily/MMIP/week5/quiz1/data/query/dog/00034.png,dog,2,/home/emily/MMIP/week5/quiz1/data/gallery/dog/00075.png,dog,0.872855
/home/emily/MMIP/week5/quiz1/data/query/dog/00034.png,dog,3,/home/emily/MMIP/week5/quiz1/data/gallery/dog/00889.png,dog,0.870618
/home/emily/MMIP/week5/quiz1/data/query/dog/00034.png,dog,4,/home/emily/MMIP/week5/quiz1/data/gallery/dog/00673.png,dog,0.867936
/home/emily/MMIP/week5/quiz1/data/query/dog/00034.png,dog,5,/home/emily/MMIP/week5/quiz1/data/gallery/dog/00462.png,dog,0.865991
/home/emily/MMIP/week5/quiz1/data/query/dog/00035.png,dog,1,/home/emily/MMIP/week5/quiz1/data/gallery/dog/00783.png,dog,0.861725
/home/emily/MMIP/week5/quiz1/data/query/dog/00035.png,dog,2,/home/emily/MMIP/week5/quiz1/data/gallery/dog/00034.png,dog,0.850799
/home/emily/MMIP/week5/quiz1/data/query/dog/00035.png,dog,3,/home/emily/MMIP/week5/quiz1/data/gallery/dog/00313.png,dog,0.848484
/home/emily/MMIP/week5/quiz1/data/query/dog/00035.png,dog,4,/home/emily/MMIP/week5/quiz1/data/gallery/dog/00922.png,dog,0.847233
/home/emily/MMIP/week5/quiz1/data/query/dog/00035.png,dog,5,/home/emily/MMIP/week5/quiz1/data/gallery/dog/00419.png,dog,0.847125
/home/emily/MMIP/week5/quiz1/data/query/dog/00036.png,dog,1,/home/emily/MMIP/week5/quiz1/data/gallery/dog/00724.png,dog,0.839003
/home/emily/MMIP/week5/quiz1/data/query/dog/00036.png,dog,2,/home/emily/MMIP/week5/quiz1/data/gallery/dog/00718.png,dog,0.831290
/home/emily/MMIP/week5/quiz1/data/query/dog/00036.png,dog,3,/home/emily/MMIP/week5/quiz1/data/gallery/dog/00177.png,dog,0.829031
/home/emily/MMIP/week5/quiz1/data/query/dog/00036.png,dog,4,/home/emily/MMIP/week5/quiz1/data/gallery/dog/00420.png,dog,0.821474
/home/emily/MMIP/week5/quiz1/data/query/dog/00036.png,dog,5,/home/emily/MMIP/week5/quiz1/data/gallery/dog/00418.png,dog,0.820911
/home/emily/MMIP/week5/quiz1/data/query/dog/00037.png,dog,1,/home/emily/MMIP/week5/quiz1/data/gallery/cat/00195.png,cat,0.830691
/home/emily/MMIP/week5/quiz1/data/query/dog/00037.png,dog,2,/home/emily/MMIP/week5/quiz1/data/gallery/dog/00735.png,dog,0.828674
/home/emily/MMIP/week5/quiz1/data/query/dog/00037.png,dog,3,/home/emily/MMIP/week5/quiz1/data/gallery/dog/00460.png,dog,0.827063
/home/emily/MMIP/week5/quiz1/data/query/dog/00037.png,dog,4,/home/emily/MMIP/week5/quiz1/data/gallery/dog/00587.png,dog,0.826891
/home/emily/MMIP/week5/quiz1/data/query/dog/00037.png,dog,5,/home/emily/MMIP/week5/quiz1/data/gallery/dog/00726.png,dog,0.824483
/home/emily/MMIP/week5/quiz1/data/query/dog/00038.png,dog,1,/home/emily/MMIP/week5/quiz1/data/gallery/frog/00659.png,frog,0.831972
/home/emily/MMIP/week5/quiz1/data/query/dog/00038.png,dog,2,/home/emily/MMIP/week5/quiz1/data/gallery/frog/00806.png,frog,0.830644
/home/emily/MMIP/week5/quiz1/data/query/dog/00038.png,dog,3,/home/emily/MMIP/week5/quiz1/data/gallery/frog/00743.png,frog,0.830377
/home/emily/MMIP/week5/quiz1/data/query/dog/00038.png,dog,4,/home/emily/MMIP/week5/quiz1/data/gallery/dog/00843.png,dog,0.829767
/home/emily/MMIP/week5/quiz1/data/query/dog/00038.png,dog,5,/home/emily/MMIP/week5/quiz1/data/gallery/cat/00014.png,cat,0.829434
/home/emily/MMIP/week5/quiz1/data/query/dog/00039.png,dog,1,/home/emily/MMIP/week5/quiz1/data/gallery/dog/00615.png,dog,0.855990
/home/emily/MMIP/week5/quiz1/data/query/dog/00039.png,dog,2,/home/emily/MMIP/week5/quiz1/data/gallery/dog/00828.png,dog,0.852401
/home/emily/MMIP/week5/quiz1/data/query/dog/00039.png,dog,3,/home/emily/MMIP/week5/quiz1/data/gallery/dog/00922.png,dog,0.848600
/home/emily/MMIP/week5/quiz1/data/query/dog/00039.png,dog,4,/home/emily/MMIP/week5/quiz1/data/gallery/dog/00149.png,dog,0.846434
/home/emily/MMIP/week5/quiz1/data/query/dog/00039.png,dog,5,/home/emily/MMIP/week5/quiz1/data/gallery/dog/00122.png,dog,0.843640
/home/emily/MMIP/week5/quiz1/data/query/dog/00040.png,dog,1,/home/emily/MMIP/week5/quiz1/data/gallery/cat/00056.png,cat,0.831650
/home/emily/MMIP/week5/quiz1/data/query/dog/00040.png,dog,2,/home/emily/MMIP/week5/quiz1/data/gallery/cat/00977.png,cat,0.816296
/home/emily/MMIP/week5/quiz1/data/query/dog/00040.png,dog,3,/home/emily/MMIP/week5/quiz1/data/gallery/cat/00620.png,cat,0.808438
/home/emily/MMIP/week5/quiz1/data/query/dog/00040.png,dog,4,/home/emily/MMIP/week5/quiz1/data/gallery/cat/00385.png,cat,0.801505
/home/emily/MMIP/week5/quiz1/data/query/dog/00040.png,dog,5,/home/emily/MMIP/week5/quiz1/data/gallery/cat/00774.png,cat,0.800937
/home/emily/MMIP/week5/quiz1/data/query/dog/00041.png,dog,1,/home/emily/MMIP/week5/quiz1/data/gallery/dog/00578.png,dog,0.832238
/home/emily/MMIP/week5/quiz1/data/query/dog/00041.png,dog,2,/home/emily/MMIP/week5/quiz1/data/gallery/dog/00991.png,dog,0.811045
/home/emily/MMIP/week5/quiz1/data/query/dog/00041.png,dog,3,/home/emily/MMIP/week5/quiz1/data/gallery/dog/00216.png,dog,0.805804
/home/emily/MMIP/week5/quiz1/data/query/dog/00041.png,dog,4,/home/emily/MMIP/week5/quiz1/data/gallery/horse/00721.png,horse,0.801659
/home/emily/MMIP/week5/quiz1/data/query/dog/00041.png,dog,5,/home/emily/MMIP/week5/quiz1/data/gallery/horse/00713.png,horse,0.800644
/home/emily/MMIP/week5/quiz1/data/query/dog/00042.png,dog,1,/home/emily/MMIP/week5/quiz1/data/gallery/dog/00075.png,dog,0.895356
/home/emily/MMIP/week5/quiz1/data/query/dog/00042.png,dog,2,/home/emily/MMIP/week5/quiz1/data/gallery/dog/00129.png,dog,0.895231
/home/emily/MMIP/week5/quiz1/data/query/dog/00042.png,dog,3,/home/emily/MMIP/week5/quiz1/data/gallery/dog/00868.png,dog,0.886049
/home/emily/MMIP/week5/quiz1/data/query/dog/00042.png,dog,4,/home/emily/MMIP/week5/quiz1/data/gallery/dog/00828.png,dog,0.871195
/home/emily/MMIP/week5/quiz1/data/query/dog/00042.png,dog,5,/home/emily/MMIP/week5/quiz1/data/gallery/dog/00937.png,dog,0.871062
/home/emily/MMIP/week5/quiz1/data/query/dog/00043.png,dog,1,/home/emily/MMIP/week5/quiz1/data/gallery/dog/00003.png,dog,0.831462
/home/emily/MMIP/week5/quiz1/data/query/dog/00043.png,dog,2,/home/emily/MMIP/week5/quiz1/data/gallery/dog/00927.png,dog,0.812924
/home/emily/MMIP/week5/quiz1/data/query/dog/00043.png,dog,3,/home/emily/MMIP/week5/quiz1/data/gallery/dog/00144.png,dog,0.801689
/home/emily/MMIP/week5/quiz1/data/query/dog/00043.png,dog,4,/home/emily/MMIP/week5/quiz1/data/gallery/dog/00796.png,dog,0.800374
/home/emily/MMIP/week5/quiz1/data/query/dog/00043.png,dog,5,/home/emily/MMIP/week5/quiz1/data/gallery/dog/00188.png,dog,0.799889
/home/emily/MMIP/week5/quiz1/data/query/dog/00044.png,dog,1,/home/emily/MMIP/week5/quiz1/data/gallery/cat/00101.png,cat,0.825786
/home/emily/MMIP/week5/quiz1/data/query/dog/00044.png,dog,2,/home/emily/MMIP/week5/quiz1/data/gallery/cat/00333.png,cat,0.821108
/home/emily/MMIP/week5/quiz1/data/query/dog/00044.png,dog,3,/home/emily/MMIP/week5/quiz1/data/gallery/cat/00328.png,cat,0.813457
/home/emily/MMIP/week5/quiz1/data/query/dog/00044.png,dog,4,/home/emily/MMIP/week5/quiz1/data/gallery/cat/00193.png,cat,0.813228
/home/emily/MMIP/week5/quiz1/data/query/dog/00044.png,dog,5,/home/emily/MMIP/week5/quiz1/data/gallery/dog/00459.png,dog,0.811913
/home/emily/MMIP/week5/quiz1/data/query/dog/00045.png,dog,1,/home/emily/MMIP/week5/quiz1/data/gallery/dog/00078.png,dog,0.818587
/home/emily/MMIP/week5/quiz1/data/query/dog/00045.png,dog,2,/home/emily/MMIP/week5/quiz1/data/gallery/dog/00683.png,dog,0.811373
/home/emily/MMIP/week5/quiz1/data/query/dog/00045.png,dog,3,/home/emily/MMIP/week5/quiz1/data/gallery/cat/00817.png,cat,0.810475
/home/emily/MMIP/week5/quiz1/data/query/dog/00045.png,dog,4,/home/emily/MMIP/week5/quiz1/data/gallery/dog/00998.png,dog,0.808478
/home/emily/MMIP/week5/quiz1/data/query/dog/00045.png,dog,5,/home/emily/MMIP/week5/quiz1/data/gallery/dog/00924.png,dog,0.806278
/home/emily/MMIP/week5/quiz1/data/query/dog/00046.png,dog,1,/home/emily/MMIP/week5/quiz1/data/gallery/dog/00731.png,dog,0.850912
/home/emily/MMIP/week5/quiz1/data/query/dog/00046.png,dog,2,/home/emily/MMIP/week5/quiz1/data/gallery/dog/00645.png,dog,0.848026
/home/emily/MMIP/week5/quiz1/data/query/dog/00046.png,dog,3,/home/emily/MMIP/week5/quiz1/data/gallery/dog/00235.png,dog,0.846115
/home/emily/MMIP/week5/quiz1/data/query/dog/00046.png,dog,4,/home/emily/MMIP/week5/quiz1/data/gallery/dog/00662.png,dog,0.843400
/home/emily/MMIP/week5/quiz1/data/query/dog/00046.png,dog,5,/home/emily/MMIP/week5/quiz1/data/gallery/dog/00350.png,dog,0.842948
/home/emily/MMIP/week5/quiz1/data/query/dog/00047.png,dog,1,/home/emily/MMIP/week5/quiz1/data/gallery/cat/00493.png,cat,0.838012
/home/emily/MMIP/week5/quiz1/data/query/dog/00047.png,dog,2,/home/emily/MMIP/week5/quiz1/data/gallery/cat/00888.png,cat,0.828195
/home/emily/MMIP/week5/quiz1/data/query/dog/00047.png,dog,3,/home/emily/MMIP/week5/quiz1/data/gallery/cat/00465.png,cat,0.823969
/home/emily/MMIP/week5/quiz1/data/query/dog/00047.png,dog,4,/home/emily/MMIP/week5/quiz1/data/gallery/cat/00810.png,cat,0.821153
/home/emily/MMIP/week5/quiz1/data/query/dog/00047.png,dog,5,/home/emily/MMIP/week5/quiz1/data/gallery/cat/00377.png,cat,0.817125
/home/emily/MMIP/week5/quiz1/data/query/dog/00048.png,dog,1,/home/emily/MMIP/week5/quiz1/data/gallery/dog/00494.png,dog,0.839048
/home/emily/MMIP/week5/quiz1/data/query/dog/00048.png,dog,2,/home/emily/MMIP/week5/quiz1/data/gallery/dog/00444.png,dog,0.834112
/home/emily/MMIP/week5/quiz1/data/query/dog/00048.png,dog,3,/home/emily/MMIP/week5/quiz1/data/gallery/dog/00878.png,dog,0.833965
/home/emily/MMIP/week5/quiz1/data/query/dog/00048.png,dog,4,/home/emily/MMIP/week5/quiz1/data/gallery/dog/00259.png,dog,0.833282
/home/emily/MMIP/week5/quiz1/data/query/dog/00048.png,dog,5,/home/emily/MMIP/week5/quiz1/data/gallery/dog/00292.png,dog,0.825326
/home/emily/MMIP/week5/quiz1/data/query/dog/00049.png,dog,1,/home/emily/MMIP/week5/quiz1/data/gallery/dog/00042.png,dog,0.901490
/home/emily/MMIP/week5/quiz1/data/query/dog/00049.png,dog,2,/home/emily/MMIP/week5/quiz1/data/gallery/dog/00123.png,dog,0.882679
/home/emily/MMIP/week5/quiz1/data/query/dog/00049.png,dog,3,/home/emily/MMIP/week5/quiz1/data/gallery/dog/00580.png,dog,0.879559
/home/emily/MMIP/week5/quiz1/data/query/dog/00049.png,dog,4,/home/emily/MMIP/week5/quiz1/data/gallery/dog/00937.png,dog,0.878927
/home/emily/MMIP/week5/quiz1/data/query/dog/00049.png,dog,5,/home/emily/MMIP/week5/quiz1/data/gallery/dog/00868.png,dog,0.877231
/home/emily/MMIP/week5/quiz1/data/query/dog/00050.png,dog,1,/home/emily/MMIP/week5/quiz1/data/gallery/dog/00341.png,dog,0.830665
/home/emily/MMIP/week5/quiz1/data/query/dog/00050.png,dog,2,/home/emily/MMIP/week5/quiz1/data/gallery/dog/00960.png,dog,0.826374
/home/emily/MMIP/week5/quiz1/data/query/dog/00050.png,dog,3,/home/emily/MMIP/week5/quiz1/data/gallery/dog/00865.png,dog,0.826071
/home/emily/MMIP/week5/quiz1/data/query/dog/00050.png,dog,4,/home/emily/MMIP/week5/quiz1/data/gallery/dog/00476.png,dog,0.824420
/home/emily/MMIP/week5/quiz1/data/query/dog/00050.png,dog,5,/home/emily/MMIP/week5/quiz1/data/gallery/dog/00970.png,dog,0.824231
/home/emily/MMIP/week5/quiz1/data/query/dog/00051.png,dog,1,/home/emily/MMIP/week5/quiz1/data/gallery/dog/00166.png,dog,0.828656
/home/emily/MMIP/week5/quiz1/data/query/dog/00051.png,dog,2,/home/emily/MMIP/week5/quiz1/data/gallery/dog/00492.png,dog,0.827602
/home/emily/MMIP/week5/quiz1/data/query/dog/00051.png,dog,3,/home/emily/MMIP/week5/quiz1/data/gallery/horse/00014.png,horse,0.815664
/home/emily/MMIP/week5/quiz1/data/query/dog/00051.png,dog,4,/home/emily/MMIP/week5/quiz1/data/gallery/horse/00422.png,horse,0.811047
/home/emily/MMIP/week5/quiz1/data/query/dog/00051.png,dog,5,/home/emily/MMIP/week5/quiz1/data/gallery/horse/00296.png,horse,0.810721
/home/emily/MMIP/week5/quiz1/data/query/dog/00052.png,dog,1,/home/emily/MMIP/week5/quiz1/data/gallery/dog/00489.png,dog,0.818880
/home/emily/MMIP/week5/quiz1/data/query/dog/00052.png,dog,2,/home/emily/MMIP/week5/quiz1/data/gallery/dog/00949.png,dog,0.817698
/home/emily/MMIP/week5/quiz1/data/query/dog/00052.png,dog,3,/home/emily/MMIP/week5/quiz1/data/gallery/dog/00060.png,dog,0.817595
/home/emily/MMIP/week5/quiz1/data/query/dog/00052.png,dog,4,/home/emily/MMIP/week5/quiz1/data/gallery/dog/00729.png,dog,0.816787
/home/emily/MMIP/week5/quiz1/data/query/dog/00052.png,dog,5,/home/emily/MMIP/week5/quiz1/data/gallery/dog/00336.png,dog,0.812063
/home/emily/MMIP/week5/quiz1/data/query/dog/00053.png,dog,1,/home/emily/MMIP/week5/quiz1/data/gallery/cat/00731.png,cat,0.834185
/home/emily/MMIP/week5/quiz1/data/query/dog/00053.png,dog,2,/home/emily/MMIP/week5/quiz1/data/gallery/dog/00612.png,dog,0.828973
/home/emily/MMIP/week5/quiz1/data/query/dog/00053.png,dog,3,/home/emily/MMIP/week5/quiz1/data/gallery/cat/00439.png,cat,0.827224
/home/emily/MMIP/week5/quiz1/data/query/dog/00053.png,dog,4,/home/emily/MMIP/week5/quiz1/data/gallery/cat/00311.png,cat,0.822837
/home/emily/MMIP/week5/quiz1/data/query/dog/00053.png,dog,5,/home/emily/MMIP/week5/quiz1/data/gallery/dog/00816.png,dog,0.822165
/home/emily/MMIP/week5/quiz1/data/query/dog/00054.png,dog,1,/home/emily/MMIP/week5/quiz1/data/gallery/dog/00034.png,dog,0.897207
/home/emily/MMIP/week5/quiz1/data/query/dog/00054.png,dog,2,/home/emily/MMIP/week5/quiz1/data/gallery/dog/00138.png,dog,0.895675
/home/emily/MMIP/week5/quiz1/data/query/dog/00054.png,dog,3,/home/emily/MMIP/week5/quiz1/data/gallery/dog/00664.png,dog,0.895275
/home/emily/MMIP/week5/quiz1/data/query/dog/00054.png,dog,4,/home/emily/MMIP/week5/quiz1/data/gallery/dog/00571.png,dog,0.893038
/home/emily/MMIP/week5/quiz1/data/query/dog/00054.png,dog,5,/home/emily/MMIP/week5/quiz1/data/gallery/dog/00922.png,dog,0.892375
/home/emily/MMIP/week5/quiz1/data/query/dog/00055.png,dog,1,/home/emily/MMIP/week5/quiz1/data/gallery/dog/00149.png,dog,0.868671
/home/emily/MMIP/week5/quiz1/data/query/dog/00055.png,dog,2,/home/emily/MMIP/week5/quiz1/data/gallery/dog/00345.png,dog,0.857545
/home/emily/MMIP/week5/quiz1/data/query/dog/00055.png,dog,3,/home/emily/MMIP/week5/quiz1/data/gallery/dog/00886.png,dog,0.855823
/home/emily/MMIP/week5/quiz1/data/query/dog/00055.png,dog,4,/home/emily/MMIP/week5/quiz1/data/gallery/dog/00429.png,dog,0.855530
/home/emily/MMIP/week5/quiz1/data/query/dog/00055.png,dog,5,/home/emily/MMIP/week5/quiz1/data/gallery/dog/00147.png,dog,0.853800
/home/emily/MMIP/week5/quiz1/data/query/dog/00056.png,dog,1,/home/emily/MMIP/week5/quiz1/data/gallery/dog/00489.png,dog,0.812688
/home/emily/MMIP/week5/quiz1/data/query/dog/00056.png,dog,2,/home/emily/MMIP/week5/quiz1/data/gallery/dog/00791.png,dog,0.809115
/home/emily/MMIP/week5/quiz1/data/query/dog/00056.png,dog,3,/home/emily/MMIP/week5/quiz1/data/gallery/cat/00137.png,cat,0.808633
/home/emily/MMIP/week5/quiz1/data/query/dog/00056.png,dog,4,/home/emily/MMIP/week5/quiz1/data/gallery/dog/00299.png,dog,0.808415
/home/emily/MMIP/week5/quiz1/data/query/dog/00056.png,dog,5,/home/emily/MMIP/week5/quiz1/data/gallery/dog/00170.png,dog,0.806469
/home/emily/MMIP/week5/quiz1/data/query/dog/00057.png,dog,1,/home/emily/MMIP/week5/quiz1/data/gallery/dog/00795.png,dog,0.831495
/home/emily/MMIP/week5/quiz1/data/query/dog/00057.png,dog,2,/home/emily/MMIP/week5/quiz1/data/gallery/dog/00062.png,dog,0.828664
/home/emily/MMIP/week5/quiz1/data/query/dog/00057.png,dog,3,/home/emily/MMIP/week5/quiz1/data/gallery/dog/00518.png,dog,0.826501
/home/emily/MMIP/week5/quiz1/data/query/dog/00057.png,dog,4,/home/emily/MMIP/week5/quiz1/data/gallery/dog/00606.png,dog,0.824668
/home/emily/MMIP/week5/quiz1/data/query/dog/00057.png,dog,5,/home/emily/MMIP/week5/quiz1/data/gallery/dog/00462.png,dog,0.816859
/home/emily/MMIP/week5/quiz1/data/query/dog/00058.png,dog,1,/home/emily/MMIP/week5/quiz1/data/gallery/cat/00672.png,cat,0.831486
/home/emily/MMIP/week5/quiz1/data/query/dog/00058.png,dog,2,/home/emily/MMIP/week5/quiz1/data/gallery/dog/00653.png,dog,0.825402
/home/emily/MMIP/week5/quiz1/data/query/dog/00058.png,dog,3,/home/emily/MMIP/week5/quiz1/data/gallery/horse/00441.png,horse,0.818815
/home/emily/MMIP/week5/quiz1/data/query/dog/00058.png,dog,4,/home/emily/MMIP/week5/quiz1/data/gallery/cat/00783.png,cat,0.818375
/home/emily/MMIP/week5/quiz1/data/query/dog/00058.png,dog,5,/home/emily/MMIP/week5/quiz1/data/gallery/dog/00298.png,dog,0.815197
/home/emily/MMIP/week5/quiz1/data/query/dog/00059.png,dog,1,/home/emily/MMIP/week5/quiz1/data/gallery/dog/00724.png,dog,0.850514
/home/emily/MMIP/week5/quiz1/data/query/dog/00059.png,dog,2,/home/emily/MMIP/week5/quiz1/data/gallery/dog/00262.png,dog,0.843478
/home/emily/MMIP/week5/quiz1/data/query/dog/00059.png,dog,3,/home/emily/MMIP/week5/quiz1/data/gallery/dog/00523.png,dog,0.827122
/home/emily/MMIP/week5/quiz1/data/query/dog/00059.png,dog,4,/home/emily/MMIP/week5/quiz1/data/gallery/dog/00350.png,dog,0.826726
/home/emily/MMIP/week5/quiz1/data/query/dog/00059.png,dog,5,/home/emily/MMIP/week5/quiz1/data/gallery/dog/00889.png,dog,0.824717
/home/emily/MMIP/week5/quiz1/data/query/dog/00060.png,dog,1,/home/emily/MMIP/week5/quiz1/data/gallery/dog/00332.png,dog,0.865591
/home/emily/MMIP/week5/quiz1/data/query/dog/00060.png,dog,2,/home/emily/MMIP/week5/quiz1/data/gallery/dog/00708.png,dog,0.829642
/home/emily/MMIP/week5/quiz1/data/query/dog/00060.png,dog,3,/home/emily/MMIP/week5/quiz1/data/gallery/dog/00700.png,dog,0.825531
/home/emily/MMIP/week5/quiz1/data/query/dog/00060.png,dog,4,/home/emily/MMIP/week5/quiz1/data/gallery/dog/00674.png,dog,0.820510
/home/emily/MMIP/week5/quiz1/data/query/dog/00060.png,dog,5,/home/emily/MMIP/week5/quiz1/data/gallery/dog/00828.png,dog,0.819858
/home/emily/MMIP/week5/quiz1/data/query/dog/00061.png,dog,1,/home/emily/MMIP/week5/quiz1/data/gallery/cat/00328.png,cat,0.834770
/home/emily/MMIP/week5/quiz1/data/query/dog/00061.png,dog,2,/home/emily/MMIP/week5/quiz1/data/gallery/dog/00168.png,dog,0.828528
/home/emily/MMIP/week5/quiz1/data/query/dog/00061.png,dog,3,/home/emily/MMIP/week5/quiz1/data/gallery/horse/00333.png,horse,0.824296
/home/emily/MMIP/week5/quiz1/data/query/dog/00061.png,dog,4,/home/emily/MMIP/week5/quiz1/data/gallery/dog/00487.png,dog,0.822058
/home/emily/MMIP/week5/quiz1/data/query/dog/00061.png,dog,5,/home/emily/MMIP/week5/quiz1/data/gallery/horse/00390.png,horse,0.821666
/home/emily/MMIP/week5/quiz1/data/query/dog/00062.png,dog,1,/home/emily/MMIP/week5/quiz1/data/gallery/dog/00743.png,dog,0.852709
/home/emily/MMIP/week5/quiz1/data/query/dog/00062.png,dog,2,/home/emily/MMIP/week5/quiz1/data/gallery/dog/00416.png,dog,0.851951
/home/emily/MMIP/week5/quiz1/data/query/dog/00062.png,dog,3,/home/emily/MMIP/week5/quiz1/data/gallery/dog/00160.png,dog,0.850103
/home/emily/MMIP/week5/quiz1/data/query/dog/00062.png,dog,4,/home/emily/MMIP/week5/quiz1/data/gallery/dog/00306.png,dog,0.847759
/home/emily/MMIP/week5/quiz1/data/query/dog/00062.png,dog,5,/home/emily/MMIP/week5/quiz1/data/gallery/dog/00587.png,dog,0.847307
/home/emily/MMIP/week5/quiz1/data/query/dog/00063.png,dog,1,/home/emily/MMIP/week5/quiz1/data/gallery/dog/00756.png,dog,0.874823
/home/emily/MMIP/week5/quiz1/data/query/dog/00063.png,dog,2,/home/emily/MMIP/week5/quiz1/data/gallery/dog/00313.png,dog,0.872985
/home/emily/MMIP/week5/quiz1/data/query/dog/00063.png,dog,3,/home/emily/MMIP/week5/quiz1/data/gallery/dog/00265.png,dog,0.865010
/home/emily/MMIP/week5/quiz1/data/query/dog/00063.png,dog,4,/home/emily/MMIP/week5/quiz1/data/gallery/dog/00369.png,dog,0.864345
/home/emily/MMIP/week5/quiz1/data/query/dog/00063.png,dog,5,/home/emily/MMIP/week5/quiz1/data/gallery/dog/00418.png,dog,0.862649
/home/emily/MMIP/week5/quiz1/data/query/dog/00064.png,dog,1,/home/emily/MMIP/week5/quiz1/data/gallery/dog/00417.png,dog,0.816512
/home/emily/MMIP/week5/quiz1/data/query/dog/00064.png,dog,2,/home/emily/MMIP/week5/quiz1/data/gallery/dog/00044.png,dog,0.811786
/home/emily/MMIP/week5/quiz1/data/query/dog/00064.png,dog,3,/home/emily/MMIP/week5/quiz1/data/gallery/dog/00834.png,dog,0.805481
/home/emily/MMIP/week5/quiz1/data/query/dog/00064.png,dog,4,/home/emily/MMIP/week5/quiz1/data/gallery/cat/00092.png,cat,0.804633
/home/emily/MMIP/week5/quiz1/data/query/dog/00064.png,dog,5,/home/emily/MMIP/week5/quiz1/data/gallery/cat/00690.png,cat,0.800192
/home/emily/MMIP/week5/quiz1/data/query/dog/00065.png,dog,1,/home/emily/MMIP/week5/quiz1/data/gallery/dog/00424.png,dog,0.818949
/home/emily/MMIP/week5/quiz1/data/query/dog/00065.png,dog,2,/home/emily/MMIP/week5/quiz1/data/gallery/dog/00874.png,dog,0.809815
/home/emily/MMIP/week5/quiz1/data/query/dog/00065.png,dog,3,/home/emily/MMIP/week5/quiz1/data/gallery/dog/00518.png,dog,0.807386
/home/emily/MMIP/week5/quiz1/data/query/dog/00065.png,dog,4,/home/emily/MMIP/week5/quiz1/data/gallery/dog/00683.png,dog,0.802315
/home/emily/MMIP/week5/quiz1/data/query/dog/00065.png,dog,5,/home/emily/MMIP/week5/quiz1/data/gallery/cat/00562.png,cat,0.800648
/home/emily/MMIP/week5/quiz1/data/query/dog/00066.png,dog,1,/home/emily/MMIP/week5/quiz1/data/gallery/dog/00175.png,dog,0.826998
/home/emily/MMIP/week5/quiz1/data/query/dog/00066.png,dog,2,/home/emily/MMIP/week5/quiz1/data/gallery/dog/00236.png,dog,0.824007
/home/emily/MMIP/week5/quiz1/data/query/dog/00066.png,dog,3,/home/emily/MMIP/week5/quiz1/data/gallery/dog/00602.png,dog,0.817215
/home/emily/MMIP/week5/quiz1/data/query/dog/00066.png,dog,4,/home/emily/MMIP/week5/quiz1/data/gallery/deer/00101.png,deer,0.815034
/home/emily/MMIP/week5/quiz1/data/query/dog/00066.png,dog,5,/home/emily/MMIP/week5/quiz1/data/gallery/cat/00213.png,cat,0.814298
/home/emily/MMIP/week5/quiz1/data/query/dog/00067.png,dog,1,/home/emily/MMIP/week5/quiz1/data/gallery/dog/00090.png,dog,0.879997
/home/emily/MMIP/week5/quiz1/data/query/dog/00067.png,dog,2,/home/emily/MMIP/week5/quiz1/data/gallery/dog/00924.png,dog,0.852703
/home/emily/MMIP/week5/quiz1/data/query/dog/00067.png,dog,3,/home/emily/MMIP/week5/quiz1/data/gallery/dog/00234.png,dog,0.836954
/home/emily/MMIP/week5/quiz1/data/query/dog/00067.png,dog,4,/home/emily/MMIP/week5/quiz1/data/gallery/dog/00107.png,dog,0.832288
/home/emily/MMIP/week5/quiz1/data/query/dog/00067.png,dog,5,/home/emily/MMIP/week5/quiz1/data/gallery/dog/00492.png,dog,0.825600
/home/emily/MMIP/week5/quiz1/data/query/dog/00068.png,dog,1,/home/emily/MMIP/week5/quiz1/data/gallery/dog/00244.png,dog,0.831597
/home/emily/MMIP/week5/quiz1/data/query/dog/00068.png,dog,2,/home/emily/MMIP/week5/quiz1/data/gallery/dog/00308.png,dog,0.828244
/home/emily/MMIP/week5/quiz1/data/query/dog/00068.png,dog,3,/home/emily/MMIP/week5/quiz1/data/gallery/cat/00177.png,cat,0.822214
/home/emily/MMIP/week5/quiz1/data/query/dog/00068.png,dog,4,/home/emily/MMIP/week5/quiz1/data/gallery/dog/00457.png,dog,0.821398
/home/emily/MMIP/week5/quiz1/data/query/dog/00068.png,dog,5,/home/emily/MMIP/week5/quiz1/data/gallery/dog/00399.png,dog,0.818636
/home/emily/MMIP/week5/quiz1/data/query/dog/00069.png,dog,1,/home/emily/MMIP/week5/quiz1/data/gallery/dog/00786.png,dog,0.805830
/home/emily/MMIP/week5/quiz1/data/query/dog/00069.png,dog,2,/home/emily/MMIP/week5/quiz1/data/gallery/dog/00425.png,dog,0.795240
/home/emily/MMIP/week5/quiz1/data/query/dog/00069.png,dog,3,/home/emily/MMIP/week5/quiz1/data/gallery/cat/00937.png,cat,0.793933
/home/emily/MMIP/week5/quiz1/data/query/dog/00069.png,dog,4,/home/emily/MMIP/week5/quiz1/data/gallery/dog/00833.png,dog,0.793561
/home/emily/MMIP/week5/quiz1/data/query/dog/00069.png,dog,5,/home/emily/MMIP/week5/quiz1/data/gallery/cat/00571.png,cat,0.792613
/home/emily/MMIP/week5/quiz1/data/query/dog/00070.png,dog,1,/home/emily/MMIP/week5/quiz1/data/gallery/dog/00294.png,dog,0.860799
/home/emily/MMIP/week5/quiz1/data/query/dog/00070.png,dog,2,/home/emily/MMIP/week5/quiz1/data/gallery/dog/00102.png,dog,0.856952
/home/emily/MMIP/week5/quiz1/data/query/dog/00070.png,dog,3,/home/emily/MMIP/week5/quiz1/data/gallery/dog/00252.png,dog,0.852124
/home/emily/MMIP/week5/quiz1/data/query/dog/00070.png,dog,4,/home/emily/MMIP/week5/quiz1/data/gallery/dog/00688.png,dog,0.846872
/home/emily/MMIP/week5/quiz1/data/query/dog/00070.png,dog,5,/home/emily/MMIP/week5/quiz1/data/gallery/dog/00865.png,dog,0.846732
/home/emily/MMIP/week5/quiz1/data/query/dog/00071.png,dog,1,/home/emily/MMIP/week5/quiz1/data/gallery/dog/00420.png,dog,0.830489
/home/emily/MMIP/week5/quiz1/data/query/dog/00071.png,dog,2,/home/emily/MMIP/week5/quiz1/data/gallery/dog/00304.png,dog,0.828116
/home/emily/MMIP/week5/quiz1/data/query/dog/00071.png,dog,3,/home/emily/MMIP/week5/quiz1/data/gallery/dog/00077.png,dog,0.827991
/home/emily/MMIP/week5/quiz1/data/query/dog/00071.png,dog,4,/home/emily/MMIP/week5/quiz1/data/gallery/dog/00118.png,dog,0.823605
/home/emily/MMIP/week5/quiz1/data/query/dog/00071.png,dog,5,/home/emily/MMIP/week5/quiz1/data/gallery/dog/00849.png,dog,0.822994
/home/emily/MMIP/week5/quiz1/data/query/dog/00072.png,dog,1,/home/emily/MMIP/week5/quiz1/data/gallery/dog/00318.png,dog,0.835781
/home/emily/MMIP/week5/quiz1/data/query/dog/00072.png,dog,2,/home/emily/MMIP/week5/quiz1/data/gallery/cat/00533.png,cat,0.833628
/home/emily/MMIP/week5/quiz1/data/query/dog/00072.png,dog,3,/home/emily/MMIP/week5/quiz1/data/gallery/cat/00270.png,cat,0.827196
/home/emily/MMIP/week5/quiz1/data/query/dog/00072.png,dog,4,/home/emily/MMIP/week5/quiz1/data/gallery/cat/00399.png,cat,0.825669
/home/emily/MMIP/week5/quiz1/data/query/dog/00072.png,dog,5,/home/emily/MMIP/week5/quiz1/data/gallery/cat/00970.png,cat,0.825245
/home/emily/MMIP/week5/quiz1/data/query/dog/00073.png,dog,1,/home/emily/MMIP/week5/quiz1/data/gallery/dog/00032.png,dog,0.807356
/home/emily/MMIP/week5/quiz1/data/query/dog/00073.png,dog,2,/home/emily/MMIP/week5/quiz1/data/gallery/cat/00451.png,cat,0.800659
/home/emily/MMIP/week5/quiz1/data/query/dog/00073.png,dog,3,/home/emily/MMIP/week5/quiz1/data/gallery/dog/00583.png,dog,0.800641
/home/emily/MMIP/week5/quiz1/data/query/dog/00073.png,dog,4,/home/emily/MMIP/week5/quiz1/data/gallery/dog/00985.png,dog,0.800199
/home/emily/MMIP/week5/quiz1/data/query/dog/00073.png,dog,5,/home/emily/MMIP/week5/quiz1/data/gallery/dog/00417.png,dog,0.799725
/home/emily/MMIP/week5/quiz1/data/query/dog/00074.png,dog,1,/home/emily/MMIP/week5/quiz1/data/gallery/frog/00116.png,frog,0.826430
/home/emily/MMIP/week5/quiz1/data/query/dog/00074.png,dog,2,/home/emily/MMIP/week5/quiz1/data/gallery/frog/00467.png,frog,0.823951
/home/emily/MMIP/week5/quiz1/data/query/dog/00074.png,dog,3,/home/emily/MMIP/week5/quiz1/data/gallery/frog/00431.png,frog,0.821590
/home/emily/MMIP/week5/quiz1/data/query/dog/00074.png,dog,4,/home/emily/MMIP/week5/quiz1/data/gallery/frog/00881.png,frog,0.820629
/home/emily/MMIP/week5/quiz1/data/query/dog/00074.png,dog,5,/home/emily/MMIP/week5/quiz1/data/gallery/frog/00036.png,frog,0.819335
/home/emily/MMIP/week5/quiz1/data/query/dog/00075.png,dog,1,/home/emily/MMIP/week5/quiz1/data/gallery/bird/00784.png,bird,0.825539
/home/emily/MMIP/week5/quiz1/data/query/dog/00075.png,dog,2,/home/emily/MMIP/week5/quiz1/data/gallery/bird/00427.png,bird,0.821234
/home/emily/MMIP/week5/quiz1/data/query/dog/00075.png,dog,3,/home/emily/MMIP/week5/quiz1/data/gallery/bird/00324.png,bird,0.819427
/home/emily/MMIP/week5/quiz1/data/query/dog/00075.png,dog,4,/home/emily/MMIP/week5/quiz1/data/gallery/dog/00912.png,dog,0.816286
/home/emily/MMIP/week5/quiz1/data/query/dog/00075.png,dog,5,/home/emily/MMIP/week5/quiz1/data/gallery/bird/00193.png,bird,0.814841
/home/emily/MMIP/week5/quiz1/data/query/dog/00076.png,dog,1,/home/emily/MMIP/week5/quiz1/data/gallery/dog/00829.png,dog,0.857053
/home/emily/MMIP/week5/quiz1/data/query/dog/00076.png,dog,2,/home/emily/MMIP/week5/quiz1/data/gallery/dog/00025.png,dog,0.855776
/home/emily/MMIP/week5/quiz1/data/query/dog/00076.png,dog,3,/home/emily/MMIP/week5/quiz1/data/gallery/dog/00384.png,dog,0.848608
/home/emily/MMIP/week5/quiz1/data/query/dog/00076.png,dog,4,/home/emily/MMIP/week5/quiz1/data/gallery/dog/00094.png,dog,0.843360
/home/emily/MMIP/week5/quiz1/data/query/dog/00076.png,dog,5,/home/emily/MMIP/week5/quiz1/data/gallery/dog/00469.png,dog,0.843241
/home/emily/MMIP/week5/quiz1/data/query/dog/00077.png,dog,1,/home/emily/MMIP/week5/quiz1/data/gallery/cat/00612.png,cat,0.823658
/home/emily/MMIP/week5/quiz1/data/query/dog/00077.png,dog,2,/home/emily/MMIP/week5/quiz1/data/gallery/deer/00852.png,deer,0.819650
/home/emily/MMIP/week5/quiz1/data/query/dog/00077.png,dog,3,/home/emily/MMIP/week5/quiz1/data/gallery/dog/00271.png,dog,0.818113
/home/emily/MMIP/week5/quiz1/data/query/dog/00077.png,dog,4,/home/emily/MMIP/week5/quiz1/data/gallery/deer/00680.png,deer,0.818076
/home/emily/MMIP/week5/quiz1/data/query/dog/00077.png,dog,5,/home/emily/MMIP/week5/quiz1/data/gallery/dog/00879.png,dog,0.813554
/home/emily/MMIP/week5/quiz1/data/query/dog/00078.png,dog,1,/home/emily/MMIP/week5/quiz1/data/gallery/dog/00352.png,dog,0.836137
/home/emily/MMIP/week5/quiz1/data/query/dog/00078.png,dog,2,/home/emily/MMIP/week5/quiz1/data/gallery/dog/00234.png,dog,0.826733
/home/emily/MMIP/week5/quiz1/data/query/dog/00078.png,dog,3,/home/emily/MMIP/week5/quiz1/data/gallery/dog/00699.png,dog,0.824095
/home/emily/MMIP/week5/quiz1/data/query/dog/00078.png,dog,4,/home/emily/MMIP/week5/quiz1/data/gallery/dog/00453.png,dog,0.819717
/home/emily/MMIP/week5/quiz1/data/query/dog/00078.png,dog,5,/home/emily/MMIP/week5/quiz1/data/gallery/dog/00296.png,dog,0.815883
/home/emily/MMIP/week5/quiz1/data/query/dog/00079.png,dog,1,/home/emily/MMIP/week5/quiz1/data/gallery/dog/00992.png,dog,0.840111
/home/emily/MMIP/week5/quiz1/data/query/dog/00079.png,dog,2,/home/emily/MMIP/week5/quiz1/data/gallery/dog/00124.png,dog,0.837034
/home/emily/MMIP/week5/quiz1/data/query/dog/00079.png,dog,3,/home/emily/MMIP/week5/quiz1/data/gallery/dog/00666.png,dog,0.833727
/home/emily/MMIP/week5/quiz1/data/query/dog/00079.png,dog,4,/home/emily/MMIP/week5/quiz1/data/gallery/dog/00729.png,dog,0.833379
/home/emily/MMIP/week5/quiz1/data/query/dog/00079.png,dog,5,/home/emily/MMIP/week5/quiz1/data/gallery/dog/00427.png,dog,0.830792
/home/emily/MMIP/week5/quiz1/data/query/dog/00080.png,dog,1,/home/emily/MMIP/week5/quiz1/data/gallery/dog/00523.png,dog,0.848043
/home/emily/MMIP/week5/quiz1/data/query/dog/00080.png,dog,2,/home/emily/MMIP/week5/quiz1/data/gallery/dog/00306.png,dog,0.840033
/home/emily/MMIP/week5/quiz1/data/query/dog/00080.png,dog,3,/home/emily/MMIP/week5/quiz1/data/gallery/dog/00332.png,dog,0.838114
/home/emily/MMIP/week5/quiz1/data/query/dog/00080.png,dog,4,/home/emily/MMIP/week5/quiz1/data/gallery/dog/00717.png,dog,0.836300
/home/emily/MMIP/week5/quiz1/data/query/dog/00080.png,dog,5,/home/emily/MMIP/week5/quiz1/data/gallery/dog/00997.png,dog,0.835616
/home/emily/MMIP/week5/quiz1/data/query/dog/00081.png,dog,1,/home/emily/MMIP/week5/quiz1/data/gallery/dog/00053.png,dog,0.825765
/home/emily/MMIP/week5/quiz1/data/query/dog/00081.png,dog,2,/home/emily/MMIP/week5/quiz1/data/gallery/frog/00545.png,frog,0.817737
/home/emily/MMIP/week5/quiz1/data/query/dog/00081.png,dog,3,/home/emily/MMIP/week5/quiz1/data/gallery/frog/00792.png,frog,0.816808
/home/emily/MMIP/week5/quiz1/data/query/dog/00081.png,dog,4,/home/emily/MMIP/week5/quiz1/data/gallery/dog/00325.png,dog,0.807509
/home/emily/MMIP/week5/quiz1/data/query/dog/00081.png,dog,5,/home/emily/MMIP/week5/quiz1/data/gallery/dog/00133.png,dog,0.806002
/home/emily/MMIP/week5/quiz1/data/query/dog/00082.png,dog,1,/home/emily/MMIP/week5/quiz1/data/gallery/truck/00639.png,truck,0.825780
/home/emily/MMIP/week5/quiz1/data/query/dog/00082.png,dog,2,/home/emily/MMIP/week5/quiz1/data/gallery/dog/00453.png,dog,0.809987
/home/emily/MMIP/week5/quiz1/data/query/dog/00082.png,dog,3,/home/emily/MMIP/week5/quiz1/data/gallery/horse/00363.png,horse,0.801648
/home/emily/MMIP/week5/quiz1/data/query/dog/00082.png,dog,4,/home/emily/MMIP/week5/quiz1/data/gallery/deer/00931.png,deer,0.800538
/home/emily/MMIP/week5/quiz1/data/query/dog/00082.png,dog,5,/home/emily/MMIP/week5/quiz1/data/gallery/horse/00771.png,horse,0.797850
/home/emily/MMIP/week5/quiz1/data/query/dog/00083.png,dog,1,/home/emily/MMIP/week5/quiz1/data/gallery/cat/00145.png,cat,0.850841
/home/emily/MMIP/week5/quiz1/data/query/dog/00083.png,dog,2,/home/emily/MMIP/week5/quiz1/data/gallery/dog/00728.png,dog,0.840376
/home/emily/MMIP/week5/quiz1/data/query/dog/00083.png,dog,3,/home/emily/MMIP/week5/quiz1/data/gallery/deer/00806.png,deer,0.837287
/home/emily/MMIP/week5/quiz1/data/query/dog/00083.png,dog,4,/home/emily/MMIP/week5/quiz1/data/gallery/bird/00111.png,bird,0.834234
/home/emily/MMIP/week5/quiz1/data/query/dog/00083.png,dog,5,/home/emily/MMIP/week5/quiz1/data/gallery/cat/00459.png,cat,0.833756
/home/emily/MMIP/week5/quiz1/data/query/dog/00084.png,dog,1,/home/emily/MMIP/week5/quiz1/data/gallery/dog/00586.png,dog,0.839565
/home/emily/MMIP/week5/quiz1/data/query/dog/00084.png,dog,2,/home/emily/MMIP/week5/quiz1/data/gallery/dog/00409.png,dog,0.833483
/home/emily/MMIP/week5/quiz1/data/query/dog/00084.png,dog,3,/home/emily/MMIP/week5/quiz1/data/gallery/dog/00683.png,dog,0.831972
/home/emily/MMIP/week5/quiz1/data/query/dog/00084.png,dog,4,/home/emily/MMIP/week5/quiz1/data/gallery/dog/00717.png,dog,0.828438
/home/emily/MMIP/week5/quiz1/data/query/dog/00084.png,dog,5,/home/emily/MMIP/week5/quiz1/data/gallery/dog/00889.png,dog,0.827464
/home/emily/MMIP/week5/quiz1/data/query/dog/00085.png,dog,1,/home/emily/MMIP/week5/quiz1/data/gallery/dog/00414.png,dog,0.806073
/home/emily/MMIP/week5/quiz1/data/query/dog/00085.png,dog,2,/home/emily/MMIP/week5/quiz1/data/gallery/dog/00824.png,dog,0.805466
/home/emily/MMIP/week5/quiz1/data/query/dog/00085.png,dog,3,/home/emily/MMIP/week5/quiz1/data/gallery/cat/00750.png,cat,0.804753
/home/emily/MMIP/week5/quiz1/data/query/dog/00085.png,dog,4,/home/emily/MMIP/week5/quiz1/data/gallery/cat/00894.png,cat,0.801967
/home/emily/MMIP/week5/quiz1/data/query/dog/00085.png,dog,5,/home/emily/MMIP/week5/quiz1/data/gallery/cat/00414.png,cat,0.798672
/home/emily/MMIP/week5/quiz1/data/query/dog/00086.png,dog,1,/home/emily/MMIP/week5/quiz1/data/gallery/dog/00814.png,dog,0.889539
/home/emily/MMIP/week5/quiz1/data/query/dog/00086.png,dog,2,/home/emily/MMIP/week5/quiz1/data/gallery/dog/00671.png,dog,0.881080
/home/emily/MMIP/week5/quiz1/data/query/dog/00086.png,dog,3,/home/emily/MMIP/week5/quiz1/data/gallery/dog/00406.png,dog,0.863807
/home/emily/MMIP/week5/quiz1/data/query/dog/00086.png,dog,4,/home/emily/MMIP/week5/quiz1/data/gallery/dog/00571.png,dog,0.862644
/home/emily/MMIP/week5/quiz1/data/query/dog/00086.png,dog,5,/home/emily/MMIP/week5/quiz1/data/gallery/dog/00922.png,dog,0.862469
/home/emily/MMIP/week5/quiz1/data/query/dog/00087.png,dog,1,/home/emily/MMIP/week5/quiz1/data/gallery/dog/00694.png,dog,0.836191
/home/emily/MMIP/week5/quiz1/data/query/dog/00087.png,dog,2,/home/emily/MMIP/week5/quiz1/data/gallery/deer/00161.png,deer,0.803484
/home/emily/MMIP/week5/quiz1/data/query/dog/00087.png,dog,3,/home/emily/MMIP/week5/quiz1/data/gallery/dog/00318.png,dog,0.802261
/home/emily/MMIP/week5/quiz1/data/query/dog/00087.png,dog,4,/home/emily/MMIP/week5/quiz1/data/gallery/dog/00845.png,dog,0.801063
/home/emily/MMIP/week5/quiz1/data/query/dog/00087.png,dog,5,/home/emily/MMIP/week5/quiz1/data/gallery/dog/00186.png,dog,0.800875
/home/emily/MMIP/week5/quiz1/data/query/dog/00088.png,dog,1,/home/emily/MMIP/week5/quiz1/data/gallery/dog/00489.png,dog,0.824834
/home/emily/MMIP/week5/quiz1/data/query/dog/00088.png,dog,2,/home/emily/MMIP/week5/quiz1/data/gallery/dog/00666.png,dog,0.823322
/home/emily/MMIP/week5/quiz1/data/query/dog/00088.png,dog,3,/home/emily/MMIP/week5/quiz1/data/gallery/dog/00453.png,dog,0.820628
/home/emily/MMIP/week5/quiz1/data/query/dog/00088.png,dog,4,/home/emily/MMIP/week5/quiz1/data/gallery/dog/00207.png,dog,0.818652
/home/emily/MMIP/week5/quiz1/data/query/dog/00088.png,dog,5,/home/emily/MMIP/week5/quiz1/data/gallery/dog/00985.png,dog,0.817001
/home/emily/MMIP/week5/quiz1/data/query/dog/00089.png,dog,1,/home/emily/MMIP/week5/quiz1/data/gallery/dog/00894.png,dog,0.871794
/home/emily/MMIP/week5/quiz1/data/query/dog/00089.png,dog,2,/home/emily/MMIP/week5/quiz1/data/gallery/dog/00914.png,dog,0.864175
/home/emily/MMIP/week5/quiz1/data/query/dog/00089.png,dog,3,/home/emily/MMIP/week5/quiz1/data/gallery/dog/00256.png,dog,0.857041
/home/emily/MMIP/week5/quiz1/data/query/dog/00089.png,dog,4,/home/emily/MMIP/week5/quiz1/data/gallery/dog/00387.png,dog,0.856174
/home/emily/MMIP/week5/quiz1/data/query/dog/00089.png,dog,5,/home/emily/MMIP/week5/quiz1/data/gallery/dog/00569.png,dog,0.852085
/home/emily/MMIP/week5/quiz1/data/query/dog/00090.png,dog,1,/home/emily/MMIP/week5/quiz1/data/gallery/bird/00012.png,bird,0.804084
/home/emily/MMIP/week5/quiz1/data/query/dog/00090.png,dog,2,/home/emily/MMIP/week5/quiz1/data/gallery/dog/00046.png,dog,0.802136
/home/emily/MMIP/week5/quiz1/data/query/dog/00090.png,dog,3,/home/emily/MMIP/week5/quiz1/data/gallery/bird/00402.png,bird,0.798125
/home/emily/MMIP/week5/quiz1/data/query/dog/00090.png,dog,4,/home/emily/MMIP/week5/quiz1/data/gallery/bird/00775.png,bird,0.797491
/home/emily/MMIP/week5/quiz1/data/query/dog/00090.png,dog,5,/home/emily/MMIP/week5/quiz1/data/gallery/cat/00951.png,cat,0.797143
/home/emily/MMIP/week5/quiz1/data/query/dog/00091.png,dog,1,/home/emily/MMIP/week5/quiz1/data/gallery/dog/00257.png,dog,0.834557
/home/emily/MMIP/week5/quiz1/data/query/dog/00091.png,dog,2,/home/emily/MMIP/week5/quiz1/data/gallery/dog/00013.png,dog,0.831060
/home/emily/MMIP/week5/quiz1/data/query/dog/00091.png,dog,3,/home/emily/MMIP/week5/quiz1/data/gallery/dog/00733.png,dog,0.826235
/home/emily/MMIP/week5/quiz1/data/query/dog/00091.png,dog,4,/home/emily/MMIP/week5/quiz1/data/gallery/dog/00028.png,dog,0.821053
/home/emily/MMIP/week5/quiz1/data/query/dog/00091.png,dog,5,/home/emily/MMIP/week5/quiz1/data/gallery/dog/00419.png,dog,0.818771
/home/emily/MMIP/week5/quiz1/data/query/dog/00092.png,dog,1,/home/emily/MMIP/week5/quiz1/data/gallery/dog/00122.png,dog,0.866061
/home/emily/MMIP/week5/quiz1/data/query/dog/00092.png,dog,2,/home/emily/MMIP/week5/quiz1/data/gallery/dog/00665.png,dog,0.865693
/home/emily/MMIP/week5/quiz1/data/query/dog/00092.png,dog,3,/home/emily/MMIP/week5/quiz1/data/gallery/dog/00547.png,dog,0.863652
/home/emily/MMIP/week5/quiz1/data/query/dog/00092.png,dog,4,/home/emily/MMIP/week5/quiz1/data/gallery/dog/00359.png,dog,0.857472
/home/emily/MMIP/week5/quiz1/data/query/dog/00092.png,dog,5,/home/emily/MMIP/week5/quiz1/data/gallery/dog/00075.png,dog,0.856152
/home/emily/MMIP/week5/quiz1/data/query/dog/00093.png,dog,1,/home/emily/MMIP/week5/quiz1/data/gallery/dog/00669.png,dog,0.865948
/home/emily/MMIP/week5/quiz1/data/query/dog/00093.png,dog,2,/home/emily/MMIP/week5/quiz1/data/gallery/dog/00580.png,dog,0.861528
/home/emily/MMIP/week5/quiz1/data/query/dog/00093.png,dog,3,/home/emily/MMIP/week5/quiz1/data/gallery/dog/00828.png,dog,0.861522
/home/emily/MMIP/week5/quiz1/data/query/dog/00093.png,dog,4,/home/emily/MMIP/week5/quiz1/data/gallery/dog/00465.png,dog,0.856135
/home/emily/MMIP/week5/quiz1/data/query/dog/00093.png,dog,5,/home/emily/MMIP/week5/quiz1/data/gallery/dog/00742.png,dog,0.854759
/home/emily/MMIP/week5/quiz1/data/query/dog/00094.png,dog,1,/home/emily/MMIP/week5/quiz1/data/gallery/dog/00922.png,dog,0.887239
/home/emily/MMIP/week5/quiz1/data/query/dog/00094.png,dog,2,/home/emily/MMIP/week5/quiz1/data/gallery/dog/00710.png,dog,0.883547
/home/emily/MMIP/week5/quiz1/data/query/dog/00094.png,dog,3,/home/emily/MMIP/week5/quiz1/data/gallery/dog/00034.png,dog,0.881728
/home/emily/MMIP/week5/quiz1/data/query/dog/00094.png,dog,4,/home/emily/MMIP/week5/quiz1/data/gallery/dog/00664.png,dog,0.881652
/home/emily/MMIP/week5/quiz1/data/query/dog/00094.png,dog,5,/home/emily/MMIP/week5/quiz1/data/gallery/dog/00313.png,dog,0.880102
/home/emily/MMIP/week5/quiz1/data/query/dog/00095.png,dog,1,/home/emily/MMIP/week5/quiz1/data/gallery/dog/00914.png,dog,0.830926
/home/emily/MMIP/week5/quiz1/data/query/dog/00095.png,dog,2,/home/emily/MMIP/week5/quiz1/data/gallery/dog/00445.png,dog,0.830609
/home/emily/MMIP/week5/quiz1/data/query/dog/00095.png,dog,3,/home/emily/MMIP/week5/quiz1/data/gallery/dog/00966.png,dog,0.829442
/home/emily/MMIP/week5/quiz1/data/query/dog/00095.png,dog,4,/home/emily/MMIP/week5/quiz1/data/gallery/dog/00690.png,dog,0.828426
/home/emily/MMIP/week5/quiz1/data/query/dog/00095.png,dog,5,/home/emily/MMIP/week5/quiz1/data/gallery/dog/00130.png,dog,0.826592
/home/emily/MMIP/week5/quiz1/data/query/dog/00096.png,dog,1,/home/emily/MMIP/week5/quiz1/data/gallery/dog/00933.png,dog,0.879602
/home/emily/MMIP/week5/quiz1/data/query/dog/00096.png,dog,2,/home/emily/MMIP/week5/quiz1/data/gallery/dog/00123.png,dog,0.869782
/home/emily/MMIP/week5/quiz1/data/query/dog/00096.png,dog,3,/home/emily/MMIP/week5/quiz1/data/gallery/dog/00408.png,dog,0.868546
/home/emily/MMIP/week5/quiz1/data/query/dog/00096.png,dog,4,/home/emily/MMIP/week5/quiz1/data/gallery/dog/00966.png,dog,0.867220
/home/emily/MMIP/week5/quiz1/data/query/dog/00096.png,dog,5,/home/emily/MMIP/week5/quiz1/data/gallery/dog/00472.png,dog,0.865686
/home/emily/MMIP/week5/quiz1/data/query/dog/00097.png,dog,1,/home/emily/MMIP/week5/quiz1/data/gallery/dog/00558.png,dog,0.831062
/home/emily/MMIP/week5/quiz1/data/query/dog/00097.png,dog,2,/home/emily/MMIP/week5/quiz1/data/gallery/dog/00132.png,dog,0.824323
/home/emily/MMIP/week5/quiz1/data/query/dog/00097.png,dog,3,/home/emily/MMIP/week5/quiz1/data/gallery/dog/00870.png,dog,0.822031
/home/emily/MMIP/week5/quiz1/data/query/dog/00097.png,dog,4,/home/emily/MMIP/week5/quiz1/data/gallery/dog/00706.png,dog,0.816567
/home/emily/MMIP/week5/quiz1/data/query/dog/00097.png,dog,5,/home/emily/MMIP/week5/quiz1/data/gallery/bird/00280.png,bird,0.815092
/home/emily/MMIP/week5/quiz1/data/query/dog/00098.png,dog,1,/home/emily/MMIP/week5/quiz1/data/gallery/dog/00482.png,dog,0.821215
/home/emily/MMIP/week5/quiz1/data/query/dog/00098.png,dog,2,/home/emily/MMIP/week5/quiz1/data/gallery/truck/00696.png,truck,0.807747
/home/emily/MMIP/week5/quiz1/data/query/dog/00098.png,dog,3,/home/emily/MMIP/week5/quiz1/data/gallery/dog/00981.png,dog,0.806242
/home/emily/MMIP/week5/quiz1/data/query/dog/00098.png,dog,4,/home/emily/MMIP/week5/quiz1/data/gallery/truck/00440.png,truck,0.803711
/home/emily/MMIP/week5/quiz1/data/query/dog/00098.png,dog,5,/home/emily/MMIP/week5/quiz1/data/gallery/dog/00180.png,dog,0.803112
/home/emily/MMIP/week5/quiz1/data/query/dog/00099.png,dog,1,/home/emily/MMIP/week5/quiz1/data/gallery/cat/00325.png,cat,0.845938
/home/emily/MMIP/week5/quiz1/data/query/dog/00099.png,dog,2,/home/emily/MMIP/week5/quiz1/data/gallery/cat/00847.png,cat,0.828449
/home/emily/MMIP/week5/quiz1/data/query/dog/00099.png,dog,3,/home/emily/MMIP/week5/quiz1/data/gallery/cat/00195.png,cat,0.824203
/home/emily/MMIP/week5/quiz1/data/query/dog/00099.png,dog,4,/home/emily/MMIP/week5/quiz1/data/gallery/cat/00104.png,cat,0.823583
/home/emily/MMIP/week5/quiz1/data/query/dog/00099.png,dog,5,/home/emily/MMIP/week5/quiz1/data/gallery/dog/00900.png,dog,0.821305
/home/emily/MMIP/week5/quiz1/data/query/frog/00000.png,frog,1,/home/emily/MMIP/week5/quiz1/data/gallery/frog/00495.png,frog,0.900363
/home/emily/MMIP/week5/quiz1/data/query/frog/00000.png,frog,2,/home/emily/MMIP/week5/quiz1/data/gallery/frog/00450.png,frog,0.887486
/home/emily/MMIP/week5/quiz1/data/query/frog/00000.png,frog,3,/home/emily/MMIP/week5/quiz1/data/gallery/frog/00915.png,frog,0.883684
/home/emily/MMIP/week5/quiz1/data/query/frog/00000.png,frog,4,/home/emily/MMIP/week5/quiz1/data/gallery/frog/00885.png,frog,0.883566
/home/emily/MMIP/week5/quiz1/data/query/frog/00000.png,frog,5,/home/emily/MMIP/week5/quiz1/data/gallery/frog/00803.png,frog,0.883222
/home/emily/MMIP/week5/quiz1/data/query/frog/00001.png,frog,1,/home/emily/MMIP/week5/quiz1/data/gallery/frog/00816.png,frog,0.865681
/home/emily/MMIP/week5/quiz1/data/query/frog/00001.png,frog,2,/home/emily/MMIP/week5/quiz1/data/gallery/frog/00000.png,frog,0.860735
/home/emily/MMIP/week5/quiz1/data/query/frog/00001.png,frog,3,/home/emily/MMIP/week5/quiz1/data/gallery/frog/00701.png,frog,0.858600
/home/emily/MMIP/week5/quiz1/data/query/frog/00001.png,frog,4,/home/emily/MMIP/week5/quiz1/data/gallery/frog/00557.png,frog,0.856101
/home/emily/MMIP/week5/quiz1/data/query/frog/00001.png,frog,5,/home/emily/MMIP/week5/quiz1/data/gallery/frog/00249.png,frog,0.855635
/home/emily/MMIP/week5/quiz1/data/query/frog/00002.png,frog,1,/home/emily/MMIP/week5/quiz1/data/gallery/frog/00279.png,frog,0.846906
/home/emily/MMIP/week5/quiz1/data/query/frog/00002.png,frog,2,/home/emily/MMIP/week5/quiz1/data/gallery/frog/00443.png,frog,0.840175
/home/emily/MMIP/week5/quiz1/data/query/frog/00002.png,frog,3,/home/emily/MMIP/week5/quiz1/data/gallery/frog/00791.png,frog,0.836671
/home/emily/MMIP/week5/quiz1/data/query/frog/00002.png,frog,4,/home/emily/MMIP/week5/quiz1/data/gallery/frog/00287.png,frog,0.836439
/home/emily/MMIP/week5/quiz1/data/query/frog/00002.png,frog,5,/home/emily/MMIP/week5/quiz1/data/gallery/frog/00919.png,frog,0.835813
/home/emily/MMIP/week5/quiz1/data/query/frog/00003.png,frog,1,/home/emily/MMIP/week5/quiz1/data/gallery/frog/00667.png,frog,0.923384
/home/emily/MMIP/week5/quiz1/data/query/frog/00003.png,frog,2,/home/emily/MMIP/week5/quiz1/data/gallery/frog/00325.png,frog,0.919364
/home/emily/MMIP/week5/quiz1/data/query/frog/00003.png,frog,3,/home/emily/MMIP/week5/quiz1/data/gallery/frog/00839.png,frog,0.910526
/home/emily/MMIP/week5/quiz1/data/query/frog/00003.png,frog,4,/home/emily/MMIP/week5/quiz1/data/gallery/frog/00915.png,frog,0.910336
/home/emily/MMIP/week5/quiz1/data/query/frog/00003.png,frog,5,/home/emily/MMIP/week5/quiz1/data/gallery/frog/00565.png,frog,0.908246
/home/emily/MMIP/week5/quiz1/data/query/frog/00004.png,frog,1,/home/emily/MMIP/week5/quiz1/data/gallery/frog/00206.png,frog,0.895331
/home/emily/MMIP/week5/quiz1/data/query/frog/00004.png,frog,2,/home/emily/MMIP/week5/quiz1/data/gallery/frog/00212.png,frog,0.886678
/home/emily/MMIP/week5/quiz1/data/query/frog/00004.png,frog,3,/home/emily/MMIP/week5/quiz1/data/gallery/frog/00729.png,frog,0.884461
/home/emily/MMIP/week5/quiz1/data/query/frog/00004.png,frog,4,/home/emily/MMIP/week5/quiz1/data/gallery/frog/00849.png,frog,0.882253
/home/emily/MMIP/week5/quiz1/data/query/frog/00004.png,frog,5,/home/emily/MMIP/week5/quiz1/data/gallery/frog/00956.png,frog,0.880582
/home/emily/MMIP/week5/quiz1/data/query/frog/00005.png,frog,1,/home/emily/MMIP/week5/quiz1/data/gallery/frog/00267.png,frog,0.844612
/home/emily/MMIP/week5/quiz1/data/query/frog/00005.png,frog,2,/home/emily/MMIP/week5/quiz1/data/gallery/frog/00000.png,frog,0.844420
/home/emily/MMIP/week5/quiz1/data/query/frog/00005.png,frog,3,/home/emily/MMIP/week5/quiz1/data/gallery/frog/00363.png,frog,0.842417
/home/emily/MMIP/week5/quiz1/data/query/frog/00005.png,frog,4,/home/emily/MMIP/week5/quiz1/data/gallery/bird/00401.png,bird,0.842271
/home/emily/MMIP/week5/quiz1/data/query/frog/00005.png,frog,5,/home/emily/MMIP/week5/quiz1/data/gallery/frog/00758.png,frog,0.837597
/home/emily/MMIP/week5/quiz1/data/query/frog/00006.png,frog,1,/home/emily/MMIP/week5/quiz1/data/gallery/frog/00010.png,frog,0.878839
/home/emily/MMIP/week5/quiz1/data/query/frog/00006.png,frog,2,/home/emily/MMIP/week5/quiz1/data/gallery/frog/00692.png,frog,0.878647
/home/emily/MMIP/week5/quiz1/data/query/frog/00006.png,frog,3,/home/emily/MMIP/week5/quiz1/data/gallery/frog/00885.png,frog,0.875759
/home/emily/MMIP/week5/quiz1/data/query/frog/00006.png,frog,4,/home/emily/MMIP/week5/quiz1/data/gallery/frog/00994.png,frog,0.870890
/home/emily/MMIP/week5/quiz1/data/query/frog/00006.png,frog,5,/home/emily/MMIP/week5/quiz1/data/gallery/frog/00246.png,frog,0.870010
/home/emily/MMIP/week5/quiz1/data/query/frog/00007.png,frog,1,/home/emily/MMIP/week5/quiz1/data/gallery/frog/00400.png,frog,0.840083
/home/emily/MMIP/week5/quiz1/data/query/frog/00007.png,frog,2,/home/emily/MMIP/week5/quiz1/data/gallery/frog/00002.png,frog,0.837486
/home/emily/MMIP/week5/quiz1/data/query/frog/00007.png,frog,3,/home/emily/MMIP/week5/quiz1/data/gallery/frog/00476.png,frog,0.837446
/home/emily/MMIP/week5/quiz1/data/query/frog/00007.png,frog,4,/home/emily/MMIP/week5/quiz1/data/gallery/frog/00236.png,frog,0.835238
/home/emily/MMIP/week5/quiz1/data/query/frog/00007.png,frog,5,/home/emily/MMIP/week5/quiz1/data/gallery/frog/00114.png,frog,0.834640
/home/emily/MMIP/week5/quiz1/data/query/frog/00008.png,frog,1,/home/emily/MMIP/week5/quiz1/data/gallery/frog/00089.png,frog,0.876719
/home/emily/MMIP/week5/quiz1/data/query/frog/00008.png,frog,2,/home/emily/MMIP/week5/quiz1/data/gallery/frog/00487.png,frog,0.860114
/home/emily/MMIP/week5/quiz1/data/query/frog/00008.png,frog,3,/home/emily/MMIP/week5/quiz1/data/gallery/frog/00723.png,frog,0.857798
/home/emily/MMIP/week5/quiz1/data/query/frog/00008.png,frog,4,/home/emily/MMIP/week5/quiz1/data/gallery/frog/00593.png,frog,0.856264
/home/emily/MMIP/week5/quiz1/data/query/frog/00008.png,frog,5,/home/emily/MMIP/week5/quiz1/data/gallery/frog/00972.png,frog,0.856062
/home/emily/MMIP/week5/quiz1/data/query/frog/00009.png,frog,1,/home/emily/MMIP/week5/quiz1/data/gallery/frog/00860.png,frog,0.832110
/home/emily/MMIP/week5/quiz1/data/query/frog/00009.png,frog,2,/home/emily/MMIP/week5/quiz1/data/gallery/horse/00470.png,horse,0.827388
/home/emily/MMIP/week5/quiz1/data/query/frog/00009.png,frog,3,/home/emily/MMIP/week5/quiz1/data/gallery/frog/00179.png,frog,0.820800
/home/emily/MMIP/week5/quiz1/data/query/frog/00009.png,frog,4,/home/emily/MMIP/week5/quiz1/data/gallery/frog/00792.png,frog,0.820744
/home/emily/MMIP/week5/quiz1/data/query/frog/00009.png,frog,5,/home/emily/MMIP/week5/quiz1/data/gallery/frog/00710.png,frog,0.820191
/home/emily/MMIP/week5/quiz1/data/query/frog/00010.png,frog,1,/home/emily/MMIP/week5/quiz1/data/gallery/frog/00328.png,frog,0.848478
/home/emily/MMIP/week5/quiz1/data/query/frog/00010.png,frog,2,/home/emily/MMIP/week5/quiz1/data/gallery/frog/00668.png,frog,0.847126
/home/emily/MMIP/week5/quiz1/data/query/frog/00010.png,frog,3,/home/emily/MMIP/week5/quiz1/data/gallery/frog/00186.png,frog,0.846428
/home/emily/MMIP/week5/quiz1/data/query/frog/00010.png,frog,4,/home/emily/MMIP/week5/quiz1/data/gallery/frog/00776.png,frog,0.844741
/home/emily/MMIP/week5/quiz1/data/query/frog/00010.png,frog,5,/home/emily/MMIP/week5/quiz1/data/gallery/frog/00246.png,frog,0.844063
/home/emily/MMIP/week5/quiz1/data/query/frog/00011.png,frog,1,/home/emily/MMIP/week5/quiz1/data/gallery/frog/00417.png,frog,0.835313
/home/emily/MMIP/week5/quiz1/data/query/frog/00011.png,frog,2,/home/emily/MMIP/week5/quiz1/data/gallery/frog/00812.png,frog,0.834409
/home/emily/MMIP/week5/quiz1/data/query/frog/00011.png,frog,3,/home/emily/MMIP/week5/quiz1/data/gallery/frog/00352.png,frog,0.833371
/home/emily/MMIP/week5/quiz1/data/query/frog/00011.png,frog,4,/home/emily/MMIP/week5/quiz1/data/gallery/cat/00014.png,cat,0.832908
/home/emily/MMIP/week5/quiz1/data/query/frog/00011.png,frog,5,/home/emily/MMIP/week5/quiz1/data/gallery/frog/00995.png,frog,0.831438
/home/emily/MMIP/week5/quiz1/data/query/frog/00012.png,frog,1,/home/emily/MMIP/week5/quiz1/data/gallery/frog/00583.png,frog,0.854631
/home/emily/MMIP/week5/quiz1/data/query/frog/00012.png,frog,2,/home/emily/MMIP/week5/quiz1/data/gallery/frog/00866.png,frog,0.839657
/home/emily/MMIP/week5/quiz1/data/query/frog/00012.png,frog,3,/home/emily/MMIP/week5/quiz1/data/gallery/frog/00101.png,frog,0.838999
/home/emily/MMIP/week5/quiz1/data/query/frog/00012.png,frog,4,/home/emily/MMIP/week5/quiz1/data/gallery/frog/00628.png,frog,0.836501
/home/emily/MMIP/week5/quiz1/data/query/frog/00012.png,frog,5,/home/emily/MMIP/week5/quiz1/data/gallery/frog/00670.png,frog,0.836405
/home/emily/MMIP/week5/quiz1/data/query/frog/00013.png,frog,1,/home/emily/MMIP/week5/quiz1/data/gallery/frog/00337.png,frog,0.884427
/home/emily/MMIP/week5/quiz1/data/query/frog/00013.png,frog,2,/home/emily/MMIP/week5/quiz1/data/gallery/frog/00696.png,frog,0.875251
/home/emily/MMIP/week5/quiz1/data/query/frog/00013.png,frog,3,/home/emily/MMIP/week5/quiz1/data/gallery/frog/00267.png,frog,0.873783
/home/emily/MMIP/week5/quiz1/data/query/frog/00013.png,frog,4,/home/emily/MMIP/week5/quiz1/data/gallery/frog/00212.png,frog,0.873351
/home/emily/MMIP/week5/quiz1/data/query/frog/00013.png,frog,5,/home/emily/MMIP/week5/quiz1/data/gallery/frog/00328.png,frog,0.873077
/home/emily/MMIP/week5/quiz1/data/query/frog/00014.png,frog,1,/home/emily/MMIP/week5/quiz1/data/gallery/frog/00290.png,frog,0.848383
/home/emily/MMIP/week5/quiz1/data/query/frog/00014.png,frog,2,/home/emily/MMIP/week5/quiz1/data/gallery/frog/00575.png,frog,0.848174
/home/emily/MMIP/week5/quiz1/data/query/frog/00014.png,frog,3,/home/emily/MMIP/week5/quiz1/data/gallery/frog/00189.png,frog,0.843644
/home/emily/MMIP/week5/quiz1/data/query/frog/00014.png,frog,4,/home/emily/MMIP/week5/quiz1/data/gallery/frog/00436.png,frog,0.837893
/home/emily/MMIP/week5/quiz1/data/query/frog/00014.png,frog,5,/home/emily/MMIP/week5/quiz1/data/gallery/frog/00768.png,frog,0.836852
/home/emily/MMIP/week5/quiz1/data/query/frog/00015.png,frog,1,/home/emily/MMIP/week5/quiz1/data/gallery/frog/00356.png,frog,0.839777
/home/emily/MMIP/week5/quiz1/data/query/frog/00015.png,frog,2,/home/emily/MMIP/week5/quiz1/data/gallery/frog/00286.png,frog,0.834756
/home/emily/MMIP/week5/quiz1/data/query/frog/00015.png,frog,3,/home/emily/MMIP/week5/quiz1/data/gallery/frog/00103.png,frog,0.833923
/home/emily/MMIP/week5/quiz1/data/query/frog/00015.png,frog,4,/home/emily/MMIP/week5/quiz1/data/gallery/frog/00570.png,frog,0.830906
/home/emily/MMIP/week5/quiz1/data/query/frog/00015.png,frog,5,/home/emily/MMIP/week5/quiz1/data/gallery/frog/00114.png,frog,0.830028
/home/emily/MMIP/week5/quiz1/data/query/frog/00016.png,frog,1,/home/emily/MMIP/week5/quiz1/data/gallery/frog/00238.png,frog,0.853615
/home/emily/MMIP/week5/quiz1/data/query/frog/00016.png,frog,2,/home/emily/MMIP/week5/quiz1/data/gallery/frog/00562.png,frog,0.844441
/home/emily/MMIP/week5/quiz1/data/query/frog/00016.png,frog,3,/home/emily/MMIP/week5/quiz1/data/gallery/frog/00575.png,frog,0.843523
/home/emily/MMIP/week5/quiz1/data/query/frog/00016.png,frog,4,/home/emily/MMIP/week5/quiz1/data/gallery/frog/00279.png,frog,0.840182
/home/emily/MMIP/week5/quiz1/data/query/frog/00016.png,frog,5,/home/emily/MMIP/week5/quiz1/data/gallery/frog/00897.png,frog,0.839550
/home/emily/MMIP/week5/quiz1/data/query/frog/00017.png,frog,1,/home/emily/MMIP/week5/quiz1/data/gallery/frog/00197.png,frog,0.856362
/home/emily/MMIP/week5/quiz1/data/query/frog/00017.png,frog,2,/home/emily/MMIP/week5/quiz1/data/gallery/frog/00698.png,frog,0.853420
/home/emily/MMIP/week5/quiz1/data/query/frog/00017.png,frog,3,/home/emily/MMIP/week5/quiz1/data/gallery/frog/00910.png,frog,0.853094
/home/emily/MMIP/week5/quiz1/data/query/frog/00017.png,frog,4,/home/emily/MMIP/week5/quiz1/data/gallery/frog/00626.png,frog,0.852605
/home/emily/MMIP/week5/quiz1/data/query/frog/00017.png,frog,5,/home/emily/MMIP/week5/quiz1/data/gallery/frog/00172.png,frog,0.852514
/home/emily/MMIP/week5/quiz1/data/query/frog/00018.png,frog,1,/home/emily/MMIP/week5/quiz1/data/gallery/frog/00632.png,frog,0.864317
/home/emily/MMIP/week5/quiz1/data/query/frog/00018.png,frog,2,/home/emily/MMIP/week5/quiz1/data/gallery/frog/00404.png,frog,0.863989
/home/emily/MMIP/week5/quiz1/data/query/frog/00018.png,frog,3,/home/emily/MMIP/week5/quiz1/data/gallery/frog/00010.png,frog,0.859558
/home/emily/MMIP/week5/quiz1/data/query/frog/00018.png,frog,4,/home/emily/MMIP/week5/quiz1/data/gallery/frog/00337.png,frog,0.858205
/home/emily/MMIP/week5/quiz1/data/query/frog/00018.png,frog,5,/home/emily/MMIP/week5/quiz1/data/gallery/frog/00328.png,frog,0.857874
/home/emily/MMIP/week5/quiz1/data/query/frog/00019.png,frog,1,/home/emily/MMIP/week5/quiz1/data/gallery/frog/00953.png,frog,0.851431
/home/emily/MMIP/week5/quiz1/data/query/frog/00019.png,frog,2,/home/emily/MMIP/week5/quiz1/data/gallery/frog/00584.png,frog,0.838896
/home/emily/MMIP/week5/quiz1/data/query/frog/00019.png,frog,3,/home/emily/MMIP/week5/quiz1/data/gallery/frog/00512.png,frog,0.837816
/home/emily/MMIP/week5/quiz1/data/query/frog/00019.png,frog,4,/home/emily/MMIP/week5/quiz1/data/gallery/frog/00125.png,frog,0.837317
/home/emily/MMIP/week5/quiz1/data/query/frog/00019.png,frog,5,/home/emily/MMIP/week5/quiz1/data/gallery/frog/00674.png,frog,0.834428
/home/emily/MMIP/week5/quiz1/data/query/frog/00020.png,frog,1,/home/emily/MMIP/week5/quiz1/data/gallery/frog/00966.png,frog,0.867956
/home/emily/MMIP/week5/quiz1/data/query/frog/00020.png,frog,2,/home/emily/MMIP/week5/quiz1/data/gallery/frog/00002.png,frog,0.864548
/home/emily/MMIP/week5/quiz1/data/query/frog/00020.png,frog,3,/home/emily/MMIP/week5/quiz1/data/gallery/frog/00145.png,frog,0.861418
/home/emily/MMIP/week5/quiz1/data/query/frog/00020.png,frog,4,/home/emily/MMIP/week5/quiz1/data/gallery/frog/00928.png,frog,0.860892
/home/emily/MMIP/week5/quiz1/data/query/frog/00020.png,frog,5,/home/emily/MMIP/week5/quiz1/data/gallery/frog/00288.png,frog,0.859050
/home/emily/MMIP/week5/quiz1/data/query/frog/00021.png,frog,1,/home/emily/MMIP/week5/quiz1/data/gallery/frog/00749.png,frog,0.874388
/home/emily/MMIP/week5/quiz1/data/query/frog/00021.png,frog,2,/home/emily/MMIP/week5/quiz1/data/gallery/frog/00910.png,frog,0.865968
/home/emily/MMIP/week5/quiz1/data/query/frog/00021.png,frog,3,/home/emily/MMIP/week5/quiz1/data/gallery/frog/00467.png,frog,0.863002
/home/emily/MMIP/week5/quiz1/data/query/frog/00021.png,frog,4,/home/emily/MMIP/week5/quiz1/data/gallery/frog/00947.png,frog,0.859739
/home/emily/MMIP/week5/quiz1/data/query/frog/00021.png,frog,5,/home/emily/MMIP/week5/quiz1/data/gallery/frog/00450.png,frog,0.859471
/home/emily/MMIP/week5/quiz1/data/query/frog/00022.png,frog,1,/home/emily/MMIP/week5/quiz1/data/gallery/frog/00782.png,frog,0.864870
/home/emily/MMIP/week5/quiz1/data/query/frog/00022.png,frog,2,/home/emily/MMIP/week5/quiz1/data/gallery/frog/00407.png,frog,0.860751
/home/emily/MMIP/week5/quiz1/data/query/frog/00022.png,frog,3,/home/emily/MMIP/week5/quiz1/data/gallery/frog/00291.png,frog,0.860136
/home/emily/MMIP/week5/quiz1/data/query/frog/00022.png,frog,4,/home/emily/MMIP/week5/quiz1/data/gallery/frog/00273.png,frog,0.858073
/home/emily/MMIP/week5/quiz1/data/query/frog/00022.png,frog,5,/home/emily/MMIP/week5/quiz1/data/gallery/frog/00158.png,frog,0.856676
/home/emily/MMIP/week5/quiz1/data/query/frog/00023.png,frog,1,/home/emily/MMIP/week5/quiz1/data/gallery/bird/00401.png,bird,0.818565
/home/emily/MMIP/week5/quiz1/data/query/frog/00023.png,frog,2,/home/emily/MMIP/week5/quiz1/data/gallery/frog/00761.png,frog,0.816167
/home/emily/MMIP/week5/quiz1/data/query/frog/00023.png,frog,3,/home/emily/MMIP/week5/quiz1/data/gallery/frog/00506.png,frog,0.815975
/home/emily/MMIP/week5/quiz1/data/query/frog/00023.png,frog,4,/home/emily/MMIP/week5/quiz1/data/gallery/frog/00917.png,frog,0.815624
/home/emily/MMIP/week5/quiz1/data/query/frog/00023.png,frog,5,/home/emily/MMIP/week5/quiz1/data/gallery/frog/00472.png,frog,0.814706
/home/emily/MMIP/week5/quiz1/data/query/frog/00024.png,frog,1,/home/emily/MMIP/week5/quiz1/data/gallery/frog/00808.png,frog,0.883209
/home/emily/MMIP/week5/quiz1/data/query/frog/00024.png,frog,2,/home/emily/MMIP/week5/quiz1/data/gallery/frog/00407.png,frog,0.878359
/home/emily/MMIP/week5/quiz1/data/query/frog/00024.png,frog,3,/home/emily/MMIP/week5/quiz1/data/gallery/frog/00223.png,frog,0.877464
/home/emily/MMIP/week5/quiz1/data/query/frog/00024.png,frog,4,/home/emily/MMIP/week5/quiz1/data/gallery/frog/00986.png,frog,0.875993
/home/emily/MMIP/week5/quiz1/data/query/frog/00024.png,frog,5,/home/emily/MMIP/week5/quiz1/data/gallery/frog/00463.png,frog,0.873064
/home/emily/MMIP/week5/quiz1/data/query/frog/00025.png,frog,1,/home/emily/MMIP/week5/quiz1/data/gallery/frog/00253.png,frog,0.823080
/home/emily/MMIP/week5/quiz1/data/query/frog/00025.png,frog,2,/home/emily/MMIP/week5/quiz1/data/gallery/frog/00879.png,frog,0.822509
/home/emily/MMIP/week5/quiz1/data/query/frog/00025.png,frog,3,/home/emily/MMIP/week5/quiz1/data/gallery/frog/00733.png,frog,0.817692
/home/emily/MMIP/week5/quiz1/data/query/frog/00025.png,frog,4,/home/emily/MMIP/week5/quiz1/data/gallery/frog/00432.png,frog,0.816472
/home/emily/MMIP/week5/quiz1/data/query/frog/00025.png,frog,5,/home/emily/MMIP/week5/quiz1/data/gallery/frog/00429.png,frog,0.816332
/home/emily/MMIP/week5/quiz1/data/query/frog/00026.png,frog,1,/home/emily/MMIP/week5/quiz1/data/gallery/frog/00585.png,frog,0.840380
/home/emily/MMIP/week5/quiz1/data/query/frog/00026.png,frog,2,/home/emily/MMIP/week5/quiz1/data/gallery/cat/00035.png,cat,0.836690
/home/emily/MMIP/week5/quiz1/data/query/frog/00026.png,frog,3,/home/emily/MMIP/week5/quiz1/data/gallery/frog/00873.png,frog,0.826757
/home/emily/MMIP/week5/quiz1/data/query/frog/00026.png,frog,4,/home/emily/MMIP/week5/quiz1/data/gallery/frog/00761.png,frog,0.818579
/home/emily/MMIP/week5/quiz1/data/query/frog/00026.png,frog,5,/home/emily/MMIP/week5/quiz1/data/gallery/frog/00194.png,frog,0.817837
/home/emily/MMIP/week5/quiz1/data/query/frog/00027.png,frog,1,/home/emily/MMIP/week5/quiz1/data/gallery/airplane/00925.png,airplane,0.809880
/home/emily/MMIP/week5/quiz1/data/query/frog/00027.png,frog,2,/home/emily/MMIP/week5/quiz1/data/gallery/frog/00969.png,frog,0.807115
/home/emily/MMIP/week5/quiz1/data/query/frog/00027.png,frog,3,/home/emily/MMIP/week5/quiz1/data/gallery/frog/00511.png,frog,0.804864
/home/emily/MMIP/week5/quiz1/data/query/frog/00027.png,frog,4,/home/emily/MMIP/week5/quiz1/data/gallery/frog/00975.png,frog,0.801978
/home/emily/MMIP/week5/quiz1/data/query/frog/00027.png,frog,5,/home/emily/MMIP/week5/quiz1/data/gallery/frog/00422.png,frog,0.800219
/home/emily/MMIP/week5/quiz1/data/query/frog/00028.png,frog,1,/home/emily/MMIP/week5/quiz1/data/gallery/frog/00110.png,frog,0.850732
/home/emily/MMIP/week5/quiz1/data/query/frog/00028.png,frog,2,/home/emily/MMIP/week5/quiz1/data/gallery/frog/00660.png,frog,0.849921
/home/emily/MMIP/week5/quiz1/data/query/frog/00028.png,frog,3,/home/emily/MMIP/week5/quiz1/data/gallery/frog/00765.png,frog,0.842430
/home/emily/MMIP/week5/quiz1/data/query/frog/00028.png,frog,4,/home/emily/MMIP/week5/quiz1/data/gallery/frog/00518.png,frog,0.842142
/home/emily/MMIP/week5/quiz1/data/query/frog/00028.png,frog,5,/home/emily/MMIP/week5/quiz1/data/gallery/frog/00593.png,frog,0.841778
/home/emily/MMIP/week5/quiz1/data/query/frog/00029.png,frog,1,/home/emily/MMIP/week5/quiz1/data/gallery/frog/00349.png,frog,0.866001
/home/emily/MMIP/week5/quiz1/data/query/frog/00029.png,frog,2,/home/emily/MMIP/week5/quiz1/data/gallery/frog/00053.png,frog,0.865048
/home/emily/MMIP/week5/quiz1/data/query/frog/00029.png,frog,3,/home/emily/MMIP/week5/quiz1/data/gallery/frog/00392.png,frog,0.861838
/home/emily/MMIP/week5/quiz1/data/query/frog/00029.png,frog,4,/home/emily/MMIP/week5/quiz1/data/gallery/frog/00451.png,frog,0.859329
/home/emily/MMIP/week5/quiz1/data/query/frog/00029.png,frog,5,/home/emily/MMIP/week5/quiz1/data/gallery/frog/00278.png,frog,0.856484
/home/emily/MMIP/week5/quiz1/data/query/frog/00030.png,frog,1,/home/emily/MMIP/week5/quiz1/data/gallery/frog/00265.png,frog,0.888730
/home/emily/MMIP/week5/quiz1/data/query/frog/00030.png,frog,2,/home/emily/MMIP/week5/quiz1/data/gallery/frog/00955.png,frog,0.886105
/home/emily/MMIP/week5/quiz1/data/query/frog/00030.png,frog,3,/home/emily/MMIP/week5/quiz1/data/gallery/frog/00380.png,frog,0.885905
/home/emily/MMIP/week5/quiz1/data/query/frog/00030.png,frog,4,/home/emily/MMIP/week5/quiz1/data/gallery/frog/00915.png,frog,0.881371
/home/emily/MMIP/week5/quiz1/data/query/frog/00030.png,frog,5,/home/emily/MMIP/week5/quiz1/data/gallery/frog/00029.png,frog,0.881077
/home/emily/MMIP/week5/quiz1/data/query/frog/00031.png,frog,1,/home/emily/MMIP/week5/quiz1/data/gallery/frog/00338.png,frog,0.827583
/home/emily/MMIP/week5/quiz1/data/query/frog/00031.png,frog,2,/home/emily/MMIP/week5/quiz1/data/gallery/frog/00202.png,frog,0.822329
/home/emily/MMIP/week5/quiz1/data/query/frog/00031.png,frog,3,/home/emily/MMIP/week5/quiz1/data/gallery/frog/00811.png,frog,0.818650
/home/emily/MMIP/week5/quiz1/data/query/frog/00031.png,frog,4,/home/emily/MMIP/week5/quiz1/data/gallery/frog/00423.png,frog,0.813023
/home/emily/MMIP/week5/quiz1/data/query/frog/00031.png,frog,5,/home/emily/MMIP/week5/quiz1/data/gallery/frog/00302.png,frog,0.812479
/home/emily/MMIP/week5/quiz1/data/query/frog/00032.png,frog,1,/home/emily/MMIP/week5/quiz1/data/gallery/frog/00915.png,frog,0.896262
/home/emily/MMIP/week5/quiz1/data/query/frog/00032.png,frog,2,/home/emily/MMIP/week5/quiz1/data/gallery/frog/00885.png,frog,0.895645
/home/emily/MMIP/week5/quiz1/data/query/frog/00032.png,frog,3,/home/emily/MMIP/week5/quiz1/data/gallery/frog/00404.png,frog,0.890198
/home/emily/MMIP/week5/quiz1/data/query/frog/00032.png,frog,4,/home/emily/MMIP/week5/quiz1/data/gallery/frog/00949.png,frog,0.889562
/home/emily/MMIP/week5/quiz1/data/query/frog/00032.png,frog,5,/home/emily/MMIP/week5/quiz1/data/gallery/frog/00133.png,frog,0.889218
/home/emily/MMIP/week5/quiz1/data/query/frog/00033.png,frog,1,/home/emily/MMIP/week5/quiz1/data/gallery/frog/00514.png,frog,0.893006
/home/emily/MMIP/week5/quiz1/data/query/frog/00033.png,frog,2,/home/emily/MMIP/week5/quiz1/data/gallery/frog/00392.png,frog,0.888957
/home/emily/MMIP/week5/quiz1/data/query/frog/00033.png,frog,3,/home/emily/MMIP/week5/quiz1/data/gallery/frog/00956.png,frog,0.887500
/home/emily/MMIP/week5/quiz1/data/query/frog/00033.png,frog,4,/home/emily/MMIP/week5/quiz1/data/gallery/frog/00062.png,frog,0.885613
/home/emily/MMIP/week5/quiz1/data/query/frog/00033.png,frog,5,/home/emily/MMIP/week5/quiz1/data/gallery/frog/00803.png,frog,0.884327
/home/emily/MMIP/week5/quiz1/data/query/frog/00034.png,frog,1,/home/emily/MMIP/week5/quiz1/data/gallery/frog/00966.png,frog,0.893042
/home/emily/MMIP/week5/quiz1/data/query/frog/00034.png,frog,2,/home/emily/MMIP/week5/quiz1/data/gallery/frog/00247.png,frog,0.887775
/home/emily/MMIP/week5/quiz1/data/query/frog/00034.png,frog,3,/home/emily/MMIP/week5/quiz1/data/gallery/frog/00334.png,frog,0.882889
/home/emily/MMIP/week5/quiz1/data/query/frog/00034.png,frog,4,/home/emily/MMIP/week5/quiz1/data/gallery/frog/00802.png,frog,0.880956
/home/emily/MMIP/week5/quiz1/data/query/frog/00034.png,frog,5,/home/emily/MMIP/week5/quiz1/data/gallery/frog/00150.png,frog,0.877118
/home/emily/MMIP/week5/quiz1/data/query/frog/00035.png,frog,1,/home/emily/MMIP/week5/quiz1/data/gallery/frog/00559.png,frog,0.865465
/home/emily/MMIP/week5/quiz1/data/query/frog/00035.png,frog,2,/home/emily/MMIP/week5/quiz1/data/gallery/frog/00780.png,frog,0.865102
/home/emily/MMIP/week5/quiz1/data/query/frog/00035.png,frog,3,/home/emily/MMIP/week5/quiz1/data/gallery/frog/00330.png,frog,0.860048
/home/emily/MMIP/week5/quiz1/data/query/frog/00035.png,frog,4,/home/emily/MMIP/week5/quiz1/data/gallery/frog/00298.png,frog,0.859414
/home/emily/MMIP/week5/quiz1/data/query/frog/00035.png,frog,5,/home/emily/MMIP/week5/quiz1/data/gallery/frog/00126.png,frog,0.859349
/home/emily/MMIP/week5/quiz1/data/query/frog/00036.png,frog,1,/home/emily/MMIP/week5/quiz1/data/gallery/frog/00029.png,frog,0.867115
/home/emily/MMIP/week5/quiz1/data/query/frog/00036.png,frog,2,/home/emily/MMIP/week5/quiz1/data/gallery/frog/00659.png,frog,0.863739
/home/emily/MMIP/week5/quiz1/data/query/frog/00036.png,frog,3,/home/emily/MMIP/week5/quiz1/data/gallery/frog/00365.png,frog,0.863159
/home/emily/MMIP/week5/quiz1/data/query/frog/00036.png,frog,4,/home/emily/MMIP/week5/quiz1/data/gallery/frog/00986.png,frog,0.860278
/home/emily/MMIP/week5/quiz1/data/query/frog/00036.png,frog,5,/home/emily/MMIP/week5/quiz1/data/gallery/frog/00247.png,frog,0.858511
/home/emily/MMIP/week5/quiz1/data/query/frog/00037.png,frog,1,/home/emily/MMIP/week5/quiz1/data/gallery/deer/00350.png,deer,0.831333
/home/emily/MMIP/week5/quiz1/data/query/frog/00037.png,frog,2,/home/emily/MMIP/week5/quiz1/data/gallery/deer/00039.png,deer,0.827945
/home/emily/MMIP/week5/quiz1/data/query/frog/00037.png,frog,3,/home/emily/MMIP/week5/quiz1/data/gallery/deer/00072.png,deer,0.826930
/home/emily/MMIP/week5/quiz1/data/query/frog/00037.png,frog,4,/home/emily/MMIP/week5/quiz1/data/gallery/deer/00907.png,deer,0.825604
/home/emily/MMIP/week5/quiz1/data/query/frog/00037.png,frog,5,/home/emily/MMIP/week5/quiz1/data/gallery/deer/00166.png,deer,0.821746
/home/emily/MMIP/week5/quiz1/data/query/frog/00038.png,frog,1,/home/emily/MMIP/week5/quiz1/data/gallery/frog/00915.png,frog,0.905448
/home/emily/MMIP/week5/quiz1/data/query/frog/00038.png,frog,2,/home/emily/MMIP/week5/quiz1/data/gallery/frog/00996.png,frog,0.905335
/home/emily/MMIP/week5/quiz1/data/query/frog/00038.png,frog,3,/home/emily/MMIP/week5/quiz1/data/gallery/frog/00328.png,frog,0.905156
/home/emily/MMIP/week5/quiz1/data/query/frog/00038.png,frog,4,/home/emily/MMIP/week5/quiz1/data/gallery/frog/00325.png,frog,0.902983
/home/emily/MMIP/week5/quiz1/data/query/frog/00038.png,frog,5,/home/emily/MMIP/week5/quiz1/data/gallery/frog/00956.png,frog,0.901921
/home/emily/MMIP/week5/quiz1/data/query/frog/00039.png,frog,1,/home/emily/MMIP/week5/quiz1/data/gallery/frog/00108.png,frog,0.900128
/home/emily/MMIP/week5/quiz1/data/query/frog/00039.png,frog,2,/home/emily/MMIP/week5/quiz1/data/gallery/frog/00222.png,frog,0.896166
/home/emily/MMIP/week5/quiz1/data/query/frog/00039.png,frog,3,/home/emily/MMIP/week5/quiz1/data/gallery/frog/00849.png,frog,0.887306
/home/emily/MMIP/week5/quiz1/data/query/frog/00039.png,frog,4,/home/emily/MMIP/week5/quiz1/data/gallery/frog/00780.png,frog,0.886980
/home/emily/MMIP/week5/quiz1/data/query/frog/00039.png,frog,5,/home/emily/MMIP/week5/quiz1/data/gallery/frog/00559.png,frog,0.886250
/home/emily/MMIP/week5/quiz1/data/query/frog/00040.png,frog,1,/home/emily/MMIP/week5/quiz1/data/gallery/frog/00803.png,frog,0.880513
/home/emily/MMIP/week5/quiz1/data/query/frog/00040.png,frog,2,/home/emily/MMIP/week5/quiz1/data/gallery/frog/00885.png,frog,0.864222
/home/emily/MMIP/week5/quiz1/data/query/frog/00040.png,frog,3,/home/emily/MMIP/week5/quiz1/data/gallery/frog/00780.png,frog,0.864189
/home/emily/MMIP/week5/quiz1/data/query/frog/00040.png,frog,4,/home/emily/MMIP/week5/quiz1/data/gallery/frog/00689.png,frog,0.863771
/home/emily/MMIP/week5/quiz1/data/query/frog/00040.png,frog,5,/home/emily/MMIP/week5/quiz1/data/gallery/frog/00306.png,frog,0.860553
/home/emily/MMIP/week5/quiz1/data/query/frog/00041.png,frog,1,/home/emily/MMIP/week5/quiz1/data/gallery/frog/00995.png,frog,0.896154
/home/emily/MMIP/week5/quiz1/data/query/frog/00041.png,frog,2,/home/emily/MMIP/week5/quiz1/data/gallery/frog/00089.png,frog,0.885211
/home/emily/MMIP/week5/quiz1/data/query/frog/00041.png,frog,3,/home/emily/MMIP/week5/quiz1/data/gallery/frog/00607.png,frog,0.874023
/home/emily/MMIP/week5/quiz1/data/query/frog/00041.png,frog,4,/home/emily/MMIP/week5/quiz1/data/gallery/frog/00392.png,frog,0.872859
/home/emily/MMIP/week5/quiz1/data/query/frog/00041.png,frog,5,/home/emily/MMIP/week5/quiz1/data/gallery/frog/00222.png,frog,0.872843
/home/emily/MMIP/week5/quiz1/data/query/frog/00042.png,frog,1,/home/emily/MMIP/week5/quiz1/data/gallery/frog/00010.png,frog,0.904849
/home/emily/MMIP/week5/quiz1/data/query/frog/00042.png,frog,2,/home/emily/MMIP/week5/quiz1/data/gallery/frog/00495.png,frog,0.903337
/home/emily/MMIP/week5/quiz1/data/query/frog/00042.png,frog,3,/home/emily/MMIP/week5/quiz1/data/gallery/frog/00802.png,frog,0.901103
/home/emily/MMIP/week5/quiz1/data/query/frog/00042.png,frog,4,/home/emily/MMIP/week5/quiz1/data/gallery/frog/00996.png,frog,0.900063
/home/emily/MMIP/week5/quiz1/data/query/frog/00042.png,frog,5,/home/emily/MMIP/week5/quiz1/data/gallery/frog/00611.png,frog,0.899885
/home/emily/MMIP/week5/quiz1/data/query/frog/00043.png,frog,1,/home/emily/MMIP/week5/quiz1/data/gallery/frog/00865.png,frog,0.898134
/home/emily/MMIP/week5/quiz1/data/query/frog/00043.png,frog,2,/home/emily/MMIP/week5/quiz1/data/gallery/frog/00789.png,frog,0.893001
/home/emily/MMIP/week5/quiz1/data/query/frog/00043.png,frog,3,/home/emily/MMIP/week5/quiz1/data/gallery/frog/00404.png,frog,0.890881
/home/emily/MMIP/week5/quiz1/data/query/frog/00043.png,frog,4,/home/emily/MMIP/week5/quiz1/data/gallery/frog/00802.png,frog,0.881028
/home/emily/MMIP/week5/quiz1/data/query/frog/00043.png,frog,5,/home/emily/MMIP/week5/quiz1/data/gallery/frog/00849.png,frog,0.880194
/home/emily/MMIP/week5/quiz1/data/query/frog/00044.png,frog,1,/home/emily/MMIP/week5/quiz1/data/gallery/frog/00729.png,frog,0.919053
/home/emily/MMIP/week5/quiz1/data/query/frog/00044.png,frog,2,/home/emily/MMIP/week5/quiz1/data/gallery/frog/00450.png,frog,0.914147
/home/emily/MMIP/week5/quiz1/data/query/frog/00044.png,frog,3,/home/emily/MMIP/week5/quiz1/data/gallery/frog/00915.png,frog,0.895477
/home/emily/MMIP/week5/quiz1/data/query/frog/00044.png,frog,4,/home/emily/MMIP/week5/quiz1/data/gallery/frog/00407.png,frog,0.893984
/home/emily/MMIP/week5/quiz1/data/query/frog/00044.png,frog,5,/home/emily/MMIP/week5/quiz1/data/gallery/frog/00222.png,frog,0.891716
/home/emily/MMIP/week5/quiz1/data/query/frog/00045.png,frog,1,/home/emily/MMIP/week5/quiz1/data/gallery/frog/00062.png,frog,0.894829
/home/emily/MMIP/week5/quiz1/data/query/frog/00045.png,frog,2,/home/emily/MMIP/week5/quiz1/data/gallery/frog/00797.png,frog,0.885715
/home/emily/MMIP/week5/quiz1/data/query/frog/00045.png,frog,3,/home/emily/MMIP/week5/quiz1/data/gallery/frog/00222.png,frog,0.880673
/home/emily/MMIP/week5/quiz1/data/query/frog/00045.png,frog,4,/home/emily/MMIP/week5/quiz1/data/gallery/frog/00325.png,frog,0.879851
/home/emily/MMIP/week5/quiz1/data/query/frog/00045.png,frog,5,/home/emily/MMIP/week5/quiz1/data/gallery/frog/00108.png,frog,0.878309
/home/emily/MMIP/week5/quiz1/data/query/frog/00046.png,frog,1,/home/emily/MMIP/week5/quiz1/data/gallery/frog/00780.png,frog,0.871227
/home/emily/MMIP/week5/quiz1/data/query/frog/00046.png,frog,2,/home/emily/MMIP/week5/quiz1/data/gallery/frog/00335.png,frog,0.870585
/home/emily/MMIP/week5/quiz1/data/query/frog/00046.png,frog,3,/home/emily/MMIP/week5/quiz1/data/gallery/frog/00443.png,frog,0.866781
/home/emily/MMIP/week5/quiz1/data/query/frog/00046.png,frog,4,/home/emily/MMIP/week5/quiz1/data/gallery/frog/00175.png,frog,0.866718
/home/emily/MMIP/week5/quiz1/data/query/frog/00046.png,frog,5,/home/emily/MMIP/week5/quiz1/data/gallery/frog/00607.png,frog,0.863833
/home/emily/MMIP/week5/quiz1/data/query/frog/00047.png,frog,1,/home/emily/MMIP/week5/quiz1/data/gallery/frog/00241.png,frog,0.848169
/home/emily/MMIP/week5/quiz1/data/query/frog/00047.png,frog,2,/home/emily/MMIP/week5/quiz1/data/gallery/frog/00598.png,frog,0.837771
/home/emily/MMIP/week5/quiz1/data/query/frog/00047.png,frog,3,/home/emily/MMIP/week5/quiz1/data/gallery/bird/00773.png,bird,0.830642
/home/emily/MMIP/week5/quiz1/data/query/frog/00047.png,frog,4,/home/emily/MMIP/week5/quiz1/data/gallery/frog/00687.png,frog,0.829985
/home/emily/MMIP/week5/quiz1/data/query/frog/00047.png,frog,5,/home/emily/MMIP/week5/quiz1/data/gallery/frog/00430.png,frog,0.829449
/home/emily/MMIP/week5/quiz1/data/query/frog/00048.png,frog,1,/home/emily/MMIP/week5/quiz1/data/gallery/frog/00365.png,frog,0.874057
/home/emily/MMIP/week5/quiz1/data/query/frog/00048.png,frog,2,/home/emily/MMIP/week5/quiz1/data/gallery/frog/00484.png,frog,0.872617
/home/emily/MMIP/week5/quiz1/data/query/frog/00048.png,frog,3,/home/emily/MMIP/week5/quiz1/data/gallery/frog/00273.png,frog,0.863668
/home/emily/MMIP/week5/quiz1/data/query/frog/00048.png,frog,4,/home/emily/MMIP/week5/quiz1/data/gallery/frog/00863.png,frog,0.863591
/home/emily/MMIP/week5/quiz1/data/query/frog/00048.png,frog,5,/home/emily/MMIP/week5/quiz1/data/gallery/frog/00089.png,frog,0.862025
/home/emily/MMIP/week5/quiz1/data/query/frog/00049.png,frog,1,/home/emily/MMIP/week5/quiz1/data/gallery/frog/00069.png,frog,0.824958
/home/emily/MMIP/week5/quiz1/data/query/frog/00049.png,frog,2,/home/emily/MMIP/week5/quiz1/data/gallery/frog/00981.png,frog,0.823456
/home/emily/MMIP/week5/quiz1/data/query/frog/00049.png,frog,3,/home/emily/MMIP/week5/quiz1/data/gallery/frog/00422.png,frog,0.810606
/home/emily/MMIP/week5/quiz1/data/query/frog/00049.png,frog,4,/home/emily/MMIP/week5/quiz1/data/gallery/frog/00765.png,frog,0.808659
/home/emily/MMIP/week5/quiz1/data/query/frog/00049.png,frog,5,/home/emily/MMIP/week5/quiz1/data/gallery/bird/00401.png,bird,0.808191
/home/emily/MMIP/week5/quiz1/data/query/frog/00050.png,frog,1,/home/emily/MMIP/week5/quiz1/data/gallery/frog/00877.png,frog,0.845153
/home/emily/MMIP/week5/quiz1/data/query/frog/00050.png,frog,2,/home/emily/MMIP/week5/quiz1/data/gallery/frog/00352.png,frog,0.826518
/home/emily/MMIP/week5/quiz1/data/query/frog/00050.png,frog,3,/home/emily/MMIP/week5/quiz1/data/gallery/frog/00412.png,frog,0.825491
/home/emily/MMIP/week5/quiz1/data/query/frog/00050.png,frog,4,/home/emily/MMIP/week5/quiz1/data/gallery/deer/00321.png,deer,0.823309
/home/emily/MMIP/week5/quiz1/data/query/frog/00050.png,frog,5,/home/emily/MMIP/week5/quiz1/data/gallery/frog/00862.png,frog,0.822601
/home/emily/MMIP/week5/quiz1/data/query/frog/00051.png,frog,1,/home/emily/MMIP/week5/quiz1/data/gallery/frog/00116.png,frog,0.855201
/home/emily/MMIP/week5/quiz1/data/query/frog/00051.png,frog,2,/home/emily/MMIP/week5/quiz1/data/gallery/frog/00745.png,frog,0.854335
/home/emily/MMIP/week5/quiz1/data/query/frog/00051.png,frog,3,/home/emily/MMIP/week5/quiz1/data/gallery/frog/00570.png,frog,0.850575
/home/emily/MMIP/week5/quiz1/data/query/frog/00051.png,frog,4,/home/emily/MMIP/week5/quiz1/data/gallery/frog/00749.png,frog,0.849847
/home/emily/MMIP/week5/quiz1/data/query/frog/00051.png,frog,5,/home/emily/MMIP/week5/quiz1/data/gallery/frog/00660.png,frog,0.849615
/home/emily/MMIP/week5/quiz1/data/query/frog/00052.png,frog,1,/home/emily/MMIP/week5/quiz1/data/gallery/frog/00936.png,frog,0.844033
/home/emily/MMIP/week5/quiz1/data/query/frog/00052.png,frog,2,/home/emily/MMIP/week5/quiz1/data/gallery/frog/00953.png,frog,0.826277
/home/emily/MMIP/week5/quiz1/data/query/frog/00052.png,frog,3,/home/emily/MMIP/week5/quiz1/data/gallery/frog/00355.png,frog,0.826069
/home/emily/MMIP/week5/quiz1/data/query/frog/00052.png,frog,4,/home/emily/MMIP/week5/quiz1/data/gallery/frog/00080.png,frog,0.826045
/home/emily/MMIP/week5/quiz1/data/query/frog/00052.png,frog,5,/home/emily/MMIP/week5/quiz1/data/gallery/deer/00400.png,deer,0.825596
/home/emily/MMIP/week5/quiz1/data/query/frog/00053.png,frog,1,/home/emily/MMIP/week5/quiz1/data/gallery/frog/00116.png,frog,0.863649
/home/emily/MMIP/week5/quiz1/data/query/frog/00053.png,frog,2,/home/emily/MMIP/week5/quiz1/data/gallery/frog/00307.png,frog,0.861811
/home/emily/MMIP/week5/quiz1/data/query/frog/00053.png,frog,3,/home/emily/MMIP/week5/quiz1/data/gallery/frog/00062.png,frog,0.858369
/home/emily/MMIP/week5/quiz1/data/query/frog/00053.png,frog,4,/home/emily/MMIP/week5/quiz1/data/gallery/frog/00381.png,frog,0.856974
/home/emily/MMIP/week5/quiz1/data/query/frog/00053.png,frog,5,/home/emily/MMIP/week5/quiz1/data/gallery/frog/00660.png,frog,0.856798
/home/emily/MMIP/week5/quiz1/data/query/frog/00054.png,frog,1,/home/emily/MMIP/week5/quiz1/data/gallery/frog/00526.png,frog,0.832567
/home/emily/MMIP/week5/quiz1/data/query/frog/00054.png,frog,2,/home/emily/MMIP/week5/quiz1/data/gallery/cat/00014.png,cat,0.832350
/home/emily/MMIP/week5/quiz1/data/query/frog/00054.png,frog,3,/home/emily/MMIP/week5/quiz1/data/gallery/frog/00363.png,frog,0.827188
/home/emily/MMIP/week5/quiz1/data/query/frog/00054.png,frog,4,/home/emily/MMIP/week5/quiz1/data/gallery/frog/00413.png,frog,0.826218
/home/emily/MMIP/week5/quiz1/data/query/frog/00054.png,frog,5,/home/emily/MMIP/week5/quiz1/data/gallery/frog/00462.png,frog,0.825829
/home/emily/MMIP/week5/quiz1/data/query/frog/00055.png,frog,1,/home/emily/MMIP/week5/quiz1/data/gallery/frog/00903.png,frog,0.894644
/home/emily/MMIP/week5/quiz1/data/query/frog/00055.png,frog,2,/home/emily/MMIP/week5/quiz1/data/gallery/frog/00009.png,frog,0.892305
/home/emily/MMIP/week5/quiz1/data/query/frog/00055.png,frog,3,/home/emily/MMIP/week5/quiz1/data/gallery/frog/00632.png,frog,0.887265
/home/emily/MMIP/week5/quiz1/data/query/frog/00055.png,frog,4,/home/emily/MMIP/week5/quiz1/data/gallery/frog/00330.png,frog,0.884657
/home/emily/MMIP/week5/quiz1/data/query/frog/00055.png,frog,5,/home/emily/MMIP/week5/quiz1/data/gallery/frog/00802.png,frog,0.884050
/home/emily/MMIP/week5/quiz1/data/query/frog/00056.png,frog,1,/home/emily/MMIP/week5/quiz1/data/gallery/frog/00885.png,frog,0.904372
/home/emily/MMIP/week5/quiz1/data/query/frog/00056.png,frog,2,/home/emily/MMIP/week5/quiz1/data/gallery/frog/00392.png,frog,0.892795
/home/emily/MMIP/week5/quiz1/data/query/frog/00056.png,frog,3,/home/emily/MMIP/week5/quiz1/data/gallery/frog/00789.png,frog,0.888069
/home/emily/MMIP/week5/quiz1/data/query/frog/00056.png,frog,4,/home/emily/MMIP/week5/quiz1/data/gallery/frog/00222.png,frog,0.887980
/home/emily/MMIP/week5/quiz1/data/query/frog/00056.png,frog,5,/home/emily/MMIP/week5/quiz1/data/gallery/frog/00325.png,frog,0.884131
/home/emily/MMIP/week5/quiz1/data/query/frog/00057.png,frog,1,/home/emily/MMIP/week5/quiz1/data/gallery/frog/00450.png,frog,0.866898
/home/emily/MMIP/week5/quiz1/data/query/frog/00057.png,frog,2,/home/emily/MMIP/week5/quiz1/data/gallery/frog/00300.png,frog,0.863267
/home/emily/MMIP/week5/quiz1/data/query/frog/00057.png,frog,3,/home/emily/MMIP/week5/quiz1/data/gallery/frog/00885.png,frog,0.861823
/home/emily/MMIP/week5/quiz1/data/query/frog/00057.png,frog,4,/home/emily/MMIP/week5/quiz1/data/gallery/frog/00029.png,frog,0.861701
/home/emily/MMIP/week5/quiz1/data/query/frog/00057.png,frog,5,/home/emily/MMIP/week5/quiz1/data/gallery/frog/00379.png,frog,0.856559
/home/emily/MMIP/week5/quiz1/data/query/frog/00058.png,frog,1,/home/emily/MMIP/week5/quiz1/data/gallery/frog/00634.png,frog,0.838202
/home/emily/MMIP/week5/quiz1/data/query/frog/00058.png,frog,2,/home/emily/MMIP/week5/quiz1/data/gallery/frog/00786.png,frog,0.838094
/home/emily/MMIP/week5/quiz1/data/query/frog/00058.png,frog,3,/home/emily/MMIP/week5/quiz1/data/gallery/frog/00850.png,frog,0.836065
/home/emily/MMIP/week5/quiz1/data/query/frog/00058.png,frog,4,/home/emily/MMIP/week5/quiz1/data/gallery/frog/00563.png,frog,0.833543
/home/emily/MMIP/week5/quiz1/data/query/frog/00058.png,frog,5,/home/emily/MMIP/week5/quiz1/data/gallery/frog/00289.png,frog,0.833247
/home/emily/MMIP/week5/quiz1/data/query/frog/00059.png,frog,1,/home/emily/MMIP/week5/quiz1/data/gallery/frog/00495.png,frog,0.914172
/home/emily/MMIP/week5/quiz1/data/query/frog/00059.png,frog,2,/home/emily/MMIP/week5/quiz1/data/gallery/frog/00450.png,frog,0.895400
/home/emily/MMIP/week5/quiz1/data/query/frog/00059.png,frog,3,/home/emily/MMIP/week5/quiz1/data/gallery/frog/00325.png,frog,0.888830
/home/emily/MMIP/week5/quiz1/data/query/frog/00059.png,frog,4,/home/emily/MMIP/week5/quiz1/data/gallery/frog/00696.png,frog,0.887543
/home/emily/MMIP/week5/quiz1/data/query/frog/00059.png,frog,5,/home/emily/MMIP/week5/quiz1/data/gallery/frog/00451.png,frog,0.884960
/home/emily/MMIP/week5/quiz1/data/query/frog/00060.png,frog,1,/home/emily/MMIP/week5/quiz1/data/gallery/frog/00667.png,frog,0.904438
/home/emily/MMIP/week5/quiz1/data/query/frog/00060.png,frog,2,/home/emily/MMIP/week5/quiz1/data/gallery/frog/00325.png,frog,0.893777
/home/emily/MMIP/week5/quiz1/data/query/frog/00060.png,frog,3,/home/emily/MMIP/week5/quiz1/data/gallery/frog/00407.png,frog,0.891000
/home/emily/MMIP/week5/quiz1/data/query/frog/00060.png,frog,4,/home/emily/MMIP/week5/quiz1/data/gallery/frog/00696.png,frog,0.889000
/home/emily/MMIP/week5/quiz1/data/query/frog/00060.png,frog,5,/home/emily/MMIP/week5/quiz1/data/gallery/frog/00156.png,frog,0.888911
/home/emily/MMIP/week5/quiz1/data/query/frog/00061.png,frog,1,/home/emily/MMIP/week5/quiz1/data/gallery/frog/00213.png,frog,0.859472
/home/emily/MMIP/week5/quiz1/data/query/frog/00061.png,frog,2,/home/emily/MMIP/week5/quiz1/data/gallery/frog/00186.png,frog,0.855703
/home/emily/MMIP/week5/quiz1/data/query/frog/00061.png,frog,3,/home/emily/MMIP/week5/quiz1/data/gallery/frog/00592.png,frog,0.852189
/home/emily/MMIP/week5/quiz1/data/query/frog/00061.png,frog,4,/home/emily/MMIP/week5/quiz1/data/gallery/frog/00409.png,frog,0.849059
/home/emily/MMIP/week5/quiz1/data/query/frog/00061.png,frog,5,/home/emily/MMIP/week5/quiz1/data/gallery/frog/00986.png,frog,0.847817
/home/emily/MMIP/week5/quiz1/data/query/frog/00062.png,frog,1,/home/emily/MMIP/week5/quiz1/data/gallery/frog/00611.png,frog,0.852868
/home/emily/MMIP/week5/quiz1/data/query/frog/00062.png,frog,2,/home/emily/MMIP/week5/quiz1/data/gallery/frog/00389.png,frog,0.844219
/home/emily/MMIP/week5/quiz1/data/query/frog/00062.png,frog,3,/home/emily/MMIP/week5/quiz1/data/gallery/frog/00595.png,frog,0.843472
/home/emily/MMIP/week5/quiz1/data/query/frog/00062.png,frog,4,/home/emily/MMIP/week5/quiz1/data/gallery/frog/00055.png,frog,0.841825
/home/emily/MMIP/week5/quiz1/data/query/frog/00062.png,frog,5,/home/emily/MMIP/week5/quiz1/data/gallery/frog/00131.png,frog,0.834799
/home/emily/MMIP/week5/quiz1/data/query/frog/00063.png,frog,1,/home/emily/MMIP/week5/quiz1/data/gallery/frog/00664.png,frog,0.865939
/home/emily/MMIP/week5/quiz1/data/query/frog/00063.png,frog,2,/home/emily/MMIP/week5/quiz1/data/gallery/frog/00966.png,frog,0.863854
/home/emily/MMIP/week5/quiz1/data/query/frog/00063.png,frog,3,/home/emily/MMIP/week5/quiz1/data/gallery/frog/00842.png,frog,0.863527
/home/emily/MMIP/week5/quiz1/data/query/frog/00063.png,frog,4,/home/emily/MMIP/week5/quiz1/data/gallery/frog/00430.png,frog,0.862996
/home/emily/MMIP/week5/quiz1/data/query/frog/00063.png,frog,5,/home/emily/MMIP/week5/quiz1/data/gallery/frog/00010.png,frog,0.859935
/home/emily/MMIP/week5/quiz1/data/query/frog/00064.png,frog,1,/home/emily/MMIP/week5/quiz1/data/gallery/frog/00426.png,frog,0.829468
/home/emily/MMIP/week5/quiz1/data/query/frog/00064.png,frog,2,/home/emily/MMIP/week5/quiz1/data/gallery/frog/00121.png,frog,0.827990
/home/emily/MMIP/week5/quiz1/data/query/frog/00064.png,frog,3,/home/emily/MMIP/week5/quiz1/data/gallery/frog/00392.png,frog,0.825909
/home/emily/MMIP/week5/quiz1/data/query/frog/00064.png,frog,4,/home/emily/MMIP/week5/quiz1/data/gallery/frog/00285.png,frog,0.822410
/home/emily/MMIP/week5/quiz1/data/query/frog/00064.png,frog,5,/home/emily/MMIP/week5/quiz1/data/gallery/frog/00239.png,frog,0.821229
/home/emily/MMIP/week5/quiz1/data/query/frog/00065.png,frog,1,/home/emily/MMIP/week5/quiz1/data/gallery/frog/00142.png,frog,0.875272
/home/emily/MMIP/week5/quiz1/data/query/frog/00065.png,frog,2,/home/emily/MMIP/week5/quiz1/data/gallery/frog/00593.png,frog,0.843445
/home/emily/MMIP/week5/quiz1/data/query/frog/00065.png,frog,3,/home/emily/MMIP/week5/quiz1/data/gallery/frog/00129.png,frog,0.841832
/home/emily/MMIP/week5/quiz1/data/query/frog/00065.png,frog,4,/home/emily/MMIP/week5/quiz1/data/gallery/frog/00134.png,frog,0.840964
/home/emily/MMIP/week5/quiz1/data/query/frog/00065.png,frog,5,/home/emily/MMIP/week5/quiz1/data/gallery/frog/00165.png,frog,0.837074
/home/emily/MMIP/week5/quiz1/data/query/frog/00066.png,frog,1,/home/emily/MMIP/week5/quiz1/data/gallery/frog/00713.png,frog,0.863954
/home/emily/MMIP/week5/quiz1/data/query/frog/00066.png,frog,2,/home/emily/MMIP/week5/quiz1/data/gallery/frog/00037.png,frog,0.863464
/home/emily/MMIP/week5/quiz1/data/query/frog/00066.png,frog,3,/home/emily/MMIP/week5/quiz1/data/gallery/frog/00069.png,frog,0.861186
/home/emily/MMIP/week5/quiz1/data/query/frog/00066.png,frog,4,/home/emily/MMIP/week5/quiz1/data/gallery/frog/00655.png,frog,0.861181
/home/emily/MMIP/week5/quiz1/data/query/frog/00066.png,frog,5,/home/emily/MMIP/week5/quiz1/data/gallery/frog/00548.png,frog,0.855083
/home/emily/MMIP/week5/quiz1/data/query/frog/00067.png,frog,1,/home/emily/MMIP/week5/quiz1/data/gallery/frog/00928.png,frog,0.864815
/home/emily/MMIP/week5/quiz1/data/query/frog/00067.png,frog,2,/home/emily/MMIP/week5/quiz1/data/gallery/frog/00410.png,frog,0.859437
/home/emily/MMIP/week5/quiz1/data/query/frog/00067.png,frog,3,/home/emily/MMIP/week5/quiz1/data/gallery/frog/00794.png,frog,0.857050
/home/emily/MMIP/week5/quiz1/data/query/frog/00067.png,frog,4,/home/emily/MMIP/week5/quiz1/data/gallery/frog/00797.png,frog,0.855039
/home/emily/MMIP/week5/quiz1/data/query/frog/00067.png,frog,5,/home/emily/MMIP/week5/quiz1/data/gallery/frog/00370.png,frog,0.854939
/home/emily/MMIP/week5/quiz1/data/query/frog/00068.png,frog,1,/home/emily/MMIP/week5/quiz1/data/gallery/frog/00404.png,frog,0.888048
/home/emily/MMIP/week5/quiz1/data/query/frog/00068.png,frog,2,/home/emily/MMIP/week5/quiz1/data/gallery/frog/00438.png,frog,0.881419
/home/emily/MMIP/week5/quiz1/data/query/frog/00068.png,frog,3,/home/emily/MMIP/week5/quiz1/data/gallery/frog/00265.png,frog,0.875968
/home/emily/MMIP/week5/quiz1/data/query/frog/00068.png,frog,4,/home/emily/MMIP/week5/quiz1/data/gallery/frog/00713.png,frog,0.873992
/home/emily/MMIP/week5/quiz1/data/query/frog/00068.png,frog,5,/home/emily/MMIP/week5/quiz1/data/gallery/frog/00162.png,frog,0.872426
/home/emily/MMIP/week5/quiz1/data/query/frog/00069.png,frog,1,/home/emily/MMIP/week5/quiz1/data/gallery/frog/00577.png,frog,0.854077
/home/emily/MMIP/week5/quiz1/data/query/frog/00069.png,frog,2,/home/emily/MMIP/week5/quiz1/data/gallery/frog/00678.png,frog,0.853011
/home/emily/MMIP/week5/quiz1/data/query/frog/00069.png,frog,3,/home/emily/MMIP/week5/quiz1/data/gallery/frog/00136.png,frog,0.851033
/home/emily/MMIP/week5/quiz1/data/query/frog/00069.png,frog,4,/home/emily/MMIP/week5/quiz1/data/gallery/frog/00349.png,frog,0.850243
/home/emily/MMIP/week5/quiz1/data/query/frog/00069.png,frog,5,/home/emily/MMIP/week5/quiz1/data/gallery/frog/00059.png,frog,0.849144
/home/emily/MMIP/week5/quiz1/data/query/frog/00070.png,frog,1,/home/emily/MMIP/week5/quiz1/data/gallery/frog/00242.png,frog,0.868073
/home/emily/MMIP/week5/quiz1/data/query/frog/00070.png,frog,2,/home/emily/MMIP/week5/quiz1/data/gallery/frog/00815.png,frog,0.861094
/home/emily/MMIP/week5/quiz1/data/query/frog/00070.png,frog,3,/home/emily/MMIP/week5/quiz1/data/gallery/frog/00124.png,frog,0.856277
/home/emily/MMIP/week5/quiz1/data/query/frog/00070.png,frog,4,/home/emily/MMIP/week5/quiz1/data/gallery/frog/00060.png,frog,0.855753
/home/emily/MMIP/week5/quiz1/data/query/frog/00070.png,frog,5,/home/emily/MMIP/week5/quiz1/data/gallery/frog/00903.png,frog,0.855425
/home/emily/MMIP/week5/quiz1/data/query/frog/00071.png,frog,1,/home/emily/MMIP/week5/quiz1/data/gallery/frog/00019.png,frog,0.848397
/home/emily/MMIP/week5/quiz1/data/query/frog/00071.png,frog,2,/home/emily/MMIP/week5/quiz1/data/gallery/frog/00264.png,frog,0.842620
/home/emily/MMIP/week5/quiz1/data/query/frog/00071.png,frog,3,/home/emily/MMIP/week5/quiz1/data/gallery/frog/00657.png,frog,0.838518
/home/emily/MMIP/week5/quiz1/data/query/frog/00071.png,frog,4,/home/emily/MMIP/week5/quiz1/data/gallery/frog/00455.png,frog,0.834553
/home/emily/MMIP/week5/quiz1/data/query/frog/00071.png,frog,5,/home/emily/MMIP/week5/quiz1/data/gallery/frog/00053.png,frog,0.834305
/home/emily/MMIP/week5/quiz1/data/query/frog/00072.png,frog,1,/home/emily/MMIP/week5/quiz1/data/gallery/frog/00724.png,frog,0.841666
/home/emily/MMIP/week5/quiz1/data/query/frog/00072.png,frog,2,/home/emily/MMIP/week5/quiz1/data/gallery/frog/00059.png,frog,0.839580
/home/emily/MMIP/week5/quiz1/data/query/frog/00072.png,frog,3,/home/emily/MMIP/week5/quiz1/data/gallery/frog/00466.png,frog,0.839043
/home/emily/MMIP/week5/quiz1/data/query/frog/00072.png,frog,4,/home/emily/MMIP/week5/quiz1/data/gallery/frog/00934.png,frog,0.833476
/home/emily/MMIP/week5/quiz1/data/query/frog/00072.png,frog,5,/home/emily/MMIP/week5/quiz1/data/gallery/frog/00869.png,frog,0.833365
/home/emily/MMIP/week5/quiz1/data/query/frog/00073.png,frog,1,/home/emily/MMIP/week5/quiz1/data/gallery/frog/00817.png,frog,0.855852
/home/emily/MMIP/week5/quiz1/data/query/frog/00073.png,frog,2,/home/emily/MMIP/week5/quiz1/data/gallery/frog/00491.png,frog,0.854839
/home/emily/MMIP/week5/quiz1/data/query/frog/00073.png,frog,3,/home/emily/MMIP/week5/quiz1/data/gallery/frog/00689.png,frog,0.853993
/home/emily/MMIP/week5/quiz1/data/query/frog/00073.png,frog,4,/home/emily/MMIP/week5/quiz1/data/gallery/frog/00279.png,frog,0.852870
/home/emily/MMIP/week5/quiz1/data/query/frog/00073.png,frog,5,/home/emily/MMIP/week5/quiz1/data/gallery/bird/00401.png,bird,0.850945
/home/emily/MMIP/week5/quiz1/data/query/frog/00074.png,frog,1,/home/emily/MMIP/week5/quiz1/data/gallery/frog/00667.png,frog,0.903377
/home/emily/MMIP/week5/quiz1/data/query/frog/00074.png,frog,2,/home/emily/MMIP/week5/quiz1/data/gallery/frog/00157.png,frog,0.892624
/home/emily/MMIP/week5/quiz1/data/query/frog/00074.png,frog,3,/home/emily/MMIP/week5/quiz1/data/gallery/frog/00325.png,frog,0.892520
/home/emily/MMIP/week5/quiz1/data/query/frog/00074.png,frog,4,/home/emily/MMIP/week5/quiz1/data/gallery/frog/00273.png,frog,0.891742
/home/emily/MMIP/week5/quiz1/data/query/frog/00074.png,frog,5,/home/emily/MMIP/week5/quiz1/data/gallery/frog/00966.png,frog,0.889181
/home/emily/MMIP/week5/quiz1/data/query/frog/00075.png,frog,1,/home/emily/MMIP/week5/quiz1/data/gallery/frog/00246.png,frog,0.872480
/home/emily/MMIP/week5/quiz1/data/query/frog/00075.png,frog,2,/home/emily/MMIP/week5/quiz1/data/gallery/frog/00986.png,frog,0.872025
/home/emily/MMIP/week5/quiz1/data/query/frog/00075.png,frog,3,/home/emily/MMIP/week5/quiz1/data/gallery/frog/00922.png,frog,0.869879
/home/emily/MMIP/week5/quiz1/data/query/frog/00075.png,frog,4,/home/emily/MMIP/week5/quiz1/data/gallery/frog/00337.png,frog,0.868801
/home/emily/MMIP/week5/quiz1/data/query/frog/00075.png,frog,5,/home/emily/MMIP/week5/quiz1/data/gallery/frog/00949.png,frog,0.868655
/home/emily/MMIP/week5/quiz1/data/query/frog/00076.png,frog,1,/home/emily/MMIP/week5/quiz1/data/gallery/frog/00420.png,frog,0.846475
/home/emily/MMIP/week5/quiz1/data/query/frog/00076.png,frog,2,/home/emily/MMIP/week5/quiz1/data/gallery/bird/00401.png,bird,0.842322
/home/emily/MMIP/week5/quiz1/data/query/frog/00076.png,frog,3,/home/emily/MMIP/week5/quiz1/data/gallery/frog/00899.png,frog,0.839105
/home/emily/MMIP/week5/quiz1/data/query/frog/00076.png,frog,4,/home/emily/MMIP/week5/quiz1/data/gallery/frog/00172.png,frog,0.838678
/home/emily/MMIP/week5/quiz1/data/query/frog/00076.png,frog,5,/home/emily/MMIP/week5/quiz1/data/gallery/frog/00831.png,frog,0.834355
/home/emily/MMIP/week5/quiz1/data/query/frog/00077.png,frog,1,/home/emily/MMIP/week5/quiz1/data/gallery/frog/00105.png,frog,0.870736
/home/emily/MMIP/week5/quiz1/data/query/frog/00077.png,frog,2,/home/emily/MMIP/week5/quiz1/data/gallery/frog/00774.png,frog,0.867608
/home/emily/MMIP/week5/quiz1/data/query/frog/00077.png,frog,3,/home/emily/MMIP/week5/quiz1/data/gallery/frog/00885.png,frog,0.864271
/home/emily/MMIP/week5/quiz1/data/query/frog/00077.png,frog,4,/home/emily/MMIP/week5/quiz1/data/gallery/frog/00707.png,frog,0.863325
/home/emily/MMIP/week5/quiz1/data/query/frog/00077.png,frog,5,/home/emily/MMIP/week5/quiz1/data/gallery/frog/00594.png,frog,0.858499
/home/emily/MMIP/week5/quiz1/data/query/frog/00078.png,frog,1,/home/emily/MMIP/week5/quiz1/data/gallery/frog/00740.png,frog,0.852542
/home/emily/MMIP/week5/quiz1/data/query/frog/00078.png,frog,2,/home/emily/MMIP/week5/quiz1/data/gallery/frog/00145.png,frog,0.849299
/home/emily/MMIP/week5/quiz1/data/query/frog/00078.png,frog,3,/home/emily/MMIP/week5/quiz1/data/gallery/frog/00116.png,frog,0.844785
/home/emily/MMIP/week5/quiz1/data/query/frog/00078.png,frog,4,/home/emily/MMIP/week5/quiz1/data/gallery/frog/00134.png,frog,0.844610
/home/emily/MMIP/week5/quiz1/data/query/frog/00078.png,frog,5,/home/emily/MMIP/week5/quiz1/data/gallery/frog/00920.png,frog,0.844278
/home/emily/MMIP/week5/quiz1/data/query/frog/00079.png,frog,1,/home/emily/MMIP/week5/quiz1/data/gallery/frog/00819.png,frog,0.846880
/home/emily/MMIP/week5/quiz1/data/query/frog/00079.png,frog,2,/home/emily/MMIP/week5/quiz1/data/gallery/frog/00866.png,frog,0.846585
/home/emily/MMIP/week5/quiz1/data/query/frog/00079.png,frog,3,/home/emily/MMIP/week5/quiz1/data/gallery/frog/00341.png,frog,0.836600
/home/emily/MMIP/week5/quiz1/data/query/frog/00079.png,frog,4,/home/emily/MMIP/week5/quiz1/data/gallery/frog/00761.png,frog,0.836133
/home/emily/MMIP/week5/quiz1/data/query/frog/00079.png,frog,5,/home/emily/MMIP/week5/quiz1/data/gallery/frog/00848.png,frog,0.835584
/home/emily/MMIP/week5/quiz1/data/query/frog/00080.png,frog,1,/home/emily/MMIP/week5/quiz1/data/gallery/frog/00334.png,frog,0.887349
/home/emily/MMIP/week5/quiz1/data/query/frog/00080.png,frog,2,/home/emily/MMIP/week5/quiz1/data/gallery/frog/00966.png,frog,0.886945
/home/emily/MMIP/week5/quiz1/data/query/frog/00080.png,frog,3,/home/emily/MMIP/week5/quiz1/data/gallery/frog/00363.png,frog,0.884165
/home/emily/MMIP/week5/quiz1/data/query/frog/00080.png,frog,4,/home/emily/MMIP/week5/quiz1/data/gallery/frog/00495.png,frog,0.883819
/home/emily/MMIP/week5/quiz1/data/query/frog/00080.png,frog,5,/home/emily/MMIP/week5/quiz1/data/gallery/frog/00150.png,frog,0.883064
/home/emily/MMIP/week5/quiz1/data/query/frog/00081.png,frog,1,/home/emily/MMIP/week5/quiz1/data/gallery/frog/00860.png,frog,0.854239
/home/emily/MMIP/week5/quiz1/data/query/frog/00081.png,frog,2,/home/emily/MMIP/week5/quiz1/data/gallery/frog/00483.png,frog,0.851815
/home/emily/MMIP/week5/quiz1/data/query/frog/00081.png,frog,3,/home/emily/MMIP/week5/quiz1/data/gallery/frog/00106.png,frog,0.851162
/home/emily/MMIP/week5/quiz1/data/query/frog/00081.png,frog,4,/home/emily/MMIP/week5/quiz1/data/gallery/frog/00441.png,frog,0.845658
/home/emily/MMIP/week5/quiz1/data/query/frog/00081.png,frog,5,/home/emily/MMIP/week5/quiz1/data/gallery/frog/00751.png,frog,0.844714
/home/emily/MMIP/week5/quiz1/data/query/frog/00082.png,frog,1,/home/emily/MMIP/week5/quiz1/data/gallery/frog/00811.png,frog,0.830370
/home/emily/MMIP/week5/quiz1/data/query/frog/00082.png,frog,2,/home/emily/MMIP/week5/quiz1/data/gallery/frog/00715.png,frog,0.830172
/home/emily/MMIP/week5/quiz1/data/query/frog/00082.png,frog,3,/home/emily/MMIP/week5/quiz1/data/gallery/frog/00862.png,frog,0.829057
/home/emily/MMIP/week5/quiz1/data/query/frog/00082.png,frog,4,/home/emily/MMIP/week5/quiz1/data/gallery/frog/00128.png,frog,0.827795
/home/emily/MMIP/week5/quiz1/data/query/frog/00082.png,frog,5,/home/emily/MMIP/week5/quiz1/data/gallery/frog/00937.png,frog,0.825845
/home/emily/MMIP/week5/quiz1/data/query/frog/00083.png,frog,1,/home/emily/MMIP/week5/quiz1/data/gallery/frog/00352.png,frog,0.824166
/home/emily/MMIP/week5/quiz1/data/query/frog/00083.png,frog,2,/home/emily/MMIP/week5/quiz1/data/gallery/frog/00456.png,frog,0.821985
/home/emily/MMIP/week5/quiz1/data/query/frog/00083.png,frog,3,/home/emily/MMIP/week5/quiz1/data/gallery/frog/00258.png,frog,0.821584
/home/emily/MMIP/week5/quiz1/data/query/frog/00083.png,frog,4,/home/emily/MMIP/week5/quiz1/data/gallery/frog/00745.png,frog,0.821551
/home/emily/MMIP/week5/quiz1/data/query/frog/00083.png,frog,5,/home/emily/MMIP/week5/quiz1/data/gallery/frog/00301.png,frog,0.820288
/home/emily/MMIP/week5/quiz1/data/query/frog/00084.png,frog,1,/home/emily/MMIP/week5/quiz1/data/gallery/frog/00981.png,frog,0.826583
/home/emily/MMIP/week5/quiz1/data/query/frog/00084.png,frog,2,/home/emily/MMIP/week5/quiz1/data/gallery/frog/00847.png,frog,0.816047
/home/emily/MMIP/week5/quiz1/data/query/frog/00084.png,frog,3,/home/emily/MMIP/week5/quiz1/data/gallery/frog/00494.png,frog,0.814153
/home/emily/MMIP/week5/quiz1/data/query/frog/00084.png,frog,4,/home/emily/MMIP/week5/quiz1/data/gallery/cat/00506.png,cat,0.812578
/home/emily/MMIP/week5/quiz1/data/query/frog/00084.png,frog,5,/home/emily/MMIP/week5/quiz1/data/gallery/cat/00783.png,cat,0.811966
/home/emily/MMIP/week5/quiz1/data/query/frog/00085.png,frog,1,/home/emily/MMIP/week5/quiz1/data/gallery/cat/00079.png,cat,0.844261
/home/emily/MMIP/week5/quiz1/data/query/frog/00085.png,frog,2,/home/emily/MMIP/week5/quiz1/data/gallery/frog/00352.png,frog,0.838300
/home/emily/MMIP/week5/quiz1/data/query/frog/00085.png,frog,3,/home/emily/MMIP/week5/quiz1/data/gallery/frog/00700.png,frog,0.837991
/home/emily/MMIP/week5/quiz1/data/query/frog/00085.png,frog,4,/home/emily/MMIP/week5/quiz1/data/gallery/frog/00227.png,frog,0.837590
/home/emily/MMIP/week5/quiz1/data/query/frog/00085.png,frog,5,/home/emily/MMIP/week5/quiz1/data/gallery/frog/00432.png,frog,0.835869
/home/emily/MMIP/week5/quiz1/data/query/frog/00086.png,frog,1,/home/emily/MMIP/week5/quiz1/data/gallery/frog/00434.png,frog,0.876093
/home/emily/MMIP/week5/quiz1/data/query/frog/00086.png,frog,2,/home/emily/MMIP/week5/quiz1/data/gallery/frog/00903.png,frog,0.866025
/home/emily/MMIP/week5/quiz1/data/query/frog/00086.png,frog,3,/home/emily/MMIP/week5/quiz1/data/gallery/frog/00134.png,frog,0.865871
/home/emily/MMIP/week5/quiz1/data/query/frog/00086.png,frog,4,/home/emily/MMIP/week5/quiz1/data/gallery/frog/00129.png,frog,0.865551
/home/emily/MMIP/week5/quiz1/data/query/frog/00086.png,frog,5,/home/emily/MMIP/week5/quiz1/data/gallery/frog/00483.png,frog,0.859744
/home/emily/MMIP/week5/quiz1/data/query/frog/00087.png,frog,1,/home/emily/MMIP/week5/quiz1/data/gallery/frog/00889.png,frog,0.894836
/home/emily/MMIP/week5/quiz1/data/query/frog/00087.png,frog,2,/home/emily/MMIP/week5/quiz1/data/gallery/frog/00839.png,frog,0.883263
/home/emily/MMIP/week5/quiz1/data/query/frog/00087.png,frog,3,/home/emily/MMIP/week5/quiz1/data/gallery/frog/00696.png,frog,0.881498
/home/emily/MMIP/week5/quiz1/data/query/frog/00087.png,frog,4,/home/emily/MMIP/week5/quiz1/data/gallery/frog/00195.png,frog,0.879429
/home/emily/MMIP/week5/quiz1/data/query/frog/00087.png,frog,5,/home/emily/MMIP/week5/quiz1/data/gallery/frog/00956.png,frog,0.878304
/home/emily/MMIP/week5/quiz1/data/query/frog/00088.png,frog,1,/home/emily/MMIP/week5/quiz1/data/gallery/frog/00822.png,frog,0.825325
/home/emily/MMIP/week5/quiz1/data/query/frog/00088.png,frog,2,/home/emily/MMIP/week5/quiz1/data/gallery/frog/00488.png,frog,0.820071
/home/emily/MMIP/week5/quiz1/data/query/frog/00088.png,frog,3,/home/emily/MMIP/week5/quiz1/data/gallery/frog/00281.png,frog,0.817396
/home/emily/MMIP/week5/quiz1/data/query/frog/00088.png,frog,4,/home/emily/MMIP/week5/quiz1/data/gallery/frog/00191.png,frog,0.816303
/home/emily/MMIP/week5/quiz1/data/query/frog/00088.png,frog,5,/home/emily/MMIP/week5/quiz1/data/gallery/frog/00443.png,frog,0.815209
/home/emily/MMIP/week5/quiz1/data/query/frog/00089.png,frog,1,/home/emily/MMIP/week5/quiz1/data/gallery/frog/00660.png,frog,0.858748
/home/emily/MMIP/week5/quiz1/data/query/frog/00089.png,frog,2,/home/emily/MMIP/week5/quiz1/data/gallery/frog/00991.png,frog,0.844076
/home/emily/MMIP/week5/quiz1/data/query/frog/00089.png,frog,3,/home/emily/MMIP/week5/quiz1/data/gallery/frog/00211.png,frog,0.842516
/home/emily/MMIP/week5/quiz1/data/query/frog/00089.png,frog,4,/home/emily/MMIP/week5/quiz1/data/gallery/frog/00705.png,frog,0.839494
/home/emily/MMIP/week5/quiz1/data/query/frog/00089.png,frog,5,/home/emily/MMIP/week5/quiz1/data/gallery/frog/00900.png,frog,0.839409
/home/emily/MMIP/week5/quiz1/data/query/frog/00090.png,frog,1,/home/emily/MMIP/week5/quiz1/data/gallery/frog/00476.png,frog,0.831361
/home/emily/MMIP/week5/quiz1/data/query/frog/00090.png,frog,2,/home/emily/MMIP/week5/quiz1/data/gallery/frog/00290.png,frog,0.826901
/home/emily/MMIP/week5/quiz1/data/query/frog/00090.png,frog,3,/home/emily/MMIP/week5/quiz1/data/gallery/frog/00341.png,frog,0.825348
/home/emily/MMIP/week5/quiz1/data/query/frog/00090.png,frog,4,/home/emily/MMIP/week5/quiz1/data/gallery/frog/00291.png,frog,0.823191
/home/emily/MMIP/week5/quiz1/data/query/frog/00090.png,frog,5,/home/emily/MMIP/week5/quiz1/data/gallery/frog/00096.png,frog,0.821848
/home/emily/MMIP/week5/quiz1/data/query/frog/00091.png,frog,1,/home/emily/MMIP/week5/quiz1/data/gallery/frog/00459.png,frog,0.861315
/home/emily/MMIP/week5/quiz1/data/query/frog/00091.png,frog,2,/home/emily/MMIP/week5/quiz1/data/gallery/frog/00518.png,frog,0.859233
/home/emily/MMIP/week5/quiz1/data/query/frog/00091.png,frog,3,/home/emily/MMIP/week5/quiz1/data/gallery/frog/00233.png,frog,0.858406
/home/emily/MMIP/week5/quiz1/data/query/frog/00091.png,frog,4,/home/emily/MMIP/week5/quiz1/data/gallery/frog/00196.png,frog,0.857744
/home/emily/MMIP/week5/quiz1/data/query/frog/00091.png,frog,5,/home/emily/MMIP/week5/quiz1/data/gallery/frog/00868.png,frog,0.856289
/home/emily/MMIP/week5/quiz1/data/query/frog/00092.png,frog,1,/home/emily/MMIP/week5/quiz1/data/gallery/cat/00014.png,cat,0.838869
/home/emily/MMIP/week5/quiz1/data/query/frog/00092.png,frog,2,/home/emily/MMIP/week5/quiz1/data/gallery/frog/00961.png,frog,0.835900
/home/emily/MMIP/week5/quiz1/data/query/frog/00092.png,frog,3,/home/emily/MMIP/week5/quiz1/data/gallery/frog/00740.png,frog,0.831993
/home/emily/MMIP/week5/quiz1/data/query/frog/00092.png,frog,4,/home/emily/MMIP/week5/quiz1/data/gallery/frog/00242.png,frog,0.826625
/home/emily/MMIP/week5/quiz1/data/query/frog/00092.png,frog,5,/home/emily/MMIP/week5/quiz1/data/gallery/frog/00348.png,frog,0.826570
/home/emily/MMIP/week5/quiz1/data/query/frog/00093.png,frog,1,/home/emily/MMIP/week5/quiz1/data/gallery/frog/00803.png,frog,0.878420
/home/emily/MMIP/week5/quiz1/data/query/frog/00093.png,frog,2,/home/emily/MMIP/week5/quiz1/data/gallery/frog/00009.png,frog,0.874074
/home/emily/MMIP/week5/quiz1/data/query/frog/00093.png,frog,3,/home/emily/MMIP/week5/quiz1/data/gallery/frog/00291.png,frog,0.870978
/home/emily/MMIP/week5/quiz1/data/query/frog/00093.png,frog,4,/home/emily/MMIP/week5/quiz1/data/gallery/frog/00195.png,frog,0.868039
/home/emily/MMIP/week5/quiz1/data/query/frog/00093.png,frog,5,/home/emily/MMIP/week5/quiz1/data/gallery/frog/00292.png,frog,0.866823
/home/emily/MMIP/week5/quiz1/data/query/frog/00094.png,frog,1,/home/emily/MMIP/week5/quiz1/data/gallery/frog/00211.png,frog,0.824203
/home/emily/MMIP/week5/quiz1/data/query/frog/00094.png,frog,2,/home/emily/MMIP/week5/quiz1/data/gallery/deer/00449.png,deer,0.821659
/home/emily/MMIP/week5/quiz1/data/query/frog/00094.png,frog,3,/home/emily/MMIP/week5/quiz1/data/gallery/frog/00989.png,frog,0.813951
/home/emily/MMIP/week5/quiz1/data/query/frog/00094.png,frog,4,/home/emily/MMIP/week5/quiz1/data/gallery/frog/00464.png,frog,0.813737
/home/emily/MMIP/week5/quiz1/data/query/frog/00094.png,frog,5,/home/emily/MMIP/week5/quiz1/data/gallery/bird/00542.png,bird,0.810819
/home/emily/MMIP/week5/quiz1/data/query/frog/00095.png,frog,1,/home/emily/MMIP/week5/quiz1/data/gallery/frog/00678.png,frog,0.832355
/home/emily/MMIP/week5/quiz1/data/query/frog/00095.png,frog,2,/home/emily/MMIP/week5/quiz1/data/gallery/frog/00704.png,frog,0.829320
/home/emily/MMIP/week5/quiz1/data/query/frog/00095.png,frog,3,/home/emily/MMIP/week5/quiz1/data/gallery/frog/00751.png,frog,0.823394
/home/emily/MMIP/week5/quiz1/data/query/frog/00095.png,frog,4,/home/emily/MMIP/week5/quiz1/data/gallery/frog/00281.png,frog,0.822761
/home/emily/MMIP/week5/quiz1/data/query/frog/00095.png,frog,5,/home/emily/MMIP/week5/quiz1/data/gallery/frog/00970.png,frog,0.821727
/home/emily/MMIP/week5/quiz1/data/query/frog/00096.png,frog,1,/home/emily/MMIP/week5/quiz1/data/gallery/frog/00559.png,frog,0.871784
/home/emily/MMIP/week5/quiz1/data/query/frog/00096.png,frog,2,/home/emily/MMIP/week5/quiz1/data/gallery/frog/00834.png,frog,0.871768
/home/emily/MMIP/week5/quiz1/data/query/frog/00096.png,frog,3,/home/emily/MMIP/week5/quiz1/data/gallery/frog/00928.png,frog,0.869121
/home/emily/MMIP/week5/quiz1/data/query/frog/00096.png,frog,4,/home/emily/MMIP/week5/quiz1/data/gallery/frog/00839.png,frog,0.861135
/home/emily/MMIP/week5/quiz1/data/query/frog/00096.png,frog,5,/home/emily/MMIP/week5/quiz1/data/gallery/frog/00210.png,frog,0.857175
/home/emily/MMIP/week5/quiz1/data/query/frog/00097.png,frog,1,/home/emily/MMIP/week5/quiz1/data/gallery/frog/00087.png,frog,0.852816
/home/emily/MMIP/week5/quiz1/data/query/frog/00097.png,frog,2,/home/emily/MMIP/week5/quiz1/data/gallery/frog/00295.png,frog,0.852289
/home/emily/MMIP/week5/quiz1/data/query/frog/00097.png,frog,3,/home/emily/MMIP/week5/quiz1/data/gallery/frog/00550.png,frog,0.849725
/home/emily/MMIP/week5/quiz1/data/query/frog/00097.png,frog,4,/home/emily/MMIP/week5/quiz1/data/gallery/frog/00949.png,frog,0.847178
/home/emily/MMIP/week5/quiz1/data/query/frog/00097.png,frog,5,/home/emily/MMIP/week5/quiz1/data/gallery/frog/00920.png,frog,0.843770
/home/emily/MMIP/week5/quiz1/data/query/frog/00098.png,frog,1,/home/emily/MMIP/week5/quiz1/data/gallery/frog/00817.png,frog,0.884578
/home/emily/MMIP/week5/quiz1/data/query/frog/00098.png,frog,2,/home/emily/MMIP/week5/quiz1/data/gallery/frog/00789.png,frog,0.876663
/home/emily/MMIP/week5/quiz1/data/query/frog/00098.png,frog,3,/home/emily/MMIP/week5/quiz1/data/gallery/frog/00696.png,frog,0.874382
/home/emily/MMIP/week5/quiz1/data/query/frog/00098.png,frog,4,/home/emily/MMIP/week5/quiz1/data/gallery/frog/00195.png,frog,0.873588
/home/emily/MMIP/week5/quiz1/data/query/frog/00098.png,frog,5,/home/emily/MMIP/week5/quiz1/data/gallery/frog/00328.png,frog,0.872455
/home/emily/MMIP/week5/quiz1/data/query/frog/00099.png,frog,1,/home/emily/MMIP/week5/quiz1/data/gallery/frog/00372.png,frog,0.834400
/home/emily/MMIP/week5/quiz1/data/query/frog/00099.png,frog,2,/home/emily/MMIP/week5/quiz1/data/gallery/frog/00309.png,frog,0.831436
/home/emily/MMIP/week5/quiz1/data/query/frog/00099.png,frog,3,/home/emily/MMIP/week5/quiz1/data/gallery/bird/00244.png,bird,0.830294
/home/emily/MMIP/week5/quiz1/data/query/frog/00099.png,frog,4,/home/emily/MMIP/week5/quiz1/data/gallery/frog/00967.png,frog,0.829384
/home/emily/MMIP/week5/quiz1/data/query/frog/00099.png,frog,5,/home/emily/MMIP/week5/quiz1/data/gallery/horse/00013.png,horse,0.828654
/home/emily/MMIP/week5/quiz1/data/query/horse/00000.png,horse,1,/home/emily/MMIP/week5/quiz1/data/gallery/horse/00899.png,horse,0.839483
/home/emily/MMIP/week5/quiz1/data/query/horse/00000.png,horse,2,/home/emily/MMIP/week5/quiz1/data/gallery/horse/00746.png,horse,0.838887
/home/emily/MMIP/week5/quiz1/data/query/horse/00000.png,horse,3,/home/emily/MMIP/week5/quiz1/data/gallery/horse/00292.png,horse,0.838882
/home/emily/MMIP/week5/quiz1/data/query/horse/00000.png,horse,4,/home/emily/MMIP/week5/quiz1/data/gallery/horse/00357.png,horse,0.837510
/home/emily/MMIP/week5/quiz1/data/query/horse/00000.png,horse,5,/home/emily/MMIP/week5/quiz1/data/gallery/horse/00428.png,horse,0.837160
/home/emily/MMIP/week5/quiz1/data/query/horse/00001.png,horse,1,/home/emily/MMIP/week5/quiz1/data/gallery/horse/00508.png,horse,0.844926
/home/emily/MMIP/week5/quiz1/data/query/horse/00001.png,horse,2,/home/emily/MMIP/week5/quiz1/data/gallery/horse/00247.png,horse,0.844860
/home/emily/MMIP/week5/quiz1/data/query/horse/00001.png,horse,3,/home/emily/MMIP/week5/quiz1/data/gallery/horse/00602.png,horse,0.842425
/home/emily/MMIP/week5/quiz1/data/query/horse/00001.png,horse,4,/home/emily/MMIP/week5/quiz1/data/gallery/horse/00104.png,horse,0.842321
/home/emily/MMIP/week5/quiz1/data/query/horse/00001.png,horse,5,/home/emily/MMIP/week5/quiz1/data/gallery/horse/00076.png,horse,0.840775
/home/emily/MMIP/week5/quiz1/data/query/horse/00002.png,horse,1,/home/emily/MMIP/week5/quiz1/data/gallery/horse/00036.png,horse,0.806293
/home/emily/MMIP/week5/quiz1/data/query/horse/00002.png,horse,2,/home/emily/MMIP/week5/quiz1/data/gallery/horse/00764.png,horse,0.806018
/home/emily/MMIP/week5/quiz1/data/query/horse/00002.png,horse,3,/home/emily/MMIP/week5/quiz1/data/gallery/truck/00123.png,truck,0.802651
/home/emily/MMIP/week5/quiz1/data/query/horse/00002.png,horse,4,/home/emily/MMIP/week5/quiz1/data/gallery/horse/00851.png,horse,0.801488
/home/emily/MMIP/week5/quiz1/data/query/horse/00002.png,horse,5,/home/emily/MMIP/week5/quiz1/data/gallery/horse/00164.png,horse,0.801390
/home/emily/MMIP/week5/quiz1/data/query/horse/00003.png,horse,1,/home/emily/MMIP/week5/quiz1/data/gallery/horse/00243.png,horse,0.871972
/home/emily/MMIP/week5/quiz1/data/query/horse/00003.png,horse,2,/home/emily/MMIP/week5/quiz1/data/gallery/horse/00117.png,horse,0.871649
/home/emily/MMIP/week5/quiz1/data/query/horse/00003.png,horse,3,/home/emily/MMIP/week5/quiz1/data/gallery/horse/00878.png,horse,0.871624
/home/emily/MMIP/week5/quiz1/data/query/horse/00003.png,horse,4,/home/emily/MMIP/week5/quiz1/data/gallery/horse/00537.png,horse,0.859271
/home/emily/MMIP/week5/quiz1/data/query/horse/00003.png,horse,5,/home/emily/MMIP/week5/quiz1/data/gallery/horse/00203.png,horse,0.854155
/home/emily/MMIP/week5/quiz1/data/query/horse/00004.png,horse,1,/home/emily/MMIP/week5/quiz1/data/gallery/horse/00469.png,horse,0.829179
/home/emily/MMIP/week5/quiz1/data/query/horse/00004.png,horse,2,/home/emily/MMIP/week5/quiz1/data/gallery/horse/00772.png,horse,0.824305
/home/emily/MMIP/week5/quiz1/data/query/horse/00004.png,horse,3,/home/emily/MMIP/week5/quiz1/data/gallery/horse/00609.png,horse,0.823475
/home/emily/MMIP/week5/quiz1/data/query/horse/00004.png,horse,4,/home/emily/MMIP/week5/quiz1/data/gallery/airplane/00932.png,airplane,0.821478
/home/emily/MMIP/week5/quiz1/data/query/horse/00004.png,horse,5,/home/emily/MMIP/week5/quiz1/data/gallery/horse/00139.png,horse,0.820941
/home/emily/MMIP/week5/quiz1/data/query/horse/00005.png,horse,1,/home/emily/MMIP/week5/quiz1/data/gallery/dog/00364.png,dog,0.842416
/home/emily/MMIP/week5/quiz1/data/query/horse/00005.png,horse,2,/home/emily/MMIP/week5/quiz1/data/gallery/deer/00425.png,deer,0.827291
/home/emily/MMIP/week5/quiz1/data/query/horse/00005.png,horse,3,/home/emily/MMIP/week5/quiz1/data/gallery/deer/00725.png,deer,0.824723
/home/emily/MMIP/week5/quiz1/data/query/horse/00005.png,horse,4,/home/emily/MMIP/week5/quiz1/data/gallery/frog/00894.png,frog,0.821600
/home/emily/MMIP/week5/quiz1/data/query/horse/00005.png,horse,5,/home/emily/MMIP/week5/quiz1/data/gallery/frog/00497.png,frog,0.821272
/home/emily/MMIP/week5/quiz1/data/query/horse/00006.png,horse,1,/home/emily/MMIP/week5/quiz1/data/gallery/horse/00755.png,horse,0.852873
/home/emily/MMIP/week5/quiz1/data/query/horse/00006.png,horse,2,/home/emily/MMIP/week5/quiz1/data/gallery/horse/00184.png,horse,0.845754
/home/emily/MMIP/week5/quiz1/data/query/horse/00006.png,horse,3,/home/emily/MMIP/week5/quiz1/data/gallery/horse/00682.png,horse,0.844400
/home/emily/MMIP/week5/quiz1/data/query/horse/00006.png,horse,4,/home/emily/MMIP/week5/quiz1/data/gallery/horse/00294.png,horse,0.844182
/home/emily/MMIP/week5/quiz1/data/query/horse/00006.png,horse,5,/home/emily/MMIP/week5/quiz1/data/gallery/horse/00781.png,horse,0.844152
/home/emily/MMIP/week5/quiz1/data/query/horse/00007.png,horse,1,/home/emily/MMIP/week5/quiz1/data/gallery/horse/00494.png,horse,0.812221
/home/emily/MMIP/week5/quiz1/data/query/horse/00007.png,horse,2,/home/emily/MMIP/week5/quiz1/data/gallery/horse/00329.png,horse,0.811661
/home/emily/MMIP/week5/quiz1/data/query/horse/00007.png,horse,3,/home/emily/MMIP/week5/quiz1/data/gallery/horse/00555.png,horse,0.798394
/home/emily/MMIP/week5/quiz1/data/query/horse/00007.png,horse,4,/home/emily/MMIP/week5/quiz1/data/gallery/horse/00710.png,horse,0.797411
/home/emily/MMIP/week5/quiz1/data/query/horse/00007.png,horse,5,/home/emily/MMIP/week5/quiz1/data/gallery/horse/00138.png,horse,0.795932
/home/emily/MMIP/week5/quiz1/data/query/horse/00008.png,horse,1,/home/emily/MMIP/week5/quiz1/data/gallery/horse/00294.png,horse,0.855732
/home/emily/MMIP/week5/quiz1/data/query/horse/00008.png,horse,2,/home/emily/MMIP/week5/quiz1/data/gallery/horse/00965.png,horse,0.849734
/home/emily/MMIP/week5/quiz1/data/query/horse/00008.png,horse,3,/home/emily/MMIP/week5/quiz1/data/gallery/horse/00567.png,horse,0.849456
/home/emily/MMIP/week5/quiz1/data/query/horse/00008.png,horse,4,/home/emily/MMIP/week5/quiz1/data/gallery/horse/00745.png,horse,0.844521
/home/emily/MMIP/week5/quiz1/data/query/horse/00008.png,horse,5,/home/emily/MMIP/week5/quiz1/data/gallery/horse/00214.png,horse,0.840288
/home/emily/MMIP/week5/quiz1/data/query/horse/00009.png,horse,1,/home/emily/MMIP/week5/quiz1/data/gallery/bird/00777.png,bird,0.811560
/home/emily/MMIP/week5/quiz1/data/query/horse/00009.png,horse,2,/home/emily/MMIP/week5/quiz1/data/gallery/horse/00469.png,horse,0.809669
/home/emily/MMIP/week5/quiz1/data/query/horse/00009.png,horse,3,/home/emily/MMIP/week5/quiz1/data/gallery/airplane/00839.png,airplane,0.808119
/home/emily/MMIP/week5/quiz1/data/query/horse/00009.png,horse,4,/home/emily/MMIP/week5/quiz1/data/gallery/horse/00399.png,horse,0.807749
/home/emily/MMIP/week5/quiz1/data/query/horse/00009.png,horse,5,/home/emily/MMIP/week5/quiz1/data/gallery/horse/00017.png,horse,0.806223
/home/emily/MMIP/week5/quiz1/data/query/horse/00010.png,horse,1,/home/emily/MMIP/week5/quiz1/data/gallery/horse/00602.png,horse,0.842293
/home/emily/MMIP/week5/quiz1/data/query/horse/00010.png,horse,2,/home/emily/MMIP/week5/quiz1/data/gallery/horse/00854.png,horse,0.833084
/home/emily/MMIP/week5/quiz1/data/query/horse/00010.png,horse,3,/home/emily/MMIP/week5/quiz1/data/gallery/horse/00507.png,horse,0.827382
/home/emily/MMIP/week5/quiz1/data/query/horse/00010.png,horse,4,/home/emily/MMIP/week5/quiz1/data/gallery/horse/00111.png,horse,0.825615
/home/emily/MMIP/week5/quiz1/data/query/horse/00010.png,horse,5,/home/emily/MMIP/week5/quiz1/data/gallery/horse/00524.png,horse,0.824904
/home/emily/MMIP/week5/quiz1/data/query/horse/00011.png,horse,1,/home/emily/MMIP/week5/quiz1/data/gallery/horse/00692.png,horse,0.843418
/home/emily/MMIP/week5/quiz1/data/query/horse/00011.png,horse,2,/home/emily/MMIP/week5/quiz1/data/gallery/horse/00879.png,horse,0.839807
/home/emily/MMIP/week5/quiz1/data/query/horse/00011.png,horse,3,/home/emily/MMIP/week5/quiz1/data/gallery/horse/00431.png,horse,0.837021
/home/emily/MMIP/week5/quiz1/data/query/horse/00011.png,horse,4,/home/emily/MMIP/week5/quiz1/data/gallery/horse/00767.png,horse,0.834685
/home/emily/MMIP/week5/quiz1/data/query/horse/00011.png,horse,5,/home/emily/MMIP/week5/quiz1/data/gallery/horse/00191.png,horse,0.828326
/home/emily/MMIP/week5/quiz1/data/query/horse/00012.png,horse,1,/home/emily/MMIP/week5/quiz1/data/gallery/dog/00002.png,dog,0.822396
/home/emily/MMIP/week5/quiz1/data/query/horse/00012.png,horse,2,/home/emily/MMIP/week5/quiz1/data/gallery/horse/00447.png,horse,0.819972
/home/emily/MMIP/week5/quiz1/data/query/horse/00012.png,horse,3,/home/emily/MMIP/week5/quiz1/data/gallery/horse/00966.png,horse,0.814599
/home/emily/MMIP/week5/quiz1/data/query/horse/00012.png,horse,4,/home/emily/MMIP/week5/quiz1/data/gallery/horse/00312.png,horse,0.812708
/home/emily/MMIP/week5/quiz1/data/query/horse/00012.png,horse,5,/home/emily/MMIP/week5/quiz1/data/gallery/horse/00216.png,horse,0.811972
/home/emily/MMIP/week5/quiz1/data/query/horse/00013.png,horse,1,/home/emily/MMIP/week5/quiz1/data/gallery/horse/00496.png,horse,0.844497
/home/emily/MMIP/week5/quiz1/data/query/horse/00013.png,horse,2,/home/emily/MMIP/week5/quiz1/data/gallery/horse/00614.png,horse,0.841534
/home/emily/MMIP/week5/quiz1/data/query/horse/00013.png,horse,3,/home/emily/MMIP/week5/quiz1/data/gallery/horse/00775.png,horse,0.836288
/home/emily/MMIP/week5/quiz1/data/query/horse/00013.png,horse,4,/home/emily/MMIP/week5/quiz1/data/gallery/horse/00888.png,horse,0.835881
/home/emily/MMIP/week5/quiz1/data/query/horse/00013.png,horse,5,/home/emily/MMIP/week5/quiz1/data/gallery/horse/00859.png,horse,0.834040
/home/emily/MMIP/week5/quiz1/data/query/horse/00014.png,horse,1,/home/emily/MMIP/week5/quiz1/data/gallery/bird/00307.png,bird,0.836216
/home/emily/MMIP/week5/quiz1/data/query/horse/00014.png,horse,2,/home/emily/MMIP/week5/quiz1/data/gallery/truck/00722.png,truck,0.819799
/home/emily/MMIP/week5/quiz1/data/query/horse/00014.png,horse,3,/home/emily/MMIP/week5/quiz1/data/gallery/bird/00352.png,bird,0.817815
/home/emily/MMIP/week5/quiz1/data/query/horse/00014.png,horse,4,/home/emily/MMIP/week5/quiz1/data/gallery/airplane/00595.png,airplane,0.814682
/home/emily/MMIP/week5/quiz1/data/query/horse/00014.png,horse,5,/home/emily/MMIP/week5/quiz1/data/gallery/deer/00101.png,deer,0.809655
/home/emily/MMIP/week5/quiz1/data/query/horse/00015.png,horse,1,/home/emily/MMIP/week5/quiz1/data/gallery/horse/00175.png,horse,0.840193
/home/emily/MMIP/week5/quiz1/data/query/horse/00015.png,horse,2,/home/emily/MMIP/week5/quiz1/data/gallery/horse/00858.png,horse,0.827607
/home/emily/MMIP/week5/quiz1/data/query/horse/00015.png,horse,3,/home/emily/MMIP/week5/quiz1/data/gallery/horse/00161.png,horse,0.824012
/home/emily/MMIP/week5/quiz1/data/query/horse/00015.png,horse,4,/home/emily/MMIP/week5/quiz1/data/gallery/horse/00250.png,horse,0.823772
/home/emily/MMIP/week5/quiz1/data/query/horse/00015.png,horse,5,/home/emily/MMIP/week5/quiz1/data/gallery/horse/00076.png,horse,0.823232
/home/emily/MMIP/week5/quiz1/data/query/horse/00016.png,horse,1,/home/emily/MMIP/week5/quiz1/data/gallery/horse/00345.png,horse,0.833097
/home/emily/MMIP/week5/quiz1/data/query/horse/00016.png,horse,2,/home/emily/MMIP/week5/quiz1/data/gallery/horse/00170.png,horse,0.832277
/home/emily/MMIP/week5/quiz1/data/query/horse/00016.png,horse,3,/home/emily/MMIP/week5/quiz1/data/gallery/horse/00274.png,horse,0.830821
/home/emily/MMIP/week5/quiz1/data/query/horse/00016.png,horse,4,/home/emily/MMIP/week5/quiz1/data/gallery/horse/00078.png,horse,0.829989
/home/emily/MMIP/week5/quiz1/data/query/horse/00016.png,horse,5,/home/emily/MMIP/week5/quiz1/data/gallery/horse/00470.png,horse,0.829670
/home/emily/MMIP/week5/quiz1/data/query/horse/00017.png,horse,1,/home/emily/MMIP/week5/quiz1/data/gallery/horse/00969.png,horse,0.859585
/home/emily/MMIP/week5/quiz1/data/query/horse/00017.png,horse,2,/home/emily/MMIP/week5/quiz1/data/gallery/horse/00571.png,horse,0.858771
/home/emily/MMIP/week5/quiz1/data/query/horse/00017.png,horse,3,/home/emily/MMIP/week5/quiz1/data/gallery/horse/00463.png,horse,0.854303
/home/emily/MMIP/week5/quiz1/data/query/horse/00017.png,horse,4,/home/emily/MMIP/week5/quiz1/data/gallery/horse/00441.png,horse,0.848564
/home/emily/MMIP/week5/quiz1/data/query/horse/00017.png,horse,5,/home/emily/MMIP/week5/quiz1/data/gallery/horse/00445.png,horse,0.848003
/home/emily/MMIP/week5/quiz1/data/query/horse/00018.png,horse,1,/home/emily/MMIP/week5/quiz1/data/gallery/horse/00347.png,horse,0.855246
/home/emily/MMIP/week5/quiz1/data/query/horse/00018.png,horse,2,/home/emily/MMIP/week5/quiz1/data/gallery/horse/00540.png,horse,0.845941
/home/emily/MMIP/week5/quiz1/data/query/horse/00018.png,horse,3,/home/emily/MMIP/week5/quiz1/data/gallery/horse/00529.png,horse,0.842804
/home/emily/MMIP/week5/quiz1/data/query/horse/00018.png,horse,4,/home/emily/MMIP/week5/quiz1/data/gallery/horse/00975.png,horse,0.838443
/home/emily/MMIP/week5/quiz1/data/query/horse/00018.png,horse,5,/home/emily/MMIP/week5/quiz1/data/gallery/horse/00987.png,horse,0.837358
/home/emily/MMIP/week5/quiz1/data/query/horse/00019.png,horse,1,/home/emily/MMIP/week5/quiz1/data/gallery/horse/00928.png,horse,0.881066
/home/emily/MMIP/week5/quiz1/data/query/horse/00019.png,horse,2,/home/emily/MMIP/week5/quiz1/data/gallery/horse/00183.png,horse,0.878124
/home/emily/MMIP/week5/quiz1/data/query/horse/00019.png,horse,3,/home/emily/MMIP/week5/quiz1/data/gallery/horse/00881.png,horse,0.877727
/home/emily/MMIP/week5/quiz1/data/query/horse/00019.png,horse,4,/home/emily/MMIP/week5/quiz1/data/gallery/horse/00061.png,horse,0.875716
/home/emily/MMIP/week5/quiz1/data/query/horse/00019.png,horse,5,/home/emily/MMIP/week5/quiz1/data/gallery/horse/00938.png,horse,0.865987
/home/emily/MMIP/week5/quiz1/data/query/horse/00020.png,horse,1,/home/emily/MMIP/week5/quiz1/data/gallery/dog/00670.png,dog,0.836022
/home/emily/MMIP/week5/quiz1/data/query/horse/00020.png,horse,2,/home/emily/MMIP/week5/quiz1/data/gallery/dog/00889.png,dog,0.835312
/home/emily/MMIP/week5/quiz1/data/query/horse/00020.png,horse,3,/home/emily/MMIP/week5/quiz1/data/gallery/dog/00478.png,dog,0.832491
/home/emily/MMIP/week5/quiz1/data/query/horse/00020.png,horse,4,/home/emily/MMIP/week5/quiz1/data/gallery/cat/00305.png,cat,0.831691
/home/emily/MMIP/week5/quiz1/data/query/horse/00020.png,horse,5,/home/emily/MMIP/week5/quiz1/data/gallery/dog/00001.png,dog,0.831029
/home/emily/MMIP/week5/quiz1/data/query/horse/00021.png,horse,1,/home/emily/MMIP/week5/quiz1/data/gallery/horse/00366.png,horse,0.876518
/home/emily/MMIP/week5/quiz1/data/query/horse/00021.png,horse,2,/home/emily/MMIP/week5/quiz1/data/gallery/horse/00076.png,horse,0.872533
/home/emily/MMIP/week5/quiz1/data/query/horse/00021.png,horse,3,/home/emily/MMIP/week5/quiz1/data/gallery/horse/00112.png,horse,0.869703
/home/emily/MMIP/week5/quiz1/data/query/horse/00021.png,horse,4,/home/emily/MMIP/week5/quiz1/data/gallery/horse/00669.png,horse,0.863398
/home/emily/MMIP/week5/quiz1/data/query/horse/00021.png,horse,5,/home/emily/MMIP/week5/quiz1/data/gallery/horse/00974.png,horse,0.862718
/home/emily/MMIP/week5/quiz1/data/query/horse/00022.png,horse,1,/home/emily/MMIP/week5/quiz1/data/gallery/horse/00365.png,horse,0.847291
/home/emily/MMIP/week5/quiz1/data/query/horse/00022.png,horse,2,/home/emily/MMIP/week5/quiz1/data/gallery/horse/00324.png,horse,0.845171
/home/emily/MMIP/week5/quiz1/data/query/horse/00022.png,horse,3,/home/emily/MMIP/week5/quiz1/data/gallery/horse/00651.png,horse,0.843551
/home/emily/MMIP/week5/quiz1/data/query/horse/00022.png,horse,4,/home/emily/MMIP/week5/quiz1/data/gallery/horse/00751.png,horse,0.843434
/home/emily/MMIP/week5/quiz1/data/query/horse/00022.png,horse,5,/home/emily/MMIP/week5/quiz1/data/gallery/horse/00016.png,horse,0.843267
/home/emily/MMIP/week5/quiz1/data/query/horse/00023.png,horse,1,/home/emily/MMIP/week5/quiz1/data/gallery/dog/00462.png,dog,0.822517
/home/emily/MMIP/week5/quiz1/data/query/horse/00023.png,horse,2,/home/emily/MMIP/week5/quiz1/data/gallery/dog/00141.png,dog,0.820182
/home/emily/MMIP/week5/quiz1/data/query/horse/00023.png,horse,3,/home/emily/MMIP/week5/quiz1/data/gallery/deer/00427.png,deer,0.815526
/home/emily/MMIP/week5/quiz1/data/query/horse/00023.png,horse,4,/home/emily/MMIP/week5/quiz1/data/gallery/horse/00317.png,horse,0.809418
/home/emily/MMIP/week5/quiz1/data/query/horse/00023.png,horse,5,/home/emily/MMIP/week5/quiz1/data/gallery/cat/00394.png,cat,0.808323
/home/emily/MMIP/week5/quiz1/data/query/horse/00024.png,horse,1,/home/emily/MMIP/week5/quiz1/data/gallery/horse/00562.png,horse,0.821045
/home/emily/MMIP/week5/quiz1/data/query/horse/00024.png,horse,2,/home/emily/MMIP/week5/quiz1/data/gallery/horse/00032.png,horse,0.819985
/home/emily/MMIP/week5/quiz1/data/query/horse/00024.png,horse,3,/home/emily/MMIP/week5/quiz1/data/gallery/horse/00953.png,horse,0.815981
/home/emily/MMIP/week5/quiz1/data/query/horse/00024.png,horse,4,/home/emily/MMIP/week5/quiz1/data/gallery/horse/00885.png,horse,0.811682
/home/emily/MMIP/week5/quiz1/data/query/horse/00024.png,horse,5,/home/emily/MMIP/week5/quiz1/data/gallery/frog/00539.png,frog,0.811365
/home/emily/MMIP/week5/quiz1/data/query/horse/00025.png,horse,1,/home/emily/MMIP/week5/quiz1/data/gallery/horse/00896.png,horse,0.871815
/home/emily/MMIP/week5/quiz1/data/query/horse/00025.png,horse,2,/home/emily/MMIP/week5/quiz1/data/gallery/horse/00012.png,horse,0.869086
/home/emily/MMIP/week5/quiz1/data/query/horse/00025.png,horse,3,/home/emily/MMIP/week5/quiz1/data/gallery/horse/00327.png,horse,0.867004
/home/emily/MMIP/week5/quiz1/data/query/horse/00025.png,horse,4,/home/emily/MMIP/week5/quiz1/data/gallery/horse/00734.png,horse,0.865540
/home/emily/MMIP/week5/quiz1/data/query/horse/00025.png,horse,5,/home/emily/MMIP/week5/quiz1/data/gallery/horse/00996.png,horse,0.864219
/home/emily/MMIP/week5/quiz1/data/query/horse/00026.png,horse,1,/home/emily/MMIP/week5/quiz1/data/gallery/horse/00869.png,horse,0.845723
/home/emily/MMIP/week5/quiz1/data/query/horse/00026.png,horse,2,/home/emily/MMIP/week5/quiz1/data/gallery/horse/00269.png,horse,0.842938
/home/emily/MMIP/week5/quiz1/data/query/horse/00026.png,horse,3,/home/emily/MMIP/week5/quiz1/data/gallery/horse/00167.png,horse,0.840516
/home/emily/MMIP/week5/quiz1/data/query/horse/00026.png,horse,4,/home/emily/MMIP/week5/quiz1/data/gallery/horse/00017.png,horse,0.839682
/home/emily/MMIP/week5/quiz1/data/query/horse/00026.png,horse,5,/home/emily/MMIP/week5/quiz1/data/gallery/horse/00995.png,horse,0.839518
/home/emily/MMIP/week5/quiz1/data/query/horse/00027.png,horse,1,/home/emily/MMIP/week5/quiz1/data/gallery/deer/00481.png,deer,0.834534
/home/emily/MMIP/week5/quiz1/data/query/horse/00027.png,horse,2,/home/emily/MMIP/week5/quiz1/data/gallery/horse/00647.png,horse,0.827952
/home/emily/MMIP/week5/quiz1/data/query/horse/00027.png,horse,3,/home/emily/MMIP/week5/quiz1/data/gallery/horse/00615.png,horse,0.821086
/home/emily/MMIP/week5/quiz1/data/query/horse/00027.png,horse,4,/home/emily/MMIP/week5/quiz1/data/gallery/horse/00067.png,horse,0.820428
/home/emily/MMIP/week5/quiz1/data/query/horse/00027.png,horse,5,/home/emily/MMIP/week5/quiz1/data/gallery/horse/00586.png,horse,0.817377
/home/emily/MMIP/week5/quiz1/data/query/horse/00028.png,horse,1,/home/emily/MMIP/week5/quiz1/data/gallery/horse/00643.png,horse,0.830645
/home/emily/MMIP/week5/quiz1/data/query/horse/00028.png,horse,2,/home/emily/MMIP/week5/quiz1/data/gallery/horse/00685.png,horse,0.824438
/home/emily/MMIP/week5/quiz1/data/query/horse/00028.png,horse,3,/home/emily/MMIP/week5/quiz1/data/gallery/horse/00365.png,horse,0.824340
/home/emily/MMIP/week5/quiz1/data/query/horse/00028.png,horse,4,/home/emily/MMIP/week5/quiz1/data/gallery/horse/00996.png,horse,0.822869
/home/emily/MMIP/week5/quiz1/data/query/horse/00028.png,horse,5,/home/emily/MMIP/week5/quiz1/data/gallery/horse/00255.png,horse,0.822466
/home/emily/MMIP/week5/quiz1/data/query/horse/00029.png,horse,1,/home/emily/MMIP/week5/quiz1/data/gallery/horse/00185.png,horse,0.851112
/home/emily/MMIP/week5/quiz1/data/query/horse/00029.png,horse,2,/home/emily/MMIP/week5/quiz1/data/gallery/horse/00641.png,horse,0.844317
/home/emily/MMIP/week5/quiz1/data/query/horse/00029.png,horse,3,/home/emily/MMIP/week5/quiz1/data/gallery/horse/00112.png,horse,0.840187
/home/emily/MMIP/week5/quiz1/data/query/horse/00029.png,horse,4,/home/emily/MMIP/week5/quiz1/data/gallery/horse/00465.png,horse,0.838997
/home/emily/MMIP/week5/quiz1/data/query/horse/00029.png,horse,5,/home/emily/MMIP/week5/quiz1/data/gallery/horse/00878.png,horse,0.837902
/home/emily/MMIP/week5/quiz1/data/query/horse/00030.png,horse,1,/home/emily/MMIP/week5/quiz1/data/gallery/horse/00797.png,horse,0.850012
/home/emily/MMIP/week5/quiz1/data/query/horse/00030.png,horse,2,/home/emily/MMIP/week5/quiz1/data/gallery/horse/00402.png,horse,0.846207
/home/emily/MMIP/week5/quiz1/data/query/horse/00030.png,horse,3,/home/emily/MMIP/week5/quiz1/data/gallery/horse/00086.png,horse,0.840467
/home/emily/MMIP/week5/quiz1/data/query/horse/00030.png,horse,4,/home/emily/MMIP/week5/quiz1/data/gallery/horse/00214.png,horse,0.839192
/home/emily/MMIP/week5/quiz1/data/query/horse/00030.png,horse,5,/home/emily/MMIP/week5/quiz1/data/gallery/horse/00388.png,horse,0.836205
/home/emily/MMIP/week5/quiz1/data/query/horse/00031.png,horse,1,/home/emily/MMIP/week5/quiz1/data/gallery/cat/00400.png,cat,0.799338
/home/emily/MMIP/week5/quiz1/data/query/horse/00031.png,horse,2,/home/emily/MMIP/week5/quiz1/data/gallery/bird/00496.png,bird,0.797837
/home/emily/MMIP/week5/quiz1/data/query/horse/00031.png,horse,3,/home/emily/MMIP/week5/quiz1/data/gallery/horse/00952.png,horse,0.790271
/home/emily/MMIP/week5/quiz1/data/query/horse/00031.png,horse,4,/home/emily/MMIP/week5/quiz1/data/gallery/bird/00491.png,bird,0.788542
/home/emily/MMIP/week5/quiz1/data/query/horse/00031.png,horse,5,/home/emily/MMIP/week5/quiz1/data/gallery/airplane/00096.png,airplane,0.788045
/home/emily/MMIP/week5/quiz1/data/query/horse/00032.png,horse,1,/home/emily/MMIP/week5/quiz1/data/gallery/horse/00392.png,horse,0.873089
/home/emily/MMIP/week5/quiz1/data/query/horse/00032.png,horse,2,/home/emily/MMIP/week5/quiz1/data/gallery/horse/00248.png,horse,0.870706
/home/emily/MMIP/week5/quiz1/data/query/horse/00032.png,horse,3,/home/emily/MMIP/week5/quiz1/data/gallery/horse/00875.png,horse,0.869948
/home/emily/MMIP/week5/quiz1/data/query/horse/00032.png,horse,4,/home/emily/MMIP/week5/quiz1/data/gallery/horse/00916.png,horse,0.869691
/home/emily/MMIP/week5/quiz1/data/query/horse/00032.png,horse,5,/home/emily/MMIP/week5/quiz1/data/gallery/horse/00183.png,horse,0.863498
/home/emily/MMIP/week5/quiz1/data/query/horse/00033.png,horse,1,/home/emily/MMIP/week5/quiz1/data/gallery/horse/00778.png,horse,0.856848
/home/emily/MMIP/week5/quiz1/data/query/horse/00033.png,horse,2,/home/emily/MMIP/week5/quiz1/data/gallery/horse/00816.png,horse,0.833256
/home/emily/MMIP/week5/quiz1/data/query/horse/00033.png,horse,3,/home/emily/MMIP/week5/quiz1/data/gallery/horse/00721.png,horse,0.832067
/home/emily/MMIP/week5/quiz1/data/query/horse/00033.png,horse,4,/home/emily/MMIP/week5/quiz1/data/gallery/horse/00191.png,horse,0.829016
/home/emily/MMIP/week5/quiz1/data/query/horse/00033.png,horse,5,/home/emily/MMIP/week5/quiz1/data/gallery/horse/00167.png,horse,0.828423
/home/emily/MMIP/week5/quiz1/data/query/horse/00034.png,horse,1,/home/emily/MMIP/week5/quiz1/data/gallery/horse/00882.png,horse,0.810640
/home/emily/MMIP/week5/quiz1/data/query/horse/00034.png,horse,2,/home/emily/MMIP/week5/quiz1/data/gallery/horse/00328.png,horse,0.809787
/home/emily/MMIP/week5/quiz1/data/query/horse/00034.png,horse,3,/home/emily/MMIP/week5/quiz1/data/gallery/horse/00411.png,horse,0.806378
/home/emily/MMIP/week5/quiz1/data/query/horse/00034.png,horse,4,/home/emily/MMIP/week5/quiz1/data/gallery/horse/00950.png,horse,0.805801
/home/emily/MMIP/week5/quiz1/data/query/horse/00034.png,horse,5,/home/emily/MMIP/week5/quiz1/data/gallery/horse/00818.png,horse,0.803970
/home/emily/MMIP/week5/quiz1/data/query/horse/00035.png,horse,1,/home/emily/MMIP/week5/quiz1/data/gallery/horse/00004.png,horse,0.867166
/home/emily/MMIP/week5/quiz1/data/query/horse/00035.png,horse,2,/home/emily/MMIP/week5/quiz1/data/gallery/horse/00641.png,horse,0.854314
/home/emily/MMIP/week5/quiz1/data/query/horse/00035.png,horse,3,/home/emily/MMIP/week5/quiz1/data/gallery/horse/00287.png,horse,0.853808
/home/emily/MMIP/week5/quiz1/data/query/horse/00035.png,horse,4,/home/emily/MMIP/week5/quiz1/data/gallery/horse/00168.png,horse,0.852764
/home/emily/MMIP/week5/quiz1/data/query/horse/00035.png,horse,5,/home/emily/MMIP/week5/quiz1/data/gallery/horse/00324.png,horse,0.852113
/home/emily/MMIP/week5/quiz1/data/query/horse/00036.png,horse,1,/home/emily/MMIP/week5/quiz1/data/gallery/horse/00185.png,horse,0.864154
/home/emily/MMIP/week5/quiz1/data/query/horse/00036.png,horse,2,/home/emily/MMIP/week5/quiz1/data/gallery/horse/00010.png,horse,0.861366
/home/emily/MMIP/week5/quiz1/data/query/horse/00036.png,horse,3,/home/emily/MMIP/week5/quiz1/data/gallery/horse/00641.png,horse,0.857077
/home/emily/MMIP/week5/quiz1/data/query/horse/00036.png,horse,4,/home/emily/MMIP/week5/quiz1/data/gallery/horse/00162.png,horse,0.856847
/home/emily/MMIP/week5/quiz1/data/query/horse/00036.png,horse,5,/home/emily/MMIP/week5/quiz1/data/gallery/horse/00622.png,horse,0.851953
/home/emily/MMIP/week5/quiz1/data/query/horse/00037.png,horse,1,/home/emily/MMIP/week5/quiz1/data/gallery/horse/00878.png,horse,0.860895
/home/emily/MMIP/week5/quiz1/data/query/horse/00037.png,horse,2,/home/emily/MMIP/week5/quiz1/data/gallery/horse/00643.png,horse,0.857012
/home/emily/MMIP/week5/quiz1/data/query/horse/00037.png,horse,3,/home/emily/MMIP/week5/quiz1/data/gallery/horse/00243.png,horse,0.853475
/home/emily/MMIP/week5/quiz1/data/query/horse/00037.png,horse,4,/home/emily/MMIP/week5/quiz1/data/gallery/horse/00858.png,horse,0.849464
/home/emily/MMIP/week5/quiz1/data/query/horse/00037.png,horse,5,/home/emily/MMIP/week5/quiz1/data/gallery/horse/00992.png,horse,0.848763
/home/emily/MMIP/week5/quiz1/data/query/horse/00038.png,horse,1,/home/emily/MMIP/week5/quiz1/data/gallery/horse/00429.png,horse,0.816493
/home/emily/MMIP/week5/quiz1/data/query/horse/00038.png,horse,2,/home/emily/MMIP/week5/quiz1/data/gallery/horse/00879.png,horse,0.811131
/home/emily/MMIP/week5/quiz1/data/query/horse/00038.png,horse,3,/home/emily/MMIP/week5/quiz1/data/gallery/horse/00633.png,horse,0.805879
/home/emily/MMIP/week5/quiz1/data/query/horse/00038.png,horse,4,/home/emily/MMIP/week5/quiz1/data/gallery/horse/00224.png,horse,0.805016
/home/emily/MMIP/week5/quiz1/data/query/horse/00038.png,horse,5,/home/emily/MMIP/week5/quiz1/data/gallery/horse/00924.png,horse,0.803770
/home/emily/MMIP/week5/quiz1/data/query/horse/00039.png,horse,1,/home/emily/MMIP/week5/quiz1/data/gallery/horse/00441.png,horse,0.827268
/home/emily/MMIP/week5/quiz1/data/query/horse/00039.png,horse,2,/home/emily/MMIP/week5/quiz1/data/gallery/dog/00427.png,dog,0.818433
/home/emily/MMIP/week5/quiz1/data/query/horse/00039.png,horse,3,/home/emily/MMIP/week5/quiz1/data/gallery/dog/00757.png,dog,0.815557
/home/emily/MMIP/week5/quiz1/data/query/horse/00039.png,horse,4,/home/emily/MMIP/week5/quiz1/data/gallery/dog/00593.png,dog,0.810926
/home/emily/MMIP/week5/quiz1/data/query/horse/00039.png,horse,5,/home/emily/MMIP/week5/quiz1/data/gallery/horse/00692.png,horse,0.810107
/home/emily/MMIP/week5/quiz1/data/query/horse/00040.png,horse,1,/home/emily/MMIP/week5/quiz1/data/gallery/dog/00220.png,dog,0.816494
/home/emily/MMIP/week5/quiz1/data/query/horse/00040.png,horse,2,/home/emily/MMIP/week5/quiz1/data/gallery/dog/00026.png,dog,0.807814
/home/emily/MMIP/week5/quiz1/data/query/horse/00040.png,horse,3,/home/emily/MMIP/week5/quiz1/data/gallery/cat/00928.png,cat,0.807702
/home/emily/MMIP/week5/quiz1/data/query/horse/00040.png,horse,4,/home/emily/MMIP/week5/quiz1/data/gallery/cat/00040.png,cat,0.805604
/home/emily/MMIP/week5/quiz1/data/query/horse/00040.png,horse,5,/home/emily/MMIP/week5/quiz1/data/gallery/horse/00470.png,horse,0.805393
/home/emily/MMIP/week5/quiz1/data/query/horse/00041.png,horse,1,/home/emily/MMIP/week5/quiz1/data/gallery/horse/00546.png,horse,0.845756
/home/emily/MMIP/week5/quiz1/data/query/horse/00041.png,horse,2,/home/emily/MMIP/week5/quiz1/data/gallery/horse/00584.png,horse,0.839667
/home/emily/MMIP/week5/quiz1/data/query/horse/00041.png,horse,3,/home/emily/MMIP/week5/quiz1/data/gallery/horse/00057.png,horse,0.837130
/home/emily/MMIP/week5/quiz1/data/query/horse/00041.png,horse,4,/home/emily/MMIP/week5/quiz1/data/gallery/horse/00522.png,horse,0.836007
/home/emily/MMIP/week5/quiz1/data/query/horse/00041.png,horse,5,/home/emily/MMIP/week5/quiz1/data/gallery/horse/00240.png,horse,0.833416
/home/emily/MMIP/week5/quiz1/data/query/horse/00042.png,horse,1,/home/emily/MMIP/week5/quiz1/data/gallery/horse/00404.png,horse,0.829606
/home/emily/MMIP/week5/quiz1/data/query/horse/00042.png,horse,2,/home/emily/MMIP/week5/quiz1/data/gallery/horse/00766.png,horse,0.829604
/home/emily/MMIP/week5/quiz1/data/query/horse/00042.png,horse,3,/home/emily/MMIP/week5/quiz1/data/gallery/horse/00647.png,horse,0.824993
/home/emily/MMIP/week5/quiz1/data/query/horse/00042.png,horse,4,/home/emily/MMIP/week5/quiz1/data/gallery/horse/00016.png,horse,0.824746
/home/emily/MMIP/week5/quiz1/data/query/horse/00042.png,horse,5,/home/emily/MMIP/week5/quiz1/data/gallery/horse/00170.png,horse,0.823364
/home/emily/MMIP/week5/quiz1/data/query/horse/00043.png,horse,1,/home/emily/MMIP/week5/quiz1/data/gallery/horse/00656.png,horse,0.852216
/home/emily/MMIP/week5/quiz1/data/query/horse/00043.png,horse,2,/home/emily/MMIP/week5/quiz1/data/gallery/horse/00396.png,horse,0.839761
/home/emily/MMIP/week5/quiz1/data/query/horse/00043.png,horse,3,/home/emily/MMIP/week5/quiz1/data/gallery/horse/00198.png,horse,0.838202
/home/emily/MMIP/week5/quiz1/data/query/horse/00043.png,horse,4,/home/emily/MMIP/week5/quiz1/data/gallery/horse/00092.png,horse,0.833756
/home/emily/MMIP/week5/quiz1/data/query/horse/00043.png,horse,5,/home/emily/MMIP/week5/quiz1/data/gallery/horse/00045.png,horse,0.833380
/home/emily/MMIP/week5/quiz1/data/query/horse/00044.png,horse,1,/home/emily/MMIP/week5/quiz1/data/gallery/frog/00270.png,frog,0.834744
/home/emily/MMIP/week5/quiz1/data/query/horse/00044.png,horse,2,/home/emily/MMIP/week5/quiz1/data/gallery/deer/00135.png,deer,0.828262
/home/emily/MMIP/week5/quiz1/data/query/horse/00044.png,horse,3,/home/emily/MMIP/week5/quiz1/data/gallery/horse/00171.png,horse,0.826996
/home/emily/MMIP/week5/quiz1/data/query/horse/00044.png,horse,4,/home/emily/MMIP/week5/quiz1/data/gallery/frog/00065.png,frog,0.818633
/home/emily/MMIP/week5/quiz1/data/query/horse/00044.png,horse,5,/home/emily/MMIP/week5/quiz1/data/gallery/frog/00575.png,frog,0.814831
/home/emily/MMIP/week5/quiz1/data/query/horse/00045.png,horse,1,/home/emily/MMIP/week5/quiz1/data/gallery/horse/00613.png,horse,0.857582
/home/emily/MMIP/week5/quiz1/data/query/horse/00045.png,horse,2,/home/emily/MMIP/week5/quiz1/data/gallery/horse/00172.png,horse,0.855751
/home/emily/MMIP/week5/quiz1/data/query/horse/00045.png,horse,3,/home/emily/MMIP/week5/quiz1/data/gallery/horse/00821.png,horse,0.852623
/home/emily/MMIP/week5/quiz1/data/query/horse/00045.png,horse,4,/home/emily/MMIP/week5/quiz1/data/gallery/horse/00549.png,horse,0.849137
/home/emily/MMIP/week5/quiz1/data/query/horse/00045.png,horse,5,/home/emily/MMIP/week5/quiz1/data/gallery/horse/00365.png,horse,0.848748
/home/emily/MMIP/week5/quiz1/data/query/horse/00046.png,horse,1,/home/emily/MMIP/week5/quiz1/data/gallery/horse/00255.png,horse,0.854549
/home/emily/MMIP/week5/quiz1/data/query/horse/00046.png,horse,2,/home/emily/MMIP/week5/quiz1/data/gallery/horse/00027.png,horse,0.854439
/home/emily/MMIP/week5/quiz1/data/query/horse/00046.png,horse,3,/home/emily/MMIP/week5/quiz1/data/gallery/horse/00540.png,horse,0.848374
/home/emily/MMIP/week5/quiz1/data/query/horse/00046.png,horse,4,/home/emily/MMIP/week5/quiz1/data/gallery/horse/00740.png,horse,0.843624
/home/emily/MMIP/week5/quiz1/data/query/horse/00046.png,horse,5,/home/emily/MMIP/week5/quiz1/data/gallery/horse/00933.png,horse,0.843412
/home/emily/MMIP/week5/quiz1/data/query/horse/00047.png,horse,1,/home/emily/MMIP/week5/quiz1/data/gallery/horse/00099.png,horse,0.851955
/home/emily/MMIP/week5/quiz1/data/query/horse/00047.png,horse,2,/home/emily/MMIP/week5/quiz1/data/gallery/horse/00894.png,horse,0.843100
/home/emily/MMIP/week5/quiz1/data/query/horse/00047.png,horse,3,/home/emily/MMIP/week5/quiz1/data/gallery/horse/00514.png,horse,0.841920
/home/emily/MMIP/week5/quiz1/data/query/horse/00047.png,horse,4,/home/emily/MMIP/week5/quiz1/data/gallery/horse/00251.png,horse,0.839052
/home/emily/MMIP/week5/quiz1/data/query/horse/00047.png,horse,5,/home/emily/MMIP/week5/quiz1/data/gallery/horse/00345.png,horse,0.837819
/home/emily/MMIP/week5/quiz1/data/query/horse/00048.png,horse,1,/home/emily/MMIP/week5/quiz1/data/gallery/horse/00641.png,horse,0.863139
/home/emily/MMIP/week5/quiz1/data/query/horse/00048.png,horse,2,/home/emily/MMIP/week5/quiz1/data/gallery/horse/00001.png,horse,0.861177
/home/emily/MMIP/week5/quiz1/data/query/horse/00048.png,horse,3,/home/emily/MMIP/week5/quiz1/data/gallery/horse/00078.png,horse,0.857381
/home/emily/MMIP/week5/quiz1/data/query/horse/00048.png,horse,4,/home/emily/MMIP/week5/quiz1/data/gallery/horse/00088.png,horse,0.856421
/home/emily/MMIP/week5/quiz1/data/query/horse/00048.png,horse,5,/home/emily/MMIP/week5/quiz1/data/gallery/horse/00549.png,horse,0.856376
/home/emily/MMIP/week5/quiz1/data/query/horse/00049.png,horse,1,/home/emily/MMIP/week5/quiz1/data/gallery/horse/00722.png,horse,0.852688
/home/emily/MMIP/week5/quiz1/data/query/horse/00049.png,horse,2,/home/emily/MMIP/week5/quiz1/data/gallery/horse/00296.png,horse,0.847443
/home/emily/MMIP/week5/quiz1/data/query/horse/00049.png,horse,3,/home/emily/MMIP/week5/quiz1/data/gallery/horse/00459.png,horse,0.842983
/home/emily/MMIP/week5/quiz1/data/query/horse/00049.png,horse,4,/home/emily/MMIP/week5/quiz1/data/gallery/horse/00564.png,horse,0.842596
/home/emily/MMIP/week5/quiz1/data/query/horse/00049.png,horse,5,/home/emily/MMIP/week5/quiz1/data/gallery/horse/00248.png,horse,0.840646
/home/emily/MMIP/week5/quiz1/data/query/horse/00050.png,horse,1,/home/emily/MMIP/week5/quiz1/data/gallery/horse/00473.png,horse,0.852914
/home/emily/MMIP/week5/quiz1/data/query/horse/00050.png,horse,2,/home/emily/MMIP/week5/quiz1/data/gallery/horse/00674.png,horse,0.847088
/home/emily/MMIP/week5/quiz1/data/query/horse/00050.png,horse,3,/home/emily/MMIP/week5/quiz1/data/gallery/horse/00109.png,horse,0.846493
/home/emily/MMIP/week5/quiz1/data/query/horse/00050.png,horse,4,/home/emily/MMIP/week5/quiz1/data/gallery/horse/00640.png,horse,0.841977
/home/emily/MMIP/week5/quiz1/data/query/horse/00050.png,horse,5,/home/emily/MMIP/week5/quiz1/data/gallery/horse/00641.png,horse,0.841407
/home/emily/MMIP/week5/quiz1/data/query/horse/00051.png,horse,1,/home/emily/MMIP/week5/quiz1/data/gallery/horse/00259.png,horse,0.839066
/home/emily/MMIP/week5/quiz1/data/query/horse/00051.png,horse,2,/home/emily/MMIP/week5/quiz1/data/gallery/horse/00449.png,horse,0.838955
/home/emily/MMIP/week5/quiz1/data/query/horse/00051.png,horse,3,/home/emily/MMIP/week5/quiz1/data/gallery/horse/00287.png,horse,0.837632
/home/emily/MMIP/week5/quiz1/data/query/horse/00051.png,horse,4,/home/emily/MMIP/week5/quiz1/data/gallery/horse/00327.png,horse,0.834483
/home/emily/MMIP/week5/quiz1/data/query/horse/00051.png,horse,5,/home/emily/MMIP/week5/quiz1/data/gallery/horse/00123.png,horse,0.831161
/home/emily/MMIP/week5/quiz1/data/query/horse/00052.png,horse,1,/home/emily/MMIP/week5/quiz1/data/gallery/horse/00610.png,horse,0.882588
/home/emily/MMIP/week5/quiz1/data/query/horse/00052.png,horse,2,/home/emily/MMIP/week5/quiz1/data/gallery/horse/00968.png,horse,0.847264
/home/emily/MMIP/week5/quiz1/data/query/horse/00052.png,horse,3,/home/emily/MMIP/week5/quiz1/data/gallery/horse/00464.png,horse,0.829356
/home/emily/MMIP/week5/quiz1/data/query/horse/00052.png,horse,4,/home/emily/MMIP/week5/quiz1/data/gallery/deer/00673.png,deer,0.828608
/home/emily/MMIP/week5/quiz1/data/query/horse/00052.png,horse,5,/home/emily/MMIP/week5/quiz1/data/gallery/horse/00184.png,horse,0.827169
/home/emily/MMIP/week5/quiz1/data/query/horse/00053.png,horse,1,/home/emily/MMIP/week5/quiz1/data/gallery/horse/00242.png,horse,0.835751
/home/emily/MMIP/week5/quiz1/data/query/horse/00053.png,horse,2,/home/emily/MMIP/week5/quiz1/data/gallery/horse/00878.png,horse,0.828866
/home/emily/MMIP/week5/quiz1/data/query/horse/00053.png,horse,3,/home/emily/MMIP/week5/quiz1/data/gallery/horse/00101.png,horse,0.827536
/home/emily/MMIP/week5/quiz1/data/query/horse/00053.png,horse,4,/home/emily/MMIP/week5/quiz1/data/gallery/horse/00642.png,horse,0.827216
/home/emily/MMIP/week5/quiz1/data/query/horse/00053.png,horse,5,/home/emily/MMIP/week5/quiz1/data/gallery/horse/00397.png,horse,0.826491
/home/emily/MMIP/week5/quiz1/data/query/horse/00054.png,horse,1,/home/emily/MMIP/week5/quiz1/data/gallery/horse/00324.png,horse,0.881102
/home/emily/MMIP/week5/quiz1/data/query/horse/00054.png,horse,2,/home/emily/MMIP/week5/quiz1/data/gallery/horse/00916.png,horse,0.874493
/home/emily/MMIP/week5/quiz1/data/query/horse/00054.png,horse,3,/home/emily/MMIP/week5/quiz1/data/gallery/horse/00082.png,horse,0.871571
/home/emily/MMIP/week5/quiz1/data/query/horse/00054.png,horse,4,/home/emily/MMIP/week5/quiz1/data/gallery/horse/00365.png,horse,0.870498
/home/emily/MMIP/week5/quiz1/data/query/horse/00054.png,horse,5,/home/emily/MMIP/week5/quiz1/data/gallery/horse/00875.png,horse,0.865910
/home/emily/MMIP/week5/quiz1/data/query/horse/00055.png,horse,1,/home/emily/MMIP/week5/quiz1/data/gallery/horse/00240.png,horse,0.866844
/home/emily/MMIP/week5/quiz1/data/query/horse/00055.png,horse,2,/home/emily/MMIP/week5/quiz1/data/gallery/horse/00125.png,horse,0.854857
/home/emily/MMIP/week5/quiz1/data/query/horse/00055.png,horse,3,/home/emily/MMIP/week5/quiz1/data/gallery/horse/00440.png,horse,0.849413
/home/emily/MMIP/week5/quiz1/data/query/horse/00055.png,horse,4,/home/emily/MMIP/week5/quiz1/data/gallery/horse/00249.png,horse,0.846621
/home/emily/MMIP/week5/quiz1/data/query/horse/00055.png,horse,5,/home/emily/MMIP/week5/quiz1/data/gallery/horse/00728.png,horse,0.845994
/home/emily/MMIP/week5/quiz1/data/query/horse/00056.png,horse,1,/home/emily/MMIP/week5/quiz1/data/gallery/horse/00516.png,horse,0.851552
/home/emily/MMIP/week5/quiz1/data/query/horse/00056.png,horse,2,/home/emily/MMIP/week5/quiz1/data/gallery/horse/00989.png,horse,0.829503
/home/emily/MMIP/week5/quiz1/data/query/horse/00056.png,horse,3,/home/emily/MMIP/week5/quiz1/data/gallery/horse/00465.png,horse,0.829127
/home/emily/MMIP/week5/quiz1/data/query/horse/00056.png,horse,4,/home/emily/MMIP/week5/quiz1/data/gallery/horse/00149.png,horse,0.827980
/home/emily/MMIP/week5/quiz1/data/query/horse/00056.png,horse,5,/home/emily/MMIP/week5/quiz1/data/gallery/horse/00195.png,horse,0.824717
/home/emily/MMIP/week5/quiz1/data/query/horse/00057.png,horse,1,/home/emily/MMIP/week5/quiz1/data/gallery/horse/00542.png,horse,0.825147
/home/emily/MMIP/week5/quiz1/data/query/horse/00057.png,horse,2,/home/emily/MMIP/week5/quiz1/data/gallery/horse/00767.png,horse,0.817346
/home/emily/MMIP/week5/quiz1/data/query/horse/00057.png,horse,3,/home/emily/MMIP/week5/quiz1/data/gallery/horse/00485.png,horse,0.810806
/home/emily/MMIP/week5/quiz1/data/query/horse/00057.png,horse,4,/home/emily/MMIP/week5/quiz1/data/gallery/horse/00397.png,horse,0.808184
/home/emily/MMIP/week5/quiz1/data/query/horse/00057.png,horse,5,/home/emily/MMIP/week5/quiz1/data/gallery/horse/00438.png,horse,0.807125
/home/emily/MMIP/week5/quiz1/data/query/horse/00058.png,horse,1,/home/emily/MMIP/week5/quiz1/data/gallery/horse/00308.png,horse,0.812045
/home/emily/MMIP/week5/quiz1/data/query/horse/00058.png,horse,2,/home/emily/MMIP/week5/quiz1/data/gallery/horse/00220.png,horse,0.803591
/home/emily/MMIP/week5/quiz1/data/query/horse/00058.png,horse,3,/home/emily/MMIP/week5/quiz1/data/gallery/horse/00532.png,horse,0.802336
/home/emily/MMIP/week5/quiz1/data/query/horse/00058.png,horse,4,/home/emily/MMIP/week5/quiz1/data/gallery/horse/00997.png,horse,0.802332
/home/emily/MMIP/week5/quiz1/data/query/horse/00058.png,horse,5,/home/emily/MMIP/week5/quiz1/data/gallery/horse/00460.png,horse,0.800759
/home/emily/MMIP/week5/quiz1/data/query/horse/00059.png,horse,1,/home/emily/MMIP/week5/quiz1/data/gallery/horse/00459.png,horse,0.845717
/home/emily/MMIP/week5/quiz1/data/query/horse/00059.png,horse,2,/home/emily/MMIP/week5/quiz1/data/gallery/horse/00997.png,horse,0.836927
/home/emily/MMIP/week5/quiz1/data/query/horse/00059.png,horse,3,/home/emily/MMIP/week5/quiz1/data/gallery/horse/00810.png,horse,0.836653
/home/emily/MMIP/week5/quiz1/data/query/horse/00059.png,horse,4,/home/emily/MMIP/week5/quiz1/data/gallery/horse/00946.png,horse,0.836608
/home/emily/MMIP/week5/quiz1/data/query/horse/00059.png,horse,5,/home/emily/MMIP/week5/quiz1/data/gallery/horse/00214.png,horse,0.834499
/home/emily/MMIP/week5/quiz1/data/query/horse/00060.png,horse,1,/home/emily/MMIP/week5/quiz1/data/gallery/horse/00251.png,horse,0.869911
/home/emily/MMIP/week5/quiz1/data/query/horse/00060.png,horse,2,/home/emily/MMIP/week5/quiz1/data/gallery/horse/00121.png,horse,0.864778
/home/emily/MMIP/week5/quiz1/data/query/horse/00060.png,horse,3,/home/emily/MMIP/week5/quiz1/data/gallery/horse/00647.png,horse,0.856491
/home/emily/MMIP/week5/quiz1/data/query/horse/00060.png,horse,4,/home/emily/MMIP/week5/quiz1/data/gallery/horse/00781.png,horse,0.856043
/home/emily/MMIP/week5/quiz1/data/query/horse/00060.png,horse,5,/home/emily/MMIP/week5/quiz1/data/gallery/horse/00928.png,horse,0.852581
/home/emily/MMIP/week5/quiz1/data/query/horse/00061.png,horse,1,/home/emily/MMIP/week5/quiz1/data/gallery/horse/00219.png,horse,0.862244
/home/emily/MMIP/week5/quiz1/data/query/horse/00061.png,horse,2,/home/emily/MMIP/week5/quiz1/data/gallery/horse/00117.png,horse,0.861101
/home/emily/MMIP/week5/quiz1/data/query/horse/00061.png,horse,3,/home/emily/MMIP/week5/quiz1/data/gallery/horse/00194.png,horse,0.859505
/home/emily/MMIP/week5/quiz1/data/query/horse/00061.png,horse,4,/home/emily/MMIP/week5/quiz1/data/gallery/horse/00540.png,horse,0.856294
/home/emily/MMIP/week5/quiz1/data/query/horse/00061.png,horse,5,/home/emily/MMIP/week5/quiz1/data/gallery/horse/00974.png,horse,0.851652
/home/emily/MMIP/week5/quiz1/data/query/horse/00062.png,horse,1,/home/emily/MMIP/week5/quiz1/data/gallery/horse/00250.png,horse,0.885575
/home/emily/MMIP/week5/quiz1/data/query/horse/00062.png,horse,2,/home/emily/MMIP/week5/quiz1/data/gallery/horse/00782.png,horse,0.876286
/home/emily/MMIP/week5/quiz1/data/query/horse/00062.png,horse,3,/home/emily/MMIP/week5/quiz1/data/gallery/horse/00681.png,horse,0.867892
/home/emily/MMIP/week5/quiz1/data/query/horse/00062.png,horse,4,/home/emily/MMIP/week5/quiz1/data/gallery/horse/00641.png,horse,0.864062
/home/emily/MMIP/week5/quiz1/data/query/horse/00062.png,horse,5,/home/emily/MMIP/week5/quiz1/data/gallery/horse/00123.png,horse,0.863828
/home/emily/MMIP/week5/quiz1/data/query/horse/00063.png,horse,1,/home/emily/MMIP/week5/quiz1/data/gallery/horse/00324.png,horse,0.887914
/home/emily/MMIP/week5/quiz1/data/query/horse/00063.png,horse,2,/home/emily/MMIP/week5/quiz1/data/gallery/horse/00641.png,horse,0.884078
/home/emily/MMIP/week5/quiz1/data/query/horse/00063.png,horse,3,/home/emily/MMIP/week5/quiz1/data/gallery/horse/00082.png,horse,0.867723
/home/emily/MMIP/week5/quiz1/data/query/horse/00063.png,horse,4,/home/emily/MMIP/week5/quiz1/data/gallery/horse/00751.png,horse,0.865998
/home/emily/MMIP/week5/quiz1/data/query/horse/00063.png,horse,5,/home/emily/MMIP/week5/quiz1/data/gallery/horse/00255.png,horse,0.864505
/home/emily/MMIP/week5/quiz1/data/query/horse/00064.png,horse,1,/home/emily/MMIP/week5/quiz1/data/gallery/horse/00560.png,horse,0.867134
/home/emily/MMIP/week5/quiz1/data/query/horse/00064.png,horse,2,/home/emily/MMIP/week5/quiz1/data/gallery/horse/00996.png,horse,0.856618
/home/emily/MMIP/week5/quiz1/data/query/horse/00064.png,horse,3,/home/emily/MMIP/week5/quiz1/data/gallery/horse/00852.png,horse,0.851517
/home/emily/MMIP/week5/quiz1/data/query/horse/00064.png,horse,4,/home/emily/MMIP/week5/quiz1/data/gallery/horse/00471.png,horse,0.850349
/home/emily/MMIP/week5/quiz1/data/query/horse/00064.png,horse,5,/home/emily/MMIP/week5/quiz1/data/gallery/horse/00512.png,horse,0.849416
/home/emily/MMIP/week5/quiz1/data/query/horse/00065.png,horse,1,/home/emily/MMIP/week5/quiz1/data/gallery/horse/00320.png,horse,0.878508
/home/emily/MMIP/week5/quiz1/data/query/horse/00065.png,horse,2,/home/emily/MMIP/week5/quiz1/data/gallery/horse/00634.png,horse,0.860145
/home/emily/MMIP/week5/quiz1/data/query/horse/00065.png,horse,3,/home/emily/MMIP/week5/quiz1/data/gallery/horse/00214.png,horse,0.858211
/home/emily/MMIP/week5/quiz1/data/query/horse/00065.png,horse,4,/home/emily/MMIP/week5/quiz1/data/gallery/horse/00165.png,horse,0.856467
/home/emily/MMIP/week5/quiz1/data/query/horse/00065.png,horse,5,/home/emily/MMIP/week5/quiz1/data/gallery/horse/00701.png,horse,0.856342
/home/emily/MMIP/week5/quiz1/data/query/horse/00066.png,horse,1,/home/emily/MMIP/week5/quiz1/data/gallery/horse/00235.png,horse,0.858135
/home/emily/MMIP/week5/quiz1/data/query/horse/00066.png,horse,2,/home/emily/MMIP/week5/quiz1/data/gallery/horse/00578.png,horse,0.851822
/home/emily/MMIP/week5/quiz1/data/query/horse/00066.png,horse,3,/home/emily/MMIP/week5/quiz1/data/gallery/horse/00471.png,horse,0.850379
/home/emily/MMIP/week5/quiz1/data/query/horse/00066.png,horse,4,/home/emily/MMIP/week5/quiz1/data/gallery/horse/00738.png,horse,0.849950
/home/emily/MMIP/week5/quiz1/data/query/horse/00066.png,horse,5,/home/emily/MMIP/week5/quiz1/data/gallery/horse/00100.png,horse,0.849876
/home/emily/MMIP/week5/quiz1/data/query/horse/00067.png,horse,1,/home/emily/MMIP/week5/quiz1/data/gallery/horse/00135.png,horse,0.828131
/home/emily/MMIP/week5/quiz1/data/query/horse/00067.png,horse,2,/home/emily/MMIP/week5/quiz1/data/gallery/horse/00506.png,horse,0.826478
/home/emily/MMIP/week5/quiz1/data/query/horse/00067.png,horse,3,/home/emily/MMIP/week5/quiz1/data/gallery/horse/00310.png,horse,0.825651
/home/emily/MMIP/week5/quiz1/data/query/horse/00067.png,horse,4,/home/emily/MMIP/week5/quiz1/data/gallery/dog/00827.png,dog,0.824457
/home/emily/MMIP/week5/quiz1/data/query/horse/00067.png,horse,5,/home/emily/MMIP/week5/quiz1/data/gallery/horse/00170.png,horse,0.823325
/home/emily/MMIP/week5/quiz1/data/query/horse/00068.png,horse,1,/home/emily/MMIP/week5/quiz1/data/gallery/horse/00061.png,horse,0.897415
/home/emily/MMIP/week5/quiz1/data/query/horse/00068.png,horse,2,/home/emily/MMIP/week5/quiz1/data/gallery/horse/00820.png,horse,0.887235
/home/emily/MMIP/week5/quiz1/data/query/horse/00068.png,horse,3,/home/emily/MMIP/week5/quiz1/data/gallery/horse/00195.png,horse,0.881729
/home/emily/MMIP/week5/quiz1/data/query/horse/00068.png,horse,4,/home/emily/MMIP/week5/quiz1/data/gallery/horse/00928.png,horse,0.879567
/home/emily/MMIP/week5/quiz1/data/query/horse/00068.png,horse,5,/home/emily/MMIP/week5/quiz1/data/gallery/horse/00324.png,horse,0.879416
/home/emily/MMIP/week5/quiz1/data/query/horse/00069.png,horse,1,/home/emily/MMIP/week5/quiz1/data/gallery/horse/00449.png,horse,0.855200
/home/emily/MMIP/week5/quiz1/data/query/horse/00069.png,horse,2,/home/emily/MMIP/week5/quiz1/data/gallery/horse/00241.png,horse,0.853069
/home/emily/MMIP/week5/quiz1/data/query/horse/00069.png,horse,3,/home/emily/MMIP/week5/quiz1/data/gallery/horse/00209.png,horse,0.852917
/home/emily/MMIP/week5/quiz1/data/query/horse/00069.png,horse,4,/home/emily/MMIP/week5/quiz1/data/gallery/horse/00671.png,horse,0.849905
/home/emily/MMIP/week5/quiz1/data/query/horse/00069.png,horse,5,/home/emily/MMIP/week5/quiz1/data/gallery/horse/00156.png,horse,0.849792
/home/emily/MMIP/week5/quiz1/data/query/horse/00070.png,horse,1,/home/emily/MMIP/week5/quiz1/data/gallery/deer/00841.png,deer,0.850842
/home/emily/MMIP/week5/quiz1/data/query/horse/00070.png,horse,2,/home/emily/MMIP/week5/quiz1/data/gallery/horse/00460.png,horse,0.839312
/home/emily/MMIP/week5/quiz1/data/query/horse/00070.png,horse,3,/home/emily/MMIP/week5/quiz1/data/gallery/horse/00998.png,horse,0.836304
/home/emily/MMIP/week5/quiz1/data/query/horse/00070.png,horse,4,/home/emily/MMIP/week5/quiz1/data/gallery/horse/00272.png,horse,0.834234
/home/emily/MMIP/week5/quiz1/data/query/horse/00070.png,horse,5,/home/emily/MMIP/week5/quiz1/data/gallery/horse/00763.png,horse,0.830907
/home/emily/MMIP/week5/quiz1/data/query/horse/00071.png,horse,1,/home/emily/MMIP/week5/quiz1/data/gallery/horse/00478.png,horse,0.834933
/home/emily/MMIP/week5/quiz1/data/query/horse/00071.png,horse,2,/home/emily/MMIP/week5/quiz1/data/gallery/horse/00766.png,horse,0.830297
/home/emily/MMIP/week5/quiz1/data/query/horse/00071.png,horse,3,/home/emily/MMIP/week5/quiz1/data/gallery/deer/00750.png,deer,0.829763
/home/emily/MMIP/week5/quiz1/data/query/horse/00071.png,horse,4,/home/emily/MMIP/week5/quiz1/data/gallery/horse/00137.png,horse,0.827847
/home/emily/MMIP/week5/quiz1/data/query/horse/00071.png,horse,5,/home/emily/MMIP/week5/quiz1/data/gallery/horse/00278.png,horse,0.823605
/home/emily/MMIP/week5/quiz1/data/query/horse/00072.png,horse,1,/home/emily/MMIP/week5/quiz1/data/gallery/airplane/00392.png,airplane,0.815167
/home/emily/MMIP/week5/quiz1/data/query/horse/00072.png,horse,2,/home/emily/MMIP/week5/quiz1/data/gallery/cat/00738.png,cat,0.809746
/home/emily/MMIP/week5/quiz1/data/query/horse/00072.png,horse,3,/home/emily/MMIP/week5/quiz1/data/gallery/horse/00308.png,horse,0.809336
/home/emily/MMIP/week5/quiz1/data/query/horse/00072.png,horse,4,/home/emily/MMIP/week5/quiz1/data/gallery/horse/00535.png,horse,0.807718
/home/emily/MMIP/week5/quiz1/data/query/horse/00072.png,horse,5,/home/emily/MMIP/week5/quiz1/data/gallery/horse/00439.png,horse,0.805930
/home/emily/MMIP/week5/quiz1/data/query/horse/00073.png,horse,1,/home/emily/MMIP/week5/quiz1/data/gallery/horse/00010.png,horse,0.842598
/home/emily/MMIP/week5/quiz1/data/query/horse/00073.png,horse,2,/home/emily/MMIP/week5/quiz1/data/gallery/horse/00519.png,horse,0.841051
/home/emily/MMIP/week5/quiz1/data/query/horse/00073.png,horse,3,/home/emily/MMIP/week5/quiz1/data/gallery/horse/00980.png,horse,0.839451
/home/emily/MMIP/week5/quiz1/data/query/horse/00073.png,horse,4,/home/emily/MMIP/week5/quiz1/data/gallery/horse/00446.png,horse,0.837256
/home/emily/MMIP/week5/quiz1/data/query/horse/00073.png,horse,5,/home/emily/MMIP/week5/quiz1/data/gallery/horse/00231.png,horse,0.835967
/home/emily/MMIP/week5/quiz1/data/query/horse/00074.png,horse,1,/home/emily/MMIP/week5/quiz1/data/gallery/horse/00247.png,horse,0.826803
/home/emily/MMIP/week5/quiz1/data/query/horse/00074.png,horse,2,/home/emily/MMIP/week5/quiz1/data/gallery/horse/00143.png,horse,0.825844
/home/emily/MMIP/week5/quiz1/data/query/horse/00074.png,horse,3,/home/emily/MMIP/week5/quiz1/data/gallery/horse/00974.png,horse,0.824324
/home/emily/MMIP/week5/quiz1/data/query/horse/00074.png,horse,4,/home/emily/MMIP/week5/quiz1/data/gallery/horse/00635.png,horse,0.822659
/home/emily/MMIP/week5/quiz1/data/query/horse/00074.png,horse,5,/home/emily/MMIP/week5/quiz1/data/gallery/horse/00986.png,horse,0.822559
/home/emily/MMIP/week5/quiz1/data/query/horse/00075.png,horse,1,/home/emily/MMIP/week5/quiz1/data/gallery/deer/00212.png,deer,0.846511
/home/emily/MMIP/week5/quiz1/data/query/horse/00075.png,horse,2,/home/emily/MMIP/week5/quiz1/data/gallery/deer/00646.png,deer,0.835474
/home/emily/MMIP/week5/quiz1/data/query/horse/00075.png,horse,3,/home/emily/MMIP/week5/quiz1/data/gallery/deer/00384.png,deer,0.830645
/home/emily/MMIP/week5/quiz1/data/query/horse/00075.png,horse,4,/home/emily/MMIP/week5/quiz1/data/gallery/deer/00151.png,deer,0.826589
/home/emily/MMIP/week5/quiz1/data/query/horse/00075.png,horse,5,/home/emily/MMIP/week5/quiz1/data/gallery/deer/00914.png,deer,0.824866
/home/emily/MMIP/week5/quiz1/data/query/horse/00076.png,horse,1,/home/emily/MMIP/week5/quiz1/data/gallery/horse/00117.png,horse,0.831116
/home/emily/MMIP/week5/quiz1/data/query/horse/00076.png,horse,2,/home/emily/MMIP/week5/quiz1/data/gallery/horse/00243.png,horse,0.824740
/home/emily/MMIP/week5/quiz1/data/query/horse/00076.png,horse,3,/home/emily/MMIP/week5/quiz1/data/gallery/horse/00214.png,horse,0.822449
/home/emily/MMIP/week5/quiz1/data/query/horse/00076.png,horse,4,/home/emily/MMIP/week5/quiz1/data/gallery/horse/00643.png,horse,0.821069
/home/emily/MMIP/week5/quiz1/data/query/horse/00076.png,horse,5,/home/emily/MMIP/week5/quiz1/data/gallery/horse/00414.png,horse,0.820342
/home/emily/MMIP/week5/quiz1/data/query/horse/00077.png,horse,1,/home/emily/MMIP/week5/quiz1/data/gallery/horse/00159.png,horse,0.813743
/home/emily/MMIP/week5/quiz1/data/query/horse/00077.png,horse,2,/home/emily/MMIP/week5/quiz1/data/gallery/deer/00523.png,deer,0.810494
/home/emily/MMIP/week5/quiz1/data/query/horse/00077.png,horse,3,/home/emily/MMIP/week5/quiz1/data/gallery/horse/00317.png,horse,0.809666
/home/emily/MMIP/week5/quiz1/data/query/horse/00077.png,horse,4,/home/emily/MMIP/week5/quiz1/data/gallery/deer/00340.png,deer,0.807965
/home/emily/MMIP/week5/quiz1/data/query/horse/00077.png,horse,5,/home/emily/MMIP/week5/quiz1/data/gallery/deer/00161.png,deer,0.807937
/home/emily/MMIP/week5/quiz1/data/query/horse/00078.png,horse,1,/home/emily/MMIP/week5/quiz1/data/gallery/horse/00828.png,horse,0.886687
/home/emily/MMIP/week5/quiz1/data/query/horse/00078.png,horse,2,/home/emily/MMIP/week5/quiz1/data/gallery/horse/00473.png,horse,0.875298
/home/emily/MMIP/week5/quiz1/data/query/horse/00078.png,horse,3,/home/emily/MMIP/week5/quiz1/data/gallery/horse/00949.png,horse,0.873679
/home/emily/MMIP/week5/quiz1/data/query/horse/00078.png,horse,4,/home/emily/MMIP/week5/quiz1/data/gallery/horse/00711.png,horse,0.866658
/home/emily/MMIP/week5/quiz1/data/query/horse/00078.png,horse,5,/home/emily/MMIP/week5/quiz1/data/gallery/horse/00386.png,horse,0.865828
/home/emily/MMIP/week5/quiz1/data/query/horse/00079.png,horse,1,/home/emily/MMIP/week5/quiz1/data/gallery/horse/00324.png,horse,0.865911
/home/emily/MMIP/week5/quiz1/data/query/horse/00079.png,horse,2,/home/emily/MMIP/week5/quiz1/data/gallery/horse/00641.png,horse,0.864060
/home/emily/MMIP/week5/quiz1/data/query/horse/00079.png,horse,3,/home/emily/MMIP/week5/quiz1/data/gallery/horse/00082.png,horse,0.862960
/home/emily/MMIP/week5/quiz1/data/query/horse/00079.png,horse,4,/home/emily/MMIP/week5/quiz1/data/gallery/horse/00578.png,horse,0.859450
/home/emily/MMIP/week5/quiz1/data/query/horse/00079.png,horse,5,/home/emily/MMIP/week5/quiz1/data/gallery/horse/00410.png,horse,0.854708
/home/emily/MMIP/week5/quiz1/data/query/horse/00080.png,horse,1,/home/emily/MMIP/week5/quiz1/data/gallery/horse/00762.png,horse,0.846150
/home/emily/MMIP/week5/quiz1/data/query/horse/00080.png,horse,2,/home/emily/MMIP/week5/quiz1/data/gallery/horse/00076.png,horse,0.841465
/home/emily/MMIP/week5/quiz1/data/query/horse/00080.png,horse,3,/home/emily/MMIP/week5/quiz1/data/gallery/horse/00176.png,horse,0.838115
/home/emily/MMIP/week5/quiz1/data/query/horse/00080.png,horse,4,/home/emily/MMIP/week5/quiz1/data/gallery/horse/00878.png,horse,0.837979
/home/emily/MMIP/week5/quiz1/data/query/horse/00080.png,horse,5,/home/emily/MMIP/week5/quiz1/data/gallery/horse/00973.png,horse,0.837662
/home/emily/MMIP/week5/quiz1/data/query/horse/00081.png,horse,1,/home/emily/MMIP/week5/quiz1/data/gallery/horse/00719.png,horse,0.821617
/home/emily/MMIP/week5/quiz1/data/query/horse/00081.png,horse,2,/home/emily/MMIP/week5/quiz1/data/gallery/airplane/00972.png,airplane,0.820932
/home/emily/MMIP/week5/quiz1/data/query/horse/00081.png,horse,3,/home/emily/MMIP/week5/quiz1/data/gallery/horse/00326.png,horse,0.815811
/home/emily/MMIP/week5/quiz1/data/query/horse/00081.png,horse,4,/home/emily/MMIP/week5/quiz1/data/gallery/truck/00696.png,truck,0.814169
/home/emily/MMIP/week5/quiz1/data/query/horse/00081.png,horse,5,/home/emily/MMIP/week5/quiz1/data/gallery/horse/00083.png,horse,0.807957
/home/emily/MMIP/week5/quiz1/data/query/horse/00082.png,horse,1,/home/emily/MMIP/week5/quiz1/data/gallery/horse/00117.png,horse,0.886645
/home/emily/MMIP/week5/quiz1/data/query/horse/00082.png,horse,2,/home/emily/MMIP/week5/quiz1/data/gallery/horse/00251.png,horse,0.876234
/home/emily/MMIP/week5/quiz1/data/query/horse/00082.png,horse,3,/home/emily/MMIP/week5/quiz1/data/gallery/horse/00929.png,horse,0.867248
/home/emily/MMIP/week5/quiz1/data/query/horse/00082.png,horse,4,/home/emily/MMIP/week5/quiz1/data/gallery/horse/00392.png,horse,0.864481
/home/emily/MMIP/week5/quiz1/data/query/horse/00082.png,horse,5,/home/emily/MMIP/week5/quiz1/data/gallery/horse/00169.png,horse,0.863660
/home/emily/MMIP/week5/quiz1/data/query/horse/00083.png,horse,1,/home/emily/MMIP/week5/quiz1/data/gallery/horse/00540.png,horse,0.883482
/home/emily/MMIP/week5/quiz1/data/query/horse/00083.png,horse,2,/home/emily/MMIP/week5/quiz1/data/gallery/horse/00850.png,horse,0.875034
/home/emily/MMIP/week5/quiz1/data/query/horse/00083.png,horse,3,/home/emily/MMIP/week5/quiz1/data/gallery/horse/00787.png,horse,0.869789
/home/emily/MMIP/week5/quiz1/data/query/horse/00083.png,horse,4,/home/emily/MMIP/week5/quiz1/data/gallery/horse/00061.png,horse,0.867730
/home/emily/MMIP/week5/quiz1/data/query/horse/00083.png,horse,5,/home/emily/MMIP/week5/quiz1/data/gallery/horse/00630.png,horse,0.864229
/home/emily/MMIP/week5/quiz1/data/query/horse/00084.png,horse,1,/home/emily/MMIP/week5/quiz1/data/gallery/horse/00460.png,horse,0.897987
/home/emily/MMIP/week5/quiz1/data/query/horse/00084.png,horse,2,/home/emily/MMIP/week5/quiz1/data/gallery/horse/00886.png,horse,0.861037
/home/emily/MMIP/week5/quiz1/data/query/horse/00084.png,horse,3,/home/emily/MMIP/week5/quiz1/data/gallery/horse/00220.png,horse,0.855952
/home/emily/MMIP/week5/quiz1/data/query/horse/00084.png,horse,4,/home/emily/MMIP/week5/quiz1/data/gallery/horse/00532.png,horse,0.855872
/home/emily/MMIP/week5/quiz1/data/query/horse/00084.png,horse,5,/home/emily/MMIP/week5/quiz1/data/gallery/horse/00275.png,horse,0.855033
/home/emily/MMIP/week5/quiz1/data/query/horse/00085.png,horse,1,/home/emily/MMIP/week5/quiz1/data/gallery/horse/00324.png,horse,0.883212
/home/emily/MMIP/week5/quiz1/data/query/horse/00085.png,horse,2,/home/emily/MMIP/week5/quiz1/data/gallery/horse/00549.png,horse,0.873613
/home/emily/MMIP/week5/quiz1/data/query/horse/00085.png,horse,3,/home/emily/MMIP/week5/quiz1/data/gallery/horse/00820.png,horse,0.868588
/home/emily/MMIP/week5/quiz1/data/query/horse/00085.png,horse,4,/home/emily/MMIP/week5/quiz1/data/gallery/horse/00386.png,horse,0.866646
/home/emily/MMIP/week5/quiz1/data/query/horse/00085.png,horse,5,/home/emily/MMIP/week5/quiz1/data/gallery/horse/00742.png,horse,0.861701
/home/emily/MMIP/week5/quiz1/data/query/horse/00086.png,horse,1,/home/emily/MMIP/week5/quiz1/data/gallery/horse/00320.png,horse,0.860184
/home/emily/MMIP/week5/quiz1/data/query/horse/00086.png,horse,2,/home/emily/MMIP/week5/quiz1/data/gallery/horse/00287.png,horse,0.855708
/home/emily/MMIP/week5/quiz1/data/query/horse/00086.png,horse,3,/home/emily/MMIP/week5/quiz1/data/gallery/horse/00190.png,horse,0.853634
/home/emily/MMIP/week5/quiz1/data/query/horse/00086.png,horse,4,/home/emily/MMIP/week5/quiz1/data/gallery/horse/00530.png,horse,0.853411
/home/emily/MMIP/week5/quiz1/data/query/horse/00086.png,horse,5,/home/emily/MMIP/week5/quiz1/data/gallery/horse/00123.png,horse,0.852814
/home/emily/MMIP/week5/quiz1/data/query/horse/00087.png,horse,1,/home/emily/MMIP/week5/quiz1/data/gallery/horse/00633.png,horse,0.833699
/home/emily/MMIP/week5/quiz1/data/query/horse/00087.png,horse,2,/home/emily/MMIP/week5/quiz1/data/gallery/horse/00775.png,horse,0.831533
/home/emily/MMIP/week5/quiz1/data/query/horse/00087.png,horse,3,/home/emily/MMIP/week5/quiz1/data/gallery/horse/00737.png,horse,0.831252
/home/emily/MMIP/week5/quiz1/data/query/horse/00087.png,horse,4,/home/emily/MMIP/week5/quiz1/data/gallery/horse/00892.png,horse,0.830199
/home/emily/MMIP/week5/quiz1/data/query/horse/00087.png,horse,5,/home/emily/MMIP/week5/quiz1/data/gallery/dog/00795.png,dog,0.826016
/home/emily/MMIP/week5/quiz1/data/query/horse/00088.png,horse,1,/home/emily/MMIP/week5/quiz1/data/gallery/horse/00017.png,horse,0.825395
/home/emily/MMIP/week5/quiz1/data/query/horse/00088.png,horse,2,/home/emily/MMIP/week5/quiz1/data/gallery/horse/00572.png,horse,0.819459
/home/emily/MMIP/week5/quiz1/data/query/horse/00088.png,horse,3,/home/emily/MMIP/week5/quiz1/data/gallery/horse/00469.png,horse,0.818044
/home/emily/MMIP/week5/quiz1/data/query/horse/00088.png,horse,4,/home/emily/MMIP/week5/quiz1/data/gallery/horse/00506.png,horse,0.817919
/home/emily/MMIP/week5/quiz1/data/query/horse/00088.png,horse,5,/home/emily/MMIP/week5/quiz1/data/gallery/horse/00561.png,horse,0.814425
/home/emily/MMIP/week5/quiz1/data/query/horse/00089.png,horse,1,/home/emily/MMIP/week5/quiz1/data/gallery/horse/00338.png,horse,0.954831
/home/emily/MMIP/week5/quiz1/data/query/horse/00089.png,horse,2,/home/emily/MMIP/week5/quiz1/data/gallery/horse/00018.png,horse,0.857817
/home/emily/MMIP/week5/quiz1/data/query/horse/00089.png,horse,3,/home/emily/MMIP/week5/quiz1/data/gallery/horse/00123.png,horse,0.850215
/home/emily/MMIP/week5/quiz1/data/query/horse/00089.png,horse,4,/home/emily/MMIP/week5/quiz1/data/gallery/horse/00427.png,horse,0.840889
/home/emily/MMIP/week5/quiz1/data/query/horse/00089.png,horse,5,/home/emily/MMIP/week5/quiz1/data/gallery/horse/00782.png,horse,0.834964
/home/emily/MMIP/week5/quiz1/data/query/horse/00090.png,horse,1,/home/emily/MMIP/week5/quiz1/data/gallery/horse/00732.png,horse,0.882510
/home/emily/MMIP/week5/quiz1/data/query/horse/00090.png,horse,2,/home/emily/MMIP/week5/quiz1/data/gallery/horse/00706.png,horse,0.880608
/home/emily/MMIP/week5/quiz1/data/query/horse/00090.png,horse,3,/home/emily/MMIP/week5/quiz1/data/gallery/horse/00578.png,horse,0.880360
/home/emily/MMIP/week5/quiz1/data/query/horse/00090.png,horse,4,/home/emily/MMIP/week5/quiz1/data/gallery/horse/00982.png,horse,0.876907
/home/emily/MMIP/week5/quiz1/data/query/horse/00090.png,horse,5,/home/emily/MMIP/week5/quiz1/data/gallery/horse/00976.png,horse,0.871444
/home/emily/MMIP/week5/quiz1/data/query/horse/00091.png,horse,1,/home/emily/MMIP/week5/quiz1/data/gallery/horse/00530.png,horse,0.820860
/home/emily/MMIP/week5/quiz1/data/query/horse/00091.png,horse,2,/home/emily/MMIP/week5/quiz1/data/gallery/horse/00542.png,horse,0.820453
/home/emily/MMIP/week5/quiz1/data/query/horse/00091.png,horse,3,/home/emily/MMIP/week5/quiz1/data/gallery/horse/00122.png,horse,0.817148
/home/emily/MMIP/week5/quiz1/data/query/horse/00091.png,horse,4,/home/emily/MMIP/week5/quiz1/data/gallery/horse/00293.png,horse,0.815863
/home/emily/MMIP/week5/quiz1/data/query/horse/00091.png,horse,5,/home/emily/MMIP/week5/quiz1/data/gallery/horse/00735.png,horse,0.815547
/home/emily/MMIP/week5/quiz1/data/query/horse/00092.png,horse,1,/home/emily/MMIP/week5/quiz1/data/gallery/horse/00742.png,horse,0.844468
/home/emily/MMIP/week5/quiz1/data/query/horse/00092.png,horse,2,/home/emily/MMIP/week5/quiz1/data/gallery/horse/00974.png,horse,0.842532
/home/emily/MMIP/week5/quiz1/data/query/horse/00092.png,horse,3,/home/emily/MMIP/week5/quiz1/data/gallery/horse/00970.png,horse,0.842173
/home/emily/MMIP/week5/quiz1/data/query/horse/00092.png,horse,4,/home/emily/MMIP/week5/quiz1/data/gallery/horse/00510.png,horse,0.840399
/home/emily/MMIP/week5/quiz1/data/query/horse/00092.png,horse,5,/home/emily/MMIP/week5/quiz1/data/gallery/horse/00166.png,horse,0.839120
/home/emily/MMIP/week5/quiz1/data/query/horse/00093.png,horse,1,/home/emily/MMIP/week5/quiz1/data/gallery/dog/00685.png,dog,0.822854
/home/emily/MMIP/week5/quiz1/data/query/horse/00093.png,horse,2,/home/emily/MMIP/week5/quiz1/data/gallery/deer/00269.png,deer,0.821463
/home/emily/MMIP/week5/quiz1/data/query/horse/00093.png,horse,3,/home/emily/MMIP/week5/quiz1/data/gallery/horse/00845.png,horse,0.819262
/home/emily/MMIP/week5/quiz1/data/query/horse/00093.png,horse,4,/home/emily/MMIP/week5/quiz1/data/gallery/horse/00525.png,horse,0.818641
/home/emily/MMIP/week5/quiz1/data/query/horse/00093.png,horse,5,/home/emily/MMIP/week5/quiz1/data/gallery/horse/00069.png,horse,0.817541
/home/emily/MMIP/week5/quiz1/data/query/horse/00094.png,horse,1,/home/emily/MMIP/week5/quiz1/data/gallery/horse/00585.png,horse,0.859711
/home/emily/MMIP/week5/quiz1/data/query/horse/00094.png,horse,2,/home/emily/MMIP/week5/quiz1/data/gallery/horse/00251.png,horse,0.844142
/home/emily/MMIP/week5/quiz1/data/query/horse/00094.png,horse,3,/home/emily/MMIP/week5/quiz1/data/gallery/horse/00766.png,horse,0.838773
/home/emily/MMIP/week5/quiz1/data/query/horse/00094.png,horse,4,/home/emily/MMIP/week5/quiz1/data/gallery/horse/00628.png,horse,0.838406
/home/emily/MMIP/week5/quiz1/data/query/horse/00094.png,horse,5,/home/emily/MMIP/week5/quiz1/data/gallery/horse/00168.png,horse,0.832188
/home/emily/MMIP/week5/quiz1/data/query/horse/00095.png,horse,1,/home/emily/MMIP/week5/quiz1/data/gallery/bird/00226.png,bird,0.808584
/home/emily/MMIP/week5/quiz1/data/query/horse/00095.png,horse,2,/home/emily/MMIP/week5/quiz1/data/gallery/dog/00483.png,dog,0.808375
/home/emily/MMIP/week5/quiz1/data/query/horse/00095.png,horse,3,/home/emily/MMIP/week5/quiz1/data/gallery/cat/00992.png,cat,0.807526
/home/emily/MMIP/week5/quiz1/data/query/horse/00095.png,horse,4,/home/emily/MMIP/week5/quiz1/data/gallery/horse/00282.png,horse,0.806685
/home/emily/MMIP/week5/quiz1/data/query/horse/00095.png,horse,5,/home/emily/MMIP/week5/quiz1/data/gallery/horse/00719.png,horse,0.805160
/home/emily/MMIP/week5/quiz1/data/query/horse/00096.png,horse,1,/home/emily/MMIP/week5/quiz1/data/gallery/horse/00087.png,horse,0.854499
/home/emily/MMIP/week5/quiz1/data/query/horse/00096.png,horse,2,/home/emily/MMIP/week5/quiz1/data/gallery/horse/00235.png,horse,0.852389
/home/emily/MMIP/week5/quiz1/data/query/horse/00096.png,horse,3,/home/emily/MMIP/week5/quiz1/data/gallery/horse/00833.png,horse,0.844363
/home/emily/MMIP/week5/quiz1/data/query/horse/00096.png,horse,4,/home/emily/MMIP/week5/quiz1/data/gallery/horse/00006.png,horse,0.843089
/home/emily/MMIP/week5/quiz1/data/query/horse/00096.png,horse,5,/home/emily/MMIP/week5/quiz1/data/gallery/horse/00938.png,horse,0.840764
/home/emily/MMIP/week5/quiz1/data/query/horse/00097.png,horse,1,/home/emily/MMIP/week5/quiz1/data/gallery/horse/00327.png,horse,0.858959
/home/emily/MMIP/week5/quiz1/data/query/horse/00097.png,horse,2,/home/emily/MMIP/week5/quiz1/data/gallery/horse/00782.png,horse,0.856827
/home/emily/MMIP/week5/quiz1/data/query/horse/00097.png,horse,3,/home/emily/MMIP/week5/quiz1/data/gallery/horse/00112.png,horse,0.850761
/home/emily/MMIP/week5/quiz1/data/query/horse/00097.png,horse,4,/home/emily/MMIP/week5/quiz1/data/gallery/horse/00314.png,horse,0.849976
/home/emily/MMIP/week5/quiz1/data/query/horse/00097.png,horse,5,/home/emily/MMIP/week5/quiz1/data/gallery/horse/00829.png,horse,0.848219
/home/emily/MMIP/week5/quiz1/data/query/horse/00098.png,horse,1,/home/emily/MMIP/week5/quiz1/data/gallery/horse/00974.png,horse,0.899246
/home/emily/MMIP/week5/quiz1/data/query/horse/00098.png,horse,2,/home/emily/MMIP/week5/quiz1/data/gallery/horse/00324.png,horse,0.897322
/home/emily/MMIP/week5/quiz1/data/query/horse/00098.png,horse,3,/home/emily/MMIP/week5/quiz1/data/gallery/horse/00207.png,horse,0.895564
/home/emily/MMIP/week5/quiz1/data/query/horse/00098.png,horse,4,/home/emily/MMIP/week5/quiz1/data/gallery/horse/00641.png,horse,0.891224
/home/emily/MMIP/week5/quiz1/data/query/horse/00098.png,horse,5,/home/emily/MMIP/week5/quiz1/data/gallery/horse/00082.png,horse,0.889769
/home/emily/MMIP/week5/quiz1/data/query/horse/00099.png,horse,1,/home/emily/MMIP/week5/quiz1/data/gallery/horse/00944.png,horse,0.844641
/home/emily/MMIP/week5/quiz1/data/query/horse/00099.png,horse,2,/home/emily/MMIP/week5/quiz1/data/gallery/horse/00594.png,horse,0.839484
/home/emily/MMIP/week5/quiz1/data/query/horse/00099.png,horse,3,/home/emily/MMIP/week5/quiz1/data/gallery/horse/00961.png,horse,0.837560
/home/emily/MMIP/week5/quiz1/data/query/horse/00099.png,horse,4,/home/emily/MMIP/week5/quiz1/data/gallery/horse/00365.png,horse,0.837474
/home/emily/MMIP/week5/quiz1/data/query/horse/00099.png,horse,5,/home/emily/MMIP/week5/quiz1/data/gallery/horse/00322.png,horse,0.829768
/home/emily/MMIP/week5/quiz1/data/query/ship/00000.png,ship,1,/home/emily/MMIP/week5/quiz1/data/gallery/ship/00202.png,ship,0.888197
/home/emily/MMIP/week5/quiz1/data/query/ship/00000.png,ship,2,/home/emily/MMIP/week5/quiz1/data/gallery/ship/00403.png,ship,0.887638
/home/emily/MMIP/week5/quiz1/data/query/ship/00000.png,ship,3,/home/emily/MMIP/week5/quiz1/data/gallery/ship/00531.png,ship,0.884348
/home/emily/MMIP/week5/quiz1/data/query/ship/00000.png,ship,4,/home/emily/MMIP/week5/quiz1/data/gallery/ship/00501.png,ship,0.884066
/home/emily/MMIP/week5/quiz1/data/query/ship/00000.png,ship,5,/home/emily/MMIP/week5/quiz1/data/gallery/ship/00203.png,ship,0.883332
/home/emily/MMIP/week5/quiz1/data/query/ship/00001.png,ship,1,/home/emily/MMIP/week5/quiz1/data/gallery/ship/00459.png,ship,0.843942
/home/emily/MMIP/week5/quiz1/data/query/ship/00001.png,ship,2,/home/emily/MMIP/week5/quiz1/data/gallery/ship/00857.png,ship,0.843920
/home/emily/MMIP/week5/quiz1/data/query/ship/00001.png,ship,3,/home/emily/MMIP/week5/quiz1/data/gallery/ship/00124.png,ship,0.842494
/home/emily/MMIP/week5/quiz1/data/query/ship/00001.png,ship,4,/home/emily/MMIP/week5/quiz1/data/gallery/ship/00483.png,ship,0.837217
/home/emily/MMIP/week5/quiz1/data/query/ship/00001.png,ship,5,/home/emily/MMIP/week5/quiz1/data/gallery/ship/00666.png,ship,0.834701
/home/emily/MMIP/week5/quiz1/data/query/ship/00002.png,ship,1,/home/emily/MMIP/week5/quiz1/data/gallery/ship/00837.png,ship,0.843031
/home/emily/MMIP/week5/quiz1/data/query/ship/00002.png,ship,2,/home/emily/MMIP/week5/quiz1/data/gallery/ship/00281.png,ship,0.839389
/home/emily/MMIP/week5/quiz1/data/query/ship/00002.png,ship,3,/home/emily/MMIP/week5/quiz1/data/gallery/ship/00695.png,ship,0.838526
/home/emily/MMIP/week5/quiz1/data/query/ship/00002.png,ship,4,/home/emily/MMIP/week5/quiz1/data/gallery/ship/00805.png,ship,0.832728
/home/emily/MMIP/week5/quiz1/data/query/ship/00002.png,ship,5,/home/emily/MMIP/week5/quiz1/data/gallery/ship/00874.png,ship,0.831046
/home/emily/MMIP/week5/quiz1/data/query/ship/00003.png,ship,1,/home/emily/MMIP/week5/quiz1/data/gallery/ship/00351.png,ship,0.922579
/home/emily/MMIP/week5/quiz1/data/query/ship/00003.png,ship,2,/home/emily/MMIP/week5/quiz1/data/gallery/ship/00841.png,ship,0.917299
/home/emily/MMIP/week5/quiz1/data/query/ship/00003.png,ship,3,/home/emily/MMIP/week5/quiz1/data/gallery/ship/00180.png,ship,0.911591
/home/emily/MMIP/week5/quiz1/data/query/ship/00003.png,ship,4,/home/emily/MMIP/week5/quiz1/data/gallery/ship/00661.png,ship,0.911439
/home/emily/MMIP/week5/quiz1/data/query/ship/00003.png,ship,5,/home/emily/MMIP/week5/quiz1/data/gallery/ship/00061.png,ship,0.911057
/home/emily/MMIP/week5/quiz1/data/query/ship/00004.png,ship,1,/home/emily/MMIP/week5/quiz1/data/gallery/ship/00174.png,ship,0.890401
/home/emily/MMIP/week5/quiz1/data/query/ship/00004.png,ship,2,/home/emily/MMIP/week5/quiz1/data/gallery/ship/00005.png,ship,0.883072
/home/emily/MMIP/week5/quiz1/data/query/ship/00004.png,ship,3,/home/emily/MMIP/week5/quiz1/data/gallery/ship/00586.png,ship,0.882851
/home/emily/MMIP/week5/quiz1/data/query/ship/00004.png,ship,4,/home/emily/MMIP/week5/quiz1/data/gallery/ship/00340.png,ship,0.882213
/home/emily/MMIP/week5/quiz1/data/query/ship/00004.png,ship,5,/home/emily/MMIP/week5/quiz1/data/gallery/ship/00069.png,ship,0.879691
/home/emily/MMIP/week5/quiz1/data/query/ship/00005.png,ship,1,/home/emily/MMIP/week5/quiz1/data/gallery/ship/00776.png,ship,0.919933
/home/emily/MMIP/week5/quiz1/data/query/ship/00005.png,ship,2,/home/emily/MMIP/week5/quiz1/data/gallery/ship/00466.png,ship,0.914818
/home/emily/MMIP/week5/quiz1/data/query/ship/00005.png,ship,3,/home/emily/MMIP/week5/quiz1/data/gallery/ship/00009.png,ship,0.912879
/home/emily/MMIP/week5/quiz1/data/query/ship/00005.png,ship,4,/home/emily/MMIP/week5/quiz1/data/gallery/ship/00703.png,ship,0.909782
/home/emily/MMIP/week5/quiz1/data/query/ship/00005.png,ship,5,/home/emily/MMIP/week5/quiz1/data/gallery/ship/00734.png,ship,0.906463
/home/emily/MMIP/week5/quiz1/data/query/ship/00006.png,ship,1,/home/emily/MMIP/week5/quiz1/data/gallery/ship/00053.png,ship,0.833690
/home/emily/MMIP/week5/quiz1/data/query/ship/00006.png,ship,2,/home/emily/MMIP/week5/quiz1/data/gallery/ship/00871.png,ship,0.832439
/home/emily/MMIP/week5/quiz1/data/query/ship/00006.png,ship,3,/home/emily/MMIP/week5/quiz1/data/gallery/ship/00177.png,ship,0.826337
/home/emily/MMIP/week5/quiz1/data/query/ship/00006.png,ship,4,/home/emily/MMIP/week5/quiz1/data/gallery/ship/00543.png,ship,0.826162
/home/emily/MMIP/week5/quiz1/data/query/ship/00006.png,ship,5,/home/emily/MMIP/week5/quiz1/data/gallery/ship/00757.png,ship,0.825550
/home/emily/MMIP/week5/quiz1/data/query/ship/00007.png,ship,1,/home/emily/MMIP/week5/quiz1/data/gallery/ship/00023.png,ship,0.893142
/home/emily/MMIP/week5/quiz1/data/query/ship/00007.png,ship,2,/home/emily/MMIP/week5/quiz1/data/gallery/ship/00149.png,ship,0.872205
/home/emily/MMIP/week5/quiz1/data/query/ship/00007.png,ship,3,/home/emily/MMIP/week5/quiz1/data/gallery/ship/00622.png,ship,0.868410
/home/emily/MMIP/week5/quiz1/data/query/ship/00007.png,ship,4,/home/emily/MMIP/week5/quiz1/data/gallery/ship/00170.png,ship,0.868120
/home/emily/MMIP/week5/quiz1/data/query/ship/00007.png,ship,5,/home/emily/MMIP/week5/quiz1/data/gallery/ship/00740.png,ship,0.868075
/home/emily/MMIP/week5/quiz1/data/query/ship/00008.png,ship,1,/home/emily/MMIP/week5/quiz1/data/gallery/ship/00174.png,ship,0.925908
/home/emily/MMIP/week5/quiz1/data/query/ship/00008.png,ship,2,/home/emily/MMIP/week5/quiz1/data/gallery/ship/00036.png,ship,0.919296
/home/emily/MMIP/week5/quiz1/data/query/ship/00008.png,ship,3,/home/emily/MMIP/week5/quiz1/data/gallery/ship/00140.png,ship,0.918982
/home/emily/MMIP/week5/quiz1/data/query/ship/00008.png,ship,4,/home/emily/MMIP/week5/quiz1/data/gallery/ship/00067.png,ship,0.918868
/home/emily/MMIP/week5/quiz1/data/query/ship/00008.png,ship,5,/home/emily/MMIP/week5/quiz1/data/gallery/ship/00848.png,ship,0.918858
/home/emily/MMIP/week5/quiz1/data/query/ship/00009.png,ship,1,/home/emily/MMIP/week5/quiz1/data/gallery/airplane/00517.png,airplane,0.858536
/home/emily/MMIP/week5/quiz1/data/query/ship/00009.png,ship,2,/home/emily/MMIP/week5/quiz1/data/gallery/ship/00674.png,ship,0.849003
/home/emily/MMIP/week5/quiz1/data/query/ship/00009.png,ship,3,/home/emily/MMIP/week5/quiz1/data/gallery/ship/00156.png,ship,0.847883
/home/emily/MMIP/week5/quiz1/data/query/ship/00009.png,ship,4,/home/emily/MMIP/week5/quiz1/data/gallery/ship/00478.png,ship,0.840422
/home/emily/MMIP/week5/quiz1/data/query/ship/00009.png,ship,5,/home/emily/MMIP/week5/quiz1/data/gallery/ship/00595.png,ship,0.837400
/home/emily/MMIP/week5/quiz1/data/query/ship/00010.png,ship,1,/home/emily/MMIP/week5/quiz1/data/gallery/ship/00126.png,ship,0.922304
/home/emily/MMIP/week5/quiz1/data/query/ship/00010.png,ship,2,/home/emily/MMIP/week5/quiz1/data/gallery/ship/00377.png,ship,0.921834
/home/emily/MMIP/week5/quiz1/data/query/ship/00010.png,ship,3,/home/emily/MMIP/week5/quiz1/data/gallery/ship/00848.png,ship,0.920769
/home/emily/MMIP/week5/quiz1/data/query/ship/00010.png,ship,4,/home/emily/MMIP/week5/quiz1/data/gallery/ship/00486.png,ship,0.917724
/home/emily/MMIP/week5/quiz1/data/query/ship/00010.png,ship,5,/home/emily/MMIP/week5/quiz1/data/gallery/ship/00764.png,ship,0.917620
/home/emily/MMIP/week5/quiz1/data/query/ship/00011.png,ship,1,/home/emily/MMIP/week5/quiz1/data/gallery/ship/00595.png,ship,0.816640
/home/emily/MMIP/week5/quiz1/data/query/ship/00011.png,ship,2,/home/emily/MMIP/week5/quiz1/data/gallery/ship/00892.png,ship,0.813168
/home/emily/MMIP/week5/quiz1/data/query/ship/00011.png,ship,3,/home/emily/MMIP/week5/quiz1/data/gallery/ship/00668.png,ship,0.812652
/home/emily/MMIP/week5/quiz1/data/query/ship/00011.png,ship,4,/home/emily/MMIP/week5/quiz1/data/gallery/ship/00113.png,ship,0.809948
/home/emily/MMIP/week5/quiz1/data/query/ship/00011.png,ship,5,/home/emily/MMIP/week5/quiz1/data/gallery/ship/00508.png,ship,0.809842
/home/emily/MMIP/week5/quiz1/data/query/ship/00012.png,ship,1,/home/emily/MMIP/week5/quiz1/data/gallery/ship/00810.png,ship,0.860613
/home/emily/MMIP/week5/quiz1/data/query/ship/00012.png,ship,2,/home/emily/MMIP/week5/quiz1/data/gallery/ship/00931.png,ship,0.856224
/home/emily/MMIP/week5/quiz1/data/query/ship/00012.png,ship,3,/home/emily/MMIP/week5/quiz1/data/gallery/ship/00334.png,ship,0.855669
/home/emily/MMIP/week5/quiz1/data/query/ship/00012.png,ship,4,/home/emily/MMIP/week5/quiz1/data/gallery/ship/00269.png,ship,0.855222
/home/emily/MMIP/week5/quiz1/data/query/ship/00012.png,ship,5,/home/emily/MMIP/week5/quiz1/data/gallery/ship/00881.png,ship,0.854286
/home/emily/MMIP/week5/quiz1/data/query/ship/00013.png,ship,1,/home/emily/MMIP/week5/quiz1/data/gallery/ship/00107.png,ship,0.876601
/home/emily/MMIP/week5/quiz1/data/query/ship/00013.png,ship,2,/home/emily/MMIP/week5/quiz1/data/gallery/ship/00109.png,ship,0.868605
/home/emily/MMIP/week5/quiz1/data/query/ship/00013.png,ship,3,/home/emily/MMIP/week5/quiz1/data/gallery/ship/00300.png,ship,0.864666
/home/emily/MMIP/week5/quiz1/data/query/ship/00013.png,ship,4,/home/emily/MMIP/week5/quiz1/data/gallery/ship/00726.png,ship,0.864106
/home/emily/MMIP/week5/quiz1/data/query/ship/00013.png,ship,5,/home/emily/MMIP/week5/quiz1/data/gallery/ship/00652.png,ship,0.861581
/home/emily/MMIP/week5/quiz1/data/query/ship/00014.png,ship,1,/home/emily/MMIP/week5/quiz1/data/gallery/ship/00076.png,ship,0.899376
/home/emily/MMIP/week5/quiz1/data/query/ship/00014.png,ship,2,/home/emily/MMIP/week5/quiz1/data/gallery/ship/00180.png,ship,0.894291
/home/emily/MMIP/week5/quiz1/data/query/ship/00014.png,ship,3,/home/emily/MMIP/week5/quiz1/data/gallery/ship/00061.png,ship,0.893342
/home/emily/MMIP/week5/quiz1/data/query/ship/00014.png,ship,4,/home/emily/MMIP/week5/quiz1/data/gallery/ship/00661.png,ship,0.890860
/home/emily/MMIP/week5/quiz1/data/query/ship/00014.png,ship,5,/home/emily/MMIP/week5/quiz1/data/gallery/ship/00610.png,ship,0.885969
/home/emily/MMIP/week5/quiz1/data/query/ship/00015.png,ship,1,/home/emily/MMIP/week5/quiz1/data/gallery/ship/00257.png,ship,0.887362
/home/emily/MMIP/week5/quiz1/data/query/ship/00015.png,ship,2,/home/emily/MMIP/week5/quiz1/data/gallery/ship/00705.png,ship,0.885034
/home/emily/MMIP/week5/quiz1/data/query/ship/00015.png,ship,3,/home/emily/MMIP/week5/quiz1/data/gallery/ship/00223.png,ship,0.885009
/home/emily/MMIP/week5/quiz1/data/query/ship/00015.png,ship,4,/home/emily/MMIP/week5/quiz1/data/gallery/ship/00937.png,ship,0.884652
/home/emily/MMIP/week5/quiz1/data/query/ship/00015.png,ship,5,/home/emily/MMIP/week5/quiz1/data/gallery/ship/00712.png,ship,0.883470
/home/emily/MMIP/week5/quiz1/data/query/ship/00016.png,ship,1,/home/emily/MMIP/week5/quiz1/data/gallery/ship/00189.png,ship,0.876114
/home/emily/MMIP/week5/quiz1/data/query/ship/00016.png,ship,2,/home/emily/MMIP/week5/quiz1/data/gallery/ship/00573.png,ship,0.873031
/home/emily/MMIP/week5/quiz1/data/query/ship/00016.png,ship,3,/home/emily/MMIP/week5/quiz1/data/gallery/ship/00119.png,ship,0.873006
/home/emily/MMIP/week5/quiz1/data/query/ship/00016.png,ship,4,/home/emily/MMIP/week5/quiz1/data/gallery/ship/00930.png,ship,0.871922
/home/emily/MMIP/week5/quiz1/data/query/ship/00016.png,ship,5,/home/emily/MMIP/week5/quiz1/data/gallery/ship/00849.png,ship,0.870537
/home/emily/MMIP/week5/quiz1/data/query/ship/00017.png,ship,1,/home/emily/MMIP/week5/quiz1/data/gallery/ship/00304.png,ship,0.923205
/home/emily/MMIP/week5/quiz1/data/query/ship/00017.png,ship,2,/home/emily/MMIP/week5/quiz1/data/gallery/ship/00262.png,ship,0.919773
/home/emily/MMIP/week5/quiz1/data/query/ship/00017.png,ship,3,/home/emily/MMIP/week5/quiz1/data/gallery/ship/00458.png,ship,0.919555
/home/emily/MMIP/week5/quiz1/data/query/ship/00017.png,ship,4,/home/emily/MMIP/week5/quiz1/data/gallery/ship/00158.png,ship,0.918712
/home/emily/MMIP/week5/quiz1/data/query/ship/00017.png,ship,5,/home/emily/MMIP/week5/quiz1/data/gallery/ship/00181.png,ship,0.918518
/home/emily/MMIP/week5/quiz1/data/query/ship/00018.png,ship,1,/home/emily/MMIP/week5/quiz1/data/gallery/ship/00087.png,ship,0.893051
/home/emily/MMIP/week5/quiz1/data/query/ship/00018.png,ship,2,/home/emily/MMIP/week5/quiz1/data/gallery/ship/00117.png,ship,0.891682
/home/emily/MMIP/week5/quiz1/data/query/ship/00018.png,ship,3,/home/emily/MMIP/week5/quiz1/data/gallery/ship/00385.png,ship,0.887821
/home/emily/MMIP/week5/quiz1/data/query/ship/00018.png,ship,4,/home/emily/MMIP/week5/quiz1/data/gallery/ship/00466.png,ship,0.885977
/home/emily/MMIP/week5/quiz1/data/query/ship/00018.png,ship,5,/home/emily/MMIP/week5/quiz1/data/gallery/ship/00272.png,ship,0.885449
/home/emily/MMIP/week5/quiz1/data/query/ship/00019.png,ship,1,/home/emily/MMIP/week5/quiz1/data/gallery/airplane/00517.png,airplane,0.845838
/home/emily/MMIP/week5/quiz1/data/query/ship/00019.png,ship,2,/home/emily/MMIP/week5/quiz1/data/gallery/ship/00292.png,ship,0.842022
/home/emily/MMIP/week5/quiz1/data/query/ship/00019.png,ship,3,/home/emily/MMIP/week5/quiz1/data/gallery/ship/00895.png,ship,0.839852
/home/emily/MMIP/week5/quiz1/data/query/ship/00019.png,ship,4,/home/emily/MMIP/week5/quiz1/data/gallery/airplane/00724.png,airplane,0.839690
/home/emily/MMIP/week5/quiz1/data/query/ship/00019.png,ship,5,/home/emily/MMIP/week5/quiz1/data/gallery/ship/00542.png,ship,0.837600
/home/emily/MMIP/week5/quiz1/data/query/ship/00020.png,ship,1,/home/emily/MMIP/week5/quiz1/data/gallery/airplane/00385.png,airplane,0.852418
/home/emily/MMIP/week5/quiz1/data/query/ship/00020.png,ship,2,/home/emily/MMIP/week5/quiz1/data/gallery/airplane/00886.png,airplane,0.846946
/home/emily/MMIP/week5/quiz1/data/query/ship/00020.png,ship,3,/home/emily/MMIP/week5/quiz1/data/gallery/airplane/00556.png,airplane,0.846762
/home/emily/MMIP/week5/quiz1/data/query/ship/00020.png,ship,4,/home/emily/MMIP/week5/quiz1/data/gallery/airplane/00359.png,airplane,0.844595
/home/emily/MMIP/week5/quiz1/data/query/ship/00020.png,ship,5,/home/emily/MMIP/week5/quiz1/data/gallery/airplane/00963.png,airplane,0.842666
/home/emily/MMIP/week5/quiz1/data/query/ship/00021.png,ship,1,/home/emily/MMIP/week5/quiz1/data/gallery/ship/00092.png,ship,0.858424
/home/emily/MMIP/week5/quiz1/data/query/ship/00021.png,ship,2,/home/emily/MMIP/week5/quiz1/data/gallery/ship/00652.png,ship,0.853112
/home/emily/MMIP/week5/quiz1/data/query/ship/00021.png,ship,3,/home/emily/MMIP/week5/quiz1/data/gallery/ship/00892.png,ship,0.850827
/home/emily/MMIP/week5/quiz1/data/query/ship/00021.png,ship,4,/home/emily/MMIP/week5/quiz1/data/gallery/ship/00110.png,ship,0.850143
/home/emily/MMIP/week5/quiz1/data/query/ship/00021.png,ship,5,/home/emily/MMIP/week5/quiz1/data/gallery/ship/00863.png,ship,0.849048
/home/emily/MMIP/week5/quiz1/data/query/ship/00022.png,ship,1,/home/emily/MMIP/week5/quiz1/data/gallery/ship/00312.png,ship,0.839294
/home/emily/MMIP/week5/quiz1/data/query/ship/00022.png,ship,2,/home/emily/MMIP/week5/quiz1/data/gallery/ship/00686.png,ship,0.838100
/home/emily/MMIP/week5/quiz1/data/query/ship/00022.png,ship,3,/home/emily/MMIP/week5/quiz1/data/gallery/ship/00179.png,ship,0.831755
/home/emily/MMIP/week5/quiz1/data/query/ship/00022.png,ship,4,/home/emily/MMIP/week5/quiz1/data/gallery/ship/00964.png,ship,0.831744
/home/emily/MMIP/week5/quiz1/data/query/ship/00022.png,ship,5,/home/emily/MMIP/week5/quiz1/data/gallery/ship/00185.png,ship,0.826469
/home/emily/MMIP/week5/quiz1/data/query/ship/00023.png,ship,1,/home/emily/MMIP/week5/quiz1/data/gallery/ship/00506.png,ship,0.905196
/home/emily/MMIP/week5/quiz1/data/query/ship/00023.png,ship,2,/home/emily/MMIP/week5/quiz1/data/gallery/ship/00792.png,ship,0.899933
/home/emily/MMIP/week5/quiz1/data/query/ship/00023.png,ship,3,/home/emily/MMIP/week5/quiz1/data/gallery/ship/00839.png,ship,0.899300
/home/emily/MMIP/week5/quiz1/data/query/ship/00023.png,ship,4,/home/emily/MMIP/week5/quiz1/data/gallery/ship/00754.png,ship,0.897622
/home/emily/MMIP/week5/quiz1/data/query/ship/00023.png,ship,5,/home/emily/MMIP/week5/quiz1/data/gallery/ship/00414.png,ship,0.896320
/home/emily/MMIP/week5/quiz1/data/query/ship/00024.png,ship,1,/home/emily/MMIP/week5/quiz1/data/gallery/ship/00700.png,ship,0.892326
/home/emily/MMIP/week5/quiz1/data/query/ship/00024.png,ship,2,/home/emily/MMIP/week5/quiz1/data/gallery/ship/00691.png,ship,0.885564
/home/emily/MMIP/week5/quiz1/data/query/ship/00024.png,ship,3,/home/emily/MMIP/week5/quiz1/data/gallery/ship/00347.png,ship,0.884617
/home/emily/MMIP/week5/quiz1/data/query/ship/00024.png,ship,4,/home/emily/MMIP/week5/quiz1/data/gallery/ship/00572.png,ship,0.883502
/home/emily/MMIP/week5/quiz1/data/query/ship/00024.png,ship,5,/home/emily/MMIP/week5/quiz1/data/gallery/ship/00977.png,ship,0.883033
/home/emily/MMIP/week5/quiz1/data/query/ship/00025.png,ship,1,/home/emily/MMIP/week5/quiz1/data/gallery/ship/00306.png,ship,0.891710
/home/emily/MMIP/week5/quiz1/data/query/ship/00025.png,ship,2,/home/emily/MMIP/week5/quiz1/data/gallery/ship/00551.png,ship,0.891694
/home/emily/MMIP/week5/quiz1/data/query/ship/00025.png,ship,3,/home/emily/MMIP/week5/quiz1/data/gallery/ship/00919.png,ship,0.888124
/home/emily/MMIP/week5/quiz1/data/query/ship/00025.png,ship,4,/home/emily/MMIP/week5/quiz1/data/gallery/ship/00848.png,ship,0.887010
/home/emily/MMIP/week5/quiz1/data/query/ship/00025.png,ship,5,/home/emily/MMIP/week5/quiz1/data/gallery/ship/00504.png,ship,0.885699
/home/emily/MMIP/week5/quiz1/data/query/ship/00026.png,ship,1,/home/emily/MMIP/week5/quiz1/data/gallery/ship/00589.png,ship,0.858781
/home/emily/MMIP/week5/quiz1/data/query/ship/00026.png,ship,2,/home/emily/MMIP/week5/quiz1/data/gallery/ship/00732.png,ship,0.857609
/home/emily/MMIP/week5/quiz1/data/query/ship/00026.png,ship,3,/home/emily/MMIP/week5/quiz1/data/gallery/ship/00285.png,ship,0.844179
/home/emily/MMIP/week5/quiz1/data/query/ship/00026.png,ship,4,/home/emily/MMIP/week5/quiz1/data/gallery/ship/00877.png,ship,0.843355
/home/emily/MMIP/week5/quiz1/data/query/ship/00026.png,ship,5,/home/emily/MMIP/week5/quiz1/data/gallery/ship/00863.png,ship,0.841219
/home/emily/MMIP/week5/quiz1/data/query/ship/00027.png,ship,1,/home/emily/MMIP/week5/quiz1/data/gallery/ship/00911.png,ship,0.853712
/home/emily/MMIP/week5/quiz1/data/query/ship/00027.png,ship,2,/home/emily/MMIP/week5/quiz1/data/gallery/ship/00096.png,ship,0.851059
/home/emily/MMIP/week5/quiz1/data/query/ship/00027.png,ship,3,/home/emily/MMIP/week5/quiz1/data/gallery/ship/00655.png,ship,0.848420
/home/emily/MMIP/week5/quiz1/data/query/ship/00027.png,ship,4,/home/emily/MMIP/week5/quiz1/data/gallery/ship/00620.png,ship,0.848366
/home/emily/MMIP/week5/quiz1/data/query/ship/00027.png,ship,5,/home/emily/MMIP/week5/quiz1/data/gallery/ship/00209.png,ship,0.848302
/home/emily/MMIP/week5/quiz1/data/query/ship/00028.png,ship,1,/home/emily/MMIP/week5/quiz1/data/gallery/ship/00606.png,ship,0.935680
/home/emily/MMIP/week5/quiz1/data/query/ship/00028.png,ship,2,/home/emily/MMIP/week5/quiz1/data/gallery/ship/00450.png,ship,0.931649
/home/emily/MMIP/week5/quiz1/data/query/ship/00028.png,ship,3,/home/emily/MMIP/week5/quiz1/data/gallery/ship/00005.png,ship,0.926171
/home/emily/MMIP/week5/quiz1/data/query/ship/00028.png,ship,4,/home/emily/MMIP/week5/quiz1/data/gallery/ship/00061.png,ship,0.912094
/home/emily/MMIP/week5/quiz1/data/query/ship/00028.png,ship,5,/home/emily/MMIP/week5/quiz1/data/gallery/ship/00598.png,ship,0.911984
/home/emily/MMIP/week5/quiz1/data/query/ship/00029.png,ship,1,/home/emily/MMIP/week5/quiz1/data/gallery/ship/00357.png,ship,0.880976
/home/emily/MMIP/week5/quiz1/data/query/ship/00029.png,ship,2,/home/emily/MMIP/week5/quiz1/data/gallery/ship/00153.png,ship,0.876289
/home/emily/MMIP/week5/quiz1/data/query/ship/00029.png,ship,3,/home/emily/MMIP/week5/quiz1/data/gallery/ship/00566.png,ship,0.867323
/home/emily/MMIP/week5/quiz1/data/query/ship/00029.png,ship,4,/home/emily/MMIP/week5/quiz1/data/gallery/ship/00911.png,ship,0.866022
/home/emily/MMIP/week5/quiz1/data/query/ship/00029.png,ship,5,/home/emily/MMIP/week5/quiz1/data/gallery/ship/00533.png,ship,0.865338
/home/emily/MMIP/week5/quiz1/data/query/ship/00030.png,ship,1,/home/emily/MMIP/week5/quiz1/data/gallery/ship/00738.png,ship,0.848688
/home/emily/MMIP/week5/quiz1/data/query/ship/00030.png,ship,2,/home/emily/MMIP/week5/quiz1/data/gallery/ship/00599.png,ship,0.847312
/home/emily/MMIP/week5/quiz1/data/query/ship/00030.png,ship,3,/home/emily/MMIP/week5/quiz1/data/gallery/ship/00497.png,ship,0.841844
/home/emily/MMIP/week5/quiz1/data/query/ship/00030.png,ship,4,/home/emily/MMIP/week5/quiz1/data/gallery/ship/00699.png,ship,0.840327
/home/emily/MMIP/week5/quiz1/data/query/ship/00030.png,ship,5,/home/emily/MMIP/week5/quiz1/data/gallery/ship/00334.png,ship,0.839166
/home/emily/MMIP/week5/quiz1/data/query/ship/00031.png,ship,1,/home/emily/MMIP/week5/quiz1/data/gallery/ship/00753.png,ship,0.913126
/home/emily/MMIP/week5/quiz1/data/query/ship/00031.png,ship,2,/home/emily/MMIP/week5/quiz1/data/gallery/ship/00982.png,ship,0.912902
/home/emily/MMIP/week5/quiz1/data/query/ship/00031.png,ship,3,/home/emily/MMIP/week5/quiz1/data/gallery/ship/00375.png,ship,0.910773
/home/emily/MMIP/week5/quiz1/data/query/ship/00031.png,ship,4,/home/emily/MMIP/week5/quiz1/data/gallery/ship/00623.png,ship,0.908169
/home/emily/MMIP/week5/quiz1/data/query/ship/00031.png,ship,5,/home/emily/MMIP/week5/quiz1/data/gallery/ship/00045.png,ship,0.907194
/home/emily/MMIP/week5/quiz1/data/query/ship/00032.png,ship,1,/home/emily/MMIP/week5/quiz1/data/gallery/ship/00372.png,ship,0.853562
/home/emily/MMIP/week5/quiz1/data/query/ship/00032.png,ship,2,/home/emily/MMIP/week5/quiz1/data/gallery/ship/00820.png,ship,0.842999
/home/emily/MMIP/week5/quiz1/data/query/ship/00032.png,ship,3,/home/emily/MMIP/week5/quiz1/data/gallery/ship/00651.png,ship,0.841414
/home/emily/MMIP/week5/quiz1/data/query/ship/00032.png,ship,4,/home/emily/MMIP/week5/quiz1/data/gallery/ship/00664.png,ship,0.839262
/home/emily/MMIP/week5/quiz1/data/query/ship/00032.png,ship,5,/home/emily/MMIP/week5/quiz1/data/gallery/ship/00316.png,ship,0.838639
/home/emily/MMIP/week5/quiz1/data/query/ship/00033.png,ship,1,/home/emily/MMIP/week5/quiz1/data/gallery/ship/00656.png,ship,0.861799
/home/emily/MMIP/week5/quiz1/data/query/ship/00033.png,ship,2,/home/emily/MMIP/week5/quiz1/data/gallery/ship/00461.png,ship,0.861177
/home/emily/MMIP/week5/quiz1/data/query/ship/00033.png,ship,3,/home/emily/MMIP/week5/quiz1/data/gallery/ship/00357.png,ship,0.861129
/home/emily/MMIP/week5/quiz1/data/query/ship/00033.png,ship,4,/home/emily/MMIP/week5/quiz1/data/gallery/ship/00282.png,ship,0.859541
/home/emily/MMIP/week5/quiz1/data/query/ship/00033.png,ship,5,/home/emily/MMIP/week5/quiz1/data/gallery/ship/00225.png,ship,0.857059
/home/emily/MMIP/week5/quiz1/data/query/ship/00034.png,ship,1,/home/emily/MMIP/week5/quiz1/data/gallery/ship/00763.png,ship,0.840144
/home/emily/MMIP/week5/quiz1/data/query/ship/00034.png,ship,2,/home/emily/MMIP/week5/quiz1/data/gallery/ship/00154.png,ship,0.835354
/home/emily/MMIP/week5/quiz1/data/query/ship/00034.png,ship,3,/home/emily/MMIP/week5/quiz1/data/gallery/ship/00241.png,ship,0.832272
/home/emily/MMIP/week5/quiz1/data/query/ship/00034.png,ship,4,/home/emily/MMIP/week5/quiz1/data/gallery/ship/00620.png,ship,0.829503
/home/emily/MMIP/week5/quiz1/data/query/ship/00034.png,ship,5,/home/emily/MMIP/week5/quiz1/data/gallery/ship/00640.png,ship,0.825959
/home/emily/MMIP/week5/quiz1/data/query/ship/00035.png,ship,1,/home/emily/MMIP/week5/quiz1/data/gallery/ship/00338.png,ship,0.804981
/home/emily/MMIP/week5/quiz1/data/query/ship/00035.png,ship,2,/home/emily/MMIP/week5/quiz1/data/gallery/ship/00843.png,ship,0.794460
/home/emily/MMIP/week5/quiz1/data/query/ship/00035.png,ship,3,/home/emily/MMIP/week5/quiz1/data/gallery/ship/00435.png,ship,0.793793
/home/emily/MMIP/week5/quiz1/data/query/ship/00035.png,ship,4,/home/emily/MMIP/week5/quiz1/data/gallery/dog/00450.png,dog,0.793684
/home/emily/MMIP/week5/quiz1/data/query/ship/00035.png,ship,5,/home/emily/MMIP/week5/quiz1/data/gallery/ship/00229.png,ship,0.793034
/home/emily/MMIP/week5/quiz1/data/query/ship/00036.png,ship,1,/home/emily/MMIP/week5/quiz1/data/gallery/ship/00598.png,ship,0.890782
/home/emily/MMIP/week5/quiz1/data/query/ship/00036.png,ship,2,/home/emily/MMIP/week5/quiz1/data/gallery/ship/00800.png,ship,0.889307
/home/emily/MMIP/week5/quiz1/data/query/ship/00036.png,ship,3,/home/emily/MMIP/week5/quiz1/data/gallery/ship/00180.png,ship,0.889059
/home/emily/MMIP/week5/quiz1/data/query/ship/00036.png,ship,4,/home/emily/MMIP/week5/quiz1/data/gallery/ship/00088.png,ship,0.888357
/home/emily/MMIP/week5/quiz1/data/query/ship/00036.png,ship,5,/home/emily/MMIP/week5/quiz1/data/gallery/ship/00866.png,ship,0.887216
/home/emily/MMIP/week5/quiz1/data/query/ship/00037.png,ship,1,/home/emily/MMIP/week5/quiz1/data/gallery/ship/00163.png,ship,0.852596
/home/emily/MMIP/week5/quiz1/data/query/ship/00037.png,ship,2,/home/emily/MMIP/week5/quiz1/data/gallery/ship/00523.png,ship,0.844213
/home/emily/MMIP/week5/quiz1/data/query/ship/00037.png,ship,3,/home/emily/MMIP/week5/quiz1/data/gallery/ship/00652.png,ship,0.837760
/home/emily/MMIP/week5/quiz1/data/query/ship/00037.png,ship,4,/home/emily/MMIP/week5/quiz1/data/gallery/ship/00601.png,ship,0.836519
/home/emily/MMIP/week5/quiz1/data/query/ship/00037.png,ship,5,/home/emily/MMIP/week5/quiz1/data/gallery/ship/00733.png,ship,0.835538
/home/emily/MMIP/week5/quiz1/data/query/ship/00038.png,ship,1,/home/emily/MMIP/week5/quiz1/data/gallery/ship/00139.png,ship,0.853329
/home/emily/MMIP/week5/quiz1/data/query/ship/00038.png,ship,2,/home/emily/MMIP/week5/quiz1/data/gallery/ship/00064.png,ship,0.842364
/home/emily/MMIP/week5/quiz1/data/query/ship/00038.png,ship,3,/home/emily/MMIP/week5/quiz1/data/gallery/ship/00366.png,ship,0.840172
/home/emily/MMIP/week5/quiz1/data/query/ship/00038.png,ship,4,/home/emily/MMIP/week5/quiz1/data/gallery/ship/00743.png,ship,0.838396
/home/emily/MMIP/week5/quiz1/data/query/ship/00038.png,ship,5,/home/emily/MMIP/week5/quiz1/data/gallery/ship/00528.png,ship,0.834473
/home/emily/MMIP/week5/quiz1/data/query/ship/00039.png,ship,1,/home/emily/MMIP/week5/quiz1/data/gallery/airplane/00603.png,airplane,0.859710
/home/emily/MMIP/week5/quiz1/data/query/ship/00039.png,ship,2,/home/emily/MMIP/week5/quiz1/data/gallery/airplane/00818.png,airplane,0.858058
/home/emily/MMIP/week5/quiz1/data/query/ship/00039.png,ship,3,/home/emily/MMIP/week5/quiz1/data/gallery/airplane/00235.png,airplane,0.856499
/home/emily/MMIP/week5/quiz1/data/query/ship/00039.png,ship,4,/home/emily/MMIP/week5/quiz1/data/gallery/airplane/00385.png,airplane,0.854851
/home/emily/MMIP/week5/quiz1/data/query/ship/00039.png,ship,5,/home/emily/MMIP/week5/quiz1/data/gallery/airplane/00557.png,airplane,0.854485
/home/emily/MMIP/week5/quiz1/data/query/ship/00040.png,ship,1,/home/emily/MMIP/week5/quiz1/data/gallery/ship/00510.png,ship,0.843968
/home/emily/MMIP/week5/quiz1/data/query/ship/00040.png,ship,2,/home/emily/MMIP/week5/quiz1/data/gallery/ship/00449.png,ship,0.843772
/home/emily/MMIP/week5/quiz1/data/query/ship/00040.png,ship,3,/home/emily/MMIP/week5/quiz1/data/gallery/ship/00405.png,ship,0.839920
/home/emily/MMIP/week5/quiz1/data/query/ship/00040.png,ship,4,/home/emily/MMIP/week5/quiz1/data/gallery/ship/00530.png,ship,0.839773
/home/emily/MMIP/week5/quiz1/data/query/ship/00040.png,ship,5,/home/emily/MMIP/week5/quiz1/data/gallery/ship/00892.png,ship,0.837123
/home/emily/MMIP/week5/quiz1/data/query/ship/00041.png,ship,1,/home/emily/MMIP/week5/quiz1/data/gallery/ship/00387.png,ship,0.833233
/home/emily/MMIP/week5/quiz1/data/query/ship/00041.png,ship,2,/home/emily/MMIP/week5/quiz1/data/gallery/ship/00819.png,ship,0.831219
/home/emily/MMIP/week5/quiz1/data/query/ship/00041.png,ship,3,/home/emily/MMIP/week5/quiz1/data/gallery/ship/00563.png,ship,0.830192
/home/emily/MMIP/week5/quiz1/data/query/ship/00041.png,ship,4,/home/emily/MMIP/week5/quiz1/data/gallery/ship/00413.png,ship,0.829678
/home/emily/MMIP/week5/quiz1/data/query/ship/00041.png,ship,5,/home/emily/MMIP/week5/quiz1/data/gallery/ship/00323.png,ship,0.828903
/home/emily/MMIP/week5/quiz1/data/query/ship/00042.png,ship,1,/home/emily/MMIP/week5/quiz1/data/gallery/ship/00017.png,ship,0.919755
/home/emily/MMIP/week5/quiz1/data/query/ship/00042.png,ship,2,/home/emily/MMIP/week5/quiz1/data/gallery/ship/00906.png,ship,0.914978
/home/emily/MMIP/week5/quiz1/data/query/ship/00042.png,ship,3,/home/emily/MMIP/week5/quiz1/data/gallery/ship/00466.png,ship,0.911471
/home/emily/MMIP/week5/quiz1/data/query/ship/00042.png,ship,4,/home/emily/MMIP/week5/quiz1/data/gallery/ship/00099.png,ship,0.908968
/home/emily/MMIP/week5/quiz1/data/query/ship/00042.png,ship,5,/home/emily/MMIP/week5/quiz1/data/gallery/ship/00848.png,ship,0.907288
/home/emily/MMIP/week5/quiz1/data/query/ship/00043.png,ship,1,/home/emily/MMIP/week5/quiz1/data/gallery/ship/00511.png,ship,0.904571
/home/emily/MMIP/week5/quiz1/data/query/ship/00043.png,ship,2,/home/emily/MMIP/week5/quiz1/data/gallery/ship/00833.png,ship,0.901482
/home/emily/MMIP/week5/quiz1/data/query/ship/00043.png,ship,3,/home/emily/MMIP/week5/quiz1/data/gallery/ship/00908.png,ship,0.899164
/home/emily/MMIP/week5/quiz1/data/query/ship/00043.png,ship,4,/home/emily/MMIP/week5/quiz1/data/gallery/ship/00243.png,ship,0.896810
/home/emily/MMIP/week5/quiz1/data/query/ship/00043.png,ship,5,/home/emily/MMIP/week5/quiz1/data/gallery/ship/00279.png,ship,0.896324
/home/emily/MMIP/week5/quiz1/data/query/ship/00044.png,ship,1,/home/emily/MMIP/week5/quiz1/data/gallery/ship/00017.png,ship,0.910275
/home/emily/MMIP/week5/quiz1/data/query/ship/00044.png,ship,2,/home/emily/MMIP/week5/quiz1/data/gallery/ship/00126.png,ship,0.908512
/home/emily/MMIP/week5/quiz1/data/query/ship/00044.png,ship,3,/home/emily/MMIP/week5/quiz1/data/gallery/ship/00158.png,ship,0.907556
/home/emily/MMIP/week5/quiz1/data/query/ship/00044.png,ship,4,/home/emily/MMIP/week5/quiz1/data/gallery/ship/00848.png,ship,0.906526
/home/emily/MMIP/week5/quiz1/data/query/ship/00044.png,ship,5,/home/emily/MMIP/week5/quiz1/data/gallery/ship/00753.png,ship,0.905601
/home/emily/MMIP/week5/quiz1/data/query/ship/00045.png,ship,1,/home/emily/MMIP/week5/quiz1/data/gallery/ship/00870.png,ship,0.868993
/home/emily/MMIP/week5/quiz1/data/query/ship/00045.png,ship,2,/home/emily/MMIP/week5/quiz1/data/gallery/ship/00686.png,ship,0.866121
/home/emily/MMIP/week5/quiz1/data/query/ship/00045.png,ship,3,/home/emily/MMIP/week5/quiz1/data/gallery/ship/00289.png,ship,0.860554
/home/emily/MMIP/week5/quiz1/data/query/ship/00045.png,ship,4,/home/emily/MMIP/week5/quiz1/data/gallery/ship/00363.png,ship,0.857522
/home/emily/MMIP/week5/quiz1/data/query/ship/00045.png,ship,5,/home/emily/MMIP/week5/quiz1/data/gallery/ship/00167.png,ship,0.857120
/home/emily/MMIP/week5/quiz1/data/query/ship/00046.png,ship,1,/home/emily/MMIP/week5/quiz1/data/gallery/ship/00699.png,ship,0.878680
/home/emily/MMIP/week5/quiz1/data/query/ship/00046.png,ship,2,/home/emily/MMIP/week5/quiz1/data/gallery/ship/00461.png,ship,0.865911
/home/emily/MMIP/week5/quiz1/data/query/ship/00046.png,ship,3,/home/emily/MMIP/week5/quiz1/data/gallery/ship/00656.png,ship,0.862979
/home/emily/MMIP/week5/quiz1/data/query/ship/00046.png,ship,4,/home/emily/MMIP/week5/quiz1/data/gallery/ship/00738.png,ship,0.862033
/home/emily/MMIP/week5/quiz1/data/query/ship/00046.png,ship,5,/home/emily/MMIP/week5/quiz1/data/gallery/ship/00245.png,ship,0.861408
/home/emily/MMIP/week5/quiz1/data/query/ship/00047.png,ship,1,/home/emily/MMIP/week5/quiz1/data/gallery/ship/00771.png,ship,0.919859
/home/emily/MMIP/week5/quiz1/data/query/ship/00047.png,ship,2,/home/emily/MMIP/week5/quiz1/data/gallery/ship/00832.png,ship,0.917090
/home/emily/MMIP/week5/quiz1/data/query/ship/00047.png,ship,3,/home/emily/MMIP/week5/quiz1/data/gallery/ship/00424.png,ship,0.914904
/home/emily/MMIP/week5/quiz1/data/query/ship/00047.png,ship,4,/home/emily/MMIP/week5/quiz1/data/gallery/ship/00707.png,ship,0.912222
/home/emily/MMIP/week5/quiz1/data/query/ship/00047.png,ship,5,/home/emily/MMIP/week5/quiz1/data/gallery/ship/00126.png,ship,0.910901
/home/emily/MMIP/week5/quiz1/data/query/ship/00048.png,ship,1,/home/emily/MMIP/week5/quiz1/data/gallery/ship/00619.png,ship,0.851056
/home/emily/MMIP/week5/quiz1/data/query/ship/00048.png,ship,2,/home/emily/MMIP/week5/quiz1/data/gallery/ship/00105.png,ship,0.849022
/home/emily/MMIP/week5/quiz1/data/query/ship/00048.png,ship,3,/home/emily/MMIP/week5/quiz1/data/gallery/ship/00995.png,ship,0.844594
/home/emily/MMIP/week5/quiz1/data/query/ship/00048.png,ship,4,/home/emily/MMIP/week5/quiz1/data/gallery/ship/00782.png,ship,0.842388
/home/emily/MMIP/week5/quiz1/data/query/ship/00048.png,ship,5,/home/emily/MMIP/week5/quiz1/data/gallery/ship/00437.png,ship,0.841066
/home/emily/MMIP/week5/quiz1/data/query/ship/00049.png,ship,1,/home/emily/MMIP/week5/quiz1/data/gallery/ship/00377.png,ship,0.901593
/home/emily/MMIP/week5/quiz1/data/query/ship/00049.png,ship,2,/home/emily/MMIP/week5/quiz1/data/gallery/ship/00866.png,ship,0.901045
/home/emily/MMIP/week5/quiz1/data/query/ship/00049.png,ship,3,/home/emily/MMIP/week5/quiz1/data/gallery/ship/00859.png,ship,0.898306
/home/emily/MMIP/week5/quiz1/data/query/ship/00049.png,ship,4,/home/emily/MMIP/week5/quiz1/data/gallery/ship/00636.png,ship,0.897343
/home/emily/MMIP/week5/quiz1/data/query/ship/00049.png,ship,5,/home/emily/MMIP/week5/quiz1/data/gallery/ship/00221.png,ship,0.897073
/home/emily/MMIP/week5/quiz1/data/query/ship/00050.png,ship,1,/home/emily/MMIP/week5/quiz1/data/gallery/ship/00771.png,ship,0.893524
/home/emily/MMIP/week5/quiz1/data/query/ship/00050.png,ship,2,/home/emily/MMIP/week5/quiz1/data/gallery/ship/00753.png,ship,0.883174
/home/emily/MMIP/week5/quiz1/data/query/ship/00050.png,ship,3,/home/emily/MMIP/week5/quiz1/data/gallery/ship/00466.png,ship,0.881712
/home/emily/MMIP/week5/quiz1/data/query/ship/00050.png,ship,4,/home/emily/MMIP/week5/quiz1/data/gallery/ship/00017.png,ship,0.881432
/home/emily/MMIP/week5/quiz1/data/query/ship/00050.png,ship,5,/home/emily/MMIP/week5/quiz1/data/gallery/ship/00925.png,ship,0.880926
/home/emily/MMIP/week5/quiz1/data/query/ship/00051.png,ship,1,/home/emily/MMIP/week5/quiz1/data/gallery/ship/00984.png,ship,0.921248
/home/emily/MMIP/week5/quiz1/data/query/ship/00051.png,ship,2,/home/emily/MMIP/week5/quiz1/data/gallery/ship/00833.png,ship,0.921106
/home/emily/MMIP/week5/quiz1/data/query/ship/00051.png,ship,3,/home/emily/MMIP/week5/quiz1/data/gallery/ship/00045.png,ship,0.920878
/home/emily/MMIP/week5/quiz1/data/query/ship/00051.png,ship,4,/home/emily/MMIP/week5/quiz1/data/gallery/ship/00405.png,ship,0.910403
/home/emily/MMIP/week5/quiz1/data/query/ship/00051.png,ship,5,/home/emily/MMIP/week5/quiz1/data/gallery/ship/00960.png,ship,0.904647
/home/emily/MMIP/week5/quiz1/data/query/ship/00052.png,ship,1,/home/emily/MMIP/week5/quiz1/data/gallery/ship/00067.png,ship,0.926020
/home/emily/MMIP/week5/quiz1/data/query/ship/00052.png,ship,2,/home/emily/MMIP/week5/quiz1/data/gallery/ship/00126.png,ship,0.921756
/home/emily/MMIP/week5/quiz1/data/query/ship/00052.png,ship,3,/home/emily/MMIP/week5/quiz1/data/gallery/ship/00466.png,ship,0.921298
/home/emily/MMIP/week5/quiz1/data/query/ship/00052.png,ship,4,/home/emily/MMIP/week5/quiz1/data/gallery/ship/00446.png,ship,0.920312
/home/emily/MMIP/week5/quiz1/data/query/ship/00052.png,ship,5,/home/emily/MMIP/week5/quiz1/data/gallery/ship/00027.png,ship,0.919083
/home/emily/MMIP/week5/quiz1/data/query/ship/00053.png,ship,1,/home/emily/MMIP/week5/quiz1/data/gallery/airplane/00478.png,airplane,0.801027
/home/emily/MMIP/week5/quiz1/data/query/ship/00053.png,ship,2,/home/emily/MMIP/week5/quiz1/data/gallery/ship/00355.png,ship,0.800160
/home/emily/MMIP/week5/quiz1/data/query/ship/00053.png,ship,3,/home/emily/MMIP/week5/quiz1/data/gallery/ship/00737.png,ship,0.798984
/home/emily/MMIP/week5/quiz1/data/query/ship/00053.png,ship,4,/home/emily/MMIP/week5/quiz1/data/gallery/ship/00367.png,ship,0.795514
/home/emily/MMIP/week5/quiz1/data/query/ship/00053.png,ship,5,/home/emily/MMIP/week5/quiz1/data/gallery/ship/00502.png,ship,0.794867
/home/emily/MMIP/week5/quiz1/data/query/ship/00054.png,ship,1,/home/emily/MMIP/week5/quiz1/data/gallery/ship/00432.png,ship,0.896716
/home/emily/MMIP/week5/quiz1/data/query/ship/00054.png,ship,2,/home/emily/MMIP/week5/quiz1/data/gallery/ship/00831.png,ship,0.895057
/home/emily/MMIP/week5/quiz1/data/query/ship/00054.png,ship,3,/home/emily/MMIP/week5/quiz1/data/gallery/ship/00859.png,ship,0.882563
/home/emily/MMIP/week5/quiz1/data/query/ship/00054.png,ship,4,/home/emily/MMIP/week5/quiz1/data/gallery/ship/00531.png,ship,0.879576
/home/emily/MMIP/week5/quiz1/data/query/ship/00054.png,ship,5,/home/emily/MMIP/week5/quiz1/data/gallery/ship/00606.png,ship,0.874857
/home/emily/MMIP/week5/quiz1/data/query/ship/00055.png,ship,1,/home/emily/MMIP/week5/quiz1/data/gallery/ship/00347.png,ship,0.892790
/home/emily/MMIP/week5/quiz1/data/query/ship/00055.png,ship,2,/home/emily/MMIP/week5/quiz1/data/gallery/ship/00705.png,ship,0.887921
/home/emily/MMIP/week5/quiz1/data/query/ship/00055.png,ship,3,/home/emily/MMIP/week5/quiz1/data/gallery/ship/00486.png,ship,0.887312
/home/emily/MMIP/week5/quiz1/data/query/ship/00055.png,ship,4,/home/emily/MMIP/week5/quiz1/data/gallery/ship/00255.png,ship,0.884462
/home/emily/MMIP/week5/quiz1/data/query/ship/00055.png,ship,5,/home/emily/MMIP/week5/quiz1/data/gallery/ship/00002.png,ship,0.883920
/home/emily/MMIP/week5/quiz1/data/query/ship/00056.png,ship,1,/home/emily/MMIP/week5/quiz1/data/gallery/ship/00005.png,ship,0.924063
/home/emily/MMIP/week5/quiz1/data/query/ship/00056.png,ship,2,/home/emily/MMIP/week5/quiz1/data/gallery/ship/00723.png,ship,0.913593
/home/emily/MMIP/week5/quiz1/data/query/ship/00056.png,ship,3,/home/emily/MMIP/week5/quiz1/data/gallery/ship/00586.png,ship,0.913096
/home/emily/MMIP/week5/quiz1/data/query/ship/00056.png,ship,4,/home/emily/MMIP/week5/quiz1/data/gallery/ship/00506.png,ship,0.912919
/home/emily/MMIP/week5/quiz1/data/query/ship/00056.png,ship,5,/home/emily/MMIP/week5/quiz1/data/gallery/ship/00189.png,ship,0.912507
/home/emily/MMIP/week5/quiz1/data/query/ship/00057.png,ship,1,/home/emily/MMIP/week5/quiz1/data/gallery/ship/00288.png,ship,0.911459
/home/emily/MMIP/week5/quiz1/data/query/ship/00057.png,ship,2,/home/emily/MMIP/week5/quiz1/data/gallery/ship/00933.png,ship,0.911457
/home/emily/MMIP/week5/quiz1/data/query/ship/00057.png,ship,3,/home/emily/MMIP/week5/quiz1/data/gallery/ship/00869.png,ship,0.908703
/home/emily/MMIP/week5/quiz1/data/query/ship/00057.png,ship,4,/home/emily/MMIP/week5/quiz1/data/gallery/ship/00759.png,ship,0.907319
/home/emily/MMIP/week5/quiz1/data/query/ship/00057.png,ship,5,/home/emily/MMIP/week5/quiz1/data/gallery/ship/00061.png,ship,0.907136
/home/emily/MMIP/week5/quiz1/data/query/ship/00058.png,ship,1,/home/emily/MMIP/week5/quiz1/data/gallery/ship/00202.png,ship,0.882192
/home/emily/MMIP/week5/quiz1/data/query/ship/00058.png,ship,2,/home/emily/MMIP/week5/quiz1/data/gallery/ship/00180.png,ship,0.882021
/home/emily/MMIP/week5/quiz1/data/query/ship/00058.png,ship,3,/home/emily/MMIP/week5/quiz1/data/gallery/ship/00683.png,ship,0.881190
/home/emily/MMIP/week5/quiz1/data/query/ship/00058.png,ship,4,/home/emily/MMIP/week5/quiz1/data/gallery/ship/00545.png,ship,0.880310
/home/emily/MMIP/week5/quiz1/data/query/ship/00058.png,ship,5,/home/emily/MMIP/week5/quiz1/data/gallery/ship/00676.png,ship,0.879803
/home/emily/MMIP/week5/quiz1/data/query/ship/00059.png,ship,1,/home/emily/MMIP/week5/quiz1/data/gallery/ship/00180.png,ship,0.889115
/home/emily/MMIP/week5/quiz1/data/query/ship/00059.png,ship,2,/home/emily/MMIP/week5/quiz1/data/gallery/ship/00465.png,ship,0.887347
/home/emily/MMIP/week5/quiz1/data/query/ship/00059.png,ship,3,/home/emily/MMIP/week5/quiz1/data/gallery/ship/00914.png,ship,0.886363
/home/emily/MMIP/week5/quiz1/data/query/ship/00059.png,ship,4,/home/emily/MMIP/week5/quiz1/data/gallery/ship/00661.png,ship,0.885531
/home/emily/MMIP/week5/quiz1/data/query/ship/00059.png,ship,5,/home/emily/MMIP/week5/quiz1/data/gallery/ship/00531.png,ship,0.885366
/home/emily/MMIP/week5/quiz1/data/query/ship/00060.png,ship,1,/home/emily/MMIP/week5/quiz1/data/gallery/ship/00933.png,ship,0.923529
/home/emily/MMIP/week5/quiz1/data/query/ship/00060.png,ship,2,/home/emily/MMIP/week5/quiz1/data/gallery/ship/00061.png,ship,0.918826
/home/emily/MMIP/week5/quiz1/data/query/ship/00060.png,ship,3,/home/emily/MMIP/week5/quiz1/data/gallery/ship/00032.png,ship,0.916907
/home/emily/MMIP/week5/quiz1/data/query/ship/00060.png,ship,4,/home/emily/MMIP/week5/quiz1/data/gallery/ship/00347.png,ship,0.916464
/home/emily/MMIP/week5/quiz1/data/query/ship/00060.png,ship,5,/home/emily/MMIP/week5/quiz1/data/gallery/ship/00906.png,ship,0.915902
/home/emily/MMIP/week5/quiz1/data/query/ship/00061.png,ship,1,/home/emily/MMIP/week5/quiz1/data/gallery/ship/00781.png,ship,0.880124
/home/emily/MMIP/week5/quiz1/data/query/ship/00061.png,ship,2,/home/emily/MMIP/week5/quiz1/data/gallery/ship/00620.png,ship,0.877455
/home/emily/MMIP/week5/quiz1/data/query/ship/00061.png,ship,3,/home/emily/MMIP/week5/quiz1/data/gallery/ship/00107.png,ship,0.874728
/home/emily/MMIP/week5/quiz1/data/query/ship/00061.png,ship,4,/home/emily/MMIP/week5/quiz1/data/gallery/ship/00138.png,ship,0.874277
/home/emily/MMIP/week5/quiz1/data/query/ship/00061.png,ship,5,/home/emily/MMIP/week5/quiz1/data/gallery/ship/00099.png,ship,0.874275
/home/emily/MMIP/week5/quiz1/data/query/ship/00062.png,ship,1,/home/emily/MMIP/week5/quiz1/data/gallery/ship/00862.png,ship,0.929894
/home/emily/MMIP/week5/quiz1/data/query/ship/00062.png,ship,2,/home/emily/MMIP/week5/quiz1/data/gallery/ship/00623.png,ship,0.925678
/home/emily/MMIP/week5/quiz1/data/query/ship/00062.png,ship,3,/home/emily/MMIP/week5/quiz1/data/gallery/ship/00586.png,ship,0.925389
/home/emily/MMIP/week5/quiz1/data/query/ship/00062.png,ship,4,/home/emily/MMIP/week5/quiz1/data/gallery/ship/00158.png,ship,0.924483
/home/emily/MMIP/week5/quiz1/data/query/ship/00062.png,ship,5,/home/emily/MMIP/week5/quiz1/data/gallery/ship/00848.png,ship,0.922331
/home/emily/MMIP/week5/quiz1/data/query/ship/00063.png,ship,1,/home/emily/MMIP/week5/quiz1/data/gallery/ship/00064.png,ship,0.859355
/home/emily/MMIP/week5/quiz1/data/query/ship/00063.png,ship,2,/home/emily/MMIP/week5/quiz1/data/gallery/ship/00179.png,ship,0.856037
/home/emily/MMIP/week5/quiz1/data/query/ship/00063.png,ship,3,/home/emily/MMIP/week5/quiz1/data/gallery/ship/00191.png,ship,0.855380
/home/emily/MMIP/week5/quiz1/data/query/ship/00063.png,ship,4,/home/emily/MMIP/week5/quiz1/data/gallery/ship/00147.png,ship,0.855356
/home/emily/MMIP/week5/quiz1/data/query/ship/00063.png,ship,5,/home/emily/MMIP/week5/quiz1/data/gallery/ship/00369.png,ship,0.854404
/home/emily/MMIP/week5/quiz1/data/query/ship/00064.png,ship,1,/home/emily/MMIP/week5/quiz1/data/gallery/ship/00908.png,ship,0.859370
/home/emily/MMIP/week5/quiz1/data/query/ship/00064.png,ship,2,/home/emily/MMIP/week5/quiz1/data/gallery/ship/00450.png,ship,0.857879
/home/emily/MMIP/week5/quiz1/data/query/ship/00064.png,ship,3,/home/emily/MMIP/week5/quiz1/data/gallery/ship/00929.png,ship,0.857475
/home/emily/MMIP/week5/quiz1/data/query/ship/00064.png,ship,4,/home/emily/MMIP/week5/quiz1/data/gallery/ship/00087.png,ship,0.856137
/home/emily/MMIP/week5/quiz1/data/query/ship/00064.png,ship,5,/home/emily/MMIP/week5/quiz1/data/gallery/ship/00810.png,ship,0.853409
/home/emily/MMIP/week5/quiz1/data/query/ship/00065.png,ship,1,/home/emily/MMIP/week5/quiz1/data/gallery/ship/00848.png,ship,0.917645
/home/emily/MMIP/week5/quiz1/data/query/ship/00065.png,ship,2,/home/emily/MMIP/week5/quiz1/data/gallery/ship/00309.png,ship,0.915446
/home/emily/MMIP/week5/quiz1/data/query/ship/00065.png,ship,3,/home/emily/MMIP/week5/quiz1/data/gallery/ship/00556.png,ship,0.910522
/home/emily/MMIP/week5/quiz1/data/query/ship/00065.png,ship,4,/home/emily/MMIP/week5/quiz1/data/gallery/ship/00158.png,ship,0.907988
/home/emily/MMIP/week5/quiz1/data/query/ship/00065.png,ship,5,/home/emily/MMIP/week5/quiz1/data/gallery/ship/00126.png,ship,0.907510
/home/emily/MMIP/week5/quiz1/data/query/ship/00066.png,ship,1,/home/emily/MMIP/week5/quiz1/data/gallery/ship/00814.png,ship,0.845753
/home/emily/MMIP/week5/quiz1/data/query/ship/00066.png,ship,2,/home/emily/MMIP/week5/quiz1/data/gallery/ship/00562.png,ship,0.841007
/home/emily/MMIP/week5/quiz1/data/query/ship/00066.png,ship,3,/home/emily/MMIP/week5/quiz1/data/gallery/ship/00327.png,ship,0.840938
/home/emily/MMIP/week5/quiz1/data/query/ship/00066.png,ship,4,/home/emily/MMIP/week5/quiz1/data/gallery/ship/00023.png,ship,0.836177
/home/emily/MMIP/week5/quiz1/data/query/ship/00066.png,ship,5,/home/emily/MMIP/week5/quiz1/data/gallery/ship/00894.png,ship,0.835863
/home/emily/MMIP/week5/quiz1/data/query/ship/00067.png,ship,1,/home/emily/MMIP/week5/quiz1/data/gallery/ship/00778.png,ship,0.836128
/home/emily/MMIP/week5/quiz1/data/query/ship/00067.png,ship,2,/home/emily/MMIP/week5/quiz1/data/gallery/ship/00314.png,ship,0.830942
/home/emily/MMIP/week5/quiz1/data/query/ship/00067.png,ship,3,/home/emily/MMIP/week5/quiz1/data/gallery/ship/00921.png,ship,0.830626
/home/emily/MMIP/week5/quiz1/data/query/ship/00067.png,ship,4,/home/emily/MMIP/week5/quiz1/data/gallery/ship/00733.png,ship,0.825078
/home/emily/MMIP/week5/quiz1/data/query/ship/00067.png,ship,5,/home/emily/MMIP/week5/quiz1/data/gallery/ship/00072.png,ship,0.825028
/home/emily/MMIP/week5/quiz1/data/query/ship/00068.png,ship,1,/home/emily/MMIP/week5/quiz1/data/gallery/ship/00573.png,ship,0.879336
/home/emily/MMIP/week5/quiz1/data/query/ship/00068.png,ship,2,/home/emily/MMIP/week5/quiz1/data/gallery/ship/00680.png,ship,0.870127
/home/emily/MMIP/week5/quiz1/data/query/ship/00068.png,ship,3,/home/emily/MMIP/week5/quiz1/data/gallery/ship/00334.png,ship,0.868964
/home/emily/MMIP/week5/quiz1/data/query/ship/00068.png,ship,4,/home/emily/MMIP/week5/quiz1/data/gallery/ship/00360.png,ship,0.868122
/home/emily/MMIP/week5/quiz1/data/query/ship/00068.png,ship,5,/home/emily/MMIP/week5/quiz1/data/gallery/ship/00607.png,ship,0.867081
/home/emily/MMIP/week5/quiz1/data/query/ship/00069.png,ship,1,/home/emily/MMIP/week5/quiz1/data/gallery/airplane/00710.png,airplane,0.867890
/home/emily/MMIP/week5/quiz1/data/query/ship/00069.png,ship,2,/home/emily/MMIP/week5/quiz1/data/gallery/airplane/00091.png,airplane,0.867228
/home/emily/MMIP/week5/quiz1/data/query/ship/00069.png,ship,3,/home/emily/MMIP/week5/quiz1/data/gallery/airplane/00868.png,airplane,0.858256
/home/emily/MMIP/week5/quiz1/data/query/ship/00069.png,ship,4,/home/emily/MMIP/week5/quiz1/data/gallery/airplane/00970.png,airplane,0.855541
/home/emily/MMIP/week5/quiz1/data/query/ship/00069.png,ship,5,/home/emily/MMIP/week5/quiz1/data/gallery/airplane/00324.png,airplane,0.854200
/home/emily/MMIP/week5/quiz1/data/query/ship/00070.png,ship,1,/home/emily/MMIP/week5/quiz1/data/gallery/ship/00637.png,ship,0.851910
/home/emily/MMIP/week5/quiz1/data/query/ship/00070.png,ship,2,/home/emily/MMIP/week5/quiz1/data/gallery/ship/00670.png,ship,0.844231
/home/emily/MMIP/week5/quiz1/data/query/ship/00070.png,ship,3,/home/emily/MMIP/week5/quiz1/data/gallery/ship/00108.png,ship,0.844073
/home/emily/MMIP/week5/quiz1/data/query/ship/00070.png,ship,4,/home/emily/MMIP/week5/quiz1/data/gallery/ship/00547.png,ship,0.839263
/home/emily/MMIP/week5/quiz1/data/query/ship/00070.png,ship,5,/home/emily/MMIP/week5/quiz1/data/gallery/ship/00337.png,ship,0.837813
/home/emily/MMIP/week5/quiz1/data/query/ship/00071.png,ship,1,/home/emily/MMIP/week5/quiz1/data/gallery/ship/00061.png,ship,0.910299
/home/emily/MMIP/week5/quiz1/data/query/ship/00071.png,ship,2,/home/emily/MMIP/week5/quiz1/data/gallery/ship/00181.png,ship,0.909635
/home/emily/MMIP/week5/quiz1/data/query/ship/00071.png,ship,3,/home/emily/MMIP/week5/quiz1/data/gallery/ship/00351.png,ship,0.907835
/home/emily/MMIP/week5/quiz1/data/query/ship/00071.png,ship,4,/home/emily/MMIP/week5/quiz1/data/gallery/ship/00212.png,ship,0.907159
/home/emily/MMIP/week5/quiz1/data/query/ship/00071.png,ship,5,/home/emily/MMIP/week5/quiz1/data/gallery/ship/00029.png,ship,0.903263
/home/emily/MMIP/week5/quiz1/data/query/ship/00072.png,ship,1,/home/emily/MMIP/week5/quiz1/data/gallery/ship/00372.png,ship,0.843170
/home/emily/MMIP/week5/quiz1/data/query/ship/00072.png,ship,2,/home/emily/MMIP/week5/quiz1/data/gallery/ship/00642.png,ship,0.838717
/home/emily/MMIP/week5/quiz1/data/query/ship/00072.png,ship,3,/home/emily/MMIP/week5/quiz1/data/gallery/ship/00004.png,ship,0.836191
/home/emily/MMIP/week5/quiz1/data/query/ship/00072.png,ship,4,/home/emily/MMIP/week5/quiz1/data/gallery/ship/00507.png,ship,0.835372
/home/emily/MMIP/week5/quiz1/data/query/ship/00072.png,ship,5,/home/emily/MMIP/week5/quiz1/data/gallery/ship/00483.png,ship,0.834755
/home/emily/MMIP/week5/quiz1/data/query/ship/00073.png,ship,1,/home/emily/MMIP/week5/quiz1/data/gallery/ship/00521.png,ship,0.875894
/home/emily/MMIP/week5/quiz1/data/query/ship/00073.png,ship,2,/home/emily/MMIP/week5/quiz1/data/gallery/ship/00750.png,ship,0.875111
/home/emily/MMIP/week5/quiz1/data/query/ship/00073.png,ship,3,/home/emily/MMIP/week5/quiz1/data/gallery/ship/00866.png,ship,0.870487
/home/emily/MMIP/week5/quiz1/data/query/ship/00073.png,ship,4,/home/emily/MMIP/week5/quiz1/data/gallery/ship/00891.png,ship,0.868827
/home/emily/MMIP/week5/quiz1/data/query/ship/00073.png,ship,5,/home/emily/MMIP/week5/quiz1/data/gallery/ship/00962.png,ship,0.867447
/home/emily/MMIP/week5/quiz1/data/query/ship/00074.png,ship,1,/home/emily/MMIP/week5/quiz1/data/gallery/ship/00023.png,ship,0.885439
/home/emily/MMIP/week5/quiz1/data/query/ship/00074.png,ship,2,/home/emily/MMIP/week5/quiz1/data/gallery/ship/00772.png,ship,0.885418
/home/emily/MMIP/week5/quiz1/data/query/ship/00074.png,ship,3,/home/emily/MMIP/week5/quiz1/data/gallery/ship/00408.png,ship,0.878049
/home/emily/MMIP/week5/quiz1/data/query/ship/00074.png,ship,4,/home/emily/MMIP/week5/quiz1/data/gallery/ship/00273.png,ship,0.873593
/home/emily/MMIP/week5/quiz1/data/query/ship/00074.png,ship,5,/home/emily/MMIP/week5/quiz1/data/gallery/ship/00300.png,ship,0.871445
/home/emily/MMIP/week5/quiz1/data/query/ship/00075.png,ship,1,/home/emily/MMIP/week5/quiz1/data/gallery/ship/00171.png,ship,0.897365
/home/emily/MMIP/week5/quiz1/data/query/ship/00075.png,ship,2,/home/emily/MMIP/week5/quiz1/data/gallery/ship/00414.png,ship,0.896146
/home/emily/MMIP/week5/quiz1/data/query/ship/00075.png,ship,3,/home/emily/MMIP/week5/quiz1/data/gallery/ship/00005.png,ship,0.895565
/home/emily/MMIP/week5/quiz1/data/query/ship/00075.png,ship,4,/home/emily/MMIP/week5/quiz1/data/gallery/ship/00712.png,ship,0.894617
/home/emily/MMIP/week5/quiz1/data/query/ship/00075.png,ship,5,/home/emily/MMIP/week5/quiz1/data/gallery/ship/00606.png,ship,0.894294
/home/emily/MMIP/week5/quiz1/data/query/ship/00076.png,ship,1,/home/emily/MMIP/week5/quiz1/data/gallery/ship/00240.png,ship,0.839360
/home/emily/MMIP/week5/quiz1/data/query/ship/00076.png,ship,2,/home/emily/MMIP/week5/quiz1/data/gallery/ship/00756.png,ship,0.832027
/home/emily/MMIP/week5/quiz1/data/query/ship/00076.png,ship,3,/home/emily/MMIP/week5/quiz1/data/gallery/ship/00555.png,ship,0.830975
/home/emily/MMIP/week5/quiz1/data/query/ship/00076.png,ship,4,/home/emily/MMIP/week5/quiz1/data/gallery/ship/00806.png,ship,0.828429
/home/emily/MMIP/week5/quiz1/data/query/ship/00076.png,ship,5,/home/emily/MMIP/week5/quiz1/data/gallery/ship/00774.png,ship,0.827829
/home/emily/MMIP/week5/quiz1/data/query/ship/00077.png,ship,1,/home/emily/MMIP/week5/quiz1/data/gallery/ship/00059.png,ship,0.877507
/home/emily/MMIP/week5/quiz1/data/query/ship/00077.png,ship,2,/home/emily/MMIP/week5/quiz1/data/gallery/ship/00212.png,ship,0.873374
/home/emily/MMIP/week5/quiz1/data/query/ship/00077.png,ship,3,/home/emily/MMIP/week5/quiz1/data/gallery/ship/00586.png,ship,0.873201
/home/emily/MMIP/week5/quiz1/data/query/ship/00077.png,ship,4,/home/emily/MMIP/week5/quiz1/data/gallery/ship/00285.png,ship,0.871371
/home/emily/MMIP/week5/quiz1/data/query/ship/00077.png,ship,5,/home/emily/MMIP/week5/quiz1/data/gallery/ship/00170.png,ship,0.870482
/home/emily/MMIP/week5/quiz1/data/query/ship/00078.png,ship,1,/home/emily/MMIP/week5/quiz1/data/gallery/ship/00661.png,ship,0.878906
/home/emily/MMIP/week5/quiz1/data/query/ship/00078.png,ship,2,/home/emily/MMIP/week5/quiz1/data/gallery/ship/00279.png,ship,0.877201
/home/emily/MMIP/week5/quiz1/data/query/ship/00078.png,ship,3,/home/emily/MMIP/week5/quiz1/data/gallery/ship/00994.png,ship,0.876296
/home/emily/MMIP/week5/quiz1/data/query/ship/00078.png,ship,4,/home/emily/MMIP/week5/quiz1/data/gallery/ship/00342.png,ship,0.876104
/home/emily/MMIP/week5/quiz1/data/query/ship/00078.png,ship,5,/home/emily/MMIP/week5/quiz1/data/gallery/ship/00671.png,ship,0.874921
/home/emily/MMIP/week5/quiz1/data/query/ship/00079.png,ship,1,/home/emily/MMIP/week5/quiz1/data/gallery/ship/00121.png,ship,0.894835
/home/emily/MMIP/week5/quiz1/data/query/ship/00079.png,ship,2,/home/emily/MMIP/week5/quiz1/data/gallery/ship/00474.png,ship,0.894671
/home/emily/MMIP/week5/quiz1/data/query/ship/00079.png,ship,3,/home/emily/MMIP/week5/quiz1/data/gallery/ship/00606.png,ship,0.893860
/home/emily/MMIP/week5/quiz1/data/query/ship/00079.png,ship,4,/home/emily/MMIP/week5/quiz1/data/gallery/ship/00298.png,ship,0.893457
/home/emily/MMIP/week5/quiz1/data/query/ship/00079.png,ship,5,/home/emily/MMIP/week5/quiz1/data/gallery/ship/00036.png,ship,0.892990
/home/emily/MMIP/week5/quiz1/data/query/ship/00080.png,ship,1,/home/emily/MMIP/week5/quiz1/data/gallery/ship/00551.png,ship,0.942614
/home/emily/MMIP/week5/quiz1/data/query/ship/00080.png,ship,2,/home/emily/MMIP/week5/quiz1/data/gallery/ship/00126.png,ship,0.942517
/home/emily/MMIP/week5/quiz1/data/query/ship/00080.png,ship,3,/home/emily/MMIP/week5/quiz1/data/gallery/ship/00848.png,ship,0.941811
/home/emily/MMIP/week5/quiz1/data/query/ship/00080.png,ship,4,/home/emily/MMIP/week5/quiz1/data/gallery/ship/00906.png,ship,0.940022
/home/emily/MMIP/week5/quiz1/data/query/ship/00080.png,ship,5,/home/emily/MMIP/week5/quiz1/data/gallery/ship/00997.png,ship,0.939424
/home/emily/MMIP/week5/quiz1/data/query/ship/00081.png,ship,1,/home/emily/MMIP/week5/quiz1/data/gallery/ship/00192.png,ship,0.879126
/home/emily/MMIP/week5/quiz1/data/query/ship/00081.png,ship,2,/home/emily/MMIP/week5/quiz1/data/gallery/ship/00953.png,ship,0.840269
/home/emily/MMIP/week5/quiz1/data/query/ship/00081.png,ship,3,/home/emily/MMIP/week5/quiz1/data/gallery/ship/00105.png,ship,0.839115
/home/emily/MMIP/week5/quiz1/data/query/ship/00081.png,ship,4,/home/emily/MMIP/week5/quiz1/data/gallery/ship/00234.png,ship,0.836267
/home/emily/MMIP/week5/quiz1/data/query/ship/00081.png,ship,5,/home/emily/MMIP/week5/quiz1/data/gallery/ship/00645.png,ship,0.835122
/home/emily/MMIP/week5/quiz1/data/query/ship/00082.png,ship,1,/home/emily/MMIP/week5/quiz1/data/gallery/ship/00158.png,ship,0.921999
/home/emily/MMIP/week5/quiz1/data/query/ship/00082.png,ship,2,/home/emily/MMIP/week5/quiz1/data/gallery/ship/00202.png,ship,0.916602
/home/emily/MMIP/week5/quiz1/data/query/ship/00082.png,ship,3,/home/emily/MMIP/week5/quiz1/data/gallery/ship/00030.png,ship,0.912396
/home/emily/MMIP/week5/quiz1/data/query/ship/00082.png,ship,4,/home/emily/MMIP/week5/quiz1/data/gallery/ship/00705.png,ship,0.911519
/home/emily/MMIP/week5/quiz1/data/query/ship/00082.png,ship,5,/home/emily/MMIP/week5/quiz1/data/gallery/ship/00152.png,ship,0.910505
/home/emily/MMIP/week5/quiz1/data/query/ship/00083.png,ship,1,/home/emily/MMIP/week5/quiz1/data/gallery/ship/00448.png,ship,0.881196
/home/emily/MMIP/week5/quiz1/data/query/ship/00083.png,ship,2,/home/emily/MMIP/week5/quiz1/data/gallery/ship/00446.png,ship,0.874751
/home/emily/MMIP/week5/quiz1/data/query/ship/00083.png,ship,3,/home/emily/MMIP/week5/quiz1/data/gallery/ship/00979.png,ship,0.873436
/home/emily/MMIP/week5/quiz1/data/query/ship/00083.png,ship,4,/home/emily/MMIP/week5/quiz1/data/gallery/ship/00661.png,ship,0.873229
/home/emily/MMIP/week5/quiz1/data/query/ship/00083.png,ship,5,/home/emily/MMIP/week5/quiz1/data/gallery/ship/00760.png,ship,0.872885
/home/emily/MMIP/week5/quiz1/data/query/ship/00084.png,ship,1,/home/emily/MMIP/week5/quiz1/data/gallery/ship/00918.png,ship,0.880488
/home/emily/MMIP/week5/quiz1/data/query/ship/00084.png,ship,2,/home/emily/MMIP/week5/quiz1/data/gallery/ship/00532.png,ship,0.854240
/home/emily/MMIP/week5/quiz1/data/query/ship/00084.png,ship,3,/home/emily/MMIP/week5/quiz1/data/gallery/ship/00333.png,ship,0.848091
/home/emily/MMIP/week5/quiz1/data/query/ship/00084.png,ship,4,/home/emily/MMIP/week5/quiz1/data/gallery/ship/00450.png,ship,0.847966
/home/emily/MMIP/week5/quiz1/data/query/ship/00084.png,ship,5,/home/emily/MMIP/week5/quiz1/data/gallery/ship/00573.png,ship,0.847693
/home/emily/MMIP/week5/quiz1/data/query/ship/00085.png,ship,1,/home/emily/MMIP/week5/quiz1/data/gallery/ship/00792.png,ship,0.916112
/home/emily/MMIP/week5/quiz1/data/query/ship/00085.png,ship,2,/home/emily/MMIP/week5/quiz1/data/gallery/ship/00380.png,ship,0.914860
/home/emily/MMIP/week5/quiz1/data/query/ship/00085.png,ship,3,/home/emily/MMIP/week5/quiz1/data/gallery/ship/00753.png,ship,0.912364
/home/emily/MMIP/week5/quiz1/data/query/ship/00085.png,ship,4,/home/emily/MMIP/week5/quiz1/data/gallery/ship/00848.png,ship,0.912248
/home/emily/MMIP/week5/quiz1/data/query/ship/00085.png,ship,5,/home/emily/MMIP/week5/quiz1/data/gallery/ship/00556.png,ship,0.907096
/home/emily/MMIP/week5/quiz1/data/query/ship/00086.png,ship,1,/home/emily/MMIP/week5/quiz1/data/gallery/ship/00514.png,ship,0.817648
/home/emily/MMIP/week5/quiz1/data/query/ship/00086.png,ship,2,/home/emily/MMIP/week5/quiz1/data/gallery/ship/00192.png,ship,0.816336
/home/emily/MMIP/week5/quiz1/data/query/ship/00086.png,ship,3,/home/emily/MMIP/week5/quiz1/data/gallery/ship/00805.png,ship,0.809349
/home/emily/MMIP/week5/quiz1/data/query/ship/00086.png,ship,4,/home/emily/MMIP/week5/quiz1/data/gallery/cat/00829.png,cat,0.807752
/home/emily/MMIP/week5/quiz1/data/query/ship/00086.png,ship,5,/home/emily/MMIP/week5/quiz1/data/gallery/ship/00688.png,ship,0.805885
/home/emily/MMIP/week5/quiz1/data/query/ship/00087.png,ship,1,/home/emily/MMIP/week5/quiz1/data/gallery/ship/00466.png,ship,0.874863
/home/emily/MMIP/week5/quiz1/data/query/ship/00087.png,ship,2,/home/emily/MMIP/week5/quiz1/data/gallery/ship/00500.png,ship,0.872806
/home/emily/MMIP/week5/quiz1/data/query/ship/00087.png,ship,3,/home/emily/MMIP/week5/quiz1/data/gallery/ship/00096.png,ship,0.871046
/home/emily/MMIP/week5/quiz1/data/query/ship/00087.png,ship,4,/home/emily/MMIP/week5/quiz1/data/gallery/ship/00930.png,ship,0.866261
/home/emily/MMIP/week5/quiz1/data/query/ship/00087.png,ship,5,/home/emily/MMIP/week5/quiz1/data/gallery/ship/00411.png,ship,0.865789
/home/emily/MMIP/week5/quiz1/data/query/ship/00088.png,ship,1,/home/emily/MMIP/week5/quiz1/data/gallery/ship/00992.png,ship,0.877914
/home/emily/MMIP/week5/quiz1/data/query/ship/00088.png,ship,2,/home/emily/MMIP/week5/quiz1/data/gallery/ship/00930.png,ship,0.870670
/home/emily/MMIP/week5/quiz1/data/query/ship/00088.png,ship,3,/home/emily/MMIP/week5/quiz1/data/gallery/ship/00872.png,ship,0.870580
/home/emily/MMIP/week5/quiz1/data/query/ship/00088.png,ship,4,/home/emily/MMIP/week5/quiz1/data/gallery/ship/00659.png,ship,0.866789
/home/emily/MMIP/week5/quiz1/data/query/ship/00088.png,ship,5,/home/emily/MMIP/week5/quiz1/data/gallery/ship/00603.png,ship,0.863169
/home/emily/MMIP/week5/quiz1/data/query/ship/00089.png,ship,1,/home/emily/MMIP/week5/quiz1/data/gallery/ship/00874.png,ship,0.840088
/home/emily/MMIP/week5/quiz1/data/query/ship/00089.png,ship,2,/home/emily/MMIP/week5/quiz1/data/gallery/ship/00482.png,ship,0.832086
/home/emily/MMIP/week5/quiz1/data/query/ship/00089.png,ship,3,/home/emily/MMIP/week5/quiz1/data/gallery/ship/00529.png,ship,0.831450
/home/emily/MMIP/week5/quiz1/data/query/ship/00089.png,ship,4,/home/emily/MMIP/week5/quiz1/data/gallery/ship/00435.png,ship,0.829476
/home/emily/MMIP/week5/quiz1/data/query/ship/00089.png,ship,5,/home/emily/MMIP/week5/quiz1/data/gallery/ship/00695.png,ship,0.826718
/home/emily/MMIP/week5/quiz1/data/query/ship/00090.png,ship,1,/home/emily/MMIP/week5/quiz1/data/gallery/ship/00178.png,ship,0.843585
/home/emily/MMIP/week5/quiz1/data/query/ship/00090.png,ship,2,/home/emily/MMIP/week5/quiz1/data/gallery/airplane/00623.png,airplane,0.831388
/home/emily/MMIP/week5/quiz1/data/query/ship/00090.png,ship,3,/home/emily/MMIP/week5/quiz1/data/gallery/ship/00948.png,ship,0.830747
/home/emily/MMIP/week5/quiz1/data/query/ship/00090.png,ship,4,/home/emily/MMIP/week5/quiz1/data/gallery/ship/00367.png,ship,0.829953
/home/emily/MMIP/week5/quiz1/data/query/ship/00090.png,ship,5,/home/emily/MMIP/week5/quiz1/data/gallery/ship/00720.png,ship,0.822882
/home/emily/MMIP/week5/quiz1/data/query/ship/00091.png,ship,1,/home/emily/MMIP/week5/quiz1/data/gallery/ship/00334.png,ship,0.876922
/home/emily/MMIP/week5/quiz1/data/query/ship/00091.png,ship,2,/home/emily/MMIP/week5/quiz1/data/gallery/ship/00680.png,ship,0.874681
/home/emily/MMIP/week5/quiz1/data/query/ship/00091.png,ship,3,/home/emily/MMIP/week5/quiz1/data/gallery/ship/00582.png,ship,0.874616
/home/emily/MMIP/week5/quiz1/data/query/ship/00091.png,ship,4,/home/emily/MMIP/week5/quiz1/data/gallery/ship/00434.png,ship,0.874261
/home/emily/MMIP/week5/quiz1/data/query/ship/00091.png,ship,5,/home/emily/MMIP/week5/quiz1/data/gallery/ship/00930.png,ship,0.874093
/home/emily/MMIP/week5/quiz1/data/query/ship/00092.png,ship,1,/home/emily/MMIP/week5/quiz1/data/gallery/ship/00785.png,ship,0.832442
/home/emily/MMIP/week5/quiz1/data/query/ship/00092.png,ship,2,/home/emily/MMIP/week5/quiz1/data/gallery/ship/00892.png,ship,0.827437
/home/emily/MMIP/week5/quiz1/data/query/ship/00092.png,ship,3,/home/emily/MMIP/week5/quiz1/data/gallery/ship/00688.png,ship,0.827294
/home/emily/MMIP/week5/quiz1/data/query/ship/00092.png,ship,4,/home/emily/MMIP/week5/quiz1/data/gallery/ship/00259.png,ship,0.827294
/home/emily/MMIP/week5/quiz1/data/query/ship/00092.png,ship,5,/home/emily/MMIP/week5/quiz1/data/gallery/ship/00964.png,ship,0.826537
/home/emily/MMIP/week5/quiz1/data/query/ship/00093.png,ship,1,/home/emily/MMIP/week5/quiz1/data/gallery/ship/00489.png,ship,0.874776
/home/emily/MMIP/week5/quiz1/data/query/ship/00093.png,ship,2,/home/emily/MMIP/week5/quiz1/data/gallery/ship/00871.png,ship,0.873140
/home/emily/MMIP/week5/quiz1/data/query/ship/00093.png,ship,3,/home/emily/MMIP/week5/quiz1/data/gallery/ship/00089.png,ship,0.863561
/home/emily/MMIP/week5/quiz1/data/query/ship/00093.png,ship,4,/home/emily/MMIP/week5/quiz1/data/gallery/ship/00475.png,ship,0.862394
/home/emily/MMIP/week5/quiz1/data/query/ship/00093.png,ship,5,/home/emily/MMIP/week5/quiz1/data/gallery/ship/00945.png,ship,0.858772
/home/emily/MMIP/week5/quiz1/data/query/ship/00094.png,ship,1,/home/emily/MMIP/week5/quiz1/data/gallery/ship/00832.png,ship,0.905325
/home/emily/MMIP/week5/quiz1/data/query/ship/00094.png,ship,2,/home/emily/MMIP/week5/quiz1/data/gallery/ship/00405.png,ship,0.891207
/home/emily/MMIP/week5/quiz1/data/query/ship/00094.png,ship,3,/home/emily/MMIP/week5/quiz1/data/gallery/ship/00250.png,ship,0.887656
/home/emily/MMIP/week5/quiz1/data/query/ship/00094.png,ship,4,/home/emily/MMIP/week5/quiz1/data/gallery/ship/00087.png,ship,0.887313
/home/emily/MMIP/week5/quiz1/data/query/ship/00094.png,ship,5,/home/emily/MMIP/week5/quiz1/data/gallery/ship/00301.png,ship,0.886063
/home/emily/MMIP/week5/quiz1/data/query/ship/00095.png,ship,1,/home/emily/MMIP/week5/quiz1/data/gallery/ship/00672.png,ship,0.883841
/home/emily/MMIP/week5/quiz1/data/query/ship/00095.png,ship,2,/home/emily/MMIP/week5/quiz1/data/gallery/ship/00089.png,ship,0.880233
/home/emily/MMIP/week5/quiz1/data/query/ship/00095.png,ship,3,/home/emily/MMIP/week5/quiz1/data/gallery/ship/00361.png,ship,0.873761
/home/emily/MMIP/week5/quiz1/data/query/ship/00095.png,ship,4,/home/emily/MMIP/week5/quiz1/data/gallery/ship/00437.png,ship,0.873707
/home/emily/MMIP/week5/quiz1/data/query/ship/00095.png,ship,5,/home/emily/MMIP/week5/quiz1/data/gallery/ship/00079.png,ship,0.868953
/home/emily/MMIP/week5/quiz1/data/query/ship/00096.png,ship,1,/home/emily/MMIP/week5/quiz1/data/gallery/ship/00949.png,ship,0.900277
/home/emily/MMIP/week5/quiz1/data/query/ship/00096.png,ship,2,/home/emily/MMIP/week5/quiz1/data/gallery/ship/00279.png,ship,0.899572
/home/emily/MMIP/week5/quiz1/data/query/ship/00096.png,ship,3,/home/emily/MMIP/week5/quiz1/data/gallery/ship/00142.png,ship,0.897846
/home/emily/MMIP/week5/quiz1/data/query/ship/00096.png,ship,4,/home/emily/MMIP/week5/quiz1/data/gallery/ship/00507.png,ship,0.897364
/home/emily/MMIP/week5/quiz1/data/query/ship/00096.png,ship,5,/home/emily/MMIP/week5/quiz1/data/gallery/ship/00556.png,ship,0.897308
/home/emily/MMIP/week5/quiz1/data/query/ship/00097.png,ship,1,/home/emily/MMIP/week5/quiz1/data/gallery/ship/00107.png,ship,0.855760
/home/emily/MMIP/week5/quiz1/data/query/ship/00097.png,ship,2,/home/emily/MMIP/week5/quiz1/data/gallery/ship/00837.png,ship,0.853462
/home/emily/MMIP/week5/quiz1/data/query/ship/00097.png,ship,3,/home/emily/MMIP/week5/quiz1/data/gallery/ship/00102.png,ship,0.847321
/home/emily/MMIP/week5/quiz1/data/query/ship/00097.png,ship,4,/home/emily/MMIP/week5/quiz1/data/gallery/ship/00188.png,ship,0.843842
/home/emily/MMIP/week5/quiz1/data/query/ship/00097.png,ship,5,/home/emily/MMIP/week5/quiz1/data/gallery/ship/00874.png,ship,0.843309
/home/emily/MMIP/week5/quiz1/data/query/ship/00098.png,ship,1,/home/emily/MMIP/week5/quiz1/data/gallery/ship/00591.png,ship,0.811404
/home/emily/MMIP/week5/quiz1/data/query/ship/00098.png,ship,2,/home/emily/MMIP/week5/quiz1/data/gallery/ship/00394.png,ship,0.808966
/home/emily/MMIP/week5/quiz1/data/query/ship/00098.png,ship,3,/home/emily/MMIP/week5/quiz1/data/gallery/ship/00947.png,ship,0.808630
/home/emily/MMIP/week5/quiz1/data/query/ship/00098.png,ship,4,/home/emily/MMIP/week5/quiz1/data/gallery/ship/00485.png,ship,0.808571
/home/emily/MMIP/week5/quiz1/data/query/ship/00098.png,ship,5,/home/emily/MMIP/week5/quiz1/data/gallery/ship/00695.png,ship,0.808407
/home/emily/MMIP/week5/quiz1/data/query/ship/00099.png,ship,1,/home/emily/MMIP/week5/quiz1/data/gallery/ship/00225.png,ship,0.905750
/home/emily/MMIP/week5/quiz1/data/query/ship/00099.png,ship,2,/home/emily/MMIP/week5/quiz1/data/gallery/ship/00448.png,ship,0.904498
/home/emily/MMIP/week5/quiz1/data/query/ship/00099.png,ship,3,/home/emily/MMIP/week5/quiz1/data/gallery/ship/00994.png,ship,0.903109
/home/emily/MMIP/week5/quiz1/data/query/ship/00099.png,ship,4,/home/emily/MMIP/week5/quiz1/data/gallery/ship/00897.png,ship,0.898640
/home/emily/MMIP/week5/quiz1/data/query/ship/00099.png,ship,5,/home/emily/MMIP/week5/quiz1/data/gallery/ship/00982.png,ship,0.896557
/home/emily/MMIP/week5/quiz1/data/query/truck/00000.png,truck,1,/home/emily/MMIP/week5/quiz1/data/gallery/truck/00263.png,truck,0.960251
/home/emily/MMIP/week5/quiz1/data/query/truck/00000.png,truck,2,/home/emily/MMIP/week5/quiz1/data/gallery/truck/00603.png,truck,0.959676
/home/emily/MMIP/week5/quiz1/data/query/truck/00000.png,truck,3,/home/emily/MMIP/week5/quiz1/data/gallery/truck/00732.png,truck,0.959227
/home/emily/MMIP/week5/quiz1/data/query/truck/00000.png,truck,4,/home/emily/MMIP/week5/quiz1/data/gallery/truck/00259.png,truck,0.957062
/home/emily/MMIP/week5/quiz1/data/query/truck/00000.png,truck,5,/home/emily/MMIP/week5/quiz1/data/gallery/truck/00205.png,truck,0.956925
/home/emily/MMIP/week5/quiz1/data/query/truck/00001.png,truck,1,/home/emily/MMIP/week5/quiz1/data/gallery/truck/00901.png,truck,0.954297
/home/emily/MMIP/week5/quiz1/data/query/truck/00001.png,truck,2,/home/emily/MMIP/week5/quiz1/data/gallery/truck/00205.png,truck,0.952903
/home/emily/MMIP/week5/quiz1/data/query/truck/00001.png,truck,3,/home/emily/MMIP/week5/quiz1/data/gallery/truck/00238.png,truck,0.952529
/home/emily/MMIP/week5/quiz1/data/query/truck/00001.png,truck,4,/home/emily/MMIP/week5/quiz1/data/gallery/truck/00638.png,truck,0.951961
/home/emily/MMIP/week5/quiz1/data/query/truck/00001.png,truck,5,/home/emily/MMIP/week5/quiz1/data/gallery/truck/00603.png,truck,0.951671
/home/emily/MMIP/week5/quiz1/data/query/truck/00002.png,truck,1,/home/emily/MMIP/week5/quiz1/data/gallery/truck/00370.png,truck,0.924666
/home/emily/MMIP/week5/quiz1/data/query/truck/00002.png,truck,2,/home/emily/MMIP/week5/quiz1/data/gallery/truck/00788.png,truck,0.924648
/home/emily/MMIP/week5/quiz1/data/query/truck/00002.png,truck,3,/home/emily/MMIP/week5/quiz1/data/gallery/truck/00601.png,truck,0.912597
/home/emily/MMIP/week5/quiz1/data/query/truck/00002.png,truck,4,/home/emily/MMIP/week5/quiz1/data/gallery/truck/00354.png,truck,0.910757
/home/emily/MMIP/week5/quiz1/data/query/truck/00002.png,truck,5,/home/emily/MMIP/week5/quiz1/data/gallery/truck/00705.png,truck,0.910221
/home/emily/MMIP/week5/quiz1/data/query/truck/00003.png,truck,1,/home/emily/MMIP/week5/quiz1/data/gallery/truck/00288.png,truck,0.947755
/home/emily/MMIP/week5/quiz1/data/query/truck/00003.png,truck,2,/home/emily/MMIP/week5/quiz1/data/gallery/truck/00666.png,truck,0.944383
/home/emily/MMIP/week5/quiz1/data/query/truck/00003.png,truck,3,/home/emily/MMIP/week5/quiz1/data/gallery/truck/00347.png,truck,0.944161
/home/emily/MMIP/week5/quiz1/data/query/truck/00003.png,truck,4,/home/emily/MMIP/week5/quiz1/data/gallery/truck/00830.png,truck,0.942361
/home/emily/MMIP/week5/quiz1/data/query/truck/00003.png,truck,5,/home/emily/MMIP/week5/quiz1/data/gallery/truck/00372.png,truck,0.942258
/home/emily/MMIP/week5/quiz1/data/query/truck/00004.png,truck,1,/home/emily/MMIP/week5/quiz1/data/gallery/truck/00038.png,truck,0.947281
/home/emily/MMIP/week5/quiz1/data/query/truck/00004.png,truck,2,/home/emily/MMIP/week5/quiz1/data/gallery/truck/00319.png,truck,0.946825
/home/emily/MMIP/week5/quiz1/data/query/truck/00004.png,truck,3,/home/emily/MMIP/week5/quiz1/data/gallery/truck/00382.png,truck,0.944033
/home/emily/MMIP/week5/quiz1/data/query/truck/00004.png,truck,4,/home/emily/MMIP/week5/quiz1/data/gallery/truck/00603.png,truck,0.943418
/home/emily/MMIP/week5/quiz1/data/query/truck/00004.png,truck,5,/home/emily/MMIP/week5/quiz1/data/gallery/truck/00709.png,truck,0.941183
/home/emily/MMIP/week5/quiz1/data/query/truck/00005.png,truck,1,/home/emily/MMIP/week5/quiz1/data/gallery/truck/00666.png,truck,0.962401
/home/emily/MMIP/week5/quiz1/data/query/truck/00005.png,truck,2,/home/emily/MMIP/week5/quiz1/data/gallery/truck/00663.png,truck,0.962025
/home/emily/MMIP/week5/quiz1/data/query/truck/00005.png,truck,3,/home/emily/MMIP/week5/quiz1/data/gallery/truck/00864.png,truck,0.960550
/home/emily/MMIP/week5/quiz1/data/query/truck/00005.png,truck,4,/home/emily/MMIP/week5/quiz1/data/gallery/truck/00100.png,truck,0.960150
/home/emily/MMIP/week5/quiz1/data/query/truck/00005.png,truck,5,/home/emily/MMIP/week5/quiz1/data/gallery/truck/00638.png,truck,0.959980
/home/emily/MMIP/week5/quiz1/data/query/truck/00006.png,truck,1,/home/emily/MMIP/week5/quiz1/data/gallery/truck/00726.png,truck,0.945130
/home/emily/MMIP/week5/quiz1/data/query/truck/00006.png,truck,2,/home/emily/MMIP/week5/quiz1/data/gallery/truck/00263.png,truck,0.943691
/home/emily/MMIP/week5/quiz1/data/query/truck/00006.png,truck,3,/home/emily/MMIP/week5/quiz1/data/gallery/truck/00382.png,truck,0.942757
/home/emily/MMIP/week5/quiz1/data/query/truck/00006.png,truck,4,/home/emily/MMIP/week5/quiz1/data/gallery/truck/00719.png,truck,0.942241
/home/emily/MMIP/week5/quiz1/data/query/truck/00006.png,truck,5,/home/emily/MMIP/week5/quiz1/data/gallery/truck/00415.png,truck,0.941289
/home/emily/MMIP/week5/quiz1/data/query/truck/00007.png,truck,1,/home/emily/MMIP/week5/quiz1/data/gallery/automobile/00736.png,automobile,0.825596
/home/emily/MMIP/week5/quiz1/data/query/truck/00007.png,truck,2,/home/emily/MMIP/week5/quiz1/data/gallery/truck/00696.png,truck,0.814851
/home/emily/MMIP/week5/quiz1/data/query/truck/00007.png,truck,3,/home/emily/MMIP/week5/quiz1/data/gallery/truck/00079.png,truck,0.812045
/home/emily/MMIP/week5/quiz1/data/query/truck/00007.png,truck,4,/home/emily/MMIP/week5/quiz1/data/gallery/truck/00573.png,truck,0.811290
/home/emily/MMIP/week5/quiz1/data/query/truck/00007.png,truck,5,/home/emily/MMIP/week5/quiz1/data/gallery/truck/00245.png,truck,0.810941
/home/emily/MMIP/week5/quiz1/data/query/truck/00008.png,truck,1,/home/emily/MMIP/week5/quiz1/data/gallery/truck/00665.png,truck,0.868110
/home/emily/MMIP/week5/quiz1/data/query/truck/00008.png,truck,2,/home/emily/MMIP/week5/quiz1/data/gallery/truck/00659.png,truck,0.867826
/home/emily/MMIP/week5/quiz1/data/query/truck/00008.png,truck,3,/home/emily/MMIP/week5/quiz1/data/gallery/truck/00110.png,truck,0.867394
/home/emily/MMIP/week5/quiz1/data/query/truck/00008.png,truck,4,/home/emily/MMIP/week5/quiz1/data/gallery/truck/00964.png,truck,0.866049
/home/emily/MMIP/week5/quiz1/data/query/truck/00008.png,truck,5,/home/emily/MMIP/week5/quiz1/data/gallery/truck/00531.png,truck,0.865423
/home/emily/MMIP/week5/quiz1/data/query/truck/00009.png,truck,1,/home/emily/MMIP/week5/quiz1/data/gallery/truck/00508.png,truck,0.879703
/home/emily/MMIP/week5/quiz1/data/query/truck/00009.png,truck,2,/home/emily/MMIP/week5/quiz1/data/gallery/truck/00598.png,truck,0.877576
/home/emily/MMIP/week5/quiz1/data/query/truck/00009.png,truck,3,/home/emily/MMIP/week5/quiz1/data/gallery/truck/00780.png,truck,0.877333
/home/emily/MMIP/week5/quiz1/data/query/truck/00009.png,truck,4,/home/emily/MMIP/week5/quiz1/data/gallery/truck/00549.png,truck,0.874824
/home/emily/MMIP/week5/quiz1/data/query/truck/00009.png,truck,5,/home/emily/MMIP/week5/quiz1/data/gallery/truck/00426.png,truck,0.873063
/home/emily/MMIP/week5/quiz1/data/query/truck/00010.png,truck,1,/home/emily/MMIP/week5/quiz1/data/gallery/truck/00595.png,truck,0.901017
/home/emily/MMIP/week5/quiz1/data/query/truck/00010.png,truck,2,/home/emily/MMIP/week5/quiz1/data/gallery/truck/00962.png,truck,0.899161
/home/emily/MMIP/week5/quiz1/data/query/truck/00010.png,truck,3,/home/emily/MMIP/week5/quiz1/data/gallery/truck/00443.png,truck,0.898161
/home/emily/MMIP/week5/quiz1/data/query/truck/00010.png,truck,4,/home/emily/MMIP/week5/quiz1/data/gallery/truck/00152.png,truck,0.897673
/home/emily/MMIP/week5/quiz1/data/query/truck/00010.png,truck,5,/home/emily/MMIP/week5/quiz1/data/gallery/truck/00160.png,truck,0.897211
/home/emily/MMIP/week5/quiz1/data/query/truck/00011.png,truck,1,/home/emily/MMIP/week5/quiz1/data/gallery/truck/00263.png,truck,0.973387
/home/emily/MMIP/week5/quiz1/data/query/truck/00011.png,truck,2,/home/emily/MMIP/week5/quiz1/data/gallery/truck/00398.png,truck,0.968152
/home/emily/MMIP/week5/quiz1/data/query/truck/00011.png,truck,3,/home/emily/MMIP/week5/quiz1/data/gallery/truck/00100.png,truck,0.965232
/home/emily/MMIP/week5/quiz1/data/query/truck/00011.png,truck,4,/home/emily/MMIP/week5/quiz1/data/gallery/truck/00238.png,truck,0.964201
/home/emily/MMIP/week5/quiz1/data/query/truck/00011.png,truck,5,/home/emily/MMIP/week5/quiz1/data/gallery/truck/00196.png,truck,0.963317
/home/emily/MMIP/week5/quiz1/data/query/truck/00012.png,truck,1,/home/emily/MMIP/week5/quiz1/data/gallery/truck/00427.png,truck,0.953881
/home/emily/MMIP/week5/quiz1/data/query/truck/00012.png,truck,2,/home/emily/MMIP/week5/quiz1/data/gallery/truck/00602.png,truck,0.932308
/home/emily/MMIP/week5/quiz1/data/query/truck/00012.png,truck,3,/home/emily/MMIP/week5/quiz1/data/gallery/truck/00238.png,truck,0.930772
/home/emily/MMIP/week5/quiz1/data/query/truck/00012.png,truck,4,/home/emily/MMIP/week5/quiz1/data/gallery/truck/00434.png,truck,0.929931
/home/emily/MMIP/week5/quiz1/data/query/truck/00012.png,truck,5,/home/emily/MMIP/week5/quiz1/data/gallery/truck/00575.png,truck,0.929425
/home/emily/MMIP/week5/quiz1/data/query/truck/00013.png,truck,1,/home/emily/MMIP/week5/quiz1/data/gallery/truck/00593.png,truck,0.869497
/home/emily/MMIP/week5/quiz1/data/query/truck/00013.png,truck,2,/home/emily/MMIP/week5/quiz1/data/gallery/truck/00772.png,truck,0.859052
/home/emily/MMIP/week5/quiz1/data/query/truck/00013.png,truck,3,/home/emily/MMIP/week5/quiz1/data/gallery/truck/00309.png,truck,0.857822
/home/emily/MMIP/week5/quiz1/data/query/truck/00013.png,truck,4,/home/emily/MMIP/week5/quiz1/data/gallery/truck/00156.png,truck,0.850411
/home/emily/MMIP/week5/quiz1/data/query/truck/00013.png,truck,5,/home/emily/MMIP/week5/quiz1/data/gallery/truck/00284.png,truck,0.848794
/home/emily/MMIP/week5/quiz1/data/query/truck/00014.png,truck,1,/home/emily/MMIP/week5/quiz1/data/gallery/truck/00747.png,truck,0.857488
/home/emily/MMIP/week5/quiz1/data/query/truck/00014.png,truck,2,/home/emily/MMIP/week5/quiz1/data/gallery/truck/00659.png,truck,0.852294
/home/emily/MMIP/week5/quiz1/data/query/truck/00014.png,truck,3,/home/emily/MMIP/week5/quiz1/data/gallery/truck/00200.png,truck,0.852289
/home/emily/MMIP/week5/quiz1/data/query/truck/00014.png,truck,4,/home/emily/MMIP/week5/quiz1/data/gallery/truck/00489.png,truck,0.851822
/home/emily/MMIP/week5/quiz1/data/query/truck/00014.png,truck,5,/home/emily/MMIP/week5/quiz1/data/gallery/truck/00189.png,truck,0.848576
/home/emily/MMIP/week5/quiz1/data/query/truck/00015.png,truck,1,/home/emily/MMIP/week5/quiz1/data/gallery/truck/00496.png,truck,0.917711
/home/emily/MMIP/week5/quiz1/data/query/truck/00015.png,truck,2,/home/emily/MMIP/week5/quiz1/data/gallery/truck/00848.png,truck,0.917283
/home/emily/MMIP/week5/quiz1/data/query/truck/00015.png,truck,3,/home/emily/MMIP/week5/quiz1/data/gallery/truck/00432.png,truck,0.917158
/home/emily/MMIP/week5/quiz1/data/query/truck/00015.png,truck,4,/home/emily/MMIP/week5/quiz1/data/gallery/truck/00345.png,truck,0.916789
/home/emily/MMIP/week5/quiz1/data/query/truck/00015.png,truck,5,/home/emily/MMIP/week5/quiz1/data/gallery/truck/00909.png,truck,0.915728
/home/emily/MMIP/week5/quiz1/data/query/truck/00016.png,truck,1,/home/emily/MMIP/week5/quiz1/data/gallery/truck/00952.png,truck,0.927549
/home/emily/MMIP/week5/quiz1/data/query/truck/00016.png,truck,2,/home/emily/MMIP/week5/quiz1/data/gallery/truck/00849.png,truck,0.925601
/home/emily/MMIP/week5/quiz1/data/query/truck/00016.png,truck,3,/home/emily/MMIP/week5/quiz1/data/gallery/truck/00370.png,truck,0.920035
/home/emily/MMIP/week5/quiz1/data/query/truck/00016.png,truck,4,/home/emily/MMIP/week5/quiz1/data/gallery/truck/00732.png,truck,0.919522
/home/emily/MMIP/week5/quiz1/data/query/truck/00016.png,truck,5,/home/emily/MMIP/week5/quiz1/data/gallery/truck/00333.png,truck,0.919139
/home/emily/MMIP/week5/quiz1/data/query/truck/00017.png,truck,1,/home/emily/MMIP/week5/quiz1/data/gallery/truck/00204.png,truck,0.823598
/home/emily/MMIP/week5/quiz1/data/query/truck/00017.png,truck,2,/home/emily/MMIP/week5/quiz1/data/gallery/cat/00520.png,cat,0.814761
/home/emily/MMIP/week5/quiz1/data/query/truck/00017.png,truck,3,/home/emily/MMIP/week5/quiz1/data/gallery/dog/00279.png,dog,0.814171
/home/emily/MMIP/week5/quiz1/data/query/truck/00017.png,truck,4,/home/emily/MMIP/week5/quiz1/data/gallery/dog/00930.png,dog,0.812526
/home/emily/MMIP/week5/quiz1/data/query/truck/00017.png,truck,5,/home/emily/MMIP/week5/quiz1/data/gallery/dog/00434.png,dog,0.806227
/home/emily/MMIP/week5/quiz1/data/query/truck/00018.png,truck,1,/home/emily/MMIP/week5/quiz1/data/gallery/truck/00320.png,truck,0.893390
/home/emily/MMIP/week5/quiz1/data/query/truck/00018.png,truck,2,/home/emily/MMIP/week5/quiz1/data/gallery/truck/00172.png,truck,0.892458
/home/emily/MMIP/week5/quiz1/data/query/truck/00018.png,truck,3,/home/emily/MMIP/week5/quiz1/data/gallery/truck/00962.png,truck,0.890440
/home/emily/MMIP/week5/quiz1/data/query/truck/00018.png,truck,4,/home/emily/MMIP/week5/quiz1/data/gallery/truck/00387.png,truck,0.888946
/home/emily/MMIP/week5/quiz1/data/query/truck/00018.png,truck,5,/home/emily/MMIP/week5/quiz1/data/gallery/truck/00139.png,truck,0.888828
/home/emily/MMIP/week5/quiz1/data/query/truck/00019.png,truck,1,/home/emily/MMIP/week5/quiz1/data/gallery/truck/00718.png,truck,0.913667
/home/emily/MMIP/week5/quiz1/data/query/truck/00019.png,truck,2,/home/emily/MMIP/week5/quiz1/data/gallery/truck/00720.png,truck,0.909738
/home/emily/MMIP/week5/quiz1/data/query/truck/00019.png,truck,3,/home/emily/MMIP/week5/quiz1/data/gallery/truck/00676.png,truck,0.908375
/home/emily/MMIP/week5/quiz1/data/query/truck/00019.png,truck,4,/home/emily/MMIP/week5/quiz1/data/gallery/truck/00918.png,truck,0.907916
/home/emily/MMIP/week5/quiz1/data/query/truck/00019.png,truck,5,/home/emily/MMIP/week5/quiz1/data/gallery/truck/00614.png,truck,0.907171
/home/emily/MMIP/week5/quiz1/data/query/truck/00020.png,truck,1,/home/emily/MMIP/week5/quiz1/data/gallery/truck/00030.png,truck,0.951492
/home/emily/MMIP/week5/quiz1/data/query/truck/00020.png,truck,2,/home/emily/MMIP/week5/quiz1/data/gallery/truck/00991.png,truck,0.951025
/home/emily/MMIP/week5/quiz1/data/query/truck/00020.png,truck,3,/home/emily/MMIP/week5/quiz1/data/gallery/truck/00288.png,truck,0.947508
/home/emily/MMIP/week5/quiz1/data/query/truck/00020.png,truck,4,/home/emily/MMIP/week5/quiz1/data/gallery/truck/00533.png,truck,0.946720
/home/emily/MMIP/week5/quiz1/data/query/truck/00020.png,truck,5,/home/emily/MMIP/week5/quiz1/data/gallery/truck/00287.png,truck,0.946475
/home/emily/MMIP/week5/quiz1/data/query/truck/00021.png,truck,1,/home/emily/MMIP/week5/quiz1/data/gallery/truck/00562.png,truck,0.925317
/home/emily/MMIP/week5/quiz1/data/query/truck/00021.png,truck,2,/home/emily/MMIP/week5/quiz1/data/gallery/truck/00686.png,truck,0.915898
/home/emily/MMIP/week5/quiz1/data/query/truck/00021.png,truck,3,/home/emily/MMIP/week5/quiz1/data/gallery/truck/00040.png,truck,0.915848
/home/emily/MMIP/week5/quiz1/data/query/truck/00021.png,truck,4,/home/emily/MMIP/week5/quiz1/data/gallery/truck/00445.png,truck,0.915298
/home/emily/MMIP/week5/quiz1/data/query/truck/00021.png,truck,5,/home/emily/MMIP/week5/quiz1/data/gallery/truck/00354.png,truck,0.914955
/home/emily/MMIP/week5/quiz1/data/query/truck/00022.png,truck,1,/home/emily/MMIP/week5/quiz1/data/gallery/truck/00446.png,truck,0.905505
/home/emily/MMIP/week5/quiz1/data/query/truck/00022.png,truck,2,/home/emily/MMIP/week5/quiz1/data/gallery/truck/00849.png,truck,0.903735
/home/emily/MMIP/week5/quiz1/data/query/truck/00022.png,truck,3,/home/emily/MMIP/week5/quiz1/data/gallery/truck/00269.png,truck,0.899724
/home/emily/MMIP/week5/quiz1/data/query/truck/00022.png,truck,4,/home/emily/MMIP/week5/quiz1/data/gallery/truck/00107.png,truck,0.899629
/home/emily/MMIP/week5/quiz1/data/query/truck/00022.png,truck,5,/home/emily/MMIP/week5/quiz1/data/gallery/truck/00952.png,truck,0.897986
/home/emily/MMIP/week5/quiz1/data/query/truck/00023.png,truck,1,/home/emily/MMIP/week5/quiz1/data/gallery/truck/00666.png,truck,0.961744
/home/emily/MMIP/week5/quiz1/data/query/truck/00023.png,truck,2,/home/emily/MMIP/week5/quiz1/data/gallery/truck/00252.png,truck,0.954876
/home/emily/MMIP/week5/quiz1/data/query/truck/00023.png,truck,3,/home/emily/MMIP/week5/quiz1/data/gallery/truck/00864.png,truck,0.953583
/home/emily/MMIP/week5/quiz1/data/query/truck/00023.png,truck,4,/home/emily/MMIP/week5/quiz1/data/gallery/truck/00601.png,truck,0.952408
/home/emily/MMIP/week5/quiz1/data/query/truck/00023.png,truck,5,/home/emily/MMIP/week5/quiz1/data/gallery/truck/00638.png,truck,0.951603
/home/emily/MMIP/week5/quiz1/data/query/truck/00024.png,truck,1,/home/emily/MMIP/week5/quiz1/data/gallery/truck/00414.png,truck,0.919146
/home/emily/MMIP/week5/quiz1/data/query/truck/00024.png,truck,2,/home/emily/MMIP/week5/quiz1/data/gallery/truck/00595.png,truck,0.912073
/home/emily/MMIP/week5/quiz1/data/query/truck/00024.png,truck,3,/home/emily/MMIP/week5/quiz1/data/gallery/truck/00152.png,truck,0.911204
/home/emily/MMIP/week5/quiz1/data/query/truck/00024.png,truck,4,/home/emily/MMIP/week5/quiz1/data/gallery/truck/00268.png,truck,0.908854
/home/emily/MMIP/week5/quiz1/data/query/truck/00024.png,truck,5,/home/emily/MMIP/week5/quiz1/data/gallery/truck/00096.png,truck,0.907961
/home/emily/MMIP/week5/quiz1/data/query/truck/00025.png,truck,1,/home/emily/MMIP/week5/quiz1/data/gallery/truck/00374.png,truck,0.904903
/home/emily/MMIP/week5/quiz1/data/query/truck/00025.png,truck,2,/home/emily/MMIP/week5/quiz1/data/gallery/truck/00519.png,truck,0.900336
/home/emily/MMIP/week5/quiz1/data/query/truck/00025.png,truck,3,/home/emily/MMIP/week5/quiz1/data/gallery/truck/00794.png,truck,0.897770
/home/emily/MMIP/week5/quiz1/data/query/truck/00025.png,truck,4,/home/emily/MMIP/week5/quiz1/data/gallery/truck/00909.png,truck,0.895337
/home/emily/MMIP/week5/quiz1/data/query/truck/00025.png,truck,5,/home/emily/MMIP/week5/quiz1/data/gallery/truck/00134.png,truck,0.895275
/home/emily/MMIP/week5/quiz1/data/query/truck/00026.png,truck,1,/home/emily/MMIP/week5/quiz1/data/gallery/truck/00812.png,truck,0.915955
/home/emily/MMIP/week5/quiz1/data/query/truck/00026.png,truck,2,/home/emily/MMIP/week5/quiz1/data/gallery/truck/00870.png,truck,0.915134
/home/emily/MMIP/week5/quiz1/data/query/truck/00026.png,truck,3,/home/emily/MMIP/week5/quiz1/data/gallery/truck/00391.png,truck,0.914132
/home/emily/MMIP/week5/quiz1/data/query/truck/00026.png,truck,4,/home/emily/MMIP/week5/quiz1/data/gallery/truck/00540.png,truck,0.912013
/home/emily/MMIP/week5/quiz1/data/query/truck/00026.png,truck,5,/home/emily/MMIP/week5/quiz1/data/gallery/truck/00902.png,truck,0.911941
/home/emily/MMIP/week5/quiz1/data/query/truck/00027.png,truck,1,/home/emily/MMIP/week5/quiz1/data/gallery/truck/00265.png,truck,0.845146
/home/emily/MMIP/week5/quiz1/data/query/truck/00027.png,truck,2,/home/emily/MMIP/week5/quiz1/data/gallery/truck/00523.png,truck,0.838320
/home/emily/MMIP/week5/quiz1/data/query/truck/00027.png,truck,3,/home/emily/MMIP/week5/quiz1/data/gallery/truck/00593.png,truck,0.838283
/home/emily/MMIP/week5/quiz1/data/query/truck/00027.png,truck,4,/home/emily/MMIP/week5/quiz1/data/gallery/airplane/00286.png,airplane,0.835501
/home/emily/MMIP/week5/quiz1/data/query/truck/00027.png,truck,5,/home/emily/MMIP/week5/quiz1/data/gallery/truck/00541.png,truck,0.835264
/home/emily/MMIP/week5/quiz1/data/query/truck/00028.png,truck,1,/home/emily/MMIP/week5/quiz1/data/gallery/truck/00370.png,truck,0.919220
/home/emily/MMIP/week5/quiz1/data/query/truck/00028.png,truck,2,/home/emily/MMIP/week5/quiz1/data/gallery/truck/00595.png,truck,0.918402
/home/emily/MMIP/week5/quiz1/data/query/truck/00028.png,truck,3,/home/emily/MMIP/week5/quiz1/data/gallery/truck/00190.png,truck,0.917517
/home/emily/MMIP/week5/quiz1/data/query/truck/00028.png,truck,4,/home/emily/MMIP/week5/quiz1/data/gallery/truck/00526.png,truck,0.917411
/home/emily/MMIP/week5/quiz1/data/query/truck/00028.png,truck,5,/home/emily/MMIP/week5/quiz1/data/gallery/truck/00814.png,truck,0.915712
/home/emily/MMIP/week5/quiz1/data/query/truck/00029.png,truck,1,/home/emily/MMIP/week5/quiz1/data/gallery/truck/00867.png,truck,0.862222
/home/emily/MMIP/week5/quiz1/data/query/truck/00029.png,truck,2,/home/emily/MMIP/week5/quiz1/data/gallery/truck/00565.png,truck,0.859197
/home/emily/MMIP/week5/quiz1/data/query/truck/00029.png,truck,3,/home/emily/MMIP/week5/quiz1/data/gallery/truck/00367.png,truck,0.852522
/home/emily/MMIP/week5/quiz1/data/query/truck/00029.png,truck,4,/home/emily/MMIP/week5/quiz1/data/gallery/truck/00528.png,truck,0.849708
/home/emily/MMIP/week5/quiz1/data/query/truck/00029.png,truck,5,/home/emily/MMIP/week5/quiz1/data/gallery/truck/00136.png,truck,0.849493
/home/emily/MMIP/week5/quiz1/data/query/truck/00030.png,truck,1,/home/emily/MMIP/week5/quiz1/data/gallery/truck/00730.png,truck,0.927645
/home/emily/MMIP/week5/quiz1/data/query/truck/00030.png,truck,2,/home/emily/MMIP/week5/quiz1/data/gallery/truck/00926.png,truck,0.920256
/home/emily/MMIP/week5/quiz1/data/query/truck/00030.png,truck,3,/home/emily/MMIP/week5/quiz1/data/gallery/truck/00303.png,truck,0.917997
/home/emily/MMIP/week5/quiz1/data/query/truck/00030.png,truck,4,/home/emily/MMIP/week5/quiz1/data/gallery/truck/00587.png,truck,0.917763
/home/emily/MMIP/week5/quiz1/data/query/truck/00030.png,truck,5,/home/emily/MMIP/week5/quiz1/data/gallery/truck/00651.png,truck,0.917347
/home/emily/MMIP/week5/quiz1/data/query/truck/00031.png,truck,1,/home/emily/MMIP/week5/quiz1/data/gallery/truck/00681.png,truck,0.908520
/home/emily/MMIP/week5/quiz1/data/query/truck/00031.png,truck,2,/home/emily/MMIP/week5/quiz1/data/gallery/truck/00046.png,truck,0.908003
/home/emily/MMIP/week5/quiz1/data/query/truck/00031.png,truck,3,/home/emily/MMIP/week5/quiz1/data/gallery/truck/00261.png,truck,0.902932
/home/emily/MMIP/week5/quiz1/data/query/truck/00031.png,truck,4,/home/emily/MMIP/week5/quiz1/data/gallery/truck/00656.png,truck,0.901446
/home/emily/MMIP/week5/quiz1/data/query/truck/00031.png,truck,5,/home/emily/MMIP/week5/quiz1/data/gallery/truck/00988.png,truck,0.901162
/home/emily/MMIP/week5/quiz1/data/query/truck/00032.png,truck,1,/home/emily/MMIP/week5/quiz1/data/gallery/truck/00642.png,truck,0.959021
/home/emily/MMIP/week5/quiz1/data/query/truck/00032.png,truck,2,/home/emily/MMIP/week5/quiz1/data/gallery/truck/00901.png,truck,0.957141
/home/emily/MMIP/week5/quiz1/data/query/truck/00032.png,truck,3,/home/emily/MMIP/week5/quiz1/data/gallery/truck/00666.png,truck,0.956933
/home/emily/MMIP/week5/quiz1/data/query/truck/00032.png,truck,4,/home/emily/MMIP/week5/quiz1/data/gallery/truck/00298.png,truck,0.956522
/home/emily/MMIP/week5/quiz1/data/query/truck/00032.png,truck,5,/home/emily/MMIP/week5/quiz1/data/gallery/truck/00515.png,truck,0.955634
/home/emily/MMIP/week5/quiz1/data/query/truck/00033.png,truck,1,/home/emily/MMIP/week5/quiz1/data/gallery/truck/00975.png,truck,0.942839
/home/emily/MMIP/week5/quiz1/data/query/truck/00033.png,truck,2,/home/emily/MMIP/week5/quiz1/data/gallery/truck/00991.png,truck,0.937928
/home/emily/MMIP/week5/quiz1/data/query/truck/00033.png,truck,3,/home/emily/MMIP/week5/quiz1/data/gallery/truck/00095.png,truck,0.936743
/home/emily/MMIP/week5/quiz1/data/query/truck/00033.png,truck,4,/home/emily/MMIP/week5/quiz1/data/gallery/truck/00675.png,truck,0.934958
/home/emily/MMIP/week5/quiz1/data/query/truck/00033.png,truck,5,/home/emily/MMIP/week5/quiz1/data/gallery/truck/00661.png,truck,0.934773
/home/emily/MMIP/week5/quiz1/data/query/truck/00034.png,truck,1,/home/emily/MMIP/week5/quiz1/data/gallery/automobile/00230.png,automobile,0.895945
/home/emily/MMIP/week5/quiz1/data/query/truck/00034.png,truck,2,/home/emily/MMIP/week5/quiz1/data/gallery/automobile/00332.png,automobile,0.894535
/home/emily/MMIP/week5/quiz1/data/query/truck/00034.png,truck,3,/home/emily/MMIP/week5/quiz1/data/gallery/automobile/00980.png,automobile,0.894001
/home/emily/MMIP/week5/quiz1/data/query/truck/00034.png,truck,4,/home/emily/MMIP/week5/quiz1/data/gallery/automobile/00150.png,automobile,0.892404
/home/emily/MMIP/week5/quiz1/data/query/truck/00034.png,truck,5,/home/emily/MMIP/week5/quiz1/data/gallery/automobile/00910.png,automobile,0.892329
/home/emily/MMIP/week5/quiz1/data/query/truck/00035.png,truck,1,/home/emily/MMIP/week5/quiz1/data/gallery/truck/00712.png,truck,0.875935
/home/emily/MMIP/week5/quiz1/data/query/truck/00035.png,truck,2,/home/emily/MMIP/week5/quiz1/data/gallery/truck/00223.png,truck,0.864678
/home/emily/MMIP/week5/quiz1/data/query/truck/00035.png,truck,3,/home/emily/MMIP/week5/quiz1/data/gallery/truck/00934.png,truck,0.863770
/home/emily/MMIP/week5/quiz1/data/query/truck/00035.png,truck,4,/home/emily/MMIP/week5/quiz1/data/gallery/truck/00581.png,truck,0.861803
/home/emily/MMIP/week5/quiz1/data/query/truck/00035.png,truck,5,/home/emily/MMIP/week5/quiz1/data/gallery/truck/00510.png,truck,0.860462
/home/emily/MMIP/week5/quiz1/data/query/truck/00036.png,truck,1,/home/emily/MMIP/week5/quiz1/data/gallery/truck/00788.png,truck,0.937793
/home/emily/MMIP/week5/quiz1/data/query/truck/00036.png,truck,2,/home/emily/MMIP/week5/quiz1/data/gallery/truck/00576.png,truck,0.937491
/home/emily/MMIP/week5/quiz1/data/query/truck/00036.png,truck,3,/home/emily/MMIP/week5/quiz1/data/gallery/truck/00287.png,truck,0.935303
/home/emily/MMIP/week5/quiz1/data/query/truck/00036.png,truck,4,/home/emily/MMIP/week5/quiz1/data/gallery/truck/00448.png,truck,0.935167
/home/emily/MMIP/week5/quiz1/data/query/truck/00036.png,truck,5,/home/emily/MMIP/week5/quiz1/data/gallery/truck/00705.png,truck,0.934685
/home/emily/MMIP/week5/quiz1/data/query/truck/00037.png,truck,1,/home/emily/MMIP/week5/quiz1/data/gallery/truck/00058.png,truck,0.885650
/home/emily/MMIP/week5/quiz1/data/query/truck/00037.png,truck,2,/home/emily/MMIP/week5/quiz1/data/gallery/truck/00623.png,truck,0.882192
/home/emily/MMIP/week5/quiz1/data/query/truck/00037.png,truck,3,/home/emily/MMIP/week5/quiz1/data/gallery/truck/00215.png,truck,0.880404
/home/emily/MMIP/week5/quiz1/data/query/truck/00037.png,truck,4,/home/emily/MMIP/week5/quiz1/data/gallery/truck/00151.png,truck,0.880306
/home/emily/MMIP/week5/quiz1/data/query/truck/00037.png,truck,5,/home/emily/MMIP/week5/quiz1/data/gallery/truck/00799.png,truck,0.879250
/home/emily/MMIP/week5/quiz1/data/query/truck/00038.png,truck,1,/home/emily/MMIP/week5/quiz1/data/gallery/truck/00502.png,truck,0.926898
/home/emily/MMIP/week5/quiz1/data/query/truck/00038.png,truck,2,/home/emily/MMIP/week5/quiz1/data/gallery/truck/00957.png,truck,0.924664
/home/emily/MMIP/week5/quiz1/data/query/truck/00038.png,truck,3,/home/emily/MMIP/week5/quiz1/data/gallery/truck/00962.png,truck,0.923832
/home/emily/MMIP/week5/quiz1/data/query/truck/00038.png,truck,4,/home/emily/MMIP/week5/quiz1/data/gallery/truck/00762.png,truck,0.922020
/home/emily/MMIP/week5/quiz1/data/query/truck/00038.png,truck,5,/home/emily/MMIP/week5/quiz1/data/gallery/truck/00346.png,truck,0.921379
/home/emily/MMIP/week5/quiz1/data/query/truck/00039.png,truck,1,/home/emily/MMIP/week5/quiz1/data/gallery/truck/00427.png,truck,0.929239
/home/emily/MMIP/week5/quiz1/data/query/truck/00039.png,truck,2,/home/emily/MMIP/week5/quiz1/data/gallery/truck/00926.png,truck,0.927880
/home/emily/MMIP/week5/quiz1/data/query/truck/00039.png,truck,3,/home/emily/MMIP/week5/quiz1/data/gallery/truck/00054.png,truck,0.925821
/home/emily/MMIP/week5/quiz1/data/query/truck/00039.png,truck,4,/home/emily/MMIP/week5/quiz1/data/gallery/truck/00231.png,truck,0.925494
/home/emily/MMIP/week5/quiz1/data/query/truck/00039.png,truck,5,/home/emily/MMIP/week5/quiz1/data/gallery/truck/00100.png,truck,0.925327
/home/emily/MMIP/week5/quiz1/data/query/truck/00040.png,truck,1,/home/emily/MMIP/week5/quiz1/data/gallery/truck/00415.png,truck,0.949934
/home/emily/MMIP/week5/quiz1/data/query/truck/00040.png,truck,2,/home/emily/MMIP/week5/quiz1/data/gallery/truck/00649.png,truck,0.945933
/home/emily/MMIP/week5/quiz1/data/query/truck/00040.png,truck,3,/home/emily/MMIP/week5/quiz1/data/gallery/truck/00813.png,truck,0.944227
/home/emily/MMIP/week5/quiz1/data/query/truck/00040.png,truck,4,/home/emily/MMIP/week5/quiz1/data/gallery/truck/00617.png,truck,0.944202
/home/emily/MMIP/week5/quiz1/data/query/truck/00040.png,truck,5,/home/emily/MMIP/week5/quiz1/data/gallery/truck/00719.png,truck,0.942633
/home/emily/MMIP/week5/quiz1/data/query/truck/00041.png,truck,1,/home/emily/MMIP/week5/quiz1/data/gallery/truck/00583.png,truck,0.908541
/home/emily/MMIP/week5/quiz1/data/query/truck/00041.png,truck,2,/home/emily/MMIP/week5/quiz1/data/gallery/truck/00090.png,truck,0.907960
/home/emily/MMIP/week5/quiz1/data/query/truck/00041.png,truck,3,/home/emily/MMIP/week5/quiz1/data/gallery/truck/00171.png,truck,0.903486
/home/emily/MMIP/week5/quiz1/data/query/truck/00041.png,truck,4,/home/emily/MMIP/week5/quiz1/data/gallery/truck/00022.png,truck,0.903125
/home/emily/MMIP/week5/quiz1/data/query/truck/00041.png,truck,5,/home/emily/MMIP/week5/quiz1/data/gallery/truck/00441.png,truck,0.903061
/home/emily/MMIP/week5/quiz1/data/query/truck/00042.png,truck,1,/home/emily/MMIP/week5/quiz1/data/gallery/truck/00554.png,truck,0.910573
/home/emily/MMIP/week5/quiz1/data/query/truck/00042.png,truck,2,/home/emily/MMIP/week5/quiz1/data/gallery/truck/00956.png,truck,0.909923
/home/emily/MMIP/week5/quiz1/data/query/truck/00042.png,truck,3,/home/emily/MMIP/week5/quiz1/data/gallery/truck/00926.png,truck,0.909429
/home/emily/MMIP/week5/quiz1/data/query/truck/00042.png,truck,4,/home/emily/MMIP/week5/quiz1/data/gallery/truck/00025.png,truck,0.909103
/home/emily/MMIP/week5/quiz1/data/query/truck/00042.png,truck,5,/home/emily/MMIP/week5/quiz1/data/gallery/truck/00891.png,truck,0.906145
/home/emily/MMIP/week5/quiz1/data/query/truck/00043.png,truck,1,/home/emily/MMIP/week5/quiz1/data/gallery/truck/00090.png,truck,0.889625
/home/emily/MMIP/week5/quiz1/data/query/truck/00043.png,truck,2,/home/emily/MMIP/week5/quiz1/data/gallery/truck/00930.png,truck,0.888539
/home/emily/MMIP/week5/quiz1/data/query/truck/00043.png,truck,3,/home/emily/MMIP/week5/quiz1/data/gallery/truck/00293.png,truck,0.888404
/home/emily/MMIP/week5/quiz1/data/query/truck/00043.png,truck,4,/home/emily/MMIP/week5/quiz1/data/gallery/truck/00512.png,truck,0.888263
/home/emily/MMIP/week5/quiz1/data/query/truck/00043.png,truck,5,/home/emily/MMIP/week5/quiz1/data/gallery/truck/00269.png,truck,0.885947
/home/emily/MMIP/week5/quiz1/data/query/truck/00044.png,truck,1,/home/emily/MMIP/week5/quiz1/data/gallery/automobile/00588.png,automobile,0.862211
/home/emily/MMIP/week5/quiz1/data/query/truck/00044.png,truck,2,/home/emily/MMIP/week5/quiz1/data/gallery/automobile/00497.png,automobile,0.842150
/home/emily/MMIP/week5/quiz1/data/query/truck/00044.png,truck,3,/home/emily/MMIP/week5/quiz1/data/gallery/automobile/00888.png,automobile,0.841551
/home/emily/MMIP/week5/quiz1/data/query/truck/00044.png,truck,4,/home/emily/MMIP/week5/quiz1/data/gallery/automobile/00360.png,automobile,0.840088
/home/emily/MMIP/week5/quiz1/data/query/truck/00044.png,truck,5,/home/emily/MMIP/week5/quiz1/data/gallery/automobile/00249.png,automobile,0.837723
/home/emily/MMIP/week5/quiz1/data/query/truck/00045.png,truck,1,/home/emily/MMIP/week5/quiz1/data/gallery/truck/00861.png,truck,0.917292
/home/emily/MMIP/week5/quiz1/data/query/truck/00045.png,truck,2,/home/emily/MMIP/week5/quiz1/data/gallery/truck/00401.png,truck,0.914261
/home/emily/MMIP/week5/quiz1/data/query/truck/00045.png,truck,3,/home/emily/MMIP/week5/quiz1/data/gallery/truck/00439.png,truck,0.911590
/home/emily/MMIP/week5/quiz1/data/query/truck/00045.png,truck,4,/home/emily/MMIP/week5/quiz1/data/gallery/truck/00266.png,truck,0.909083
/home/emily/MMIP/week5/quiz1/data/query/truck/00045.png,truck,5,/home/emily/MMIP/week5/quiz1/data/gallery/truck/00646.png,truck,0.906738
/home/emily/MMIP/week5/quiz1/data/query/truck/00046.png,truck,1,/home/emily/MMIP/week5/quiz1/data/gallery/truck/00776.png,truck,0.832765
/home/emily/MMIP/week5/quiz1/data/query/truck/00046.png,truck,2,/home/emily/MMIP/week5/quiz1/data/gallery/airplane/00009.png,airplane,0.821233
/home/emily/MMIP/week5/quiz1/data/query/truck/00046.png,truck,3,/home/emily/MMIP/week5/quiz1/data/gallery/truck/00598.png,truck,0.813206
/home/emily/MMIP/week5/quiz1/data/query/truck/00046.png,truck,4,/home/emily/MMIP/week5/quiz1/data/gallery/airplane/00286.png,airplane,0.811338
/home/emily/MMIP/week5/quiz1/data/query/truck/00046.png,truck,5,/home/emily/MMIP/week5/quiz1/data/gallery/airplane/00466.png,airplane,0.810219
/home/emily/MMIP/week5/quiz1/data/query/truck/00047.png,truck,1,/home/emily/MMIP/week5/quiz1/data/gallery/truck/00609.png,truck,0.957819
/home/emily/MMIP/week5/quiz1/data/query/truck/00047.png,truck,2,/home/emily/MMIP/week5/quiz1/data/gallery/truck/00641.png,truck,0.957691
/home/emily/MMIP/week5/quiz1/data/query/truck/00047.png,truck,3,/home/emily/MMIP/week5/quiz1/data/gallery/truck/00603.png,truck,0.950070
/home/emily/MMIP/week5/quiz1/data/query/truck/00047.png,truck,4,/home/emily/MMIP/week5/quiz1/data/gallery/truck/00770.png,truck,0.949888
/home/emily/MMIP/week5/quiz1/data/query/truck/00047.png,truck,5,/home/emily/MMIP/week5/quiz1/data/gallery/truck/00686.png,truck,0.947816
/home/emily/MMIP/week5/quiz1/data/query/truck/00048.png,truck,1,/home/emily/MMIP/week5/quiz1/data/gallery/truck/00991.png,truck,0.939763
/home/emily/MMIP/week5/quiz1/data/query/truck/00048.png,truck,2,/home/emily/MMIP/week5/quiz1/data/gallery/truck/00238.png,truck,0.937177
/home/emily/MMIP/week5/quiz1/data/query/truck/00048.png,truck,3,/home/emily/MMIP/week5/quiz1/data/gallery/truck/00090.png,truck,0.936755
/home/emily/MMIP/week5/quiz1/data/query/truck/00048.png,truck,4,/home/emily/MMIP/week5/quiz1/data/gallery/truck/00849.png,truck,0.936706
/home/emily/MMIP/week5/quiz1/data/query/truck/00048.png,truck,5,/home/emily/MMIP/week5/quiz1/data/gallery/truck/00115.png,truck,0.936493
/home/emily/MMIP/week5/quiz1/data/query/truck/00049.png,truck,1,/home/emily/MMIP/week5/quiz1/data/gallery/truck/00288.png,truck,0.960083
/home/emily/MMIP/week5/quiz1/data/query/truck/00049.png,truck,2,/home/emily/MMIP/week5/quiz1/data/gallery/truck/00603.png,truck,0.959312
/home/emily/MMIP/week5/quiz1/data/query/truck/00049.png,truck,3,/home/emily/MMIP/week5/quiz1/data/gallery/truck/00666.png,truck,0.958874
/home/emily/MMIP/week5/quiz1/data/query/truck/00049.png,truck,4,/home/emily/MMIP/week5/quiz1/data/gallery/truck/00238.png,truck,0.958292
/home/emily/MMIP/week5/quiz1/data/query/truck/00049.png,truck,5,/home/emily/MMIP/week5/quiz1/data/gallery/truck/00054.png,truck,0.957820
/home/emily/MMIP/week5/quiz1/data/query/truck/00050.png,truck,1,/home/emily/MMIP/week5/quiz1/data/gallery/truck/00220.png,truck,0.856750
/home/emily/MMIP/week5/quiz1/data/query/truck/00050.png,truck,2,/home/emily/MMIP/week5/quiz1/data/gallery/truck/00925.png,truck,0.853500
/home/emily/MMIP/week5/quiz1/data/query/truck/00050.png,truck,3,/home/emily/MMIP/week5/quiz1/data/gallery/truck/00087.png,truck,0.853099
/home/emily/MMIP/week5/quiz1/data/query/truck/00050.png,truck,4,/home/emily/MMIP/week5/quiz1/data/gallery/truck/00227.png,truck,0.851864
/home/emily/MMIP/week5/quiz1/data/query/truck/00050.png,truck,5,/home/emily/MMIP/week5/quiz1/data/gallery/truck/00857.png,truck,0.851243
/home/emily/MMIP/week5/quiz1/data/query/truck/00051.png,truck,1,/home/emily/MMIP/week5/quiz1/data/gallery/truck/00764.png,truck,0.859364
/home/emily/MMIP/week5/quiz1/data/query/truck/00051.png,truck,2,/home/emily/MMIP/week5/quiz1/data/gallery/truck/00136.png,truck,0.850211
/home/emily/MMIP/week5/quiz1/data/query/truck/00051.png,truck,3,/home/emily/MMIP/week5/quiz1/data/gallery/truck/00300.png,truck,0.849150
/home/emily/MMIP/week5/quiz1/data/query/truck/00051.png,truck,4,/home/emily/MMIP/week5/quiz1/data/gallery/truck/00217.png,truck,0.847268
/home/emily/MMIP/week5/quiz1/data/query/truck/00051.png,truck,5,/home/emily/MMIP/week5/quiz1/data/gallery/truck/00742.png,truck,0.847088
/home/emily/MMIP/week5/quiz1/data/query/truck/00052.png,truck,1,/home/emily/MMIP/week5/quiz1/data/gallery/truck/00084.png,truck,0.844231
/home/emily/MMIP/week5/quiz1/data/query/truck/00052.png,truck,2,/home/emily/MMIP/week5/quiz1/data/gallery/truck/00593.png,truck,0.843141
/home/emily/MMIP/week5/quiz1/data/query/truck/00052.png,truck,3,/home/emily/MMIP/week5/quiz1/data/gallery/truck/00150.png,truck,0.837019
/home/emily/MMIP/week5/quiz1/data/query/truck/00052.png,truck,4,/home/emily/MMIP/week5/quiz1/data/gallery/truck/00823.png,truck,0.834471
/home/emily/MMIP/week5/quiz1/data/query/truck/00052.png,truck,5,/home/emily/MMIP/week5/quiz1/data/gallery/truck/00410.png,truck,0.830989
/home/emily/MMIP/week5/quiz1/data/query/truck/00053.png,truck,1,/home/emily/MMIP/week5/quiz1/data/gallery/truck/00265.png,truck,0.815506
/home/emily/MMIP/week5/quiz1/data/query/truck/00053.png,truck,2,/home/emily/MMIP/week5/quiz1/data/gallery/truck/00722.png,truck,0.814646
/home/emily/MMIP/week5/quiz1/data/query/truck/00053.png,truck,3,/home/emily/MMIP/week5/quiz1/data/gallery/truck/00696.png,truck,0.809089
/home/emily/MMIP/week5/quiz1/data/query/truck/00053.png,truck,4,/home/emily/MMIP/week5/quiz1/data/gallery/truck/00742.png,truck,0.808882
/home/emily/MMIP/week5/quiz1/data/query/truck/00053.png,truck,5,/home/emily/MMIP/week5/quiz1/data/gallery/automobile/00547.png,automobile,0.805647
/home/emily/MMIP/week5/quiz1/data/query/truck/00054.png,truck,1,/home/emily/MMIP/week5/quiz1/data/gallery/truck/00864.png,truck,0.960286
/home/emily/MMIP/week5/quiz1/data/query/truck/00054.png,truck,2,/home/emily/MMIP/week5/quiz1/data/gallery/truck/00666.png,truck,0.959430
/home/emily/MMIP/week5/quiz1/data/query/truck/00054.png,truck,3,/home/emily/MMIP/week5/quiz1/data/gallery/truck/00603.png,truck,0.953578
/home/emily/MMIP/week5/quiz1/data/query/truck/00054.png,truck,4,/home/emily/MMIP/week5/quiz1/data/gallery/truck/00591.png,truck,0.953432
/home/emily/MMIP/week5/quiz1/data/query/truck/00054.png,truck,5,/home/emily/MMIP/week5/quiz1/data/gallery/truck/00638.png,truck,0.952942
/home/emily/MMIP/week5/quiz1/data/query/truck/00055.png,truck,1,/home/emily/MMIP/week5/quiz1/data/gallery/truck/00298.png,truck,0.968480
/home/emily/MMIP/week5/quiz1/data/query/truck/00055.png,truck,2,/home/emily/MMIP/week5/quiz1/data/gallery/truck/00770.png,truck,0.965838
/home/emily/MMIP/week5/quiz1/data/query/truck/00055.png,truck,3,/home/emily/MMIP/week5/quiz1/data/gallery/truck/00434.png,truck,0.964363
/home/emily/MMIP/week5/quiz1/data/query/truck/00055.png,truck,4,/home/emily/MMIP/week5/quiz1/data/gallery/truck/00205.png,truck,0.964086
/home/emily/MMIP/week5/quiz1/data/query/truck/00055.png,truck,5,/home/emily/MMIP/week5/quiz1/data/gallery/truck/00638.png,truck,0.963389
/home/emily/MMIP/week5/quiz1/data/query/truck/00056.png,truck,1,/home/emily/MMIP/week5/quiz1/data/gallery/truck/00372.png,truck,0.948052
/home/emily/MMIP/week5/quiz1/data/query/truck/00056.png,truck,2,/home/emily/MMIP/week5/quiz1/data/gallery/truck/00429.png,truck,0.942459
/home/emily/MMIP/week5/quiz1/data/query/truck/00056.png,truck,3,/home/emily/MMIP/week5/quiz1/data/gallery/truck/00601.png,truck,0.942095
/home/emily/MMIP/week5/quiz1/data/query/truck/00056.png,truck,4,/home/emily/MMIP/week5/quiz1/data/gallery/truck/00252.png,truck,0.940294
/home/emily/MMIP/week5/quiz1/data/query/truck/00056.png,truck,5,/home/emily/MMIP/week5/quiz1/data/gallery/truck/00864.png,truck,0.939413
/home/emily/MMIP/week5/quiz1/data/query/truck/00057.png,truck,1,/home/emily/MMIP/week5/quiz1/data/gallery/airplane/00650.png,airplane,0.841251
/home/emily/MMIP/week5/quiz1/data/query/truck/00057.png,truck,2,/home/emily/MMIP/week5/quiz1/data/gallery/truck/00150.png,truck,0.840119
/home/emily/MMIP/week5/quiz1/data/query/truck/00057.png,truck,3,/home/emily/MMIP/week5/quiz1/data/gallery/truck/00520.png,truck,0.836624
/home/emily/MMIP/week5/quiz1/data/query/truck/00057.png,truck,4,/home/emily/MMIP/week5/quiz1/data/gallery/truck/00856.png,truck,0.835674
/home/emily/MMIP/week5/quiz1/data/query/truck/00057.png,truck,5,/home/emily/MMIP/week5/quiz1/data/gallery/truck/00593.png,truck,0.831059
/home/emily/MMIP/week5/quiz1/data/query/truck/00058.png,truck,1,/home/emily/MMIP/week5/quiz1/data/gallery/truck/00513.png,truck,0.854898
/home/emily/MMIP/week5/quiz1/data/query/truck/00058.png,truck,2,/home/emily/MMIP/week5/quiz1/data/gallery/truck/00521.png,truck,0.847341
/home/emily/MMIP/week5/quiz1/data/query/truck/00058.png,truck,3,/home/emily/MMIP/week5/quiz1/data/gallery/truck/00226.png,truck,0.846903
/home/emily/MMIP/week5/quiz1/data/query/truck/00058.png,truck,4,/home/emily/MMIP/week5/quiz1/data/gallery/truck/00823.png,truck,0.844149
/home/emily/MMIP/week5/quiz1/data/query/truck/00058.png,truck,5,/home/emily/MMIP/week5/quiz1/data/gallery/truck/00613.png,truck,0.841101
/home/emily/MMIP/week5/quiz1/data/query/truck/00059.png,truck,1,/home/emily/MMIP/week5/quiz1/data/gallery/truck/00601.png,truck,0.902851
/home/emily/MMIP/week5/quiz1/data/query/truck/00059.png,truck,2,/home/emily/MMIP/week5/quiz1/data/gallery/truck/00950.png,truck,0.902653
/home/emily/MMIP/week5/quiz1/data/query/truck/00059.png,truck,3,/home/emily/MMIP/week5/quiz1/data/gallery/truck/00464.png,truck,0.901493
/home/emily/MMIP/week5/quiz1/data/query/truck/00059.png,truck,4,/home/emily/MMIP/week5/quiz1/data/gallery/truck/00125.png,truck,0.900194
/home/emily/MMIP/week5/quiz1/data/query/truck/00059.png,truck,5,/home/emily/MMIP/week5/quiz1/data/gallery/truck/00744.png,truck,0.899965
/home/emily/MMIP/week5/quiz1/data/query/truck/00060.png,truck,1,/home/emily/MMIP/week5/quiz1/data/gallery/truck/00131.png,truck,0.943456
/home/emily/MMIP/week5/quiz1/data/query/truck/00060.png,truck,2,/home/emily/MMIP/week5/quiz1/data/gallery/truck/00990.png,truck,0.942140
/home/emily/MMIP/week5/quiz1/data/query/truck/00060.png,truck,3,/home/emily/MMIP/week5/quiz1/data/gallery/truck/00172.png,truck,0.940642
/home/emily/MMIP/week5/quiz1/data/query/truck/00060.png,truck,4,/home/emily/MMIP/week5/quiz1/data/gallery/truck/00609.png,truck,0.940542
/home/emily/MMIP/week5/quiz1/data/query/truck/00060.png,truck,5,/home/emily/MMIP/week5/quiz1/data/gallery/truck/00171.png,truck,0.938402
/home/emily/MMIP/week5/quiz1/data/query/truck/00061.png,truck,1,/home/emily/MMIP/week5/quiz1/data/gallery/truck/00913.png,truck,0.878121
/home/emily/MMIP/week5/quiz1/data/query/truck/00061.png,truck,2,/home/emily/MMIP/week5/quiz1/data/gallery/truck/00121.png,truck,0.876769
/home/emily/MMIP/week5/quiz1/data/query/truck/00061.png,truck,3,/home/emily/MMIP/week5/quiz1/data/gallery/truck/00077.png,truck,0.873715
/home/emily/MMIP/week5/quiz1/data/query/truck/00061.png,truck,4,/home/emily/MMIP/week5/quiz1/data/gallery/truck/00554.png,truck,0.872087
/home/emily/MMIP/week5/quiz1/data/query/truck/00061.png,truck,5,/home/emily/MMIP/week5/quiz1/data/gallery/truck/00035.png,truck,0.871737
/home/emily/MMIP/week5/quiz1/data/query/truck/00062.png,truck,1,/home/emily/MMIP/week5/quiz1/data/gallery/truck/00996.png,truck,0.870907
/home/emily/MMIP/week5/quiz1/data/query/truck/00062.png,truck,2,/home/emily/MMIP/week5/quiz1/data/gallery/truck/00881.png,truck,0.853878
/home/emily/MMIP/week5/quiz1/data/query/truck/00062.png,truck,3,/home/emily/MMIP/week5/quiz1/data/gallery/truck/00411.png,truck,0.853867
/home/emily/MMIP/week5/quiz1/data/query/truck/00062.png,truck,4,/home/emily/MMIP/week5/quiz1/data/gallery/truck/00191.png,truck,0.851378
/home/emily/MMIP/week5/quiz1/data/query/truck/00062.png,truck,5,/home/emily/MMIP/week5/quiz1/data/gallery/truck/00008.png,truck,0.850002
/home/emily/MMIP/week5/quiz1/data/query/truck/00063.png,truck,1,/home/emily/MMIP/week5/quiz1/data/gallery/truck/00755.png,truck,0.935239
/home/emily/MMIP/week5/quiz1/data/query/truck/00063.png,truck,2,/home/emily/MMIP/week5/quiz1/data/gallery/truck/00238.png,truck,0.933345
/home/emily/MMIP/week5/quiz1/data/query/truck/00063.png,truck,3,/home/emily/MMIP/week5/quiz1/data/gallery/truck/00287.png,truck,0.931938
/home/emily/MMIP/week5/quiz1/data/query/truck/00063.png,truck,4,/home/emily/MMIP/week5/quiz1/data/gallery/truck/00841.png,truck,0.931897
/home/emily/MMIP/week5/quiz1/data/query/truck/00063.png,truck,5,/home/emily/MMIP/week5/quiz1/data/gallery/truck/00566.png,truck,0.931272
/home/emily/MMIP/week5/quiz1/data/query/truck/00064.png,truck,1,/home/emily/MMIP/week5/quiz1/data/gallery/truck/00626.png,truck,0.918480
/home/emily/MMIP/week5/quiz1/data/query/truck/00064.png,truck,2,/home/emily/MMIP/week5/quiz1/data/gallery/truck/00802.png,truck,0.914325
/home/emily/MMIP/week5/quiz1/data/query/truck/00064.png,truck,3,/home/emily/MMIP/week5/quiz1/data/gallery/truck/00169.png,truck,0.910612
/home/emily/MMIP/week5/quiz1/data/query/truck/00064.png,truck,4,/home/emily/MMIP/week5/quiz1/data/gallery/truck/00231.png,truck,0.909520
/home/emily/MMIP/week5/quiz1/data/query/truck/00064.png,truck,5,/home/emily/MMIP/week5/quiz1/data/gallery/truck/00602.png,truck,0.907014
/home/emily/MMIP/week5/quiz1/data/query/truck/00065.png,truck,1,/home/emily/MMIP/week5/quiz1/data/gallery/truck/00566.png,truck,0.945961
/home/emily/MMIP/week5/quiz1/data/query/truck/00065.png,truck,2,/home/emily/MMIP/week5/quiz1/data/gallery/truck/00849.png,truck,0.943780
/home/emily/MMIP/week5/quiz1/data/query/truck/00065.png,truck,3,/home/emily/MMIP/week5/quiz1/data/gallery/truck/00171.png,truck,0.942033
/home/emily/MMIP/week5/quiz1/data/query/truck/00065.png,truck,4,/home/emily/MMIP/week5/quiz1/data/gallery/truck/00991.png,truck,0.941523
/home/emily/MMIP/week5/quiz1/data/query/truck/00065.png,truck,5,/home/emily/MMIP/week5/quiz1/data/gallery/truck/00716.png,truck,0.938875
/home/emily/MMIP/week5/quiz1/data/query/truck/00066.png,truck,1,/home/emily/MMIP/week5/quiz1/data/gallery/truck/00113.png,truck,0.829512
/home/emily/MMIP/week5/quiz1/data/query/truck/00066.png,truck,2,/home/emily/MMIP/week5/quiz1/data/gallery/truck/00411.png,truck,0.829320
/home/emily/MMIP/week5/quiz1/data/query/truck/00066.png,truck,3,/home/emily/MMIP/week5/quiz1/data/gallery/truck/00593.png,truck,0.828820
/home/emily/MMIP/week5/quiz1/data/query/truck/00066.png,truck,4,/home/emily/MMIP/week5/quiz1/data/gallery/truck/00541.png,truck,0.828162
/home/emily/MMIP/week5/quiz1/data/query/truck/00066.png,truck,5,/home/emily/MMIP/week5/quiz1/data/gallery/truck/00757.png,truck,0.824133
/home/emily/MMIP/week5/quiz1/data/query/truck/00067.png,truck,1,/home/emily/MMIP/week5/quiz1/data/gallery/truck/00759.png,truck,0.832149
/home/emily/MMIP/week5/quiz1/data/query/truck/00067.png,truck,2,/home/emily/MMIP/week5/quiz1/data/gallery/truck/00008.png,truck,0.824873
/home/emily/MMIP/week5/quiz1/data/query/truck/00067.png,truck,3,/home/emily/MMIP/week5/quiz1/data/gallery/ship/00478.png,ship,0.822753
/home/emily/MMIP/week5/quiz1/data/query/truck/00067.png,truck,4,/home/emily/MMIP/week5/quiz1/data/gallery/ship/00060.png,ship,0.811079
/home/emily/MMIP/week5/quiz1/data/query/truck/00067.png,truck,5,/home/emily/MMIP/week5/quiz1/data/gallery/truck/00485.png,truck,0.810425
/home/emily/MMIP/week5/quiz1/data/query/truck/00068.png,truck,1,/home/emily/MMIP/week5/quiz1/data/gallery/truck/00536.png,truck,0.888207
/home/emily/MMIP/week5/quiz1/data/query/truck/00068.png,truck,2,/home/emily/MMIP/week5/quiz1/data/gallery/truck/00935.png,truck,0.881664
/home/emily/MMIP/week5/quiz1/data/query/truck/00068.png,truck,3,/home/emily/MMIP/week5/quiz1/data/gallery/truck/00353.png,truck,0.879667
/home/emily/MMIP/week5/quiz1/data/query/truck/00068.png,truck,4,/home/emily/MMIP/week5/quiz1/data/gallery/truck/00135.png,truck,0.876445
/home/emily/MMIP/week5/quiz1/data/query/truck/00068.png,truck,5,/home/emily/MMIP/week5/quiz1/data/gallery/truck/00232.png,truck,0.875349
/home/emily/MMIP/week5/quiz1/data/query/truck/00069.png,truck,1,/home/emily/MMIP/week5/quiz1/data/gallery/truck/00730.png,truck,0.935969
/home/emily/MMIP/week5/quiz1/data/query/truck/00069.png,truck,2,/home/emily/MMIP/week5/quiz1/data/gallery/truck/00434.png,truck,0.934386
/home/emily/MMIP/week5/quiz1/data/query/truck/00069.png,truck,3,/home/emily/MMIP/week5/quiz1/data/gallery/truck/00849.png,truck,0.929851
/home/emily/MMIP/week5/quiz1/data/query/truck/00069.png,truck,4,/home/emily/MMIP/week5/quiz1/data/gallery/truck/00755.png,truck,0.925126
/home/emily/MMIP/week5/quiz1/data/query/truck/00069.png,truck,5,/home/emily/MMIP/week5/quiz1/data/gallery/truck/00517.png,truck,0.924792
/home/emily/MMIP/week5/quiz1/data/query/truck/00070.png,truck,1,/home/emily/MMIP/week5/quiz1/data/gallery/truck/00393.png,truck,0.933749
/home/emily/MMIP/week5/quiz1/data/query/truck/00070.png,truck,2,/home/emily/MMIP/week5/quiz1/data/gallery/truck/00060.png,truck,0.933632
/home/emily/MMIP/week5/quiz1/data/query/truck/00070.png,truck,3,/home/emily/MMIP/week5/quiz1/data/gallery/truck/00686.png,truck,0.931374
/home/emily/MMIP/week5/quiz1/data/query/truck/00070.png,truck,4,/home/emily/MMIP/week5/quiz1/data/gallery/truck/00760.png,truck,0.931366
/home/emily/MMIP/week5/quiz1/data/query/truck/00070.png,truck,5,/home/emily/MMIP/week5/quiz1/data/gallery/truck/00879.png,truck,0.931250
/home/emily/MMIP/week5/quiz1/data/query/truck/00071.png,truck,1,/home/emily/MMIP/week5/quiz1/data/gallery/truck/00666.png,truck,0.950713
/home/emily/MMIP/week5/quiz1/data/query/truck/00071.png,truck,2,/home/emily/MMIP/week5/quiz1/data/gallery/truck/00955.png,truck,0.949261
/home/emily/MMIP/week5/quiz1/data/query/truck/00071.png,truck,3,/home/emily/MMIP/week5/quiz1/data/gallery/truck/00238.png,truck,0.949015
/home/emily/MMIP/week5/quiz1/data/query/truck/00071.png,truck,4,/home/emily/MMIP/week5/quiz1/data/gallery/truck/00642.png,truck,0.947171
/home/emily/MMIP/week5/quiz1/data/query/truck/00071.png,truck,5,/home/emily/MMIP/week5/quiz1/data/gallery/truck/00621.png,truck,0.946356
/home/emily/MMIP/week5/quiz1/data/query/truck/00072.png,truck,1,/home/emily/MMIP/week5/quiz1/data/gallery/truck/00871.png,truck,0.873702
/home/emily/MMIP/week5/quiz1/data/query/truck/00072.png,truck,2,/home/emily/MMIP/week5/quiz1/data/gallery/truck/00338.png,truck,0.858160
/home/emily/MMIP/week5/quiz1/data/query/truck/00072.png,truck,3,/home/emily/MMIP/week5/quiz1/data/gallery/truck/00659.png,truck,0.850580
/home/emily/MMIP/week5/quiz1/data/query/truck/00072.png,truck,4,/home/emily/MMIP/week5/quiz1/data/gallery/truck/00384.png,truck,0.850167
/home/emily/MMIP/week5/quiz1/data/query/truck/00072.png,truck,5,/home/emily/MMIP/week5/quiz1/data/gallery/truck/00271.png,truck,0.848093
/home/emily/MMIP/week5/quiz1/data/query/truck/00073.png,truck,1,/home/emily/MMIP/week5/quiz1/data/gallery/truck/00671.png,truck,0.903812
/home/emily/MMIP/week5/quiz1/data/query/truck/00073.png,truck,2,/home/emily/MMIP/week5/quiz1/data/gallery/truck/00934.png,truck,0.897217
/home/emily/MMIP/week5/quiz1/data/query/truck/00073.png,truck,3,/home/emily/MMIP/week5/quiz1/data/gallery/truck/00499.png,truck,0.896955
/home/emily/MMIP/week5/quiz1/data/query/truck/00073.png,truck,4,/home/emily/MMIP/week5/quiz1/data/gallery/truck/00660.png,truck,0.894793
/home/emily/MMIP/week5/quiz1/data/query/truck/00073.png,truck,5,/home/emily/MMIP/week5/quiz1/data/gallery/truck/00432.png,truck,0.893531
/home/emily/MMIP/week5/quiz1/data/query/truck/00074.png,truck,1,/home/emily/MMIP/week5/quiz1/data/gallery/truck/00121.png,truck,0.906248
/home/emily/MMIP/week5/quiz1/data/query/truck/00074.png,truck,2,/home/emily/MMIP/week5/quiz1/data/gallery/truck/00554.png,truck,0.903859
/home/emily/MMIP/week5/quiz1/data/query/truck/00074.png,truck,3,/home/emily/MMIP/week5/quiz1/data/gallery/truck/00160.png,truck,0.901567
/home/emily/MMIP/week5/quiz1/data/query/truck/00074.png,truck,4,/home/emily/MMIP/week5/quiz1/data/gallery/truck/00040.png,truck,0.900132
/home/emily/MMIP/week5/quiz1/data/query/truck/00074.png,truck,5,/home/emily/MMIP/week5/quiz1/data/gallery/truck/00705.png,truck,0.899327
/home/emily/MMIP/week5/quiz1/data/query/truck/00075.png,truck,1,/home/emily/MMIP/week5/quiz1/data/gallery/truck/00127.png,truck,0.901731
/home/emily/MMIP/week5/quiz1/data/query/truck/00075.png,truck,2,/home/emily/MMIP/week5/quiz1/data/gallery/truck/00766.png,truck,0.898815
/home/emily/MMIP/week5/quiz1/data/query/truck/00075.png,truck,3,/home/emily/MMIP/week5/quiz1/data/gallery/truck/00896.png,truck,0.898589
/home/emily/MMIP/week5/quiz1/data/query/truck/00075.png,truck,4,/home/emily/MMIP/week5/quiz1/data/gallery/truck/00914.png,truck,0.898513
/home/emily/MMIP/week5/quiz1/data/query/truck/00075.png,truck,5,/home/emily/MMIP/week5/quiz1/data/gallery/truck/00401.png,truck,0.897504
/home/emily/MMIP/week5/quiz1/data/query/truck/00076.png,truck,1,/home/emily/MMIP/week5/quiz1/data/gallery/truck/00172.png,truck,0.914355
/home/emily/MMIP/week5/quiz1/data/query/truck/00076.png,truck,2,/home/emily/MMIP/week5/quiz1/data/gallery/truck/00396.png,truck,0.909312
/home/emily/MMIP/week5/quiz1/data/query/truck/00076.png,truck,3,/home/emily/MMIP/week5/quiz1/data/gallery/truck/00036.png,truck,0.908630
/home/emily/MMIP/week5/quiz1/data/query/truck/00076.png,truck,4,/home/emily/MMIP/week5/quiz1/data/gallery/truck/00715.png,truck,0.908454
/home/emily/MMIP/week5/quiz1/data/query/truck/00076.png,truck,5,/home/emily/MMIP/week5/quiz1/data/gallery/truck/00671.png,truck,0.907982
/home/emily/MMIP/week5/quiz1/data/query/truck/00077.png,truck,1,/home/emily/MMIP/week5/quiz1/data/gallery/truck/00229.png,truck,0.942680
/home/emily/MMIP/week5/quiz1/data/query/truck/00077.png,truck,2,/home/emily/MMIP/week5/quiz1/data/gallery/truck/00062.png,truck,0.881759
/home/emily/MMIP/week5/quiz1/data/query/truck/00077.png,truck,3,/home/emily/MMIP/week5/quiz1/data/gallery/truck/00369.png,truck,0.880409
/home/emily/MMIP/week5/quiz1/data/query/truck/00077.png,truck,4,/home/emily/MMIP/week5/quiz1/data/gallery/truck/00724.png,truck,0.876530
/home/emily/MMIP/week5/quiz1/data/query/truck/00077.png,truck,5,/home/emily/MMIP/week5/quiz1/data/gallery/truck/00275.png,truck,0.875282
/home/emily/MMIP/week5/quiz1/data/query/truck/00078.png,truck,1,/home/emily/MMIP/week5/quiz1/data/gallery/truck/00950.png,truck,0.915504
/home/emily/MMIP/week5/quiz1/data/query/truck/00078.png,truck,2,/home/emily/MMIP/week5/quiz1/data/gallery/truck/00169.png,truck,0.914973
/home/emily/MMIP/week5/quiz1/data/query/truck/00078.png,truck,3,/home/emily/MMIP/week5/quiz1/data/gallery/truck/00626.png,truck,0.914261
/home/emily/MMIP/week5/quiz1/data/query/truck/00078.png,truck,4,/home/emily/MMIP/week5/quiz1/data/gallery/truck/00236.png,truck,0.914236
/home/emily/MMIP/week5/quiz1/data/query/truck/00078.png,truck,5,/home/emily/MMIP/week5/quiz1/data/gallery/truck/00973.png,truck,0.913756
/home/emily/MMIP/week5/quiz1/data/query/truck/00079.png,truck,1,/home/emily/MMIP/week5/quiz1/data/gallery/truck/00750.png,truck,0.950600
/home/emily/MMIP/week5/quiz1/data/query/truck/00079.png,truck,2,/home/emily/MMIP/week5/quiz1/data/gallery/truck/00719.png,truck,0.946348
/home/emily/MMIP/week5/quiz1/data/query/truck/00079.png,truck,3,/home/emily/MMIP/week5/quiz1/data/gallery/truck/00649.png,truck,0.946023
/home/emily/MMIP/week5/quiz1/data/query/truck/00079.png,truck,4,/home/emily/MMIP/week5/quiz1/data/gallery/truck/00044.png,truck,0.945622
/home/emily/MMIP/week5/quiz1/data/query/truck/00079.png,truck,5,/home/emily/MMIP/week5/quiz1/data/gallery/truck/00603.png,truck,0.944286
/home/emily/MMIP/week5/quiz1/data/query/truck/00080.png,truck,1,/home/emily/MMIP/week5/quiz1/data/gallery/truck/00935.png,truck,0.876975
/home/emily/MMIP/week5/quiz1/data/query/truck/00080.png,truck,2,/home/emily/MMIP/week5/quiz1/data/gallery/truck/00233.png,truck,0.875064
/home/emily/MMIP/week5/quiz1/data/query/truck/00080.png,truck,3,/home/emily/MMIP/week5/quiz1/data/gallery/truck/00643.png,truck,0.874173
/home/emily/MMIP/week5/quiz1/data/query/truck/00080.png,truck,4,/home/emily/MMIP/week5/quiz1/data/gallery/truck/00545.png,truck,0.871911
/home/emily/MMIP/week5/quiz1/data/query/truck/00080.png,truck,5,/home/emily/MMIP/week5/quiz1/data/gallery/truck/00037.png,truck,0.869724
/home/emily/MMIP/week5/quiz1/data/query/truck/00081.png,truck,1,/home/emily/MMIP/week5/quiz1/data/gallery/truck/00674.png,truck,0.861226
/home/emily/MMIP/week5/quiz1/data/query/truck/00081.png,truck,2,/home/emily/MMIP/week5/quiz1/data/gallery/truck/00933.png,truck,0.859086
/home/emily/MMIP/week5/quiz1/data/query/truck/00081.png,truck,3,/home/emily/MMIP/week5/quiz1/data/gallery/truck/00922.png,truck,0.856206
/home/emily/MMIP/week5/quiz1/data/query/truck/00081.png,truck,4,/home/emily/MMIP/week5/quiz1/data/gallery/truck/00967.png,truck,0.855367
/home/emily/MMIP/week5/quiz1/data/query/truck/00081.png,truck,5,/home/emily/MMIP/week5/quiz1/data/gallery/truck/00866.png,truck,0.854599
/home/emily/MMIP/week5/quiz1/data/query/truck/00082.png,truck,1,/home/emily/MMIP/week5/quiz1/data/gallery/truck/00462.png,truck,0.874223
/home/emily/MMIP/week5/quiz1/data/query/truck/00082.png,truck,2,/home/emily/MMIP/week5/quiz1/data/gallery/truck/00964.png,truck,0.866169
/home/emily/MMIP/week5/quiz1/data/query/truck/00082.png,truck,3,/home/emily/MMIP/week5/quiz1/data/gallery/truck/00037.png,truck,0.865089
/home/emily/MMIP/week5/quiz1/data/query/truck/00082.png,truck,4,/home/emily/MMIP/week5/quiz1/data/gallery/truck/00578.png,truck,0.864465
/home/emily/MMIP/week5/quiz1/data/query/truck/00082.png,truck,5,/home/emily/MMIP/week5/quiz1/data/gallery/truck/00616.png,truck,0.861775
/home/emily/MMIP/week5/quiz1/data/query/truck/00083.png,truck,1,/home/emily/MMIP/week5/quiz1/data/gallery/truck/00641.png,truck,0.933470
/home/emily/MMIP/week5/quiz1/data/query/truck/00083.png,truck,2,/home/emily/MMIP/week5/quiz1/data/gallery/truck/00609.png,truck,0.931125
/home/emily/MMIP/week5/quiz1/data/query/truck/00083.png,truck,3,/home/emily/MMIP/week5/quiz1/data/gallery/truck/00172.png,truck,0.930542
/home/emily/MMIP/week5/quiz1/data/query/truck/00083.png,truck,4,/home/emily/MMIP/week5/quiz1/data/gallery/truck/00417.png,truck,0.930468
/home/emily/MMIP/week5/quiz1/data/query/truck/00083.png,truck,5,/home/emily/MMIP/week5/quiz1/data/gallery/truck/00950.png,truck,0.927997
/home/emily/MMIP/week5/quiz1/data/query/truck/00084.png,truck,1,/home/emily/MMIP/week5/quiz1/data/gallery/truck/00053.png,truck,0.870412
/home/emily/MMIP/week5/quiz1/data/query/truck/00084.png,truck,2,/home/emily/MMIP/week5/quiz1/data/gallery/truck/00999.png,truck,0.868901
/home/emily/MMIP/week5/quiz1/data/query/truck/00084.png,truck,3,/home/emily/MMIP/week5/quiz1/data/gallery/truck/00020.png,truck,0.868480
/home/emily/MMIP/week5/quiz1/data/query/truck/00084.png,truck,4,/home/emily/MMIP/week5/quiz1/data/gallery/truck/00583.png,truck,0.867937
/home/emily/MMIP/week5/quiz1/data/query/truck/00084.png,truck,5,/home/emily/MMIP/week5/quiz1/data/gallery/truck/00996.png,truck,0.865365
/home/emily/MMIP/week5/quiz1/data/query/truck/00085.png,truck,1,/home/emily/MMIP/week5/quiz1/data/gallery/truck/00799.png,truck,0.880522
/home/emily/MMIP/week5/quiz1/data/query/truck/00085.png,truck,2,/home/emily/MMIP/week5/quiz1/data/gallery/truck/00974.png,truck,0.876161
/home/emily/MMIP/week5/quiz1/data/query/truck/00085.png,truck,3,/home/emily/MMIP/week5/quiz1/data/gallery/truck/00477.png,truck,0.874954
/home/emily/MMIP/week5/quiz1/data/query/truck/00085.png,truck,4,/home/emily/MMIP/week5/quiz1/data/gallery/truck/00374.png,truck,0.874929
/home/emily/MMIP/week5/quiz1/data/query/truck/00085.png,truck,5,/home/emily/MMIP/week5/quiz1/data/gallery/truck/00223.png,truck,0.874704
/home/emily/MMIP/week5/quiz1/data/query/truck/00086.png,truck,1,/home/emily/MMIP/week5/quiz1/data/gallery/truck/00360.png,truck,0.844484
/home/emily/MMIP/week5/quiz1/data/query/truck/00086.png,truck,2,/home/emily/MMIP/week5/quiz1/data/gallery/automobile/00213.png,automobile,0.833858
/home/emily/MMIP/week5/quiz1/data/query/truck/00086.png,truck,3,/home/emily/MMIP/week5/quiz1/data/gallery/truck/00118.png,truck,0.833758
/home/emily/MMIP/week5/quiz1/data/query/truck/00086.png,truck,4,/home/emily/MMIP/week5/quiz1/data/gallery/automobile/00183.png,automobile,0.833695
/home/emily/MMIP/week5/quiz1/data/query/truck/00086.png,truck,5,/home/emily/MMIP/week5/quiz1/data/gallery/truck/00150.png,truck,0.827662
/home/emily/MMIP/week5/quiz1/data/query/truck/00087.png,truck,1,/home/emily/MMIP/week5/quiz1/data/gallery/truck/00541.png,truck,0.825361
/home/emily/MMIP/week5/quiz1/data/query/truck/00087.png,truck,2,/home/emily/MMIP/week5/quiz1/data/gallery/truck/00079.png,truck,0.808210
/home/emily/MMIP/week5/quiz1/data/query/truck/00087.png,truck,3,/home/emily/MMIP/week5/quiz1/data/gallery/truck/00513.png,truck,0.805223
/home/emily/MMIP/week5/quiz1/data/query/truck/00087.png,truck,4,/home/emily/MMIP/week5/quiz1/data/gallery/truck/00977.png,truck,0.802304
/home/emily/MMIP/week5/quiz1/data/query/truck/00087.png,truck,5,/home/emily/MMIP/week5/quiz1/data/gallery/truck/00210.png,truck,0.800467
/home/emily/MMIP/week5/quiz1/data/query/truck/00088.png,truck,1,/home/emily/MMIP/week5/quiz1/data/gallery/truck/00708.png,truck,0.952892
/home/emily/MMIP/week5/quiz1/data/query/truck/00088.png,truck,2,/home/emily/MMIP/week5/quiz1/data/gallery/truck/00649.png,truck,0.950270
/home/emily/MMIP/week5/quiz1/data/query/truck/00088.png,truck,3,/home/emily/MMIP/week5/quiz1/data/gallery/truck/00398.png,truck,0.950207
/home/emily/MMIP/week5/quiz1/data/query/truck/00088.png,truck,4,/home/emily/MMIP/week5/quiz1/data/gallery/truck/00988.png,truck,0.949005
/home/emily/MMIP/week5/quiz1/data/query/truck/00088.png,truck,5,/home/emily/MMIP/week5/quiz1/data/gallery/truck/00717.png,truck,0.947925
/home/emily/MMIP/week5/quiz1/data/query/truck/00089.png,truck,1,/home/emily/MMIP/week5/quiz1/data/gallery/truck/00583.png,truck,0.900153
/home/emily/MMIP/week5/quiz1/data/query/truck/00089.png,truck,2,/home/emily/MMIP/week5/quiz1/data/gallery/truck/00849.png,truck,0.899346
/home/emily/MMIP/week5/quiz1/data/query/truck/00089.png,truck,3,/home/emily/MMIP/week5/quiz1/data/gallery/truck/00436.png,truck,0.897992
/home/emily/MMIP/week5/quiz1/data/query/truck/00089.png,truck,4,/home/emily/MMIP/week5/quiz1/data/gallery/truck/00706.png,truck,0.896190
/home/emily/MMIP/week5/quiz1/data/query/truck/00089.png,truck,5,/home/emily/MMIP/week5/quiz1/data/gallery/truck/00080.png,truck,0.895612
/home/emily/MMIP/week5/quiz1/data/query/truck/00090.png,truck,1,/home/emily/MMIP/week5/quiz1/data/gallery/truck/00770.png,truck,0.952013
/home/emily/MMIP/week5/quiz1/data/query/truck/00090.png,truck,2,/home/emily/MMIP/week5/quiz1/data/gallery/truck/00259.png,truck,0.950955
/home/emily/MMIP/week5/quiz1/data/query/truck/00090.png,truck,3,/home/emily/MMIP/week5/quiz1/data/gallery/truck/00129.png,truck,0.950869
/home/emily/MMIP/week5/quiz1/data/query/truck/00090.png,truck,4,/home/emily/MMIP/week5/quiz1/data/gallery/truck/00649.png,truck,0.949707
/home/emily/MMIP/week5/quiz1/data/query/truck/00090.png,truck,5,/home/emily/MMIP/week5/quiz1/data/gallery/truck/00955.png,truck,0.948762
/home/emily/MMIP/week5/quiz1/data/query/truck/00091.png,truck,1,/home/emily/MMIP/week5/quiz1/data/gallery/truck/00764.png,truck,0.872325
/home/emily/MMIP/week5/quiz1/data/query/truck/00091.png,truck,2,/home/emily/MMIP/week5/quiz1/data/gallery/truck/00890.png,truck,0.867374
/home/emily/MMIP/week5/quiz1/data/query/truck/00091.png,truck,3,/home/emily/MMIP/week5/quiz1/data/gallery/truck/00904.png,truck,0.866647
/home/emily/MMIP/week5/quiz1/data/query/truck/00091.png,truck,4,/home/emily/MMIP/week5/quiz1/data/gallery/truck/00342.png,truck,0.865876
/home/emily/MMIP/week5/quiz1/data/query/truck/00091.png,truck,5,/home/emily/MMIP/week5/quiz1/data/gallery/truck/00314.png,truck,0.865691
/home/emily/MMIP/week5/quiz1/data/query/truck/00092.png,truck,1,/home/emily/MMIP/week5/quiz1/data/gallery/truck/00386.png,truck,0.945322
/home/emily/MMIP/week5/quiz1/data/query/truck/00092.png,truck,2,/home/emily/MMIP/week5/quiz1/data/gallery/truck/00591.png,truck,0.945038
/home/emily/MMIP/week5/quiz1/data/query/truck/00092.png,truck,3,/home/emily/MMIP/week5/quiz1/data/gallery/truck/00263.png,truck,0.942597
/home/emily/MMIP/week5/quiz1/data/query/truck/00092.png,truck,4,/home/emily/MMIP/week5/quiz1/data/gallery/truck/00638.png,truck,0.942090
/home/emily/MMIP/week5/quiz1/data/query/truck/00092.png,truck,5,/home/emily/MMIP/week5/quiz1/data/gallery/truck/00100.png,truck,0.941876
/home/emily/MMIP/week5/quiz1/data/query/truck/00093.png,truck,1,/home/emily/MMIP/week5/quiz1/data/gallery/truck/00110.png,truck,0.859926
/home/emily/MMIP/week5/quiz1/data/query/truck/00093.png,truck,2,/home/emily/MMIP/week5/quiz1/data/gallery/truck/00593.png,truck,0.859076
/home/emily/MMIP/week5/quiz1/data/query/truck/00093.png,truck,3,/home/emily/MMIP/week5/quiz1/data/gallery/truck/00079.png,truck,0.857013
/home/emily/MMIP/week5/quiz1/data/query/truck/00093.png,truck,4,/home/emily/MMIP/week5/quiz1/data/gallery/truck/00520.png,truck,0.855940
/home/emily/MMIP/week5/quiz1/data/query/truck/00093.png,truck,5,/home/emily/MMIP/week5/quiz1/data/gallery/truck/00026.png,truck,0.855435
/home/emily/MMIP/week5/quiz1/data/query/truck/00094.png,truck,1,/home/emily/MMIP/week5/quiz1/data/gallery/truck/00292.png,truck,0.898455
/home/emily/MMIP/week5/quiz1/data/query/truck/00094.png,truck,2,/home/emily/MMIP/week5/quiz1/data/gallery/truck/00671.png,truck,0.895404
/home/emily/MMIP/week5/quiz1/data/query/truck/00094.png,truck,3,/home/emily/MMIP/week5/quiz1/data/gallery/truck/00618.png,truck,0.895045
/home/emily/MMIP/week5/quiz1/data/query/truck/00094.png,truck,4,/home/emily/MMIP/week5/quiz1/data/gallery/truck/00573.png,truck,0.889958
/home/emily/MMIP/week5/quiz1/data/query/truck/00094.png,truck,5,/home/emily/MMIP/week5/quiz1/data/gallery/truck/00737.png,truck,0.888178
/home/emily/MMIP/week5/quiz1/data/query/truck/00095.png,truck,1,/home/emily/MMIP/week5/quiz1/data/gallery/automobile/00856.png,automobile,0.892611
/home/emily/MMIP/week5/quiz1/data/query/truck/00095.png,truck,2,/home/emily/MMIP/week5/quiz1/data/gallery/automobile/00472.png,automobile,0.891271
/home/emily/MMIP/week5/quiz1/data/query/truck/00095.png,truck,3,/home/emily/MMIP/week5/quiz1/data/gallery/automobile/00908.png,automobile,0.890968
/home/emily/MMIP/week5/quiz1/data/query/truck/00095.png,truck,4,/home/emily/MMIP/week5/quiz1/data/gallery/automobile/00193.png,automobile,0.889799
/home/emily/MMIP/week5/quiz1/data/query/truck/00095.png,truck,5,/home/emily/MMIP/week5/quiz1/data/gallery/automobile/00494.png,automobile,0.889018
/home/emily/MMIP/week5/quiz1/data/query/truck/00096.png,truck,1,/home/emily/MMIP/week5/quiz1/data/gallery/truck/00124.png,truck,0.900105
/home/emily/MMIP/week5/quiz1/data/query/truck/00096.png,truck,2,/home/emily/MMIP/week5/quiz1/data/gallery/truck/00358.png,truck,0.891150
/home/emily/MMIP/week5/quiz1/data/query/truck/00096.png,truck,3,/home/emily/MMIP/week5/quiz1/data/gallery/truck/00247.png,truck,0.891036
/home/emily/MMIP/week5/quiz1/data/query/truck/00096.png,truck,4,/home/emily/MMIP/week5/quiz1/data/gallery/truck/00858.png,truck,0.888268
/home/emily/MMIP/week5/quiz1/data/query/truck/00096.png,truck,5,/home/emily/MMIP/week5/quiz1/data/gallery/truck/00270.png,truck,0.887841
/home/emily/MMIP/week5/quiz1/data/query/truck/00097.png,truck,1,/home/emily/MMIP/week5/quiz1/data/gallery/truck/00803.png,truck,0.951617
/home/emily/MMIP/week5/quiz1/data/query/truck/00097.png,truck,2,/home/emily/MMIP/week5/quiz1/data/gallery/truck/00252.png,truck,0.949270
/home/emily/MMIP/week5/quiz1/data/query/truck/00097.png,truck,3,/home/emily/MMIP/week5/quiz1/data/gallery/truck/00705.png,truck,0.949102
/home/emily/MMIP/week5/quiz1/data/query/truck/00097.png,truck,4,/home/emily/MMIP/week5/quiz1/data/gallery/truck/00580.png,truck,0.947085
/home/emily/MMIP/week5/quiz1/data/query/truck/00097.png,truck,5,/home/emily/MMIP/week5/quiz1/data/gallery/truck/00864.png,truck,0.946014
/home/emily/MMIP/week5/quiz1/data/query/truck/00098.png,truck,1,/home/emily/MMIP/week5/quiz1/data/gallery/truck/00854.png,truck,0.910687
/home/emily/MMIP/week5/quiz1/data/query/truck/00098.png,truck,2,/home/emily/MMIP/week5/quiz1/data/gallery/truck/00744.png,truck,0.858105
/home/emily/MMIP/week5/quiz1/data/query/truck/00098.png,truck,3,/home/emily/MMIP/week5/quiz1/data/gallery/truck/00495.png,truck,0.856599
/home/emily/MMIP/week5/quiz1/data/query/truck/00098.png,truck,4,/home/emily/MMIP/week5/quiz1/data/gallery/truck/00040.png,truck,0.855005
/home/emily/MMIP/week5/quiz1/data/query/truck/00098.png,truck,5,/home/emily/MMIP/week5/quiz1/data/gallery/truck/00645.png,truck,0.853522
/home/emily/MMIP/week5/quiz1/data/query/truck/00099.png,truck,1,/home/emily/MMIP/week5/quiz1/data/gallery/truck/00680.png,truck,0.891142
/home/emily/MMIP/week5/quiz1/data/query/truck/00099.png,truck,2,/home/emily/MMIP/week5/quiz1/data/gallery/truck/00854.png,truck,0.889086
/home/emily/MMIP/week5/quiz1/data/query/truck/00099.png,truck,3,/home/emily/MMIP/week5/quiz1/data/gallery/truck/00086.png,truck,0.883070
/home/emily/MMIP/week5/quiz1/data/query/truck/00099.png,truck,4,/home/emily/MMIP/week5/quiz1/data/gallery/truck/00406.png,truck,0.882463
/home/emily/MMIP/week5/quiz1/data/query/truck/00099.png,truck,5,/home/emily/MMIP/week5/quiz1/data/gallery/truck/00585.png,truck,0.882336
