query_path,query_class,rank,gallery_path,gallery_class,cosine_similarity
/home/emily/MMIP/week5/quiz1/data/query/airplane/00000.png,airplane,1,/home/emily/MMIP/week5/quiz1/data/gallery/airplane/00739.png,airplane,0.539931
/home/emily/MMIP/week5/quiz1/data/query/airplane/00000.png,airplane,2,/home/emily/MMIP/week5/quiz1/data/gallery/airplane/00274.png,airplane,0.515716
/home/emily/MMIP/week5/quiz1/data/query/airplane/00000.png,airplane,3,/home/emily/MMIP/week5/quiz1/data/gallery/airplane/00289.png,airplane,0.512052
/home/emily/MMIP/week5/quiz1/data/query/airplane/00000.png,airplane,4,/home/emily/MMIP/week5/quiz1/data/gallery/airplane/00212.png,airplane,0.506761
/home/emily/MMIP/week5/quiz1/data/query/airplane/00000.png,airplane,5,/home/emily/MMIP/week5/quiz1/data/gallery/airplane/00939.png,airplane,0.491978
/home/emily/MMIP/week5/quiz1/data/query/airplane/00001.png,airplane,1,/home/emily/MMIP/week5/quiz1/data/gallery/airplane/00358.png,airplane,0.690450
/home/emily/MMIP/week5/quiz1/data/query/airplane/00001.png,airplane,2,/home/emily/MMIP/week5/quiz1/data/gallery/airplane/00453.png,airplane,0.638685
/home/emily/MMIP/week5/quiz1/data/query/airplane/00001.png,airplane,3,/home/emily/MMIP/week5/quiz1/data/gallery/airplane/00620.png,airplane,0.602102
/home/emily/MMIP/week5/quiz1/data/query/airplane/00001.png,airplane,4,/home/emily/MMIP/week5/quiz1/data/gallery/airplane/00029.png,airplane,0.601087
/home/emily/MMIP/week5/quiz1/data/query/airplane/00001.png,airplane,5,/home/emily/MMIP/week5/quiz1/data/gallery/airplane/00931.png,airplane,0.591832
/home/emily/MMIP/week5/quiz1/data/query/airplane/00002.png,airplane,1,/home/emily/MMIP/week5/quiz1/data/gallery/airplane/00997.png,airplane,0.783891
/home/emily/MMIP/week5/quiz1/data/query/airplane/00002.png,airplane,2,/home/emily/MMIP/week5/quiz1/data/gallery/airplane/00376.png,airplane,0.779903
/home/emily/MMIP/week5/quiz1/data/query/airplane/00002.png,airplane,3,/home/emily/MMIP/week5/quiz1/data/gallery/airplane/00115.png,airplane,0.728397
/home/emily/MMIP/week5/quiz1/data/query/airplane/00002.png,airplane,4,/home/emily/MMIP/week5/quiz1/data/gallery/airplane/00769.png,airplane,0.712500
/home/emily/MMIP/week5/quiz1/data/query/airplane/00002.png,airplane,5,/home/emily/MMIP/week5/quiz1/data/gallery/airplane/00761.png,airplane,0.690778
/home/emily/MMIP/week5/quiz1/data/query/airplane/00003.png,airplane,1,/home/emily/MMIP/week5/quiz1/data/gallery/airplane/00882.png,airplane,0.641201
/home/emily/MMIP/week5/quiz1/data/query/airplane/00003.png,airplane,2,/home/emily/MMIP/week5/quiz1/data/gallery/airplane/00813.png,airplane,0.568502
/home/emily/MMIP/week5/quiz1/data/query/airplane/00003.png,airplane,3,/home/emily/MMIP/week5/quiz1/data/gallery/airplane/00796.png,airplane,0.564394
/home/emily/MMIP/week5/quiz1/data/query/airplane/00003.png,airplane,4,/home/emily/MMIP/week5/quiz1/data/gallery/airplane/00885.png,airplane,0.560733
/home/emily/MMIP/week5/quiz1/data/query/airplane/00003.png,airplane,5,/home/emily/MMIP/week5/quiz1/data/gallery/airplane/00031.png,airplane,0.557974
/home/emily/MMIP/week5/quiz1/data/query/airplane/00004.png,airplane,1,/home/emily/MMIP/week5/quiz1/data/gallery/airplane/00650.png,airplane,0.631623
/home/emily/MMIP/week5/quiz1/data/query/airplane/00004.png,airplane,2,/home/emily/MMIP/week5/quiz1/data/gallery/airplane/00472.png,airplane,0.603716
/home/emily/MMIP/week5/quiz1/data/query/airplane/00004.png,airplane,3,/home/emily/MMIP/week5/quiz1/data/gallery/airplane/00192.png,airplane,0.600897
/home/emily/MMIP/week5/quiz1/data/query/airplane/00004.png,airplane,4,/home/emily/MMIP/week5/quiz1/data/gallery/airplane/00459.png,airplane,0.598887
/home/emily/MMIP/week5/quiz1/data/query/airplane/00004.png,airplane,5,/home/emily/MMIP/week5/quiz1/data/gallery/airplane/00320.png,airplane,0.590698
/home/emily/MMIP/week5/quiz1/data/query/airplane/00005.png,airplane,1,/home/emily/MMIP/week5/quiz1/data/gallery/airplane/00862.png,airplane,0.622883
/home/emily/MMIP/week5/quiz1/data/query/airplane/00005.png,airplane,2,/home/emily/MMIP/week5/quiz1/data/gallery/ship/00566.png,ship,0.458233
/home/emily/MMIP/week5/quiz1/data/query/airplane/00005.png,airplane,3,/home/emily/MMIP/week5/quiz1/data/gallery/airplane/00200.png,airplane,0.454112
/home/emily/MMIP/week5/quiz1/data/query/airplane/00005.png,airplane,4,/home/emily/MMIP/week5/quiz1/data/gallery/airplane/00198.png,airplane,0.441058
/home/emily/MMIP/week5/quiz1/data/query/airplane/00005.png,airplane,5,/home/emily/MMIP/week5/quiz1/data/gallery/airplane/00974.png,airplane,0.416844
/home/emily/MMIP/week5/quiz1/data/query/airplane/00006.png,airplane,1,/home/emily/MMIP/week5/quiz1/data/gallery/airplane/00353.png,airplane,0.700259
/home/emily/MMIP/week5/quiz1/data/query/airplane/00006.png,airplane,2,/home/emily/MMIP/week5/quiz1/data/gallery/airplane/00724.png,airplane,0.631353
/home/emily/MMIP/week5/quiz1/data/query/airplane/00006.png,airplane,3,/home/emily/MMIP/week5/quiz1/data/gallery/airplane/00466.png,airplane,0.614226
/home/emily/MMIP/week5/quiz1/data/query/airplane/00006.png,airplane,4,/home/emily/MMIP/week5/quiz1/data/gallery/airplane/00920.png,airplane,0.598990
/home/emily/MMIP/week5/quiz1/data/query/airplane/00006.png,airplane,5,/home/emily/MMIP/week5/quiz1/data/gallery/airplane/00321.png,airplane,0.594887
/home/emily/MMIP/week5/quiz1/data/query/airplane/00007.png,airplane,1,/home/emily/MMIP/week5/quiz1/data/gallery/airplane/00883.png,airplane,0.818332
/home/emily/MMIP/week5/quiz1/data/query/airplane/00007.png,airplane,2,/home/emily/MMIP/week5/quiz1/data/gallery/airplane/00037.png,airplane,0.759904
/home/emily/MMIP/week5/quiz1/data/query/airplane/00007.png,airplane,3,/home/emily/MMIP/week5/quiz1/data/gallery/airplane/00312.png,airplane,0.753309
/home/emily/MMIP/week5/quiz1/data/query/airplane/00007.png,airplane,4,/home/emily/MMIP/week5/quiz1/data/gallery/airplane/00937.png,airplane,0.747664
/home/emily/MMIP/week5/quiz1/data/query/airplane/00007.png,airplane,5,/home/emily/MMIP/week5/quiz1/data/gallery/airplane/00965.png,airplane,0.742936
/home/emily/MMIP/week5/quiz1/data/query/airplane/00008.png,airplane,1,/home/emily/MMIP/week5/quiz1/data/gallery/airplane/00924.png,airplane,0.556065
/home/emily/MMIP/week5/quiz1/data/query/airplane/00008.png,airplane,2,/home/emily/MMIP/week5/quiz1/data/gallery/airplane/00884.png,airplane,0.534683
/home/emily/MMIP/week5/quiz1/data/query/airplane/00008.png,airplane,3,/home/emily/MMIP/week5/quiz1/data/gallery/ship/00280.png,ship,0.530457
/home/emily/MMIP/week5/quiz1/data/query/airplane/00008.png,airplane,4,/home/emily/MMIP/week5/quiz1/data/gallery/airplane/00180.png,airplane,0.529906
/home/emily/MMIP/week5/quiz1/data/query/airplane/00008.png,airplane,5,/home/emily/MMIP/week5/quiz1/data/gallery/airplane/00351.png,airplane,0.513916
/home/emily/MMIP/week5/quiz1/data/query/airplane/00009.png,airplane,1,/home/emily/MMIP/week5/quiz1/data/gallery/airplane/00476.png,airplane,0.736474
/home/emily/MMIP/week5/quiz1/data/query/airplane/00009.png,airplane,2,/home/emily/MMIP/week5/quiz1/data/gallery/airplane/00796.png,airplane,0.637940
/home/emily/MMIP/week5/quiz1/data/query/airplane/00009.png,airplane,3,/home/emily/MMIP/week5/quiz1/data/gallery/airplane/00309.png,airplane,0.634936
/home/emily/MMIP/week5/quiz1/data/query/airplane/00009.png,airplane,4,/home/emily/MMIP/week5/quiz1/data/gallery/airplane/00813.png,airplane,0.615814
/home/emily/MMIP/week5/quiz1/data/query/airplane/00009.png,airplane,5,/home/emily/MMIP/week5/quiz1/data/gallery/airplane/00064.png,airplane,0.584330
/home/emily/MMIP/week5/quiz1/data/query/airplane/00010.png,airplane,1,/home/emily/MMIP/week5/quiz1/data/gallery/airplane/00310.png,airplane,0.770904
/home/emily/MMIP/week5/quiz1/data/query/airplane/00010.png,airplane,2,/home/emily/MMIP/week5/quiz1/data/gallery/airplane/00752.png,airplane,0.768607
/home/emily/MMIP/week5/quiz1/data/query/airplane/00010.png,airplane,3,/home/emily/MMIP/week5/quiz1/data/gallery/airplane/00658.png,airplane,0.629998
/home/emily/MMIP/week5/quiz1/data/query/airplane/00010.png,airplane,4,/home/emily/MMIP/week5/quiz1/data/gallery/airplane/00599.png,airplane,0.617897
/home/emily/MMIP/week5/quiz1/data/query/airplane/00010.png,airplane,5,/home/emily/MMIP/week5/quiz1/data/gallery/airplane/00378.png,airplane,0.606390
/home/emily/MMIP/week5/quiz1/data/query/airplane/00011.png,airplane,1,/home/emily/MMIP/week5/quiz1/data/gallery/airplane/00028.png,airplane,0.737846
/home/emily/MMIP/week5/quiz1/data/query/airplane/00011.png,airplane,2,/home/emily/MMIP/week5/quiz1/data/gallery/airplane/00426.png,airplane,0.646968
/home/emily/MMIP/week5/quiz1/data/query/airplane/00011.png,airplane,3,/home/emily/MMIP/week5/quiz1/data/gallery/airplane/00210.png,airplane,0.620180
/home/emily/MMIP/week5/quiz1/data/query/airplane/00011.png,airplane,4,/home/emily/MMIP/week5/quiz1/data/gallery/airplane/00977.png,airplane,0.613184
/home/emily/MMIP/week5/quiz1/data/query/airplane/00011.png,airplane,5,/home/emily/MMIP/week5/quiz1/data/gallery/airplane/00502.png,airplane,0.605538
/home/emily/MMIP/week5/quiz1/data/query/airplane/00012.png,airplane,1,/home/emily/MMIP/week5/quiz1/data/gallery/frog/00163.png,frog,0.574697
/home/emily/MMIP/week5/quiz1/data/query/airplane/00012.png,airplane,2,/home/emily/MMIP/week5/quiz1/data/gallery/bird/00487.png,bird,0.573727
/home/emily/MMIP/week5/quiz1/data/query/airplane/00012.png,airplane,3,/home/emily/MMIP/week5/quiz1/data/gallery/bird/00010.png,bird,0.572746
/home/emily/MMIP/week5/quiz1/data/query/airplane/00012.png,airplane,4,/home/emily/MMIP/week5/quiz1/data/gallery/frog/00067.png,frog,0.564406
/home/emily/MMIP/week5/quiz1/data/query/airplane/00012.png,airplane,5,/home/emily/MMIP/week5/quiz1/data/gallery/frog/00356.png,frog,0.533618
/home/emily/MMIP/week5/quiz1/data/query/airplane/00013.png,airplane,1,/home/emily/MMIP/week5/quiz1/data/gallery/truck/00232.png,truck,0.563330
/home/emily/MMIP/week5/quiz1/data/query/airplane/00013.png,airplane,2,/home/emily/MMIP/week5/quiz1/data/gallery/airplane/00006.png,airplane,0.553181
/home/emily/MMIP/week5/quiz1/data/query/airplane/00013.png,airplane,3,/home/emily/MMIP/week5/quiz1/data/gallery/airplane/00205.png,airplane,0.551057
/home/emily/MMIP/week5/quiz1/data/query/airplane/00013.png,airplane,4,/home/emily/MMIP/week5/quiz1/data/gallery/airplane/00586.png,airplane,0.537112
/home/emily/MMIP/week5/quiz1/data/query/airplane/00013.png,airplane,5,/home/emily/MMIP/week5/quiz1/data/gallery/automobile/00126.png,automobile,0.536639
/home/emily/MMIP/week5/quiz1/data/query/airplane/00014.png,airplane,1,/home/emily/MMIP/week5/quiz1/data/gallery/airplane/00214.png,airplane,0.681821
/home/emily/MMIP/week5/quiz1/data/query/airplane/00014.png,airplane,2,/home/emily/MMIP/week5/quiz1/data/gallery/airplane/00458.png,airplane,0.658355
/home/emily/MMIP/week5/quiz1/data/query/airplane/00014.png,airplane,3,/home/emily/MMIP/week5/quiz1/data/gallery/airplane/00909.png,airplane,0.653178
/home/emily/MMIP/week5/quiz1/data/query/airplane/00014.png,airplane,4,/home/emily/MMIP/week5/quiz1/data/gallery/airplane/00277.png,airplane,0.638330
/home/emily/MMIP/week5/quiz1/data/query/airplane/00014.png,airplane,5,/home/emily/MMIP/week5/quiz1/data/gallery/airplane/00871.png,airplane,0.636612
/home/emily/MMIP/week5/quiz1/data/query/airplane/00015.png,airplane,1,/home/emily/MMIP/week5/quiz1/data/gallery/airplane/00219.png,airplane,0.742848
/home/emily/MMIP/week5/quiz1/data/query/airplane/00015.png,airplane,2,/home/emily/MMIP/week5/quiz1/data/gallery/airplane/00475.png,airplane,0.689598
/home/emily/MMIP/week5/quiz1/data/query/airplane/00015.png,airplane,3,/home/emily/MMIP/week5/quiz1/data/gallery/truck/00549.png,truck,0.647761
/home/emily/MMIP/week5/quiz1/data/query/airplane/00015.png,airplane,4,/home/emily/MMIP/week5/quiz1/data/gallery/airplane/00515.png,airplane,0.640678
/home/emily/MMIP/week5/quiz1/data/query/airplane/00015.png,airplane,5,/home/emily/MMIP/week5/quiz1/data/gallery/horse/00668.png,horse,0.625756
/home/emily/MMIP/week5/quiz1/data/query/airplane/00016.png,airplane,1,/home/emily/MMIP/week5/quiz1/data/gallery/airplane/00371.png,airplane,0.692941
/home/emily/MMIP/week5/quiz1/data/query/airplane/00016.png,airplane,2,/home/emily/MMIP/week5/quiz1/data/gallery/airplane/00316.png,airplane,0.654319
/home/emily/MMIP/week5/quiz1/data/query/airplane/00016.png,airplane,3,/home/emily/MMIP/week5/quiz1/data/gallery/airplane/00111.png,airplane,0.652392
/home/emily/MMIP/week5/quiz1/data/query/airplane/00016.png,airplane,4,/home/emily/MMIP/week5/quiz1/data/gallery/airplane/00922.png,airplane,0.652122
/home/emily/MMIP/week5/quiz1/data/query/airplane/00016.png,airplane,5,/home/emily/MMIP/week5/quiz1/data/gallery/airplane/00987.png,airplane,0.623580
/home/emily/MMIP/week5/quiz1/data/query/airplane/00017.png,airplane,1,/home/emily/MMIP/week5/quiz1/data/gallery/airplane/00597.png,airplane,0.703052
/home/emily/MMIP/week5/quiz1/data/query/airplane/00017.png,airplane,2,/home/emily/MMIP/week5/quiz1/data/gallery/airplane/00196.png,airplane,0.624572
/home/emily/MMIP/week5/quiz1/data/query/airplane/00017.png,airplane,3,/home/emily/MMIP/week5/quiz1/data/gallery/airplane/00375.png,airplane,0.586780
/home/emily/MMIP/week5/quiz1/data/query/airplane/00017.png,airplane,4,/home/emily/MMIP/week5/quiz1/data/gallery/airplane/00075.png,airplane,0.578374
/home/emily/MMIP/week5/quiz1/data/query/airplane/00017.png,airplane,5,/home/emily/MMIP/week5/quiz1/data/gallery/airplane/00997.png,airplane,0.575834
/home/emily/MMIP/week5/quiz1/data/query/airplane/00018.png,airplane,1,/home/emily/MMIP/week5/quiz1/data/gallery/airplane/00571.png,airplane,0.668598
/home/emily/MMIP/week5/quiz1/data/query/airplane/00018.png,airplane,2,/home/emily/MMIP/week5/quiz1/data/gallery/airplane/00373.png,airplane,0.614499
/home/emily/MMIP/week5/quiz1/data/query/airplane/00018.png,airplane,3,/home/emily/MMIP/week5/quiz1/data/gallery/airplane/00514.png,airplane,0.604585
/home/emily/MMIP/week5/quiz1/data/query/airplane/00018.png,airplane,4,/home/emily/MMIP/week5/quiz1/data/gallery/airplane/00460.png,airplane,0.589019
/home/emily/MMIP/week5/quiz1/data/query/airplane/00018.png,airplane,5,/home/emily/MMIP/week5/quiz1/data/gallery/ship/00193.png,ship,0.581943
/home/emily/MMIP/week5/quiz1/data/query/airplane/00019.png,airplane,1,/home/emily/MMIP/week5/quiz1/data/gallery/ship/00026.png,ship,0.525140
/home/emily/MMIP/week5/quiz1/data/query/airplane/00019.png,airplane,2,/home/emily/MMIP/week5/quiz1/data/gallery/ship/00090.png,ship,0.523453
/home/emily/MMIP/week5/quiz1/data/query/airplane/00019.png,airplane,3,/home/emily/MMIP/week5/quiz1/data/gallery/ship/00915.png,ship,0.520463
/home/emily/MMIP/week5/quiz1/data/query/airplane/00019.png,airplane,4,/home/emily/MMIP/week5/quiz1/data/gallery/ship/00165.png,ship,0.508755
/home/emily/MMIP/week5/quiz1/data/query/airplane/00019.png,airplane,5,/home/emily/MMIP/week5/quiz1/data/gallery/ship/00438.png,ship,0.503767
/home/emily/MMIP/week5/quiz1/data/query/airplane/00020.png,airplane,1,/home/emily/MMIP/week5/quiz1/data/gallery/airplane/00890.png,airplane,0.678883
/home/emily/MMIP/week5/quiz1/data/query/airplane/00020.png,airplane,2,/home/emily/MMIP/week5/quiz1/data/gallery/airplane/00225.png,airplane,0.602101
/home/emily/MMIP/week5/quiz1/data/query/airplane/00020.png,airplane,3,/home/emily/MMIP/week5/quiz1/data/gallery/airplane/00837.png,airplane,0.599522
/home/emily/MMIP/week5/quiz1/data/query/airplane/00020.png,airplane,4,/home/emily/MMIP/week5/quiz1/data/gallery/airplane/00365.png,airplane,0.593560
/home/emily/MMIP/week5/quiz1/data/query/airplane/00020.png,airplane,5,/home/emily/MMIP/week5/quiz1/data/gallery/airplane/00790.png,airplane,0.583224
/home/emily/MMIP/week5/quiz1/data/query/airplane/00021.png,airplane,1,/home/emily/MMIP/week5/quiz1/data/gallery/airplane/00769.png,airplane,0.563354
/home/emily/MMIP/week5/quiz1/data/query/airplane/00021.png,airplane,2,/home/emily/MMIP/week5/quiz1/data/gallery/airplane/00597.png,airplane,0.561634
/home/emily/MMIP/week5/quiz1/data/query/airplane/00021.png,airplane,3,/home/emily/MMIP/week5/quiz1/data/gallery/airplane/00375.png,airplane,0.558835
/home/emily/MMIP/week5/quiz1/data/query/airplane/00021.png,airplane,4,/home/emily/MMIP/week5/quiz1/data/gallery/airplane/00181.png,airplane,0.542716
/home/emily/MMIP/week5/quiz1/data/query/airplane/00021.png,airplane,5,/home/emily/MMIP/week5/quiz1/data/gallery/airplane/00997.png,airplane,0.523111
/home/emily/MMIP/week5/quiz1/data/query/airplane/00022.png,airplane,1,/home/emily/MMIP/week5/quiz1/data/gallery/airplane/00267.png,airplane,0.817324
/home/emily/MMIP/week5/quiz1/data/query/airplane/00022.png,airplane,2,/home/emily/MMIP/week5/quiz1/data/gallery/airplane/00616.png,airplane,0.792535
/home/emily/MMIP/week5/quiz1/data/query/airplane/00022.png,airplane,3,/home/emily/MMIP/week5/quiz1/data/gallery/airplane/00080.png,airplane,0.791474
/home/emily/MMIP/week5/quiz1/data/query/airplane/00022.png,airplane,4,/home/emily/MMIP/week5/quiz1/data/gallery/airplane/00248.png,airplane,0.783774
/home/emily/MMIP/week5/quiz1/data/query/airplane/00022.png,airplane,5,/home/emily/MMIP/week5/quiz1/data/gallery/airplane/00127.png,airplane,0.781977
/home/emily/MMIP/week5/quiz1/data/query/airplane/00023.png,airplane,1,/home/emily/MMIP/week5/quiz1/data/gallery/truck/00661.png,truck,0.575479
/home/emily/MMIP/week5/quiz1/data/query/airplane/00023.png,airplane,2,/home/emily/MMIP/week5/quiz1/data/gallery/truck/00857.png,truck,0.553642
/home/emily/MMIP/week5/quiz1/data/query/airplane/00023.png,airplane,3,/home/emily/MMIP/week5/quiz1/data/gallery/airplane/00206.png,airplane,0.550800
/home/emily/MMIP/week5/quiz1/data/query/airplane/00023.png,airplane,4,/home/emily/MMIP/week5/quiz1/data/gallery/truck/00531.png,truck,0.517525
/home/emily/MMIP/week5/quiz1/data/query/airplane/00023.png,airplane,5,/home/emily/MMIP/week5/quiz1/data/gallery/truck/00703.png,truck,0.514891
/home/emily/MMIP/week5/quiz1/data/query/airplane/00024.png,airplane,1,/home/emily/MMIP/week5/quiz1/data/gallery/airplane/00930.png,airplane,0.728297
/home/emily/MMIP/week5/quiz1/data/query/airplane/00024.png,airplane,2,/home/emily/MMIP/week5/quiz1/data/gallery/airplane/00301.png,airplane,0.696629
/home/emily/MMIP/week5/quiz1/data/query/airplane/00024.png,airplane,3,/home/emily/MMIP/week5/quiz1/data/gallery/airplane/00065.png,airplane,0.650091
/home/emily/MMIP/week5/quiz1/data/query/airplane/00024.png,airplane,4,/home/emily/MMIP/week5/quiz1/data/gallery/airplane/00655.png,airplane,0.648739
/home/emily/MMIP/week5/quiz1/data/query/airplane/00024.png,airplane,5,/home/emily/MMIP/week5/quiz1/data/gallery/airplane/00614.png,airplane,0.643742
/home/emily/MMIP/week5/quiz1/data/query/airplane/00025.png,airplane,1,/home/emily/MMIP/week5/quiz1/data/gallery/ship/00804.png,ship,0.610484
/home/emily/MMIP/week5/quiz1/data/query/airplane/00025.png,airplane,2,/home/emily/MMIP/week5/quiz1/data/gallery/airplane/00561.png,airplane,0.599428
/home/emily/MMIP/week5/quiz1/data/query/airplane/00025.png,airplane,3,/home/emily/MMIP/week5/quiz1/data/gallery/ship/00078.png,ship,0.596976
/home/emily/MMIP/week5/quiz1/data/query/airplane/00025.png,airplane,4,/home/emily/MMIP/week5/quiz1/data/gallery/ship/00580.png,ship,0.596884
/home/emily/MMIP/week5/quiz1/data/query/airplane/00025.png,airplane,5,/home/emily/MMIP/week5/quiz1/data/gallery/ship/00654.png,ship,0.582124
/home/emily/MMIP/week5/quiz1/data/query/airplane/00026.png,airplane,1,/home/emily/MMIP/week5/quiz1/data/gallery/airplane/00057.png,airplane,0.607143
/home/emily/MMIP/week5/quiz1/data/query/airplane/00026.png,airplane,2,/home/emily/MMIP/week5/quiz1/data/gallery/airplane/00371.png,airplane,0.594783
/home/emily/MMIP/week5/quiz1/data/query/airplane/00026.png,airplane,3,/home/emily/MMIP/week5/quiz1/data/gallery/airplane/00542.png,airplane,0.588972
/home/emily/MMIP/week5/quiz1/data/query/airplane/00026.png,airplane,4,/home/emily/MMIP/week5/quiz1/data/gallery/airplane/00822.png,airplane,0.585825
/home/emily/MMIP/week5/quiz1/data/query/airplane/00026.png,airplane,5,/home/emily/MMIP/week5/quiz1/data/gallery/airplane/00584.png,airplane,0.579947
/home/emily/MMIP/week5/quiz1/data/query/airplane/00027.png,airplane,1,/home/emily/MMIP/week5/quiz1/data/gallery/airplane/00562.png,airplane,0.654422
/home/emily/MMIP/week5/quiz1/data/query/airplane/00027.png,airplane,2,/home/emily/MMIP/week5/quiz1/data/gallery/airplane/00216.png,airplane,0.651760
/home/emily/MMIP/week5/quiz1/data/query/airplane/00027.png,airplane,3,/home/emily/MMIP/week5/quiz1/data/gallery/airplane/00675.png,airplane,0.651378
/home/emily/MMIP/week5/quiz1/data/query/airplane/00027.png,airplane,4,/home/emily/MMIP/week5/quiz1/data/gallery/airplane/00664.png,airplane,0.649077
/home/emily/MMIP/week5/quiz1/data/query/airplane/00027.png,airplane,5,/home/emily/MMIP/week5/quiz1/data/gallery/airplane/00169.png,airplane,0.641273
/home/emily/MMIP/week5/quiz1/data/query/airplane/00028.png,airplane,1,/home/emily/MMIP/week5/quiz1/data/gallery/airplane/00875.png,airplane,0.605827
/home/emily/MMIP/week5/quiz1/data/query/airplane/00028.png,airplane,2,/home/emily/MMIP/week5/quiz1/data/gallery/airplane/00774.png,airplane,0.567007
/home/emily/MMIP/week5/quiz1/data/query/airplane/00028.png,airplane,3,/home/emily/MMIP/week5/quiz1/data/gallery/truck/00295.png,truck,0.565221
/home/emily/MMIP/week5/quiz1/data/query/airplane/00028.png,airplane,4,/home/emily/MMIP/week5/quiz1/data/gallery/airplane/00286.png,airplane,0.565096
/home/emily/MMIP/week5/quiz1/data/query/airplane/00028.png,airplane,5,/home/emily/MMIP/week5/quiz1/data/gallery/airplane/00944.png,airplane,0.559052
/home/emily/MMIP/week5/quiz1/data/query/airplane/00029.png,airplane,1,/home/emily/MMIP/week5/quiz1/data/gallery/airplane/00997.png,airplane,0.599309
/home/emily/MMIP/week5/quiz1/data/query/airplane/00029.png,airplane,2,/home/emily/MMIP/week5/quiz1/data/gallery/airplane/00545.png,airplane,0.598873
/home/emily/MMIP/week5/quiz1/data/query/airplane/00029.png,airplane,3,/home/emily/MMIP/week5/quiz1/data/gallery/airplane/00429.png,airplane,0.597719
/home/emily/MMIP/week5/quiz1/data/query/airplane/00029.png,airplane,4,/home/emily/MMIP/week5/quiz1/data/gallery/airplane/00795.png,airplane,0.584075
/home/emily/MMIP/week5/quiz1/data/query/airplane/00029.png,airplane,5,/home/emily/MMIP/week5/quiz1/data/gallery/airplane/00825.png,airplane,0.570439
/home/emily/MMIP/week5/quiz1/data/query/airplane/00030.png,airplane,1,/home/emily/MMIP/week5/quiz1/data/gallery/airplane/00929.png,airplane,0.550584
/home/emily/MMIP/week5/quiz1/data/query/airplane/00030.png,airplane,2,/home/emily/MMIP/week5/quiz1/data/gallery/airplane/00111.png,airplane,0.545917
/home/emily/MMIP/week5/quiz1/data/query/airplane/00030.png,airplane,3,/home/emily/MMIP/week5/quiz1/data/gallery/airplane/00987.png,airplane,0.529109
/home/emily/MMIP/week5/quiz1/data/query/airplane/00030.png,airplane,4,/home/emily/MMIP/week5/quiz1/data/gallery/airplane/00155.png,airplane,0.527766
/home/emily/MMIP/week5/quiz1/data/query/airplane/00030.png,airplane,5,/home/emily/MMIP/week5/quiz1/data/gallery/airplane/00542.png,airplane,0.523651
/home/emily/MMIP/week5/quiz1/data/query/airplane/00031.png,airplane,1,/home/emily/MMIP/week5/quiz1/data/gallery/airplane/00861.png,airplane,0.678355
/home/emily/MMIP/week5/quiz1/data/query/airplane/00031.png,airplane,2,/home/emily/MMIP/week5/quiz1/data/gallery/airplane/00442.png,airplane,0.622883
/home/emily/MMIP/week5/quiz1/data/query/airplane/00031.png,airplane,3,/home/emily/MMIP/week5/quiz1/data/gallery/truck/00043.png,truck,0.616184
/home/emily/MMIP/week5/quiz1/data/query/airplane/00031.png,airplane,4,/home/emily/MMIP/week5/quiz1/data/gallery/airplane/00370.png,airplane,0.607949
/home/emily/MMIP/week5/quiz1/data/query/airplane/00031.png,airplane,5,/home/emily/MMIP/week5/quiz1/data/gallery/airplane/00476.png,airplane,0.585090
/home/emily/MMIP/week5/quiz1/data/query/airplane/00032.png,airplane,1,/home/emily/MMIP/week5/quiz1/data/gallery/ship/00756.png,ship,0.605185
/home/emily/MMIP/week5/quiz1/data/query/airplane/00032.png,airplane,2,/home/emily/MMIP/week5/quiz1/data/gallery/ship/00467.png,ship,0.598632
/home/emily/MMIP/week5/quiz1/data/query/airplane/00032.png,airplane,3,/home/emily/MMIP/week5/quiz1/data/gallery/airplane/00710.png,airplane,0.588743
/home/emily/MMIP/week5/quiz1/data/query/airplane/00032.png,airplane,4,/home/emily/MMIP/week5/quiz1/data/gallery/truck/00549.png,truck,0.586495
/home/emily/MMIP/week5/quiz1/data/query/airplane/00032.png,airplane,5,/home/emily/MMIP/week5/quiz1/data/gallery/ship/00006.png,ship,0.583293
/home/emily/MMIP/week5/quiz1/data/query/airplane/00033.png,airplane,1,/home/emily/MMIP/week5/quiz1/data/gallery/ship/00743.png,ship,0.640733
/home/emily/MMIP/week5/quiz1/data/query/airplane/00033.png,airplane,2,/home/emily/MMIP/week5/quiz1/data/gallery/ship/00145.png,ship,0.629025
/home/emily/MMIP/week5/quiz1/data/query/airplane/00033.png,airplane,3,/home/emily/MMIP/week5/quiz1/data/gallery/ship/00769.png,ship,0.622386
/home/emily/MMIP/week5/quiz1/data/query/airplane/00033.png,airplane,4,/home/emily/MMIP/week5/quiz1/data/gallery/ship/00618.png,ship,0.619005
/home/emily/MMIP/week5/quiz1/data/query/airplane/00033.png,airplane,5,/home/emily/MMIP/week5/quiz1/data/gallery/ship/00728.png,ship,0.615117
/home/emily/MMIP/week5/quiz1/data/query/airplane/00034.png,airplane,1,/home/emily/MMIP/week5/quiz1/data/gallery/airplane/00960.png,airplane,0.706030
/home/emily/MMIP/week5/quiz1/data/query/airplane/00034.png,airplane,2,/home/emily/MMIP/week5/quiz1/data/gallery/airplane/00115.png,airplane,0.684628
/home/emily/MMIP/week5/quiz1/data/query/airplane/00034.png,airplane,3,/home/emily/MMIP/week5/quiz1/data/gallery/airplane/00143.png,airplane,0.641609
/home/emily/MMIP/week5/quiz1/data/query/airplane/00034.png,airplane,4,/home/emily/MMIP/week5/quiz1/data/gallery/airplane/00739.png,airplane,0.607615
/home/emily/MMIP/week5/quiz1/data/query/airplane/00034.png,airplane,5,/home/emily/MMIP/week5/quiz1/data/gallery/airplane/00249.png,airplane,0.604296
/home/emily/MMIP/week5/quiz1/data/query/airplane/00035.png,airplane,1,/home/emily/MMIP/week5/quiz1/data/gallery/airplane/00113.png,airplane,0.630813
/home/emily/MMIP/week5/quiz1/data/query/airplane/00035.png,airplane,2,/home/emily/MMIP/week5/quiz1/data/gallery/airplane/00178.png,airplane,0.591616
/home/emily/MMIP/week5/quiz1/data/query/airplane/00035.png,airplane,3,/home/emily/MMIP/week5/quiz1/data/gallery/airplane/00077.png,airplane,0.576767
/home/emily/MMIP/week5/quiz1/data/query/airplane/00035.png,airplane,4,/home/emily/MMIP/week5/quiz1/data/gallery/airplane/00725.png,airplane,0.567390
/home/emily/MMIP/week5/quiz1/data/query/airplane/00035.png,airplane,5,/home/emily/MMIP/week5/quiz1/data/gallery/airplane/00095.png,airplane,0.561743
/home/emily/MMIP/week5/quiz1/data/query/airplane/00036.png,airplane,1,/home/emily/MMIP/week5/quiz1/data/gallery/ship/00990.png,ship,0.463903
/home/emily/MMIP/week5/quiz1/data/query/airplane/00036.png,airplane,2,/home/emily/MMIP/week5/quiz1/data/gallery/cat/00909.png,cat,0.444164
/home/emily/MMIP/week5/quiz1/data/query/airplane/00036.png,airplane,3,/home/emily/MMIP/week5/quiz1/data/gallery/airplane/00481.png,airplane,0.441540
/home/emily/MMIP/week5/quiz1/data/query/airplane/00036.png,airplane,4,/home/emily/MMIP/week5/quiz1/data/gallery/frog/00812.png,frog,0.436572
/home/emily/MMIP/week5/quiz1/data/query/airplane/00036.png,airplane,5,/home/emily/MMIP/week5/quiz1/data/gallery/airplane/00892.png,airplane,0.429561
/home/emily/MMIP/week5/quiz1/data/query/airplane/00037.png,airplane,1,/home/emily/MMIP/week5/quiz1/data/gallery/airplane/00162.png,airplane,0.632069
/home/emily/MMIP/week5/quiz1/data/query/airplane/00037.png,airplane,2,/home/emily/MMIP/week5/quiz1/data/gallery/airplane/00553.png,airplane,0.621240
/home/emily/MMIP/week5/quiz1/data/query/airplane/00037.png,airplane,3,/home/emily/MMIP/week5/quiz1/data/gallery/airplane/00181.png,airplane,0.613905
/home/emily/MMIP/week5/quiz1/data/query/airplane/00037.png,airplane,4,/home/emily/MMIP/week5/quiz1/data/gallery/airplane/00375.png,airplane,0.608879
/home/emily/MMIP/week5/quiz1/data/query/airplane/00037.png,airplane,5,/home/emily/MMIP/week5/quiz1/data/gallery/airplane/00997.png,airplane,0.595803
/home/emily/MMIP/week5/quiz1/data/query/airplane/00038.png,airplane,1,/home/emily/MMIP/week5/quiz1/data/gallery/airplane/00949.png,airplane,0.547346
/home/emily/MMIP/week5/quiz1/data/query/airplane/00038.png,airplane,2,/home/emily/MMIP/week5/quiz1/data/gallery/airplane/00774.png,airplane,0.537320
/home/emily/MMIP/week5/quiz1/data/query/airplane/00038.png,airplane,3,/home/emily/MMIP/week5/quiz1/data/gallery/frog/00753.png,frog,0.532188
/home/emily/MMIP/week5/quiz1/data/query/airplane/00038.png,airplane,4,/home/emily/MMIP/week5/quiz1/data/gallery/airplane/00744.png,airplane,0.529160
/home/emily/MMIP/week5/quiz1/data/query/airplane/00038.png,airplane,5,/home/emily/MMIP/week5/quiz1/data/gallery/airplane/00983.png,airplane,0.528792
/home/emily/MMIP/week5/quiz1/data/query/airplane/00039.png,airplane,1,/home/emily/MMIP/week5/quiz1/data/gallery/ship/00922.png,ship,0.586471
/home/emily/MMIP/week5/quiz1/data/query/airplane/00039.png,airplane,2,/home/emily/MMIP/week5/quiz1/data/gallery/airplane/00119.png,airplane,0.574685
/home/emily/MMIP/week5/quiz1/data/query/airplane/00039.png,airplane,3,/home/emily/MMIP/week5/quiz1/data/gallery/airplane/00043.png,airplane,0.566830
/home/emily/MMIP/week5/quiz1/data/query/airplane/00039.png,airplane,4,/home/emily/MMIP/week5/quiz1/data/gallery/truck/00502.png,truck,0.563944
/home/emily/MMIP/week5/quiz1/data/query/airplane/00039.png,airplane,5,/home/emily/MMIP/week5/quiz1/data/gallery/airplane/00664.png,airplane,0.559211
/home/emily/MMIP/week5/quiz1/data/query/airplane/00040.png,airplane,1,/home/emily/MMIP/week5/quiz1/data/gallery/airplane/00551.png,airplane,0.826146
/home/emily/MMIP/week5/quiz1/data/query/airplane/00040.png,airplane,2,/home/emily/MMIP/week5/quiz1/data/gallery/airplane/00736.png,airplane,0.821290
/home/emily/MMIP/week5/quiz1/data/query/airplane/00040.png,airplane,3,/home/emily/MMIP/week5/quiz1/data/gallery/airplane/00422.png,airplane,0.814404
/home/emily/MMIP/week5/quiz1/data/query/airplane/00040.png,airplane,4,/home/emily/MMIP/week5/quiz1/data/gallery/airplane/00109.png,airplane,0.807448
/home/emily/MMIP/week5/quiz1/data/query/airplane/00040.png,airplane,5,/home/emily/MMIP/week5/quiz1/data/gallery/airplane/00864.png,airplane,0.784238
/home/emily/MMIP/week5/quiz1/data/query/airplane/00041.png,airplane,1,/home/emily/MMIP/week5/quiz1/data/gallery/airplane/00854.png,airplane,0.662301
/home/emily/MMIP/week5/quiz1/data/query/airplane/00041.png,airplane,2,/home/emily/MMIP/week5/quiz1/data/gallery/airplane/00249.png,airplane,0.559380
/home/emily/MMIP/week5/quiz1/data/query/airplane/00041.png,airplane,3,/home/emily/MMIP/week5/quiz1/data/gallery/airplane/00092.png,airplane,0.557361
/home/emily/MMIP/week5/quiz1/data/query/airplane/00041.png,airplane,4,/home/emily/MMIP/week5/quiz1/data/gallery/airplane/00931.png,airplane,0.535743
/home/emily/MMIP/week5/quiz1/data/query/airplane/00041.png,airplane,5,/home/emily/MMIP/week5/quiz1/data/gallery/airplane/00895.png,airplane,0.529824
/home/emily/MMIP/week5/quiz1/data/query/airplane/00042.png,airplane,1,/home/emily/MMIP/week5/quiz1/data/gallery/airplane/00455.png,airplane,0.517294
/home/emily/MMIP/week5/quiz1/data/query/airplane/00042.png,airplane,2,/home/emily/MMIP/week5/quiz1/data/gallery/ship/00022.png,ship,0.475197
/home/emily/MMIP/week5/quiz1/data/query/airplane/00042.png,airplane,3,/home/emily/MMIP/week5/quiz1/data/gallery/ship/00034.png,ship,0.467488
/home/emily/MMIP/week5/quiz1/data/query/airplane/00042.png,airplane,4,/home/emily/MMIP/week5/quiz1/data/gallery/ship/00574.png,ship,0.435703
/home/emily/MMIP/week5/quiz1/data/query/airplane/00042.png,airplane,5,/home/emily/MMIP/week5/quiz1/data/gallery/ship/00290.png,ship,0.431624
/home/emily/MMIP/week5/quiz1/data/query/airplane/00043.png,airplane,1,/home/emily/MMIP/week5/quiz1/data/gallery/airplane/00056.png,airplane,0.760214
/home/emily/MMIP/week5/quiz1/data/query/airplane/00043.png,airplane,2,/home/emily/MMIP/week5/quiz1/data/gallery/airplane/00569.png,airplane,0.755162
/home/emily/MMIP/week5/quiz1/data/query/airplane/00043.png,airplane,3,/home/emily/MMIP/week5/quiz1/data/gallery/airplane/00213.png,airplane,0.735286
/home/emily/MMIP/week5/quiz1/data/query/airplane/00043.png,airplane,4,/home/emily/MMIP/week5/quiz1/data/gallery/airplane/00249.png,airplane,0.723317
/home/emily/MMIP/week5/quiz1/data/query/airplane/00043.png,airplane,5,/home/emily/MMIP/week5/quiz1/data/gallery/airplane/00165.png,airplane,0.720868
/home/emily/MMIP/week5/quiz1/data/query/airplane/00044.png,airplane,1,/home/emily/MMIP/week5/quiz1/data/gallery/airplane/00016.png,airplane,0.737932
/home/emily/MMIP/week5/quiz1/data/query/airplane/00044.png,airplane,2,/home/emily/MMIP/week5/quiz1/data/gallery/airplane/00482.png,airplane,0.732897
/home/emily/MMIP/week5/quiz1/data/query/airplane/00044.png,airplane,3,/home/emily/MMIP/week5/quiz1/data/gallery/airplane/00826.png,airplane,0.720896
/home/emily/MMIP/week5/quiz1/data/query/airplane/00044.png,airplane,4,/home/emily/MMIP/week5/quiz1/data/gallery/airplane/00312.png,airplane,0.720876
/home/emily/MMIP/week5/quiz1/data/query/airplane/00044.png,airplane,5,/home/emily/MMIP/week5/quiz1/data/gallery/airplane/00749.png,airplane,0.713648
/home/emily/MMIP/week5/quiz1/data/query/airplane/00045.png,airplane,1,/home/emily/MMIP/week5/quiz1/data/gallery/airplane/00842.png,airplane,0.754407
/home/emily/MMIP/week5/quiz1/data/query/airplane/00045.png,airplane,2,/home/emily/MMIP/week5/quiz1/data/gallery/airplane/00905.png,airplane,0.725978
/home/emily/MMIP/week5/quiz1/data/query/airplane/00045.png,airplane,3,/home/emily/MMIP/week5/quiz1/data/gallery/airplane/00382.png,airplane,0.720441
/home/emily/MMIP/week5/quiz1/data/query/airplane/00045.png,airplane,4,/home/emily/MMIP/week5/quiz1/data/gallery/airplane/00129.png,airplane,0.706428
/home/emily/MMIP/week5/quiz1/data/query/airplane/00045.png,airplane,5,/home/emily/MMIP/week5/quiz1/data/gallery/airplane/00471.png,airplane,0.700759
/home/emily/MMIP/week5/quiz1/data/query/airplane/00046.png,airplane,1,/home/emily/MMIP/week5/quiz1/data/gallery/cat/00857.png,cat,0.620067
/home/emily/MMIP/week5/quiz1/data/query/airplane/00046.png,airplane,2,/home/emily/MMIP/week5/quiz1/data/gallery/frog/00069.png,frog,0.596098
/home/emily/MMIP/week5/quiz1/data/query/airplane/00046.png,airplane,3,/home/emily/MMIP/week5/quiz1/data/gallery/frog/00207.png,frog,0.587573
/home/emily/MMIP/week5/quiz1/data/query/airplane/00046.png,airplane,4,/home/emily/MMIP/week5/quiz1/data/gallery/frog/00783.png,frog,0.583829
/home/emily/MMIP/week5/quiz1/data/query/airplane/00046.png,airplane,5,/home/emily/MMIP/week5/quiz1/data/gallery/frog/00765.png,frog,0.582082
/home/emily/MMIP/week5/quiz1/data/query/airplane/00047.png,airplane,1,/home/emily/MMIP/week5/quiz1/data/gallery/airplane/00492.png,airplane,0.654042
/home/emily/MMIP/week5/quiz1/data/query/airplane/00047.png,airplane,2,/home/emily/MMIP/week5/quiz1/data/gallery/airplane/00562.png,airplane,0.647457
/home/emily/MMIP/week5/quiz1/data/query/airplane/00047.png,airplane,3,/home/emily/MMIP/week5/quiz1/data/gallery/airplane/00066.png,airplane,0.640686
/home/emily/MMIP/week5/quiz1/data/query/airplane/00047.png,airplane,4,/home/emily/MMIP/week5/quiz1/data/gallery/airplane/00353.png,airplane,0.624847
/home/emily/MMIP/week5/quiz1/data/query/airplane/00047.png,airplane,5,/home/emily/MMIP/week5/quiz1/data/gallery/airplane/00041.png,airplane,0.624840
/home/emily/MMIP/week5/quiz1/data/query/airplane/00048.png,airplane,1,/home/emily/MMIP/week5/quiz1/data/gallery/airplane/00390.png,airplane,0.636374
/home/emily/MMIP/week5/quiz1/data/query/airplane/00048.png,airplane,2,/home/emily/MMIP/week5/quiz1/data/gallery/airplane/00190.png,airplane,0.627326
/home/emily/MMIP/week5/quiz1/data/query/airplane/00048.png,airplane,3,/home/emily/MMIP/week5/quiz1/data/gallery/airplane/00585.png,airplane,0.609354
/home/emily/MMIP/week5/quiz1/data/query/airplane/00048.png,airplane,4,/home/emily/MMIP/week5/quiz1/data/gallery/airplane/00488.png,airplane,0.603781
/home/emily/MMIP/week5/quiz1/data/query/airplane/00048.png,airplane,5,/home/emily/MMIP/week5/quiz1/data/gallery/airplane/00231.png,airplane,0.587288
/home/emily/MMIP/week5/quiz1/data/query/airplane/00049.png,airplane,1,/home/emily/MMIP/week5/quiz1/data/gallery/airplane/00135.png,airplane,0.713731
/home/emily/MMIP/week5/quiz1/data/query/airplane/00049.png,airplane,2,/home/emily/MMIP/week5/quiz1/data/gallery/airplane/00934.png,airplane,0.657111
/home/emily/MMIP/week5/quiz1/data/query/airplane/00049.png,airplane,3,/home/emily/MMIP/week5/quiz1/data/gallery/airplane/00475.png,airplane,0.640482
/home/emily/MMIP/week5/quiz1/data/query/airplane/00049.png,airplane,4,/home/emily/MMIP/week5/quiz1/data/gallery/airplane/00044.png,airplane,0.635648
/home/emily/MMIP/week5/quiz1/data/query/airplane/00049.png,airplane,5,/home/emily/MMIP/week5/quiz1/data/gallery/airplane/00523.png,airplane,0.587077
/home/emily/MMIP/week5/quiz1/data/query/airplane/00050.png,airplane,1,/home/emily/MMIP/week5/quiz1/data/gallery/airplane/00213.png,airplane,0.765862
/home/emily/MMIP/week5/quiz1/data/query/airplane/00050.png,airplane,2,/home/emily/MMIP/week5/quiz1/data/gallery/airplane/00525.png,airplane,0.762128
/home/emily/MMIP/week5/quiz1/data/query/airplane/00050.png,airplane,3,/home/emily/MMIP/week5/quiz1/data/gallery/airplane/00368.png,airplane,0.753262
/home/emily/MMIP/week5/quiz1/data/query/airplane/00050.png,airplane,4,/home/emily/MMIP/week5/quiz1/data/gallery/airplane/00905.png,airplane,0.729625
/home/emily/MMIP/week5/quiz1/data/query/airplane/00050.png,airplane,5,/home/emily/MMIP/week5/quiz1/data/gallery/airplane/00249.png,airplane,0.715778
/home/emily/MMIP/week5/quiz1/data/query/airplane/00051.png,airplane,1,/home/emily/MMIP/week5/quiz1/data/gallery/airplane/00660.png,airplane,0.697553
/home/emily/MMIP/week5/quiz1/data/query/airplane/00051.png,airplane,2,/home/emily/MMIP/week5/quiz1/data/gallery/airplane/00069.png,airplane,0.676391
/home/emily/MMIP/week5/quiz1/data/query/airplane/00051.png,airplane,3,/home/emily/MMIP/week5/quiz1/data/gallery/airplane/00741.png,airplane,0.673314
/home/emily/MMIP/week5/quiz1/data/query/airplane/00051.png,airplane,4,/home/emily/MMIP/week5/quiz1/data/gallery/airplane/00120.png,airplane,0.646124
/home/emily/MMIP/week5/quiz1/data/query/airplane/00051.png,airplane,5,/home/emily/MMIP/week5/quiz1/data/gallery/airplane/00818.png,airplane,0.631842
/home/emily/MMIP/week5/quiz1/data/query/airplane/00052.png,airplane,1,/home/emily/MMIP/week5/quiz1/data/gallery/airplane/00518.png,airplane,0.641274
/home/emily/MMIP/week5/quiz1/data/query/airplane/00052.png,airplane,2,/home/emily/MMIP/week5/quiz1/data/gallery/airplane/00206.png,airplane,0.605124
/home/emily/MMIP/week5/quiz1/data/query/airplane/00052.png,airplane,3,/home/emily/MMIP/week5/quiz1/data/gallery/truck/00549.png,truck,0.604434
/home/emily/MMIP/week5/quiz1/data/query/airplane/00052.png,airplane,4,/home/emily/MMIP/week5/quiz1/data/gallery/airplane/00105.png,airplane,0.582127
/home/emily/MMIP/week5/quiz1/data/query/airplane/00052.png,airplane,5,/home/emily/MMIP/week5/quiz1/data/gallery/airplane/00882.png,airplane,0.581112
/home/emily/MMIP/week5/quiz1/data/query/airplane/00053.png,airplane,1,/home/emily/MMIP/week5/quiz1/data/gallery/airplane/00756.png,airplane,0.653711
/home/emily/MMIP/week5/quiz1/data/query/airplane/00053.png,airplane,2,/home/emily/MMIP/week5/quiz1/data/gallery/airplane/00280.png,airplane,0.653055
/home/emily/MMIP/week5/quiz1/data/query/airplane/00053.png,airplane,3,/home/emily/MMIP/week5/quiz1/data/gallery/airplane/00136.png,airplane,0.613658
/home/emily/MMIP/week5/quiz1/data/query/airplane/00053.png,airplane,4,/home/emily/MMIP/week5/quiz1/data/gallery/airplane/00302.png,airplane,0.590621
/home/emily/MMIP/week5/quiz1/data/query/airplane/00053.png,airplane,5,/home/emily/MMIP/week5/quiz1/data/gallery/airplane/00697.png,airplane,0.587529
/home/emily/MMIP/week5/quiz1/data/query/airplane/00054.png,airplane,1,/home/emily/MMIP/week5/quiz1/data/gallery/airplane/00410.png,airplane,0.743909
/home/emily/MMIP/week5/quiz1/data/query/airplane/00054.png,airplane,2,/home/emily/MMIP/week5/quiz1/data/gallery/airplane/00371.png,airplane,0.646840
/home/emily/MMIP/week5/quiz1/data/query/airplane/00054.png,airplane,3,/home/emily/MMIP/week5/quiz1/data/gallery/airplane/00542.png,airplane,0.620284
/home/emily/MMIP/week5/quiz1/data/query/airplane/00054.png,airplane,4,/home/emily/MMIP/week5/quiz1/data/gallery/airplane/00354.png,airplane,0.588181
/home/emily/MMIP/week5/quiz1/data/query/airplane/00054.png,airplane,5,/home/emily/MMIP/week5/quiz1/data/gallery/airplane/00875.png,airplane,0.586464
/home/emily/MMIP/week5/quiz1/data/query/airplane/00055.png,airplane,1,/home/emily/MMIP/week5/quiz1/data/gallery/airplane/00944.png,airplane,0.629167
/home/emily/MMIP/week5/quiz1/data/query/airplane/00055.png,airplane,2,/home/emily/MMIP/week5/quiz1/data/gallery/airplane/00513.png,airplane,0.601937
/home/emily/MMIP/week5/quiz1/data/query/airplane/00055.png,airplane,3,/home/emily/MMIP/week5/quiz1/data/gallery/airplane/00190.png,airplane,0.574480
/home/emily/MMIP/week5/quiz1/data/query/airplane/00055.png,airplane,4,/home/emily/MMIP/week5/quiz1/data/gallery/airplane/00540.png,airplane,0.574288
/home/emily/MMIP/week5/quiz1/data/query/airplane/00055.png,airplane,5,/home/emily/MMIP/week5/quiz1/data/gallery/airplane/00148.png,airplane,0.561474
/home/emily/MMIP/week5/quiz1/data/query/airplane/00056.png,airplane,1,/home/emily/MMIP/week5/quiz1/data/gallery/airplane/00997.png,airplane,0.741709
/home/emily/MMIP/week5/quiz1/data/query/airplane/00056.png,airplane,2,/home/emily/MMIP/week5/quiz1/data/gallery/airplane/00879.png,airplane,0.729457
/home/emily/MMIP/week5/quiz1/data/query/airplane/00056.png,airplane,3,/home/emily/MMIP/week5/quiz1/data/gallery/airplane/00761.png,airplane,0.717386
/home/emily/MMIP/week5/quiz1/data/query/airplane/00056.png,airplane,4,/home/emily/MMIP/week5/quiz1/data/gallery/airplane/00376.png,airplane,0.707659
/home/emily/MMIP/week5/quiz1/data/query/airplane/00056.png,airplane,5,/home/emily/MMIP/week5/quiz1/data/gallery/airplane/00054.png,airplane,0.660504
/home/emily/MMIP/week5/quiz1/data/query/airplane/00057.png,airplane,1,/home/emily/MMIP/week5/quiz1/data/gallery/airplane/00039.png,airplane,0.629912
/home/emily/MMIP/week5/quiz1/data/query/airplane/00057.png,airplane,2,/home/emily/MMIP/week5/quiz1/data/gallery/airplane/00474.png,airplane,0.607388
/home/emily/MMIP/week5/quiz1/data/query/airplane/00057.png,airplane,3,/home/emily/MMIP/week5/quiz1/data/gallery/airplane/00258.png,airplane,0.602991
/home/emily/MMIP/week5/quiz1/data/query/airplane/00057.png,airplane,4,/home/emily/MMIP/week5/quiz1/data/gallery/airplane/00465.png,airplane,0.602709
/home/emily/MMIP/week5/quiz1/data/query/airplane/00057.png,airplane,5,/home/emily/MMIP/week5/quiz1/data/gallery/airplane/00006.png,airplane,0.596968
/home/emily/MMIP/week5/quiz1/data/query/airplane/00058.png,airplane,1,/home/emily/MMIP/week5/quiz1/data/gallery/airplane/00369.png,airplane,0.696007
/home/emily/MMIP/week5/quiz1/data/query/airplane/00058.png,airplane,2,/home/emily/MMIP/week5/quiz1/data/gallery/airplane/00372.png,airplane,0.681865
/home/emily/MMIP/week5/quiz1/data/query/airplane/00058.png,airplane,3,/home/emily/MMIP/week5/quiz1/data/gallery/airplane/00072.png,airplane,0.680944
/home/emily/MMIP/week5/quiz1/data/query/airplane/00058.png,airplane,4,/home/emily/MMIP/week5/quiz1/data/gallery/airplane/00810.png,airplane,0.662982
/home/emily/MMIP/week5/quiz1/data/query/airplane/00058.png,airplane,5,/home/emily/MMIP/week5/quiz1/data/gallery/airplane/00254.png,airplane,0.660777
/home/emily/MMIP/week5/quiz1/data/query/airplane/00059.png,airplane,1,/home/emily/MMIP/week5/quiz1/data/gallery/airplane/00202.png,airplane,0.520799
/home/emily/MMIP/week5/quiz1/data/query/airplane/00059.png,airplane,2,/home/emily/MMIP/week5/quiz1/data/gallery/airplane/00515.png,airplane,0.517858
/home/emily/MMIP/week5/quiz1/data/query/airplane/00059.png,airplane,3,/home/emily/MMIP/week5/quiz1/data/gallery/airplane/00824.png,airplane,0.484402
/home/emily/MMIP/week5/quiz1/data/query/airplane/00059.png,airplane,4,/home/emily/MMIP/week5/quiz1/data/gallery/airplane/00355.png,airplane,0.474779
/home/emily/MMIP/week5/quiz1/data/query/airplane/00059.png,airplane,5,/home/emily/MMIP/week5/quiz1/data/gallery/airplane/00282.png,airplane,0.465486
/home/emily/MMIP/week5/quiz1/data/query/airplane/00060.png,airplane,1,/home/emily/MMIP/week5/quiz1/data/gallery/airplane/00659.png,airplane,0.641741
/home/emily/MMIP/week5/quiz1/data/query/airplane/00060.png,airplane,2,/home/emily/MMIP/week5/quiz1/data/gallery/airplane/00089.png,airplane,0.617778
/home/emily/MMIP/week5/quiz1/data/query/airplane/00060.png,airplane,3,/home/emily/MMIP/week5/quiz1/data/gallery/airplane/00618.png,airplane,0.595925
/home/emily/MMIP/week5/quiz1/data/query/airplane/00060.png,airplane,4,/home/emily/MMIP/week5/quiz1/data/gallery/airplane/00718.png,airplane,0.594987
/home/emily/MMIP/week5/quiz1/data/query/airplane/00060.png,airplane,5,/home/emily/MMIP/week5/quiz1/data/gallery/airplane/00684.png,airplane,0.578315
/home/emily/MMIP/week5/quiz1/data/query/airplane/00061.png,airplane,1,/home/emily/MMIP/week5/quiz1/data/gallery/airplane/00211.png,airplane,0.534098
/home/emily/MMIP/week5/quiz1/data/query/airplane/00061.png,airplane,2,/home/emily/MMIP/week5/quiz1/data/gallery/airplane/00132.png,airplane,0.505108
/home/emily/MMIP/week5/quiz1/data/query/airplane/00061.png,airplane,3,/home/emily/MMIP/week5/quiz1/data/gallery/airplane/00055.png,airplane,0.499288
/home/emily/MMIP/week5/quiz1/data/query/airplane/00061.png,airplane,4,/home/emily/MMIP/week5/quiz1/data/gallery/airplane/00251.png,airplane,0.493916
/home/emily/MMIP/week5/quiz1/data/query/airplane/00061.png,airplane,5,/home/emily/MMIP/week5/quiz1/data/gallery/airplane/00078.png,airplane,0.491300
/home/emily/MMIP/week5/quiz1/data/query/airplane/00062.png,airplane,1,/home/emily/MMIP/week5/quiz1/data/gallery/airplane/00970.png,airplane,0.656155
/home/emily/MMIP/week5/quiz1/data/query/airplane/00062.png,airplane,2,/home/emily/MMIP/week5/quiz1/data/gallery/airplane/00030.png,airplane,0.638849
/home/emily/MMIP/week5/quiz1/data/query/airplane/00062.png,airplane,3,/home/emily/MMIP/week5/quiz1/data/gallery/airplane/00518.png,airplane,0.638364
/home/emily/MMIP/week5/quiz1/data/query/airplane/00062.png,airplane,4,/home/emily/MMIP/week5/quiz1/data/gallery/airplane/00542.png,airplane,0.632059
/home/emily/MMIP/week5/quiz1/data/query/airplane/00062.png,airplane,5,/home/emily/MMIP/week5/quiz1/data/gallery/airplane/00891.png,airplane,0.620139
/home/emily/MMIP/week5/quiz1/data/query/airplane/00063.png,airplane,1,/home/emily/MMIP/week5/quiz1/data/gallery/airplane/00570.png,airplane,0.699497
/home/emily/MMIP/week5/quiz1/data/query/airplane/00063.png,airplane,2,/home/emily/MMIP/week5/quiz1/data/gallery/airplane/00661.png,airplane,0.693583
/home/emily/MMIP/week5/quiz1/data/query/airplane/00063.png,airplane,3,/home/emily/MMIP/week5/quiz1/data/gallery/airplane/00239.png,airplane,0.692288
/home/emily/MMIP/week5/quiz1/data/query/airplane/00063.png,airplane,4,/home/emily/MMIP/week5/quiz1/data/gallery/airplane/00471.png,airplane,0.686450
/home/emily/MMIP/week5/quiz1/data/query/airplane/00063.png,airplane,5,/home/emily/MMIP/week5/quiz1/data/gallery/airplane/00307.png,airplane,0.684189
/home/emily/MMIP/week5/quiz1/data/query/airplane/00064.png,airplane,1,/home/emily/MMIP/week5/quiz1/data/gallery/airplane/00484.png,airplane,0.623056
/home/emily/MMIP/week5/quiz1/data/query/airplane/00064.png,airplane,2,/home/emily/MMIP/week5/quiz1/data/gallery/airplane/00970.png,airplane,0.616149
/home/emily/MMIP/week5/quiz1/data/query/airplane/00064.png,airplane,3,/home/emily/MMIP/week5/quiz1/data/gallery/ship/00145.png,ship,0.616006
/home/emily/MMIP/week5/quiz1/data/query/airplane/00064.png,airplane,4,/home/emily/MMIP/week5/quiz1/data/gallery/airplane/00731.png,airplane,0.602214
/home/emily/MMIP/week5/quiz1/data/query/airplane/00064.png,airplane,5,/home/emily/MMIP/week5/quiz1/data/gallery/ship/00379.png,ship,0.602032
/home/emily/MMIP/week5/quiz1/data/query/airplane/00065.png,airplane,1,/home/emily/MMIP/week5/quiz1/data/gallery/airplane/00759.png,airplane,0.548157
/home/emily/MMIP/week5/quiz1/data/query/airplane/00065.png,airplane,2,/home/emily/MMIP/week5/quiz1/data/gallery/airplane/00404.png,airplane,0.533986
/home/emily/MMIP/week5/quiz1/data/query/airplane/00065.png,airplane,3,/home/emily/MMIP/week5/quiz1/data/gallery/airplane/00571.png,airplane,0.527109
/home/emily/MMIP/week5/quiz1/data/query/airplane/00065.png,airplane,4,/home/emily/MMIP/week5/quiz1/data/gallery/airplane/00706.png,airplane,0.524830
/home/emily/MMIP/week5/quiz1/data/query/airplane/00065.png,airplane,5,/home/emily/MMIP/week5/quiz1/data/gallery/airplane/00534.png,airplane,0.524765
/home/emily/MMIP/week5/quiz1/data/query/airplane/00066.png,airplane,1,/home/emily/MMIP/week5/quiz1/data/gallery/airplane/00546.png,airplane,0.781325
/home/emily/MMIP/week5/quiz1/data/query/airplane/00066.png,airplane,2,/home/emily/MMIP/week5/quiz1/data/gallery/airplane/00500.png,airplane,0.751228
/home/emily/MMIP/week5/quiz1/data/query/airplane/00066.png,airplane,3,/home/emily/MMIP/week5/quiz1/data/gallery/airplane/00081.png,airplane,0.746875
/home/emily/MMIP/week5/quiz1/data/query/airplane/00066.png,airplane,4,/home/emily/MMIP/week5/quiz1/data/gallery/airplane/00154.png,airplane,0.744240
/home/emily/MMIP/week5/quiz1/data/query/airplane/00066.png,airplane,5,/home/emily/MMIP/week5/quiz1/data/gallery/airplane/00923.png,airplane,0.739591
/home/emily/MMIP/week5/quiz1/data/query/airplane/00067.png,airplane,1,/home/emily/MMIP/week5/quiz1/data/gallery/airplane/00891.png,airplane,0.635695
/home/emily/MMIP/week5/quiz1/data/query/airplane/00067.png,airplane,2,/home/emily/MMIP/week5/quiz1/data/gallery/ship/00354.png,ship,0.602609
/home/emily/MMIP/week5/quiz1/data/query/airplane/00067.png,airplane,3,/home/emily/MMIP/week5/quiz1/data/gallery/airplane/00920.png,airplane,0.598549
/home/emily/MMIP/week5/quiz1/data/query/airplane/00067.png,airplane,4,/home/emily/MMIP/week5/quiz1/data/gallery/ship/00864.png,ship,0.596560
/home/emily/MMIP/week5/quiz1/data/query/airplane/00067.png,airplane,5,/home/emily/MMIP/week5/quiz1/data/gallery/airplane/00797.png,airplane,0.593448
/home/emily/MMIP/week5/quiz1/data/query/airplane/00068.png,airplane,1,/home/emily/MMIP/week5/quiz1/data/gallery/airplane/00413.png,airplane,0.539459
/home/emily/MMIP/week5/quiz1/data/query/airplane/00068.png,airplane,2,/home/emily/MMIP/week5/quiz1/data/gallery/airplane/00587.png,airplane,0.526910
/home/emily/MMIP/week5/quiz1/data/query/airplane/00068.png,airplane,3,/home/emily/MMIP/week5/quiz1/data/gallery/airplane/00364.png,airplane,0.520175
/home/emily/MMIP/week5/quiz1/data/query/airplane/00068.png,airplane,4,/home/emily/MMIP/week5/quiz1/data/gallery/ship/00826.png,ship,0.516756
/home/emily/MMIP/week5/quiz1/data/query/airplane/00068.png,airplane,5,/home/emily/MMIP/week5/quiz1/data/gallery/airplane/00561.png,airplane,0.507091
/home/emily/MMIP/week5/quiz1/data/query/airplane/00069.png,airplane,1,/home/emily/MMIP/week5/quiz1/data/gallery/ship/00179.png,ship,0.575811
/home/emily/MMIP/week5/quiz1/data/query/airplane/00069.png,airplane,2,/home/emily/MMIP/week5/quiz1/data/gallery/ship/00177.png,ship,0.506248
/home/emily/MMIP/week5/quiz1/data/query/airplane/00069.png,airplane,3,/home/emily/MMIP/week5/quiz1/data/gallery/ship/00996.png,ship,0.499955
/home/emily/MMIP/week5/quiz1/data/query/airplane/00069.png,airplane,4,/home/emily/MMIP/week5/quiz1/data/gallery/airplane/00710.png,airplane,0.499846
/home/emily/MMIP/week5/quiz1/data/query/airplane/00069.png,airplane,5,/home/emily/MMIP/week5/quiz1/data/gallery/truck/00148.png,truck,0.498635
/home/emily/MMIP/week5/quiz1/data/query/airplane/00070.png,airplane,1,/home/emily/MMIP/week5/quiz1/data/gallery/frog/00665.png,frog,0.431576
/home/emily/MMIP/week5/quiz1/data/query/airplane/00070.png,airplane,2,/home/emily/MMIP/week5/quiz1/data/gallery/frog/00590.png,frog,0.417073
/home/emily/MMIP/week5/quiz1/data/query/airplane/00070.png,airplane,3,/home/emily/MMIP/week5/quiz1/data/gallery/airplane/00196.png,airplane,0.414220
/home/emily/MMIP/week5/quiz1/data/query/airplane/00070.png,airplane,4,/home/emily/MMIP/week5/quiz1/data/gallery/airplane/00191.png,airplane,0.411802
/home/emily/MMIP/week5/quiz1/data/query/airplane/00070.png,airplane,5,/home/emily/MMIP/week5/quiz1/data/gallery/airplane/00470.png,airplane,0.411795
/home/emily/MMIP/week5/quiz1/data/query/airplane/00071.png,airplane,1,/home/emily/MMIP/week5/quiz1/data/gallery/airplane/00363.png,airplane,0.658969
/home/emily/MMIP/week5/quiz1/data/query/airplane/00071.png,airplane,2,/home/emily/MMIP/week5/quiz1/data/gallery/airplane/00194.png,airplane,0.646135
/home/emily/MMIP/week5/quiz1/data/query/airplane/00071.png,airplane,3,/home/emily/MMIP/week5/quiz1/data/gallery/airplane/00827.png,airplane,0.551816
/home/emily/MMIP/week5/quiz1/data/query/airplane/00071.png,airplane,4,/home/emily/MMIP/week5/quiz1/data/gallery/airplane/00813.png,airplane,0.522080
/home/emily/MMIP/week5/quiz1/data/query/airplane/00071.png,airplane,5,/home/emily/MMIP/week5/quiz1/data/gallery/truck/00157.png,truck,0.519204
/home/emily/MMIP/week5/quiz1/data/query/airplane/00072.png,airplane,1,/home/emily/MMIP/week5/quiz1/data/gallery/airplane/00031.png,airplane,0.526067
/home/emily/MMIP/week5/quiz1/data/query/airplane/00072.png,airplane,2,/home/emily/MMIP/week5/quiz1/data/gallery/airplane/00232.png,airplane,0.508841
/home/emily/MMIP/week5/quiz1/data/query/airplane/00072.png,airplane,3,/home/emily/MMIP/week5/quiz1/data/gallery/airplane/00931.png,airplane,0.499626
/home/emily/MMIP/week5/quiz1/data/query/airplane/00072.png,airplane,4,/home/emily/MMIP/week5/quiz1/data/gallery/airplane/00821.png,airplane,0.488493
/home/emily/MMIP/week5/quiz1/data/query/airplane/00072.png,airplane,5,/home/emily/MMIP/week5/quiz1/data/gallery/airplane/00996.png,airplane,0.487054
/home/emily/MMIP/week5/quiz1/data/query/airplane/00073.png,airplane,1,/home/emily/MMIP/week5/quiz1/data/gallery/airplane/00944.png,airplane,0.606912
/home/emily/MMIP/week5/quiz1/data/query/airplane/00073.png,airplane,2,/home/emily/MMIP/week5/quiz1/data/gallery/airplane/00568.png,airplane,0.597996
/home/emily/MMIP/week5/quiz1/data/query/airplane/00073.png,airplane,3,/home/emily/MMIP/week5/quiz1/data/gallery/airplane/00479.png,airplane,0.590622
/home/emily/MMIP/week5/quiz1/data/query/airplane/00073.png,airplane,4,/home/emily/MMIP/week5/quiz1/data/gallery/airplane/00237.png,airplane,0.586409
/home/emily/MMIP/week5/quiz1/data/query/airplane/00073.png,airplane,5,/home/emily/MMIP/week5/quiz1/data/gallery/airplane/00066.png,airplane,0.580795
/home/emily/MMIP/week5/quiz1/data/query/airplane/00074.png,airplane,1,/home/emily/MMIP/week5/quiz1/data/gallery/airplane/00410.png,airplane,0.645430
/home/emily/MMIP/week5/quiz1/data/query/airplane/00074.png,airplane,2,/home/emily/MMIP/week5/quiz1/data/gallery/airplane/00371.png,airplane,0.583932
/home/emily/MMIP/week5/quiz1/data/query/airplane/00074.png,airplane,3,/home/emily/MMIP/week5/quiz1/data/gallery/airplane/00875.png,airplane,0.569019
/home/emily/MMIP/week5/quiz1/data/query/airplane/00074.png,airplane,4,/home/emily/MMIP/week5/quiz1/data/gallery/airplane/00354.png,airplane,0.553484
/home/emily/MMIP/week5/quiz1/data/query/airplane/00074.png,airplane,5,/home/emily/MMIP/week5/quiz1/data/gallery/airplane/00921.png,airplane,0.547477
/home/emily/MMIP/week5/quiz1/data/query/airplane/00075.png,airplane,1,/home/emily/MMIP/week5/quiz1/data/gallery/truck/00028.png,truck,0.610185
/home/emily/MMIP/week5/quiz1/data/query/airplane/00075.png,airplane,2,/home/emily/MMIP/week5/quiz1/data/gallery/truck/00955.png,truck,0.609343
/home/emily/MMIP/week5/quiz1/data/query/airplane/00075.png,airplane,3,/home/emily/MMIP/week5/quiz1/data/gallery/airplane/00389.png,airplane,0.598972
/home/emily/MMIP/week5/quiz1/data/query/airplane/00075.png,airplane,4,/home/emily/MMIP/week5/quiz1/data/gallery/airplane/00335.png,airplane,0.590937
/home/emily/MMIP/week5/quiz1/data/query/airplane/00075.png,airplane,5,/home/emily/MMIP/week5/quiz1/data/gallery/truck/00659.png,truck,0.585574
/home/emily/MMIP/week5/quiz1/data/query/airplane/00076.png,airplane,1,/home/emily/MMIP/week5/quiz1/data/gallery/airplane/00631.png,airplane,0.669732
/home/emily/MMIP/week5/quiz1/data/query/airplane/00076.png,airplane,2,/home/emily/MMIP/week5/quiz1/data/gallery/airplane/00578.png,airplane,0.646681
/home/emily/MMIP/week5/quiz1/data/query/airplane/00076.png,airplane,3,/home/emily/MMIP/week5/quiz1/data/gallery/airplane/00750.png,airplane,0.631280
/home/emily/MMIP/week5/quiz1/data/query/airplane/00076.png,airplane,4,/home/emily/MMIP/week5/quiz1/data/gallery/airplane/00801.png,airplane,0.630113
/home/emily/MMIP/week5/quiz1/data/query/airplane/00076.png,airplane,5,/home/emily/MMIP/week5/quiz1/data/gallery/airplane/00959.png,airplane,0.628182
/home/emily/MMIP/week5/quiz1/data/query/airplane/00077.png,airplane,1,/home/emily/MMIP/week5/quiz1/data/gallery/airplane/00600.png,airplane,0.653635
/home/emily/MMIP/week5/quiz1/data/query/airplane/00077.png,airplane,2,/home/emily/MMIP/week5/quiz1/data/gallery/airplane/00048.png,airplane,0.650637
/home/emily/MMIP/week5/quiz1/data/query/airplane/00077.png,airplane,3,/home/emily/MMIP/week5/quiz1/data/gallery/airplane/00471.png,airplane,0.641880
/home/emily/MMIP/week5/quiz1/data/query/airplane/00077.png,airplane,4,/home/emily/MMIP/week5/quiz1/data/gallery/airplane/00759.png,airplane,0.635991
/home/emily/MMIP/week5/quiz1/data/query/airplane/00077.png,airplane,5,/home/emily/MMIP/week5/quiz1/data/gallery/airplane/00408.png,airplane,0.596425
/home/emily/MMIP/week5/quiz1/data/query/airplane/00078.png,airplane,1,/home/emily/MMIP/week5/quiz1/data/gallery/airplane/00359.png,airplane,0.600243
/home/emily/MMIP/week5/quiz1/data/query/airplane/00078.png,airplane,2,/home/emily/MMIP/week5/quiz1/data/gallery/airplane/00564.png,airplane,0.570672
/home/emily/MMIP/week5/quiz1/data/query/airplane/00078.png,airplane,3,/home/emily/MMIP/week5/quiz1/data/gallery/ship/00580.png,ship,0.563143
/home/emily/MMIP/week5/quiz1/data/query/airplane/00078.png,airplane,4,/home/emily/MMIP/week5/quiz1/data/gallery/airplane/00664.png,airplane,0.554003
/home/emily/MMIP/week5/quiz1/data/query/airplane/00078.png,airplane,5,/home/emily/MMIP/week5/quiz1/data/gallery/airplane/00979.png,airplane,0.553469
/home/emily/MMIP/week5/quiz1/data/query/airplane/00079.png,airplane,1,/home/emily/MMIP/week5/quiz1/data/gallery/airplane/00769.png,airplane,0.690069
/home/emily/MMIP/week5/quiz1/data/query/airplane/00079.png,airplane,2,/home/emily/MMIP/week5/quiz1/data/gallery/airplane/00997.png,airplane,0.676019
/home/emily/MMIP/week5/quiz1/data/query/airplane/00079.png,airplane,3,/home/emily/MMIP/week5/quiz1/data/gallery/airplane/00377.png,airplane,0.660485
/home/emily/MMIP/week5/quiz1/data/query/airplane/00079.png,airplane,4,/home/emily/MMIP/week5/quiz1/data/gallery/airplane/00049.png,airplane,0.659512
/home/emily/MMIP/week5/quiz1/data/query/airplane/00079.png,airplane,5,/home/emily/MMIP/week5/quiz1/data/gallery/airplane/00879.png,airplane,0.652280
/home/emily/MMIP/week5/quiz1/data/query/airplane/00080.png,airplane,1,/home/emily/MMIP/week5/quiz1/data/gallery/airplane/00746.png,airplane,0.720295
/home/emily/MMIP/week5/quiz1/data/query/airplane/00080.png,airplane,2,/home/emily/MMIP/week5/quiz1/data/gallery/airplane/00025.png,airplane,0.676278
/home/emily/MMIP/week5/quiz1/data/query/airplane/00080.png,airplane,3,/home/emily/MMIP/week5/quiz1/data/gallery/airplane/00381.png,airplane,0.672948
/home/emily/MMIP/week5/quiz1/data/query/airplane/00080.png,airplane,4,/home/emily/MMIP/week5/quiz1/data/gallery/airplane/00273.png,airplane,0.669457
/home/emily/MMIP/week5/quiz1/data/query/airplane/00080.png,airplane,5,/home/emily/MMIP/week5/quiz1/data/gallery/airplane/00609.png,airplane,0.653412
/home/emily/MMIP/week5/quiz1/data/query/airplane/00081.png,airplane,1,/home/emily/MMIP/week5/quiz1/data/gallery/ship/00645.png,ship,0.586874
/home/emily/MMIP/week5/quiz1/data/query/airplane/00081.png,airplane,2,/home/emily/MMIP/week5/quiz1/data/gallery/truck/00294.png,truck,0.582610
/home/emily/MMIP/week5/quiz1/data/query/airplane/00081.png,airplane,3,/home/emily/MMIP/week5/quiz1/data/gallery/airplane/00649.png,airplane,0.581884
/home/emily/MMIP/week5/quiz1/data/query/airplane/00081.png,airplane,4,/home/emily/MMIP/week5/quiz1/data/gallery/airplane/00958.png,airplane,0.549649
/home/emily/MMIP/week5/quiz1/data/query/airplane/00081.png,airplane,5,/home/emily/MMIP/week5/quiz1/data/gallery/airplane/00653.png,airplane,0.549429
/home/emily/MMIP/week5/quiz1/data/query/airplane/00082.png,airplane,1,/home/emily/MMIP/week5/quiz1/data/gallery/airplane/00093.png,airplane,0.759585
/home/emily/MMIP/week5/quiz1/data/query/airplane/00082.png,airplane,2,/home/emily/MMIP/week5/quiz1/data/gallery/airplane/00891.png,airplane,0.699227
/home/emily/MMIP/week5/quiz1/data/query/airplane/00082.png,airplane,3,/home/emily/MMIP/week5/quiz1/data/gallery/airplane/00609.png,airplane,0.697358
/home/emily/MMIP/week5/quiz1/data/query/airplane/00082.png,airplane,4,/home/emily/MMIP/week5/quiz1/data/gallery/airplane/00239.png,airplane,0.689445
/home/emily/MMIP/week5/quiz1/data/query/airplane/00082.png,airplane,5,/home/emily/MMIP/week5/quiz1/data/gallery/airplane/00334.png,airplane,0.684267
/home/emily/MMIP/week5/quiz1/data/query/airplane/00083.png,airplane,1,/home/emily/MMIP/week5/quiz1/data/gallery/airplane/00276.png,airplane,0.632059
/home/emily/MMIP/week5/quiz1/data/query/airplane/00083.png,airplane,2,/home/emily/MMIP/week5/quiz1/data/gallery/airplane/00693.png,airplane,0.599348
/home/emily/MMIP/week5/quiz1/data/query/airplane/00083.png,airplane,3,/home/emily/MMIP/week5/quiz1/data/gallery/airplane/00044.png,airplane,0.597475
/home/emily/MMIP/week5/quiz1/data/query/airplane/00083.png,airplane,4,/home/emily/MMIP/week5/quiz1/data/gallery/airplane/00947.png,airplane,0.594026
/home/emily/MMIP/week5/quiz1/data/query/airplane/00083.png,airplane,5,/home/emily/MMIP/week5/quiz1/data/gallery/horse/00577.png,horse,0.589432
/home/emily/MMIP/week5/quiz1/data/query/airplane/00084.png,airplane,1,/home/emily/MMIP/week5/quiz1/data/gallery/airplane/00337.png,airplane,0.718610
/home/emily/MMIP/week5/quiz1/data/query/airplane/00084.png,airplane,2,/home/emily/MMIP/week5/quiz1/data/gallery/airplane/00027.png,airplane,0.717800
/home/emily/MMIP/week5/quiz1/data/query/airplane/00084.png,airplane,3,/home/emily/MMIP/week5/quiz1/data/gallery/airplane/00661.png,airplane,0.714212
/home/emily/MMIP/week5/quiz1/data/query/airplane/00084.png,airplane,4,/home/emily/MMIP/week5/quiz1/data/gallery/airplane/00451.png,airplane,0.681239
/home/emily/MMIP/week5/quiz1/data/query/airplane/00084.png,airplane,5,/home/emily/MMIP/week5/quiz1/data/gallery/airplane/00581.png,airplane,0.680008
/home/emily/MMIP/week5/quiz1/data/query/airplane/00085.png,airplane,1,/home/emily/MMIP/week5/quiz1/data/gallery/airplane/00115.png,airplane,0.683725
/home/emily/MMIP/week5/quiz1/data/query/airplane/00085.png,airplane,2,/home/emily/MMIP/week5/quiz1/data/gallery/airplane/00468.png,airplane,0.660333
/home/emily/MMIP/week5/quiz1/data/query/airplane/00085.png,airplane,3,/home/emily/MMIP/week5/quiz1/data/gallery/bird/00176.png,bird,0.639668
/home/emily/MMIP/week5/quiz1/data/query/airplane/00085.png,airplane,4,/home/emily/MMIP/week5/quiz1/data/gallery/airplane/00867.png,airplane,0.598840
/home/emily/MMIP/week5/quiz1/data/query/airplane/00085.png,airplane,5,/home/emily/MMIP/week5/quiz1/data/gallery/airplane/00649.png,airplane,0.585721
/home/emily/MMIP/week5/quiz1/data/query/airplane/00086.png,airplane,1,/home/emily/MMIP/week5/quiz1/data/gallery/airplane/00165.png,airplane,0.785591
/home/emily/MMIP/week5/quiz1/data/query/airplane/00086.png,airplane,2,/home/emily/MMIP/week5/quiz1/data/gallery/airplane/00927.png,airplane,0.782297
/home/emily/MMIP/week5/quiz1/data/query/airplane/00086.png,airplane,3,/home/emily/MMIP/week5/quiz1/data/gallery/airplane/00171.png,airplane,0.780522
/home/emily/MMIP/week5/quiz1/data/query/airplane/00086.png,airplane,4,/home/emily/MMIP/week5/quiz1/data/gallery/airplane/00866.png,airplane,0.763542
/home/emily/MMIP/week5/quiz1/data/query/airplane/00086.png,airplane,5,/home/emily/MMIP/week5/quiz1/data/gallery/airplane/00808.png,airplane,0.754329
/home/emily/MMIP/week5/quiz1/data/query/airplane/00087.png,airplane,1,/home/emily/MMIP/week5/quiz1/data/gallery/airplane/00937.png,airplane,0.845580
/home/emily/MMIP/week5/quiz1/data/query/airplane/00087.png,airplane,2,/home/emily/MMIP/week5/quiz1/data/gallery/airplane/00933.png,airplane,0.824796
/home/emily/MMIP/week5/quiz1/data/query/airplane/00087.png,airplane,3,/home/emily/MMIP/week5/quiz1/data/gallery/airplane/00640.png,airplane,0.800525
/home/emily/MMIP/week5/quiz1/data/query/airplane/00087.png,airplane,4,/home/emily/MMIP/week5/quiz1/data/gallery/airplane/00771.png,airplane,0.795967
/home/emily/MMIP/week5/quiz1/data/query/airplane/00087.png,airplane,5,/home/emily/MMIP/week5/quiz1/data/gallery/airplane/00965.png,airplane,0.787148
/home/emily/MMIP/week5/quiz1/data/query/airplane/00088.png,airplane,1,/home/emily/MMIP/week5/quiz1/data/gallery/airplane/00597.png,airplane,0.595097
/home/emily/MMIP/week5/quiz1/data/query/airplane/00088.png,airplane,2,/home/emily/MMIP/week5/quiz1/data/gallery/airplane/00468.png,airplane,0.573440
/home/emily/MMIP/week5/quiz1/data/query/airplane/00088.png,airplane,3,/home/emily/MMIP/week5/quiz1/data/gallery/airplane/00507.png,airplane,0.566036
/home/emily/MMIP/week5/quiz1/data/query/airplane/00088.png,airplane,4,/home/emily/MMIP/week5/quiz1/data/gallery/airplane/00964.png,airplane,0.556482
/home/emily/MMIP/week5/quiz1/data/query/airplane/00088.png,airplane,5,/home/emily/MMIP/week5/quiz1/data/gallery/airplane/00532.png,airplane,0.554701
/home/emily/MMIP/week5/quiz1/data/query/airplane/00089.png,airplane,1,/home/emily/MMIP/week5/quiz1/data/gallery/airplane/00688.png,airplane,0.660593
/home/emily/MMIP/week5/quiz1/data/query/airplane/00089.png,airplane,2,/home/emily/MMIP/week5/quiz1/data/gallery/airplane/00065.png,airplane,0.634566
/home/emily/MMIP/week5/quiz1/data/query/airplane/00089.png,airplane,3,/home/emily/MMIP/week5/quiz1/data/gallery/airplane/00510.png,airplane,0.627043
/home/emily/MMIP/week5/quiz1/data/query/airplane/00089.png,airplane,4,/home/emily/MMIP/week5/quiz1/data/gallery/airplane/00120.png,airplane,0.620039
/home/emily/MMIP/week5/quiz1/data/query/airplane/00089.png,airplane,5,/home/emily/MMIP/week5/quiz1/data/gallery/airplane/00787.png,airplane,0.615033
/home/emily/MMIP/week5/quiz1/data/query/airplane/00090.png,airplane,1,/home/emily/MMIP/week5/quiz1/data/gallery/airplane/00518.png,airplane,0.598983
/home/emily/MMIP/week5/quiz1/data/query/airplane/00090.png,airplane,2,/home/emily/MMIP/week5/quiz1/data/gallery/airplane/00079.png,airplane,0.590356
/home/emily/MMIP/week5/quiz1/data/query/airplane/00090.png,airplane,3,/home/emily/MMIP/week5/quiz1/data/gallery/airplane/00710.png,airplane,0.570140
/home/emily/MMIP/week5/quiz1/data/query/airplane/00090.png,airplane,4,/home/emily/MMIP/week5/quiz1/data/gallery/airplane/00522.png,airplane,0.557470
/home/emily/MMIP/week5/quiz1/data/query/airplane/00090.png,airplane,5,/home/emily/MMIP/week5/quiz1/data/gallery/truck/00549.png,truck,0.547452
/home/emily/MMIP/week5/quiz1/data/query/airplane/00091.png,airplane,1,/home/emily/MMIP/week5/quiz1/data/gallery/airplane/00585.png,airplane,0.565870
/home/emily/MMIP/week5/quiz1/data/query/airplane/00091.png,airplane,2,/home/emily/MMIP/week5/quiz1/data/gallery/airplane/00303.png,airplane,0.562657
/home/emily/MMIP/week5/quiz1/data/query/airplane/00091.png,airplane,3,/home/emily/MMIP/week5/quiz1/data/gallery/airplane/00946.png,airplane,0.559383
/home/emily/MMIP/week5/quiz1/data/query/airplane/00091.png,airplane,4,/home/emily/MMIP/week5/quiz1/data/gallery/airplane/00190.png,airplane,0.556884
/home/emily/MMIP/week5/quiz1/data/query/airplane/00091.png,airplane,5,/home/emily/MMIP/week5/quiz1/data/gallery/airplane/00258.png,airplane,0.555847
/home/emily/MMIP/week5/quiz1/data/query/airplane/00092.png,airplane,1,/home/emily/MMIP/week5/quiz1/data/gallery/airplane/00552.png,airplane,0.613050
/home/emily/MMIP/week5/quiz1/data/query/airplane/00092.png,airplane,2,/home/emily/MMIP/week5/quiz1/data/gallery/airplane/00791.png,airplane,0.606661
/home/emily/MMIP/week5/quiz1/data/query/airplane/00092.png,airplane,3,/home/emily/MMIP/week5/quiz1/data/gallery/airplane/00597.png,airplane,0.585134
/home/emily/MMIP/week5/quiz1/data/query/airplane/00092.png,airplane,4,/home/emily/MMIP/week5/quiz1/data/gallery/airplane/00769.png,airplane,0.580109
/home/emily/MMIP/week5/quiz1/data/query/airplane/00092.png,airplane,5,/home/emily/MMIP/week5/quiz1/data/gallery/airplane/00875.png,airplane,0.579580
/home/emily/MMIP/week5/quiz1/data/query/airplane/00093.png,airplane,1,/home/emily/MMIP/week5/quiz1/data/gallery/airplane/00779.png,airplane,0.802019
/home/emily/MMIP/week5/quiz1/data/query/airplane/00093.png,airplane,2,/home/emily/MMIP/week5/quiz1/data/gallery/airplane/00719.png,airplane,0.645400
/home/emily/MMIP/week5/quiz1/data/query/airplane/00093.png,airplane,3,/home/emily/MMIP/week5/quiz1/data/gallery/airplane/00818.png,airplane,0.634661
/home/emily/MMIP/week5/quiz1/data/query/airplane/00093.png,airplane,4,/home/emily/MMIP/week5/quiz1/data/gallery/airplane/00657.png,airplane,0.627172
/home/emily/MMIP/week5/quiz1/data/query/airplane/00093.png,airplane,5,/home/emily/MMIP/week5/quiz1/data/gallery/airplane/00500.png,airplane,0.625398
/home/emily/MMIP/week5/quiz1/data/query/airplane/00094.png,airplane,1,/home/emily/MMIP/week5/quiz1/data/gallery/airplane/00831.png,airplane,0.473571
/home/emily/MMIP/week5/quiz1/data/query/airplane/00094.png,airplane,2,/home/emily/MMIP/week5/quiz1/data/gallery/airplane/00246.png,airplane,0.471573
/home/emily/MMIP/week5/quiz1/data/query/airplane/00094.png,airplane,3,/home/emily/MMIP/week5/quiz1/data/gallery/bird/00398.png,bird,0.471573
/home/emily/MMIP/week5/quiz1/data/query/airplane/00094.png,airplane,4,/home/emily/MMIP/week5/quiz1/data/gallery/airplane/00925.png,airplane,0.467691
/home/emily/MMIP/week5/quiz1/data/query/airplane/00094.png,airplane,5,/home/emily/MMIP/week5/quiz1/data/gallery/airplane/00223.png,airplane,0.466440
/home/emily/MMIP/week5/quiz1/data/query/airplane/00095.png,airplane,1,/home/emily/MMIP/week5/quiz1/data/gallery/airplane/00767.png,airplane,0.634560
/home/emily/MMIP/week5/quiz1/data/query/airplane/00095.png,airplane,2,/home/emily/MMIP/week5/quiz1/data/gallery/airplane/00329.png,airplane,0.631285
/home/emily/MMIP/week5/quiz1/data/query/airplane/00095.png,airplane,3,/home/emily/MMIP/week5/quiz1/data/gallery/airplane/00960.png,airplane,0.624008
/home/emily/MMIP/week5/quiz1/data/query/airplane/00095.png,airplane,4,/home/emily/MMIP/week5/quiz1/data/gallery/airplane/00867.png,airplane,0.618479
/home/emily/MMIP/week5/quiz1/data/query/airplane/00095.png,airplane,5,/home/emily/MMIP/week5/quiz1/data/gallery/airplane/00833.png,airplane,0.610985
/home/emily/MMIP/week5/quiz1/data/query/airplane/00096.png,airplane,1,/home/emily/MMIP/week5/quiz1/data/gallery/airplane/00369.png,airplane,0.735296
/home/emily/MMIP/week5/quiz1/data/query/airplane/00096.png,airplane,2,/home/emily/MMIP/week5/quiz1/data/gallery/airplane/00607.png,airplane,0.685428
/home/emily/MMIP/week5/quiz1/data/query/airplane/00096.png,airplane,3,/home/emily/MMIP/week5/quiz1/data/gallery/airplane/00785.png,airplane,0.682107
/home/emily/MMIP/week5/quiz1/data/query/airplane/00096.png,airplane,4,/home/emily/MMIP/week5/quiz1/data/gallery/ship/00437.png,ship,0.676687
/home/emily/MMIP/week5/quiz1/data/query/airplane/00096.png,airplane,5,/home/emily/MMIP/week5/quiz1/data/gallery/airplane/00093.png,airplane,0.674913
/home/emily/MMIP/week5/quiz1/data/query/airplane/00097.png,airplane,1,/home/emily/MMIP/week5/quiz1/data/gallery/airplane/00933.png,airplane,0.870579
/home/emily/MMIP/week5/quiz1/data/query/airplane/00097.png,airplane,2,/home/emily/MMIP/week5/quiz1/data/gallery/airplane/00937.png,airplane,0.834765
/home/emily/MMIP/week5/quiz1/data/query/airplane/00097.png,airplane,3,/home/emily/MMIP/week5/quiz1/data/gallery/airplane/00017.png,airplane,0.833483
/home/emily/MMIP/week5/quiz1/data/query/airplane/00097.png,airplane,4,/home/emily/MMIP/week5/quiz1/data/gallery/airplane/00683.png,airplane,0.832116
/home/emily/MMIP/week5/quiz1/data/query/airplane/00097.png,airplane,5,/home/emily/MMIP/week5/quiz1/data/gallery/airplane/00776.png,airplane,0.817385
/home/emily/MMIP/week5/quiz1/data/query/airplane/00098.png,airplane,1,/home/emily/MMIP/week5/quiz1/data/gallery/airplane/00302.png,airplane,0.783591
/home/emily/MMIP/week5/quiz1/data/query/airplane/00098.png,airplane,2,/home/emily/MMIP/week5/quiz1/data/gallery/airplane/00139.png,airplane,0.720984
/home/emily/MMIP/week5/quiz1/data/query/airplane/00098.png,airplane,3,/home/emily/MMIP/week5/quiz1/data/gallery/airplane/00463.png,airplane,0.715550
/home/emily/MMIP/week5/quiz1/data/query/airplane/00098.png,airplane,4,/home/emily/MMIP/week5/quiz1/data/gallery/airplane/00144.png,airplane,0.674340
/home/emily/MMIP/week5/quiz1/data/query/airplane/00098.png,airplane,5,/home/emily/MMIP/week5/quiz1/data/gallery/airplane/00068.png,airplane,0.669243
/home/emily/MMIP/week5/quiz1/data/query/airplane/00099.png,airplane,1,/home/emily/MMIP/week5/quiz1/data/gallery/ship/00292.png,ship,0.441056
/home/emily/MMIP/week5/quiz1/data/query/airplane/00099.png,airplane,2,/home/emily/MMIP/week5/quiz1/data/gallery/ship/00640.png,ship,0.439059
/home/emily/MMIP/week5/quiz1/data/query/airplane/00099.png,airplane,3,/home/emily/MMIP/week5/quiz1/data/gallery/automobile/00874.png,automobile,0.410888
/home/emily/MMIP/week5/quiz1/data/query/airplane/00099.png,airplane,4,/home/emily/MMIP/week5/quiz1/data/gallery/automobile/00203.png,automobile,0.406271
/home/emily/MMIP/week5/quiz1/data/query/airplane/00099.png,airplane,5,/home/emily/MMIP/week5/quiz1/data/gallery/airplane/00507.png,airplane,0.400842
/home/emily/MMIP/week5/quiz1/data/query/automobile/00000.png,automobile,1,/home/emily/MMIP/week5/quiz1/data/gallery/automobile/00338.png,automobile,0.691627
/home/emily/MMIP/week5/quiz1/data/query/automobile/00000.png,automobile,2,/home/emily/MMIP/week5/quiz1/data/gallery/automobile/00594.png,automobile,0.656411
/home/emily/MMIP/week5/quiz1/data/query/automobile/00000.png,automobile,3,/home/emily/MMIP/week5/quiz1/data/gallery/automobile/00485.png,automobile,0.627438
/home/emily/MMIP/week5/quiz1/data/query/automobile/00000.png,automobile,4,/home/emily/MMIP/week5/quiz1/data/gallery/automobile/00970.png,automobile,0.622393
/home/emily/MMIP/week5/quiz1/data/query/automobile/00000.png,automobile,5,/home/emily/MMIP/week5/quiz1/data/gallery/automobile/00679.png,automobile,0.619698
/home/emily/MMIP/week5/quiz1/data/query/automobile/00001.png,automobile,1,/home/emily/MMIP/week5/quiz1/data/gallery/automobile/00938.png,automobile,0.778386
/home/emily/MMIP/week5/quiz1/data/query/automobile/00001.png,automobile,2,/home/emily/MMIP/week5/quiz1/data/gallery/truck/00048.png,truck,0.762317
/home/emily/MMIP/week5/quiz1/data/query/automobile/00001.png,automobile,3,/home/emily/MMIP/week5/quiz1/data/gallery/truck/00070.png,truck,0.754586
/home/emily/MMIP/week5/quiz1/data/query/automobile/00001.png,automobile,4,/home/emily/MMIP/week5/quiz1/data/gallery/automobile/00617.png,automobile,0.748137
/home/emily/MMIP/week5/quiz1/data/query/automobile/00001.png,automobile,5,/home/emily/MMIP/week5/quiz1/data/gallery/automobile/00347.png,automobile,0.736748
/home/emily/MMIP/week5/quiz1/data/query/automobile/00002.png,automobile,1,/home/emily/MMIP/week5/quiz1/data/gallery/truck/00868.png,truck,0.683313
/home/emily/MMIP/week5/quiz1/data/query/automobile/00002.png,automobile,2,/home/emily/MMIP/week5/quiz1/data/gallery/truck/00215.png,truck,0.680886
/home/emily/MMIP/week5/quiz1/data/query/automobile/00002.png,automobile,3,/home/emily/MMIP/week5/quiz1/data/gallery/truck/00135.png,truck,0.660602
/home/emily/MMIP/week5/quiz1/data/query/automobile/00002.png,automobile,4,/home/emily/MMIP/week5/quiz1/data/gallery/truck/00039.png,truck,0.614734
/home/emily/MMIP/week5/quiz1/data/query/automobile/00002.png,automobile,5,/home/emily/MMIP/week5/quiz1/data/gallery/truck/00432.png,truck,0.614370
/home/emily/MMIP/week5/quiz1/data/query/automobile/00003.png,automobile,1,/home/emily/MMIP/week5/quiz1/data/gallery/automobile/00208.png,automobile,0.725782
/home/emily/MMIP/week5/quiz1/data/query/automobile/00003.png,automobile,2,/home/emily/MMIP/week5/quiz1/data/gallery/automobile/00887.png,automobile,0.713745
/home/emily/MMIP/week5/quiz1/data/query/automobile/00003.png,automobile,3,/home/emily/MMIP/week5/quiz1/data/gallery/automobile/00283.png,automobile,0.685678
/home/emily/MMIP/week5/quiz1/data/query/automobile/00003.png,automobile,4,/home/emily/MMIP/week5/quiz1/data/gallery/automobile/00780.png,automobile,0.670208
/home/emily/MMIP/week5/quiz1/data/query/automobile/00003.png,automobile,5,/home/emily/MMIP/week5/quiz1/data/gallery/automobile/00040.png,automobile,0.666455
/home/emily/MMIP/week5/quiz1/data/query/automobile/00004.png,automobile,1,/home/emily/MMIP/week5/quiz1/data/gallery/automobile/00979.png,automobile,0.609031
/home/emily/MMIP/week5/quiz1/data/query/automobile/00004.png,automobile,2,/home/emily/MMIP/week5/quiz1/data/gallery/automobile/00672.png,automobile,0.513758
/home/emily/MMIP/week5/quiz1/data/query/automobile/00004.png,automobile,3,/home/emily/MMIP/week5/quiz1/data/gallery/automobile/00970.png,automobile,0.469054
/home/emily/MMIP/week5/quiz1/data/query/automobile/00004.png,automobile,4,/home/emily/MMIP/week5/quiz1/data/gallery/airplane/00481.png,airplane,0.461105
/home/emily/MMIP/week5/quiz1/data/query/automobile/00004.png,automobile,5,/home/emily/MMIP/week5/quiz1/data/gallery/airplane/00370.png,airplane,0.458347
/home/emily/MMIP/week5/quiz1/data/query/automobile/00005.png,automobile,1,/home/emily/MMIP/week5/quiz1/data/gallery/automobile/00985.png,automobile,0.855168
/home/emily/MMIP/week5/quiz1/data/query/automobile/00005.png,automobile,2,/home/emily/MMIP/week5/quiz1/data/gallery/automobile/00983.png,automobile,0.769307
/home/emily/MMIP/week5/quiz1/data/query/automobile/00005.png,automobile,3,/home/emily/MMIP/week5/quiz1/data/gallery/automobile/00528.png,automobile,0.768834
/home/emily/MMIP/week5/quiz1/data/query/automobile/00005.png,automobile,4,/home/emily/MMIP/week5/quiz1/data/gallery/automobile/00846.png,automobile,0.739923
/home/emily/MMIP/week5/quiz1/data/query/automobile/00005.png,automobile,5,/home/emily/MMIP/week5/quiz1/data/gallery/automobile/00072.png,automobile,0.733195
/home/emily/MMIP/week5/quiz1/data/query/automobile/00006.png,automobile,1,/home/emily/MMIP/week5/quiz1/data/gallery/automobile/00644.png,automobile,0.740021
/home/emily/MMIP/week5/quiz1/data/query/automobile/00006.png,automobile,2,/home/emily/MMIP/week5/quiz1/data/gallery/automobile/00191.png,automobile,0.726312
/home/emily/MMIP/week5/quiz1/data/query/automobile/00006.png,automobile,3,/home/emily/MMIP/week5/quiz1/data/gallery/automobile/00423.png,automobile,0.713154
/home/emily/MMIP/week5/quiz1/data/query/automobile/00006.png,automobile,4,/home/emily/MMIP/week5/quiz1/data/gallery/automobile/00668.png,automobile,0.705767
/home/emily/MMIP/week5/quiz1/data/query/automobile/00006.png,automobile,5,/home/emily/MMIP/week5/quiz1/data/gallery/automobile/00077.png,automobile,0.685034
/home/emily/MMIP/week5/quiz1/data/query/automobile/00007.png,automobile,1,/home/emily/MMIP/week5/quiz1/data/gallery/automobile/00723.png,automobile,0.636879
/home/emily/MMIP/week5/quiz1/data/query/automobile/00007.png,automobile,2,/home/emily/MMIP/week5/quiz1/data/gallery/automobile/00080.png,automobile,0.633837
/home/emily/MMIP/week5/quiz1/data/query/automobile/00007.png,automobile,3,/home/emily/MMIP/week5/quiz1/data/gallery/automobile/00622.png,automobile,0.629270
/home/emily/MMIP/week5/quiz1/data/query/automobile/00007.png,automobile,4,/home/emily/MMIP/week5/quiz1/data/gallery/automobile/00171.png,automobile,0.629175
/home/emily/MMIP/week5/quiz1/data/query/automobile/00007.png,automobile,5,/home/emily/MMIP/week5/quiz1/data/gallery/automobile/00554.png,automobile,0.623152
/home/emily/MMIP/week5/quiz1/data/query/automobile/00008.png,automobile,1,/home/emily/MMIP/week5/quiz1/data/gallery/automobile/00268.png,automobile,0.711066
/home/emily/MMIP/week5/quiz1/data/query/automobile/00008.png,automobile,2,/home/emily/MMIP/week5/quiz1/data/gallery/automobile/00056.png,automobile,0.691717
/home/emily/MMIP/week5/quiz1/data/query/automobile/00008.png,automobile,3,/home/emily/MMIP/week5/quiz1/data/gallery/automobile/00639.png,automobile,0.683547
/home/emily/MMIP/week5/quiz1/data/query/automobile/00008.png,automobile,4,/home/emily/MMIP/week5/quiz1/data/gallery/automobile/00928.png,automobile,0.667874
/home/emily/MMIP/week5/quiz1/data/query/automobile/00008.png,automobile,5,/home/emily/MMIP/week5/quiz1/data/gallery/automobile/00865.png,automobile,0.667447
/home/emily/MMIP/week5/quiz1/data/query/automobile/00009.png,automobile,1,/home/emily/MMIP/week5/quiz1/data/gallery/automobile/00870.png,automobile,0.751620
/home/emily/MMIP/week5/quiz1/data/query/automobile/00009.png,automobile,2,/home/emily/MMIP/week5/quiz1/data/gallery/automobile/00651.png,automobile,0.750119
/home/emily/MMIP/week5/quiz1/data/query/automobile/00009.png,automobile,3,/home/emily/MMIP/week5/quiz1/data/gallery/automobile/00010.png,automobile,0.732423
/home/emily/MMIP/week5/quiz1/data/query/automobile/00009.png,automobile,4,/home/emily/MMIP/week5/quiz1/data/gallery/automobile/00756.png,automobile,0.723834
/home/emily/MMIP/week5/quiz1/data/query/automobile/00009.png,automobile,5,/home/emily/MMIP/week5/quiz1/data/gallery/automobile/00415.png,automobile,0.722991
/home/emily/MMIP/week5/quiz1/data/query/automobile/00010.png,automobile,1,/home/emily/MMIP/week5/quiz1/data/gallery/automobile/00797.png,automobile,0.920381
/home/emily/MMIP/week5/quiz1/data/query/automobile/00010.png,automobile,2,/home/emily/MMIP/week5/quiz1/data/gallery/automobile/00357.png,automobile,0.916664
/home/emily/MMIP/week5/quiz1/data/query/automobile/00010.png,automobile,3,/home/emily/MMIP/week5/quiz1/data/gallery/automobile/00229.png,automobile,0.900714
/home/emily/MMIP/week5/quiz1/data/query/automobile/00010.png,automobile,4,/home/emily/MMIP/week5/quiz1/data/gallery/automobile/00173.png,automobile,0.878380
/home/emily/MMIP/week5/quiz1/data/query/automobile/00010.png,automobile,5,/home/emily/MMIP/week5/quiz1/data/gallery/automobile/00984.png,automobile,0.876781
/home/emily/MMIP/week5/quiz1/data/query/automobile/00011.png,automobile,1,/home/emily/MMIP/week5/quiz1/data/gallery/automobile/00723.png,automobile,0.612026
/home/emily/MMIP/week5/quiz1/data/query/automobile/00011.png,automobile,2,/home/emily/MMIP/week5/quiz1/data/gallery/automobile/00247.png,automobile,0.593520
/home/emily/MMIP/week5/quiz1/data/query/automobile/00011.png,automobile,3,/home/emily/MMIP/week5/quiz1/data/gallery/automobile/00970.png,automobile,0.590191
/home/emily/MMIP/week5/quiz1/data/query/automobile/00011.png,automobile,4,/home/emily/MMIP/week5/quiz1/data/gallery/automobile/00594.png,automobile,0.574277
/home/emily/MMIP/week5/quiz1/data/query/automobile/00011.png,automobile,5,/home/emily/MMIP/week5/quiz1/data/gallery/automobile/00899.png,automobile,0.571008
/home/emily/MMIP/week5/quiz1/data/query/automobile/00012.png,automobile,1,/home/emily/MMIP/week5/quiz1/data/gallery/automobile/00358.png,automobile,0.755534
/home/emily/MMIP/week5/quiz1/data/query/automobile/00012.png,automobile,2,/home/emily/MMIP/week5/quiz1/data/gallery/automobile/00938.png,automobile,0.751713
/home/emily/MMIP/week5/quiz1/data/query/automobile/00012.png,automobile,3,/home/emily/MMIP/week5/quiz1/data/gallery/automobile/00988.png,automobile,0.742369
/home/emily/MMIP/week5/quiz1/data/query/automobile/00012.png,automobile,4,/home/emily/MMIP/week5/quiz1/data/gallery/automobile/00828.png,automobile,0.741863
/home/emily/MMIP/week5/quiz1/data/query/automobile/00012.png,automobile,5,/home/emily/MMIP/week5/quiz1/data/gallery/automobile/00011.png,automobile,0.735219
/home/emily/MMIP/week5/quiz1/data/query/automobile/00013.png,automobile,1,/home/emily/MMIP/week5/quiz1/data/gallery/automobile/00430.png,automobile,0.717653
/home/emily/MMIP/week5/quiz1/data/query/automobile/00013.png,automobile,2,/home/emily/MMIP/week5/quiz1/data/gallery/automobile/00402.png,automobile,0.706793
/home/emily/MMIP/week5/quiz1/data/query/automobile/00013.png,automobile,3,/home/emily/MMIP/week5/quiz1/data/gallery/automobile/00451.png,automobile,0.701508
/home/emily/MMIP/week5/quiz1/data/query/automobile/00013.png,automobile,4,/home/emily/MMIP/week5/quiz1/data/gallery/automobile/00651.png,automobile,0.695873
/home/emily/MMIP/week5/quiz1/data/query/automobile/00013.png,automobile,5,/home/emily/MMIP/week5/quiz1/data/gallery/automobile/00756.png,automobile,0.692528
/home/emily/MMIP/week5/quiz1/data/query/automobile/00014.png,automobile,1,/home/emily/MMIP/week5/quiz1/data/gallery/automobile/00834.png,automobile,0.658291
/home/emily/MMIP/week5/quiz1/data/query/automobile/00014.png,automobile,2,/home/emily/MMIP/week5/quiz1/data/gallery/automobile/00774.png,automobile,0.637888
/home/emily/MMIP/week5/quiz1/data/query/automobile/00014.png,automobile,3,/home/emily/MMIP/week5/quiz1/data/gallery/automobile/00947.png,automobile,0.636760
/home/emily/MMIP/week5/quiz1/data/query/automobile/00014.png,automobile,4,/home/emily/MMIP/week5/quiz1/data/gallery/automobile/00266.png,automobile,0.630110
/home/emily/MMIP/week5/quiz1/data/query/automobile/00014.png,automobile,5,/home/emily/MMIP/week5/quiz1/data/gallery/automobile/00994.png,automobile,0.629274
/home/emily/MMIP/week5/quiz1/data/query/automobile/00015.png,automobile,1,/home/emily/MMIP/week5/quiz1/data/gallery/automobile/00279.png,automobile,0.757665
/home/emily/MMIP/week5/quiz1/data/query/automobile/00015.png,automobile,2,/home/emily/MMIP/week5/quiz1/data/gallery/automobile/00664.png,automobile,0.750059
/home/emily/MMIP/week5/quiz1/data/query/automobile/00015.png,automobile,3,/home/emily/MMIP/week5/quiz1/data/gallery/automobile/00393.png,automobile,0.747788
/home/emily/MMIP/week5/quiz1/data/query/automobile/00015.png,automobile,4,/home/emily/MMIP/week5/quiz1/data/gallery/automobile/00941.png,automobile,0.729583
/home/emily/MMIP/week5/quiz1/data/query/automobile/00015.png,automobile,5,/home/emily/MMIP/week5/quiz1/data/gallery/automobile/00251.png,automobile,0.728675
/home/emily/MMIP/week5/quiz1/data/query/automobile/00016.png,automobile,1,/home/emily/MMIP/week5/quiz1/data/gallery/automobile/00570.png,automobile,0.802226
/home/emily/MMIP/week5/quiz1/data/query/automobile/00016.png,automobile,2,/home/emily/MMIP/week5/quiz1/data/gallery/automobile/00688.png,automobile,0.801543
/home/emily/MMIP/week5/quiz1/data/query/automobile/00016.png,automobile,3,/home/emily/MMIP/week5/quiz1/data/gallery/automobile/00157.png,automobile,0.797702
/home/emily/MMIP/week5/quiz1/data/query/automobile/00016.png,automobile,4,/home/emily/MMIP/week5/quiz1/data/gallery/automobile/00339.png,automobile,0.785846
/home/emily/MMIP/week5/quiz1/data/query/automobile/00016.png,automobile,5,/home/emily/MMIP/week5/quiz1/data/gallery/automobile/00485.png,automobile,0.778716
/home/emily/MMIP/week5/quiz1/data/query/automobile/00017.png,automobile,1,/home/emily/MMIP/week5/quiz1/data/gallery/automobile/00681.png,automobile,0.833835
/home/emily/MMIP/week5/quiz1/data/query/automobile/00017.png,automobile,2,/home/emily/MMIP/week5/quiz1/data/gallery/automobile/00072.png,automobile,0.832747
/home/emily/MMIP/week5/quiz1/data/query/automobile/00017.png,automobile,3,/home/emily/MMIP/week5/quiz1/data/gallery/automobile/00471.png,automobile,0.808764
/home/emily/MMIP/week5/quiz1/data/query/automobile/00017.png,automobile,4,/home/emily/MMIP/week5/quiz1/data/gallery/automobile/00380.png,automobile,0.807697
/home/emily/MMIP/week5/quiz1/data/query/automobile/00017.png,automobile,5,/home/emily/MMIP/week5/quiz1/data/gallery/automobile/00811.png,automobile,0.800012
/home/emily/MMIP/week5/quiz1/data/query/automobile/00018.png,automobile,1,/home/emily/MMIP/week5/quiz1/data/gallery/automobile/00402.png,automobile,0.757811
/home/emily/MMIP/week5/quiz1/data/query/automobile/00018.png,automobile,2,/home/emily/MMIP/week5/quiz1/data/gallery/automobile/00280.png,automobile,0.738804
/home/emily/MMIP/week5/quiz1/data/query/automobile/00018.png,automobile,3,/home/emily/MMIP/week5/quiz1/data/gallery/automobile/00140.png,automobile,0.738391
/home/emily/MMIP/week5/quiz1/data/query/automobile/00018.png,automobile,4,/home/emily/MMIP/week5/quiz1/data/gallery/automobile/00617.png,automobile,0.738064
/home/emily/MMIP/week5/quiz1/data/query/automobile/00018.png,automobile,5,/home/emily/MMIP/week5/quiz1/data/gallery/automobile/00799.png,automobile,0.734077
/home/emily/MMIP/week5/quiz1/data/query/automobile/00019.png,automobile,1,/home/emily/MMIP/week5/quiz1/data/gallery/automobile/00889.png,automobile,0.721652
/home/emily/MMIP/week5/quiz1/data/query/automobile/00019.png,automobile,2,/home/emily/MMIP/week5/quiz1/data/gallery/automobile/00302.png,automobile,0.705398
/home/emily/MMIP/week5/quiz1/data/query/automobile/00019.png,automobile,3,/home/emily/MMIP/week5/quiz1/data/gallery/automobile/00254.png,automobile,0.697541
/home/emily/MMIP/week5/quiz1/data/query/automobile/00019.png,automobile,4,/home/emily/MMIP/week5/quiz1/data/gallery/automobile/00221.png,automobile,0.688955
/home/emily/MMIP/week5/quiz1/data/query/automobile/00019.png,automobile,5,/home/emily/MMIP/week5/quiz1/data/gallery/automobile/00464.png,automobile,0.687902
/home/emily/MMIP/week5/quiz1/data/query/automobile/00020.png,automobile,1,/home/emily/MMIP/week5/quiz1/data/gallery/automobile/00505.png,automobile,0.713763
/home/emily/MMIP/week5/quiz1/data/query/automobile/00020.png,automobile,2,/home/emily/MMIP/week5/quiz1/data/gallery/automobile/00863.png,automobile,0.701720
/home/emily/MMIP/week5/quiz1/data/query/automobile/00020.png,automobile,3,/home/emily/MMIP/week5/quiz1/data/gallery/automobile/00426.png,automobile,0.698976
/home/emily/MMIP/week5/quiz1/data/query/automobile/00020.png,automobile,4,/home/emily/MMIP/week5/quiz1/data/gallery/automobile/00013.png,automobile,0.684227
/home/emily/MMIP/week5/quiz1/data/query/automobile/00020.png,automobile,5,/home/emily/MMIP/week5/quiz1/data/gallery/automobile/00883.png,automobile,0.682411
/home/emily/MMIP/week5/quiz1/data/query/automobile/00021.png,automobile,1,/home/emily/MMIP/week5/quiz1/data/gallery/automobile/00905.png,automobile,0.811698
/home/emily/MMIP/week5/quiz1/data/query/automobile/00021.png,automobile,2,/home/emily/MMIP/week5/quiz1/data/gallery/automobile/00741.png,automobile,0.801406
/home/emily/MMIP/week5/quiz1/data/query/automobile/00021.png,automobile,3,/home/emily/MMIP/week5/quiz1/data/gallery/automobile/00413.png,automobile,0.795824
/home/emily/MMIP/week5/quiz1/data/query/automobile/00021.png,automobile,4,/home/emily/MMIP/week5/quiz1/data/gallery/automobile/00317.png,automobile,0.791483
/home/emily/MMIP/week5/quiz1/data/query/automobile/00021.png,automobile,5,/home/emily/MMIP/week5/quiz1/data/gallery/automobile/00691.png,automobile,0.782408
/home/emily/MMIP/week5/quiz1/data/query/automobile/00022.png,automobile,1,/home/emily/MMIP/week5/quiz1/data/gallery/automobile/00798.png,automobile,0.698499
/home/emily/MMIP/week5/quiz1/data/query/automobile/00022.png,automobile,2,/home/emily/MMIP/week5/quiz1/data/gallery/automobile/00735.png,automobile,0.685425
/home/emily/MMIP/week5/quiz1/data/query/automobile/00022.png,automobile,3,/home/emily/MMIP/week5/quiz1/data/gallery/automobile/00296.png,automobile,0.685213
/home/emily/MMIP/week5/quiz1/data/query/automobile/00022.png,automobile,4,/home/emily/MMIP/week5/quiz1/data/gallery/automobile/00802.png,automobile,0.684046
/home/emily/MMIP/week5/quiz1/data/query/automobile/00022.png,automobile,5,/home/emily/MMIP/week5/quiz1/data/gallery/automobile/00293.png,automobile,0.677328
/home/emily/MMIP/week5/quiz1/data/query/automobile/00023.png,automobile,1,/home/emily/MMIP/week5/quiz1/data/gallery/automobile/00664.png,automobile,0.746796
/home/emily/MMIP/week5/quiz1/data/query/automobile/00023.png,automobile,2,/home/emily/MMIP/week5/quiz1/data/gallery/automobile/00712.png,automobile,0.719731
/home/emily/MMIP/week5/quiz1/data/query/automobile/00023.png,automobile,3,/home/emily/MMIP/week5/quiz1/data/gallery/automobile/00103.png,automobile,0.716535
/home/emily/MMIP/week5/quiz1/data/query/automobile/00023.png,automobile,4,/home/emily/MMIP/week5/quiz1/data/gallery/automobile/00630.png,automobile,0.705330
/home/emily/MMIP/week5/quiz1/data/query/automobile/00023.png,automobile,5,/home/emily/MMIP/week5/quiz1/data/gallery/automobile/00938.png,automobile,0.703567
/home/emily/MMIP/week5/quiz1/data/query/automobile/00024.png,automobile,1,/home/emily/MMIP/week5/quiz1/data/gallery/airplane/00893.png,airplane,0.570578
/home/emily/MMIP/week5/quiz1/data/query/automobile/00024.png,automobile,2,/home/emily/MMIP/week5/quiz1/data/gallery/airplane/00920.png,airplane,0.565589
/home/emily/MMIP/week5/quiz1/data/query/automobile/00024.png,automobile,3,/home/emily/MMIP/week5/quiz1/data/gallery/airplane/00875.png,airplane,0.556534
/home/emily/MMIP/week5/quiz1/data/query/automobile/00024.png,automobile,4,/home/emily/MMIP/week5/quiz1/data/gallery/airplane/00371.png,airplane,0.546924
/home/emily/MMIP/week5/quiz1/data/query/automobile/00024.png,automobile,5,/home/emily/MMIP/week5/quiz1/data/gallery/airplane/00515.png,airplane,0.540539
/home/emily/MMIP/week5/quiz1/data/query/automobile/00025.png,automobile,1,/home/emily/MMIP/week5/quiz1/data/gallery/automobile/00620.png,automobile,0.701780
/home/emily/MMIP/week5/quiz1/data/query/automobile/00025.png,automobile,2,/home/emily/MMIP/week5/quiz1/data/gallery/automobile/00332.png,automobile,0.675236
/home/emily/MMIP/week5/quiz1/data/query/automobile/00025.png,automobile,3,/home/emily/MMIP/week5/quiz1/data/gallery/automobile/00033.png,automobile,0.667598
/home/emily/MMIP/week5/quiz1/data/query/automobile/00025.png,automobile,4,/home/emily/MMIP/week5/quiz1/data/gallery/automobile/00821.png,automobile,0.661513
/home/emily/MMIP/week5/quiz1/data/query/automobile/00025.png,automobile,5,/home/emily/MMIP/week5/quiz1/data/gallery/automobile/00339.png,automobile,0.659652
/home/emily/MMIP/week5/quiz1/data/query/automobile/00026.png,automobile,1,/home/emily/MMIP/week5/quiz1/data/gallery/automobile/00735.png,automobile,0.615522
/home/emily/MMIP/week5/quiz1/data/query/automobile/00026.png,automobile,2,/home/emily/MMIP/week5/quiz1/data/gallery/automobile/00899.png,automobile,0.614946
/home/emily/MMIP/week5/quiz1/data/query/automobile/00026.png,automobile,3,/home/emily/MMIP/week5/quiz1/data/gallery/automobile/00773.png,automobile,0.604370
/home/emily/MMIP/week5/quiz1/data/query/automobile/00026.png,automobile,4,/home/emily/MMIP/week5/quiz1/data/gallery/automobile/00854.png,automobile,0.602113
/home/emily/MMIP/week5/quiz1/data/query/automobile/00026.png,automobile,5,/home/emily/MMIP/week5/quiz1/data/gallery/automobile/00242.png,automobile,0.601750
/home/emily/MMIP/week5/quiz1/data/query/automobile/00027.png,automobile,1,/home/emily/MMIP/week5/quiz1/data/gallery/automobile/00061.png,automobile,0.736152
/home/emily/MMIP/week5/quiz1/data/query/automobile/00027.png,automobile,2,/home/emily/MMIP/week5/quiz1/data/gallery/automobile/00089.png,automobile,0.735858
/home/emily/MMIP/week5/quiz1/data/query/automobile/00027.png,automobile,3,/home/emily/MMIP/week5/quiz1/data/gallery/automobile/00542.png,automobile,0.734591
/home/emily/MMIP/week5/quiz1/data/query/automobile/00027.png,automobile,4,/home/emily/MMIP/week5/quiz1/data/gallery/automobile/00251.png,automobile,0.723291
/home/emily/MMIP/week5/quiz1/data/query/automobile/00027.png,automobile,5,/home/emily/MMIP/week5/quiz1/data/gallery/automobile/00509.png,automobile,0.710128
/home/emily/MMIP/week5/quiz1/data/query/automobile/00028.png,automobile,1,/home/emily/MMIP/week5/quiz1/data/gallery/automobile/00279.png,automobile,0.737920
/home/emily/MMIP/week5/quiz1/data/query/automobile/00028.png,automobile,2,/home/emily/MMIP/week5/quiz1/data/gallery/automobile/00531.png,automobile,0.735061
/home/emily/MMIP/week5/quiz1/data/query/automobile/00028.png,automobile,3,/home/emily/MMIP/week5/quiz1/data/gallery/automobile/00849.png,automobile,0.713541
/home/emily/MMIP/week5/quiz1/data/query/automobile/00028.png,automobile,4,/home/emily/MMIP/week5/quiz1/data/gallery/automobile/00983.png,automobile,0.711672
/home/emily/MMIP/week5/quiz1/data/query/automobile/00028.png,automobile,5,/home/emily/MMIP/week5/quiz1/data/gallery/automobile/00536.png,automobile,0.709817
/home/emily/MMIP/week5/quiz1/data/query/automobile/00029.png,automobile,1,/home/emily/MMIP/week5/quiz1/data/gallery/automobile/00022.png,automobile,0.602595
/home/emily/MMIP/week5/quiz1/data/query/automobile/00029.png,automobile,2,/home/emily/MMIP/week5/quiz1/data/gallery/automobile/00963.png,automobile,0.600714
/home/emily/MMIP/week5/quiz1/data/query/automobile/00029.png,automobile,3,/home/emily/MMIP/week5/quiz1/data/gallery/automobile/00503.png,automobile,0.599505
/home/emily/MMIP/week5/quiz1/data/query/automobile/00029.png,automobile,4,/home/emily/MMIP/week5/quiz1/data/gallery/automobile/00018.png,automobile,0.586237
/home/emily/MMIP/week5/quiz1/data/query/automobile/00029.png,automobile,5,/home/emily/MMIP/week5/quiz1/data/gallery/automobile/00348.png,automobile,0.579292
/home/emily/MMIP/week5/quiz1/data/query/automobile/00030.png,automobile,1,/home/emily/MMIP/week5/quiz1/data/gallery/automobile/00093.png,automobile,0.697019
/home/emily/MMIP/week5/quiz1/data/query/automobile/00030.png,automobile,2,/home/emily/MMIP/week5/quiz1/data/gallery/automobile/00281.png,automobile,0.625406
/home/emily/MMIP/week5/quiz1/data/query/automobile/00030.png,automobile,3,/home/emily/MMIP/week5/quiz1/data/gallery/automobile/00912.png,automobile,0.591762
/home/emily/MMIP/week5/quiz1/data/query/automobile/00030.png,automobile,4,/home/emily/MMIP/week5/quiz1/data/gallery/automobile/00708.png,automobile,0.587381
/home/emily/MMIP/week5/quiz1/data/query/automobile/00030.png,automobile,5,/home/emily/MMIP/week5/quiz1/data/gallery/automobile/00810.png,automobile,0.585962
/home/emily/MMIP/week5/quiz1/data/query/automobile/00031.png,automobile,1,/home/emily/MMIP/week5/quiz1/data/gallery/automobile/00058.png,automobile,0.658183
/home/emily/MMIP/week5/quiz1/data/query/automobile/00031.png,automobile,2,/home/emily/MMIP/week5/quiz1/data/gallery/automobile/00266.png,automobile,0.652243
/home/emily/MMIP/week5/quiz1/data/query/automobile/00031.png,automobile,3,/home/emily/MMIP/week5/quiz1/data/gallery/automobile/00437.png,automobile,0.651392
/home/emily/MMIP/week5/quiz1/data/query/automobile/00031.png,automobile,4,/home/emily/MMIP/week5/quiz1/data/gallery/automobile/00966.png,automobile,0.648600
/home/emily/MMIP/week5/quiz1/data/query/automobile/00031.png,automobile,5,/home/emily/MMIP/week5/quiz1/data/gallery/automobile/00711.png,automobile,0.648393
/home/emily/MMIP/week5/quiz1/data/query/automobile/00032.png,automobile,1,/home/emily/MMIP/week5/quiz1/data/gallery/automobile/00500.png,automobile,0.597664
/home/emily/MMIP/week5/quiz1/data/query/automobile/00032.png,automobile,2,/home/emily/MMIP/week5/quiz1/data/gallery/automobile/00689.png,automobile,0.587582
/home/emily/MMIP/week5/quiz1/data/query/automobile/00032.png,automobile,3,/home/emily/MMIP/week5/quiz1/data/gallery/automobile/00410.png,automobile,0.573494
/home/emily/MMIP/week5/quiz1/data/query/automobile/00032.png,automobile,4,/home/emily/MMIP/week5/quiz1/data/gallery/automobile/00938.png,automobile,0.564285
/home/emily/MMIP/week5/quiz1/data/query/automobile/00032.png,automobile,5,/home/emily/MMIP/week5/quiz1/data/gallery/automobile/00594.png,automobile,0.561734
/home/emily/MMIP/week5/quiz1/data/query/automobile/00033.png,automobile,1,/home/emily/MMIP/week5/quiz1/data/gallery/automobile/00430.png,automobile,0.812685
/home/emily/MMIP/week5/quiz1/data/query/automobile/00033.png,automobile,2,/home/emily/MMIP/week5/quiz1/data/gallery/automobile/00451.png,automobile,0.797160
/home/emily/MMIP/week5/quiz1/data/query/automobile/00033.png,automobile,3,/home/emily/MMIP/week5/quiz1/data/gallery/automobile/00271.png,automobile,0.771819
/home/emily/MMIP/week5/quiz1/data/query/automobile/00033.png,automobile,4,/home/emily/MMIP/week5/quiz1/data/gallery/automobile/00654.png,automobile,0.770884
/home/emily/MMIP/week5/quiz1/data/query/automobile/00033.png,automobile,5,/home/emily/MMIP/week5/quiz1/data/gallery/automobile/00681.png,automobile,0.762772
/home/emily/MMIP/week5/quiz1/data/query/automobile/00034.png,automobile,1,/home/emily/MMIP/week5/quiz1/data/gallery/truck/00677.png,truck,0.689075
/home/emily/MMIP/week5/quiz1/data/query/automobile/00034.png,automobile,2,/home/emily/MMIP/week5/quiz1/data/gallery/truck/00687.png,truck,0.684940
/home/emily/MMIP/week5/quiz1/data/query/automobile/00034.png,automobile,3,/home/emily/MMIP/week5/quiz1/data/gallery/truck/00028.png,truck,0.680362
/home/emily/MMIP/week5/quiz1/data/query/automobile/00034.png,automobile,4,/home/emily/MMIP/week5/quiz1/data/gallery/truck/00288.png,truck,0.675318
/home/emily/MMIP/week5/quiz1/data/query/automobile/00034.png,automobile,5,/home/emily/MMIP/week5/quiz1/data/gallery/truck/00261.png,truck,0.673907
/home/emily/MMIP/week5/quiz1/data/query/automobile/00035.png,automobile,1,/home/emily/MMIP/week5/quiz1/data/gallery/automobile/00433.png,automobile,0.773807
/home/emily/MMIP/week5/quiz1/data/query/automobile/00035.png,automobile,2,/home/emily/MMIP/week5/quiz1/data/gallery/truck/00607.png,truck,0.637152
/home/emily/MMIP/week5/quiz1/data/query/automobile/00035.png,automobile,3,/home/emily/MMIP/week5/quiz1/data/gallery/truck/00141.png,truck,0.627824
/home/emily/MMIP/week5/quiz1/data/query/automobile/00035.png,automobile,4,/home/emily/MMIP/week5/quiz1/data/gallery/automobile/00452.png,automobile,0.619557
/home/emily/MMIP/week5/quiz1/data/query/automobile/00035.png,automobile,5,/home/emily/MMIP/week5/quiz1/data/gallery/automobile/00844.png,automobile,0.613632
/home/emily/MMIP/week5/quiz1/data/query/automobile/00036.png,automobile,1,/home/emily/MMIP/week5/quiz1/data/gallery/automobile/00167.png,automobile,0.798123
/home/emily/MMIP/week5/quiz1/data/query/automobile/00036.png,automobile,2,/home/emily/MMIP/week5/quiz1/data/gallery/automobile/00573.png,automobile,0.731256
/home/emily/MMIP/week5/quiz1/data/query/automobile/00036.png,automobile,3,/home/emily/MMIP/week5/quiz1/data/gallery/automobile/00036.png,automobile,0.730617
/home/emily/MMIP/week5/quiz1/data/query/automobile/00036.png,automobile,4,/home/emily/MMIP/week5/quiz1/data/gallery/automobile/00260.png,automobile,0.724899
/home/emily/MMIP/week5/quiz1/data/query/automobile/00036.png,automobile,5,/home/emily/MMIP/week5/quiz1/data/gallery/automobile/00251.png,automobile,0.721112
/home/emily/MMIP/week5/quiz1/data/query/automobile/00037.png,automobile,1,/home/emily/MMIP/week5/quiz1/data/gallery/automobile/00808.png,automobile,0.755002
/home/emily/MMIP/week5/quiz1/data/query/automobile/00037.png,automobile,2,/home/emily/MMIP/week5/quiz1/data/gallery/automobile/00716.png,automobile,0.735641
/home/emily/MMIP/week5/quiz1/data/query/automobile/00037.png,automobile,3,/home/emily/MMIP/week5/quiz1/data/gallery/automobile/00343.png,automobile,0.729268
/home/emily/MMIP/week5/quiz1/data/query/automobile/00037.png,automobile,4,/home/emily/MMIP/week5/quiz1/data/gallery/automobile/00380.png,automobile,0.727170
/home/emily/MMIP/week5/quiz1/data/query/automobile/00037.png,automobile,5,/home/emily/MMIP/week5/quiz1/data/gallery/automobile/00669.png,automobile,0.724210
/home/emily/MMIP/week5/quiz1/data/query/automobile/00038.png,automobile,1,/home/emily/MMIP/week5/quiz1/data/gallery/automobile/00476.png,automobile,0.794826
/home/emily/MMIP/week5/quiz1/data/query/automobile/00038.png,automobile,2,/home/emily/MMIP/week5/quiz1/data/gallery/automobile/00376.png,automobile,0.780429
/home/emily/MMIP/week5/quiz1/data/query/automobile/00038.png,automobile,3,/home/emily/MMIP/week5/quiz1/data/gallery/automobile/00253.png,automobile,0.779346
/home/emily/MMIP/week5/quiz1/data/query/automobile/00038.png,automobile,4,/home/emily/MMIP/week5/quiz1/data/gallery/automobile/00846.png,automobile,0.775845
/home/emily/MMIP/week5/quiz1/data/query/automobile/00038.png,automobile,5,/home/emily/MMIP/week5/quiz1/data/gallery/automobile/00952.png,automobile,0.772343
/home/emily/MMIP/week5/quiz1/data/query/automobile/00039.png,automobile,1,/home/emily/MMIP/week5/quiz1/data/gallery/automobile/00072.png,automobile,0.789110
/home/emily/MMIP/week5/quiz1/data/query/automobile/00039.png,automobile,2,/home/emily/MMIP/week5/quiz1/data/gallery/automobile/00833.png,automobile,0.768838
/home/emily/MMIP/week5/quiz1/data/query/automobile/00039.png,automobile,3,/home/emily/MMIP/week5/quiz1/data/gallery/automobile/00380.png,automobile,0.763375
/home/emily/MMIP/week5/quiz1/data/query/automobile/00039.png,automobile,4,/home/emily/MMIP/week5/quiz1/data/gallery/automobile/00681.png,automobile,0.756097
/home/emily/MMIP/week5/quiz1/data/query/automobile/00039.png,automobile,5,/home/emily/MMIP/week5/quiz1/data/gallery/automobile/00318.png,automobile,0.749614
/home/emily/MMIP/week5/quiz1/data/query/automobile/00040.png,automobile,1,/home/emily/MMIP/week5/quiz1/data/gallery/automobile/00460.png,automobile,0.790817
/home/emily/MMIP/week5/quiz1/data/query/automobile/00040.png,automobile,2,/home/emily/MMIP/week5/quiz1/data/gallery/automobile/00905.png,automobile,0.787337
/home/emily/MMIP/week5/quiz1/data/query/automobile/00040.png,automobile,3,/home/emily/MMIP/week5/quiz1/data/gallery/automobile/00898.png,automobile,0.769664
/home/emily/MMIP/week5/quiz1/data/query/automobile/00040.png,automobile,4,/home/emily/MMIP/week5/quiz1/data/gallery/automobile/00731.png,automobile,0.756542
/home/emily/MMIP/week5/quiz1/data/query/automobile/00040.png,automobile,5,/home/emily/MMIP/week5/quiz1/data/gallery/automobile/00019.png,automobile,0.754046
/home/emily/MMIP/week5/quiz1/data/query/automobile/00041.png,automobile,1,/home/emily/MMIP/week5/quiz1/data/gallery/automobile/00914.png,automobile,0.843900
/home/emily/MMIP/week5/quiz1/data/query/automobile/00041.png,automobile,2,/home/emily/MMIP/week5/quiz1/data/gallery/automobile/00013.png,automobile,0.779019
/home/emily/MMIP/week5/quiz1/data/query/automobile/00041.png,automobile,3,/home/emily/MMIP/week5/quiz1/data/gallery/automobile/00454.png,automobile,0.772912
/home/emily/MMIP/week5/quiz1/data/query/automobile/00041.png,automobile,4,/home/emily/MMIP/week5/quiz1/data/gallery/automobile/00654.png,automobile,0.770789
/home/emily/MMIP/week5/quiz1/data/query/automobile/00041.png,automobile,5,/home/emily/MMIP/week5/quiz1/data/gallery/automobile/00471.png,automobile,0.766304
/home/emily/MMIP/week5/quiz1/data/query/automobile/00042.png,automobile,1,/home/emily/MMIP/week5/quiz1/data/gallery/automobile/00609.png,automobile,0.825378
/home/emily/MMIP/week5/quiz1/data/query/automobile/00042.png,automobile,2,/home/emily/MMIP/week5/quiz1/data/gallery/automobile/00891.png,automobile,0.805902
/home/emily/MMIP/week5/quiz1/data/query/automobile/00042.png,automobile,3,/home/emily/MMIP/week5/quiz1/data/gallery/automobile/00678.png,automobile,0.788835
/home/emily/MMIP/week5/quiz1/data/query/automobile/00042.png,automobile,4,/home/emily/MMIP/week5/quiz1/data/gallery/automobile/00667.png,automobile,0.786484
/home/emily/MMIP/week5/quiz1/data/query/automobile/00042.png,automobile,5,/home/emily/MMIP/week5/quiz1/data/gallery/automobile/00886.png,automobile,0.780522
/home/emily/MMIP/week5/quiz1/data/query/automobile/00043.png,automobile,1,/home/emily/MMIP/week5/quiz1/data/gallery/automobile/00068.png,automobile,0.928537
/home/emily/MMIP/week5/quiz1/data/query/automobile/00043.png,automobile,2,/home/emily/MMIP/week5/quiz1/data/gallery/automobile/00520.png,automobile,0.920735
/home/emily/MMIP/week5/quiz1/data/query/automobile/00043.png,automobile,3,/home/emily/MMIP/week5/quiz1/data/gallery/automobile/00742.png,automobile,0.891116
/home/emily/MMIP/week5/quiz1/data/query/automobile/00043.png,automobile,4,/home/emily/MMIP/week5/quiz1/data/gallery/automobile/00537.png,automobile,0.883445
/home/emily/MMIP/week5/quiz1/data/query/automobile/00043.png,automobile,5,/home/emily/MMIP/week5/quiz1/data/gallery/automobile/00896.png,automobile,0.856989
/home/emily/MMIP/week5/quiz1/data/query/automobile/00044.png,automobile,1,/home/emily/MMIP/week5/quiz1/data/gallery/automobile/00638.png,automobile,0.681258
/home/emily/MMIP/week5/quiz1/data/query/automobile/00044.png,automobile,2,/home/emily/MMIP/week5/quiz1/data/gallery/automobile/00921.png,automobile,0.669827
/home/emily/MMIP/week5/quiz1/data/query/automobile/00044.png,automobile,3,/home/emily/MMIP/week5/quiz1/data/gallery/automobile/00318.png,automobile,0.666888
/home/emily/MMIP/week5/quiz1/data/query/automobile/00044.png,automobile,4,/home/emily/MMIP/week5/quiz1/data/gallery/automobile/00844.png,automobile,0.665117
/home/emily/MMIP/week5/quiz1/data/query/automobile/00044.png,automobile,5,/home/emily/MMIP/week5/quiz1/data/gallery/automobile/00474.png,automobile,0.663939
/home/emily/MMIP/week5/quiz1/data/query/automobile/00045.png,automobile,1,/home/emily/MMIP/week5/quiz1/data/gallery/automobile/00387.png,automobile,0.732009
/home/emily/MMIP/week5/quiz1/data/query/automobile/00045.png,automobile,2,/home/emily/MMIP/week5/quiz1/data/gallery/automobile/00747.png,automobile,0.729033
/home/emily/MMIP/week5/quiz1/data/query/automobile/00045.png,automobile,3,/home/emily/MMIP/week5/quiz1/data/gallery/automobile/00483.png,automobile,0.674053
/home/emily/MMIP/week5/quiz1/data/query/automobile/00045.png,automobile,4,/home/emily/MMIP/week5/quiz1/data/gallery/automobile/00050.png,automobile,0.665815
/home/emily/MMIP/week5/quiz1/data/query/automobile/00045.png,automobile,5,/home/emily/MMIP/week5/quiz1/data/gallery/automobile/00383.png,automobile,0.664773
/home/emily/MMIP/week5/quiz1/data/query/automobile/00046.png,automobile,1,/home/emily/MMIP/week5/quiz1/data/gallery/automobile/00521.png,automobile,0.856966
/home/emily/MMIP/week5/quiz1/data/query/automobile/00046.png,automobile,2,/home/emily/MMIP/week5/quiz1/data/gallery/automobile/00130.png,automobile,0.837945
/home/emily/MMIP/week5/quiz1/data/query/automobile/00046.png,automobile,3,/home/emily/MMIP/week5/quiz1/data/gallery/automobile/00440.png,automobile,0.820244
/home/emily/MMIP/week5/quiz1/data/query/automobile/00046.png,automobile,4,/home/emily/MMIP/week5/quiz1/data/gallery/automobile/00617.png,automobile,0.796727
/home/emily/MMIP/week5/quiz1/data/query/automobile/00046.png,automobile,5,/home/emily/MMIP/week5/quiz1/data/gallery/automobile/00280.png,automobile,0.794666
/home/emily/MMIP/week5/quiz1/data/query/automobile/00047.png,automobile,1,/home/emily/MMIP/week5/quiz1/data/gallery/automobile/00945.png,automobile,0.792180
/home/emily/MMIP/week5/quiz1/data/query/automobile/00047.png,automobile,2,/home/emily/MMIP/week5/quiz1/data/gallery/automobile/00258.png,automobile,0.771724
/home/emily/MMIP/week5/quiz1/data/query/automobile/00047.png,automobile,3,/home/emily/MMIP/week5/quiz1/data/gallery/automobile/00460.png,automobile,0.763344
/home/emily/MMIP/week5/quiz1/data/query/automobile/00047.png,automobile,4,/home/emily/MMIP/week5/quiz1/data/gallery/automobile/00905.png,automobile,0.759191
/home/emily/MMIP/week5/quiz1/data/query/automobile/00047.png,automobile,5,/home/emily/MMIP/week5/quiz1/data/gallery/automobile/00347.png,automobile,0.749201
/home/emily/MMIP/week5/quiz1/data/query/automobile/00048.png,automobile,1,/home/emily/MMIP/week5/quiz1/data/gallery/automobile/00028.png,automobile,0.769871
/home/emily/MMIP/week5/quiz1/data/query/automobile/00048.png,automobile,2,/home/emily/MMIP/week5/quiz1/data/gallery/automobile/00923.png,automobile,0.768153
/home/emily/MMIP/week5/quiz1/data/query/automobile/00048.png,automobile,3,/home/emily/MMIP/week5/quiz1/data/gallery/automobile/00801.png,automobile,0.764031
/home/emily/MMIP/week5/quiz1/data/query/automobile/00048.png,automobile,4,/home/emily/MMIP/week5/quiz1/data/gallery/automobile/00546.png,automobile,0.753596
/home/emily/MMIP/week5/quiz1/data/query/automobile/00048.png,automobile,5,/home/emily/MMIP/week5/quiz1/data/gallery/automobile/00600.png,automobile,0.753469
/home/emily/MMIP/week5/quiz1/data/query/automobile/00049.png,automobile,1,/home/emily/MMIP/week5/quiz1/data/gallery/automobile/00132.png,automobile,0.749800
/home/emily/MMIP/week5/quiz1/data/query/automobile/00049.png,automobile,2,/home/emily/MMIP/week5/quiz1/data/gallery/automobile/00655.png,automobile,0.709090
/home/emily/MMIP/week5/quiz1/data/query/automobile/00049.png,automobile,3,/home/emily/MMIP/week5/quiz1/data/gallery/automobile/00657.png,automobile,0.707702
/home/emily/MMIP/week5/quiz1/data/query/automobile/00049.png,automobile,4,/home/emily/MMIP/week5/quiz1/data/gallery/automobile/00010.png,automobile,0.702631
/home/emily/MMIP/week5/quiz1/data/query/automobile/00049.png,automobile,5,/home/emily/MMIP/week5/quiz1/data/gallery/automobile/00136.png,automobile,0.692500
/home/emily/MMIP/week5/quiz1/data/query/automobile/00050.png,automobile,1,/home/emily/MMIP/week5/quiz1/data/gallery/automobile/00239.png,automobile,0.759608
/home/emily/MMIP/week5/quiz1/data/query/automobile/00050.png,automobile,2,/home/emily/MMIP/week5/quiz1/data/gallery/automobile/00540.png,automobile,0.751970
/home/emily/MMIP/week5/quiz1/data/query/automobile/00050.png,automobile,3,/home/emily/MMIP/week5/quiz1/data/gallery/automobile/00343.png,automobile,0.737491
/home/emily/MMIP/week5/quiz1/data/query/automobile/00050.png,automobile,4,/home/emily/MMIP/week5/quiz1/data/gallery/automobile/00569.png,automobile,0.720898
/home/emily/MMIP/week5/quiz1/data/query/automobile/00050.png,automobile,5,/home/emily/MMIP/week5/quiz1/data/gallery/automobile/00232.png,automobile,0.719386
/home/emily/MMIP/week5/quiz1/data/query/automobile/00051.png,automobile,1,/home/emily/MMIP/week5/quiz1/data/gallery/automobile/00520.png,automobile,0.909914
/home/emily/MMIP/week5/quiz1/data/query/automobile/00051.png,automobile,2,/home/emily/MMIP/week5/quiz1/data/gallery/automobile/00896.png,automobile,0.905452
/home/emily/MMIP/week5/quiz1/data/query/automobile/00051.png,automobile,3,/home/emily/MMIP/week5/quiz1/data/gallery/automobile/00219.png,automobile,0.868653
/home/emily/MMIP/week5/quiz1/data/query/automobile/00051.png,automobile,4,/home/emily/MMIP/week5/quiz1/data/gallery/automobile/00068.png,automobile,0.856187
/home/emily/MMIP/week5/quiz1/data/query/automobile/00051.png,automobile,5,/home/emily/MMIP/week5/quiz1/data/gallery/automobile/00537.png,automobile,0.853996
/home/emily/MMIP/week5/quiz1/data/query/automobile/00052.png,automobile,1,/home/emily/MMIP/week5/quiz1/data/gallery/automobile/00140.png,automobile,0.789308
/home/emily/MMIP/week5/quiz1/data/query/automobile/00052.png,automobile,2,/home/emily/MMIP/week5/quiz1/data/gallery/automobile/00443.png,automobile,0.770637
/home/emily/MMIP/week5/quiz1/data/query/automobile/00052.png,automobile,3,/home/emily/MMIP/week5/quiz1/data/gallery/automobile/00837.png,automobile,0.755894
/home/emily/MMIP/week5/quiz1/data/query/automobile/00052.png,automobile,4,/home/emily/MMIP/week5/quiz1/data/gallery/automobile/00669.png,automobile,0.733247
/home/emily/MMIP/week5/quiz1/data/query/automobile/00052.png,automobile,5,/home/emily/MMIP/week5/quiz1/data/gallery/automobile/00466.png,automobile,0.716189
/home/emily/MMIP/week5/quiz1/data/query/automobile/00053.png,automobile,1,/home/emily/MMIP/week5/quiz1/data/gallery/automobile/00088.png,automobile,0.672376
/home/emily/MMIP/week5/quiz1/data/query/automobile/00053.png,automobile,2,/home/emily/MMIP/week5/quiz1/data/gallery/automobile/00089.png,automobile,0.649936
/home/emily/MMIP/week5/quiz1/data/query/automobile/00053.png,automobile,3,/home/emily/MMIP/week5/quiz1/data/gallery/automobile/00383.png,automobile,0.640776
/home/emily/MMIP/week5/quiz1/data/query/automobile/00053.png,automobile,4,/home/emily/MMIP/week5/quiz1/data/gallery/automobile/00387.png,automobile,0.630550
/home/emily/MMIP/week5/quiz1/data/query/automobile/00053.png,automobile,5,/home/emily/MMIP/week5/quiz1/data/gallery/automobile/00464.png,automobile,0.625792
/home/emily/MMIP/week5/quiz1/data/query/automobile/00054.png,automobile,1,/home/emily/MMIP/week5/quiz1/data/gallery/automobile/00690.png,automobile,0.702313
/home/emily/MMIP/week5/quiz1/data/query/automobile/00054.png,automobile,2,/home/emily/MMIP/week5/quiz1/data/gallery/automobile/00058.png,automobile,0.682100
/home/emily/MMIP/week5/quiz1/data/query/automobile/00054.png,automobile,3,/home/emily/MMIP/week5/quiz1/data/gallery/automobile/00527.png,automobile,0.680384
/home/emily/MMIP/week5/quiz1/data/query/automobile/00054.png,automobile,4,/home/emily/MMIP/week5/quiz1/data/gallery/automobile/00108.png,automobile,0.673950
/home/emily/MMIP/week5/quiz1/data/query/automobile/00054.png,automobile,5,/home/emily/MMIP/week5/quiz1/data/gallery/automobile/00879.png,automobile,0.664265
/home/emily/MMIP/week5/quiz1/data/query/automobile/00055.png,automobile,1,/home/emily/MMIP/week5/quiz1/data/gallery/automobile/00201.png,automobile,0.738818
/home/emily/MMIP/week5/quiz1/data/query/automobile/00055.png,automobile,2,/home/emily/MMIP/week5/quiz1/data/gallery/automobile/00137.png,automobile,0.691853
/home/emily/MMIP/week5/quiz1/data/query/automobile/00055.png,automobile,3,/home/emily/MMIP/week5/quiz1/data/gallery/automobile/00388.png,automobile,0.686275
/home/emily/MMIP/week5/quiz1/data/query/automobile/00055.png,automobile,4,/home/emily/MMIP/week5/quiz1/data/gallery/automobile/00301.png,automobile,0.686205
/home/emily/MMIP/week5/quiz1/data/query/automobile/00055.png,automobile,5,/home/emily/MMIP/week5/quiz1/data/gallery/automobile/00339.png,automobile,0.685935
/home/emily/MMIP/week5/quiz1/data/query/automobile/00056.png,automobile,1,/home/emily/MMIP/week5/quiz1/data/gallery/automobile/00866.png,automobile,0.823804
/home/emily/MMIP/week5/quiz1/data/query/automobile/00056.png,automobile,2,/home/emily/MMIP/week5/quiz1/data/gallery/automobile/00108.png,automobile,0.799619
/home/emily/MMIP/week5/quiz1/data/query/automobile/00056.png,automobile,3,/home/emily/MMIP/week5/quiz1/data/gallery/automobile/00941.png,automobile,0.797761
/home/emily/MMIP/week5/quiz1/data/query/automobile/00056.png,automobile,4,/home/emily/MMIP/week5/quiz1/data/gallery/automobile/00251.png,automobile,0.794618
/home/emily/MMIP/week5/quiz1/data/query/automobile/00056.png,automobile,5,/home/emily/MMIP/week5/quiz1/data/gallery/automobile/00694.png,automobile,0.765692
/home/emily/MMIP/week5/quiz1/data/query/automobile/00057.png,automobile,1,/home/emily/MMIP/week5/quiz1/data/gallery/automobile/00330.png,automobile,0.706847
/home/emily/MMIP/week5/quiz1/data/query/automobile/00057.png,automobile,2,/home/emily/MMIP/week5/quiz1/data/gallery/automobile/00501.png,automobile,0.703878
/home/emily/MMIP/week5/quiz1/data/query/automobile/00057.png,automobile,3,/home/emily/MMIP/week5/quiz1/data/gallery/automobile/00036.png,automobile,0.699016
/home/emily/MMIP/week5/quiz1/data/query/automobile/00057.png,automobile,4,/home/emily/MMIP/week5/quiz1/data/gallery/automobile/00272.png,automobile,0.694804
/home/emily/MMIP/week5/quiz1/data/query/automobile/00057.png,automobile,5,/home/emily/MMIP/week5/quiz1/data/gallery/automobile/00233.png,automobile,0.684432
/home/emily/MMIP/week5/quiz1/data/query/automobile/00058.png,automobile,1,/home/emily/MMIP/week5/quiz1/data/gallery/automobile/00454.png,automobile,0.754225
/home/emily/MMIP/week5/quiz1/data/query/automobile/00058.png,automobile,2,/home/emily/MMIP/week5/quiz1/data/gallery/automobile/00230.png,automobile,0.707237
/home/emily/MMIP/week5/quiz1/data/query/automobile/00058.png,automobile,3,/home/emily/MMIP/week5/quiz1/data/gallery/automobile/00651.png,automobile,0.701162
/home/emily/MMIP/week5/quiz1/data/query/automobile/00058.png,automobile,4,/home/emily/MMIP/week5/quiz1/data/gallery/automobile/00040.png,automobile,0.695206
/home/emily/MMIP/week5/quiz1/data/query/automobile/00058.png,automobile,5,/home/emily/MMIP/week5/quiz1/data/gallery/automobile/00650.png,automobile,0.692990
/home/emily/MMIP/week5/quiz1/data/query/automobile/00059.png,automobile,1,/home/emily/MMIP/week5/quiz1/data/gallery/automobile/00921.png,automobile,0.821961
/home/emily/MMIP/week5/quiz1/data/query/automobile/00059.png,automobile,2,/home/emily/MMIP/week5/quiz1/data/gallery/automobile/00560.png,automobile,0.807447
/home/emily/MMIP/week5/quiz1/data/query/automobile/00059.png,automobile,3,/home/emily/MMIP/week5/quiz1/data/gallery/automobile/00338.png,automobile,0.783257
/home/emily/MMIP/week5/quiz1/data/query/automobile/00059.png,automobile,4,/home/emily/MMIP/week5/quiz1/data/gallery/automobile/00638.png,automobile,0.771624
/home/emily/MMIP/week5/quiz1/data/query/automobile/00059.png,automobile,5,/home/emily/MMIP/week5/quiz1/data/gallery/automobile/00349.png,automobile,0.771159
/home/emily/MMIP/week5/quiz1/data/query/automobile/00060.png,automobile,1,/home/emily/MMIP/week5/quiz1/data/gallery/truck/00181.png,truck,0.603442
/home/emily/MMIP/week5/quiz1/data/query/automobile/00060.png,automobile,2,/home/emily/MMIP/week5/quiz1/data/gallery/automobile/00970.png,automobile,0.597623
/home/emily/MMIP/week5/quiz1/data/query/automobile/00060.png,automobile,3,/home/emily/MMIP/week5/quiz1/data/gallery/truck/00518.png,truck,0.590904
/home/emily/MMIP/week5/quiz1/data/query/automobile/00060.png,automobile,4,/home/emily/MMIP/week5/quiz1/data/gallery/automobile/00735.png,automobile,0.587023
/home/emily/MMIP/week5/quiz1/data/query/automobile/00060.png,automobile,5,/home/emily/MMIP/week5/quiz1/data/gallery/automobile/00602.png,automobile,0.585652
/home/emily/MMIP/week5/quiz1/data/query/automobile/00061.png,automobile,1,/home/emily/MMIP/week5/quiz1/data/gallery/automobile/00130.png,automobile,0.757820
/home/emily/MMIP/week5/quiz1/data/query/automobile/00061.png,automobile,2,/home/emily/MMIP/week5/quiz1/data/gallery/automobile/00791.png,automobile,0.744729
/home/emily/MMIP/week5/quiz1/data/query/automobile/00061.png,automobile,3,/home/emily/MMIP/week5/quiz1/data/gallery/automobile/00251.png,automobile,0.741301
/home/emily/MMIP/week5/quiz1/data/query/automobile/00061.png,automobile,4,/home/emily/MMIP/week5/quiz1/data/gallery/automobile/00650.png,automobile,0.740801
/home/emily/MMIP/week5/quiz1/data/query/automobile/00061.png,automobile,5,/home/emily/MMIP/week5/quiz1/data/gallery/automobile/00680.png,automobile,0.739501
/home/emily/MMIP/week5/quiz1/data/query/automobile/00062.png,automobile,1,/home/emily/MMIP/week5/quiz1/data/gallery/automobile/00945.png,automobile,0.765168
/home/emily/MMIP/week5/quiz1/data/query/automobile/00062.png,automobile,2,/home/emily/MMIP/week5/quiz1/data/gallery/automobile/00084.png,automobile,0.758204
/home/emily/MMIP/week5/quiz1/data/query/automobile/00062.png,automobile,3,/home/emily/MMIP/week5/quiz1/data/gallery/automobile/00751.png,automobile,0.731624
/home/emily/MMIP/week5/quiz1/data/query/automobile/00062.png,automobile,4,/home/emily/MMIP/week5/quiz1/data/gallery/automobile/00416.png,automobile,0.722916
/home/emily/MMIP/week5/quiz1/data/query/automobile/00062.png,automobile,5,/home/emily/MMIP/week5/quiz1/data/gallery/automobile/00802.png,automobile,0.718784
/home/emily/MMIP/week5/quiz1/data/query/automobile/00063.png,automobile,1,/home/emily/MMIP/week5/quiz1/data/gallery/automobile/00009.png,automobile,0.714912
/home/emily/MMIP/week5/quiz1/data/query/automobile/00063.png,automobile,2,/home/emily/MMIP/week5/quiz1/data/gallery/airplane/00119.png,airplane,0.699130
/home/emily/MMIP/week5/quiz1/data/query/automobile/00063.png,automobile,3,/home/emily/MMIP/week5/quiz1/data/gallery/truck/00971.png,truck,0.687219
/home/emily/MMIP/week5/quiz1/data/query/automobile/00063.png,automobile,4,/home/emily/MMIP/week5/quiz1/data/gallery/automobile/00890.png,automobile,0.677636
/home/emily/MMIP/week5/quiz1/data/query/automobile/00063.png,automobile,5,/home/emily/MMIP/week5/quiz1/data/gallery/automobile/00098.png,automobile,0.669627
/home/emily/MMIP/week5/quiz1/data/query/automobile/00064.png,automobile,1,/home/emily/MMIP/week5/quiz1/data/gallery/automobile/00854.png,automobile,0.708986
/home/emily/MMIP/week5/quiz1/data/query/automobile/00064.png,automobile,2,/home/emily/MMIP/week5/quiz1/data/gallery/automobile/00757.png,automobile,0.677678
/home/emily/MMIP/week5/quiz1/data/query/automobile/00064.png,automobile,3,/home/emily/MMIP/week5/quiz1/data/gallery/automobile/00242.png,automobile,0.672310
/home/emily/MMIP/week5/quiz1/data/query/automobile/00064.png,automobile,4,/home/emily/MMIP/week5/quiz1/data/gallery/automobile/00468.png,automobile,0.646431
/home/emily/MMIP/week5/quiz1/data/query/automobile/00064.png,automobile,5,/home/emily/MMIP/week5/quiz1/data/gallery/automobile/00730.png,automobile,0.644407
/home/emily/MMIP/week5/quiz1/data/query/automobile/00065.png,automobile,1,/home/emily/MMIP/week5/quiz1/data/gallery/automobile/00655.png,automobile,0.673157
/home/emily/MMIP/week5/quiz1/data/query/automobile/00065.png,automobile,2,/home/emily/MMIP/week5/quiz1/data/gallery/automobile/00010.png,automobile,0.663050
/home/emily/MMIP/week5/quiz1/data/query/automobile/00065.png,automobile,3,/home/emily/MMIP/week5/quiz1/data/gallery/automobile/00908.png,automobile,0.642534
/home/emily/MMIP/week5/quiz1/data/query/automobile/00065.png,automobile,4,/home/emily/MMIP/week5/quiz1/data/gallery/automobile/00782.png,automobile,0.640897
/home/emily/MMIP/week5/quiz1/data/query/automobile/00065.png,automobile,5,/home/emily/MMIP/week5/quiz1/data/gallery/automobile/00959.png,automobile,0.637300
/home/emily/MMIP/week5/quiz1/data/query/automobile/00066.png,automobile,1,/home/emily/MMIP/week5/quiz1/data/gallery/automobile/00644.png,automobile,0.771798
/home/emily/MMIP/week5/quiz1/data/query/automobile/00066.png,automobile,2,/home/emily/MMIP/week5/quiz1/data/gallery/automobile/00077.png,automobile,0.763470
/home/emily/MMIP/week5/quiz1/data/query/automobile/00066.png,automobile,3,/home/emily/MMIP/week5/quiz1/data/gallery/automobile/00191.png,automobile,0.723189
/home/emily/MMIP/week5/quiz1/data/query/automobile/00066.png,automobile,4,/home/emily/MMIP/week5/quiz1/data/gallery/automobile/00143.png,automobile,0.716919
/home/emily/MMIP/week5/quiz1/data/query/automobile/00066.png,automobile,5,/home/emily/MMIP/week5/quiz1/data/gallery/automobile/00325.png,automobile,0.715808
/home/emily/MMIP/week5/quiz1/data/query/automobile/00067.png,automobile,1,/home/emily/MMIP/week5/quiz1/data/gallery/automobile/00429.png,automobile,0.740167
/home/emily/MMIP/week5/quiz1/data/query/automobile/00067.png,automobile,2,/home/emily/MMIP/week5/quiz1/data/gallery/automobile/00184.png,automobile,0.737838
/home/emily/MMIP/week5/quiz1/data/query/automobile/00067.png,automobile,3,/home/emily/MMIP/week5/quiz1/data/gallery/automobile/00848.png,automobile,0.726690
/home/emily/MMIP/week5/quiz1/data/query/automobile/00067.png,automobile,4,/home/emily/MMIP/week5/quiz1/data/gallery/automobile/00048.png,automobile,0.726602
/home/emily/MMIP/week5/quiz1/data/query/automobile/00067.png,automobile,5,/home/emily/MMIP/week5/quiz1/data/gallery/automobile/00108.png,automobile,0.724693
/home/emily/MMIP/week5/quiz1/data/query/automobile/00068.png,automobile,1,/home/emily/MMIP/week5/quiz1/data/gallery/truck/00924.png,truck,0.711829
/home/emily/MMIP/week5/quiz1/data/query/automobile/00068.png,automobile,2,/home/emily/MMIP/week5/quiz1/data/gallery/truck/00690.png,truck,0.700697
/home/emily/MMIP/week5/quiz1/data/query/automobile/00068.png,automobile,3,/home/emily/MMIP/week5/quiz1/data/gallery/truck/00737.png,truck,0.695731
/home/emily/MMIP/week5/quiz1/data/query/automobile/00068.png,automobile,4,/home/emily/MMIP/week5/quiz1/data/gallery/truck/00159.png,truck,0.694634
/home/emily/MMIP/week5/quiz1/data/query/automobile/00068.png,automobile,5,/home/emily/MMIP/week5/quiz1/data/gallery/truck/00640.png,truck,0.694474
/home/emily/MMIP/week5/quiz1/data/query/automobile/00069.png,automobile,1,/home/emily/MMIP/week5/quiz1/data/gallery/automobile/00318.png,automobile,0.754371
/home/emily/MMIP/week5/quiz1/data/query/automobile/00069.png,automobile,2,/home/emily/MMIP/week5/quiz1/data/gallery/automobile/00664.png,automobile,0.743208
/home/emily/MMIP/week5/quiz1/data/query/automobile/00069.png,automobile,3,/home/emily/MMIP/week5/quiz1/data/gallery/automobile/00938.png,automobile,0.734016
/home/emily/MMIP/week5/quiz1/data/query/automobile/00069.png,automobile,4,/home/emily/MMIP/week5/quiz1/data/gallery/automobile/00251.png,automobile,0.730077
/home/emily/MMIP/week5/quiz1/data/query/automobile/00069.png,automobile,5,/home/emily/MMIP/week5/quiz1/data/gallery/automobile/00798.png,automobile,0.723832
/home/emily/MMIP/week5/quiz1/data/query/automobile/00070.png,automobile,1,/home/emily/MMIP/week5/quiz1/data/gallery/automobile/00941.png,automobile,0.858844
/home/emily/MMIP/week5/quiz1/data/query/automobile/00070.png,automobile,2,/home/emily/MMIP/week5/quiz1/data/gallery/automobile/00072.png,automobile,0.842374
/home/emily/MMIP/week5/quiz1/data/query/automobile/00070.png,automobile,3,/home/emily/MMIP/week5/quiz1/data/gallery/automobile/00904.png,automobile,0.835530
/home/emily/MMIP/week5/quiz1/data/query/automobile/00070.png,automobile,4,/home/emily/MMIP/week5/quiz1/data/gallery/automobile/00866.png,automobile,0.813902
/home/emily/MMIP/week5/quiz1/data/query/automobile/00070.png,automobile,5,/home/emily/MMIP/week5/quiz1/data/gallery/automobile/00681.png,automobile,0.811715
/home/emily/MMIP/week5/quiz1/data/query/automobile/00071.png,automobile,1,/home/emily/MMIP/week5/quiz1/data/gallery/automobile/00079.png,automobile,0.721019
/home/emily/MMIP/week5/quiz1/data/query/automobile/00071.png,automobile,2,/home/emily/MMIP/week5/quiz1/data/gallery/automobile/00225.png,automobile,0.720249
/home/emily/MMIP/week5/quiz1/data/query/automobile/00071.png,automobile,3,/home/emily/MMIP/week5/quiz1/data/gallery/automobile/00565.png,automobile,0.717816
/home/emily/MMIP/week5/quiz1/data/query/automobile/00071.png,automobile,4,/home/emily/MMIP/week5/quiz1/data/gallery/automobile/00991.png,automobile,0.707026
/home/emily/MMIP/week5/quiz1/data/query/automobile/00071.png,automobile,5,/home/emily/MMIP/week5/quiz1/data/gallery/automobile/00530.png,automobile,0.703892
/home/emily/MMIP/week5/quiz1/data/query/automobile/00072.png,automobile,1,/home/emily/MMIP/week5/quiz1/data/gallery/automobile/00772.png,automobile,0.765675
/home/emily/MMIP/week5/quiz1/data/query/automobile/00072.png,automobile,2,/home/emily/MMIP/week5/quiz1/data/gallery/automobile/00476.png,automobile,0.761925
/home/emily/MMIP/week5/quiz1/data/query/automobile/00072.png,automobile,3,/home/emily/MMIP/week5/quiz1/data/gallery/automobile/00429.png,automobile,0.752900
/home/emily/MMIP/week5/quiz1/data/query/automobile/00072.png,automobile,4,/home/emily/MMIP/week5/quiz1/data/gallery/automobile/00833.png,automobile,0.747018
/home/emily/MMIP/week5/quiz1/data/query/automobile/00072.png,automobile,5,/home/emily/MMIP/week5/quiz1/data/gallery/automobile/00591.png,automobile,0.746431
/home/emily/MMIP/week5/quiz1/data/query/automobile/00073.png,automobile,1,/home/emily/MMIP/week5/quiz1/data/gallery/automobile/00505.png,automobile,0.761239
/home/emily/MMIP/week5/quiz1/data/query/automobile/00073.png,automobile,2,/home/emily/MMIP/week5/quiz1/data/gallery/automobile/00512.png,automobile,0.750417
/home/emily/MMIP/week5/quiz1/data/query/automobile/00073.png,automobile,3,/home/emily/MMIP/week5/quiz1/data/gallery/automobile/00426.png,automobile,0.739812
/home/emily/MMIP/week5/quiz1/data/query/automobile/00073.png,automobile,4,/home/emily/MMIP/week5/quiz1/data/gallery/automobile/00582.png,automobile,0.734767
/home/emily/MMIP/week5/quiz1/data/query/automobile/00073.png,automobile,5,/home/emily/MMIP/week5/quiz1/data/gallery/automobile/00954.png,automobile,0.732737
/home/emily/MMIP/week5/quiz1/data/query/automobile/00074.png,automobile,1,/home/emily/MMIP/week5/quiz1/data/gallery/automobile/00837.png,automobile,0.769414
/home/emily/MMIP/week5/quiz1/data/query/automobile/00074.png,automobile,2,/home/emily/MMIP/week5/quiz1/data/gallery/automobile/00948.png,automobile,0.762995
/home/emily/MMIP/week5/quiz1/data/query/automobile/00074.png,automobile,3,/home/emily/MMIP/week5/quiz1/data/gallery/automobile/00596.png,automobile,0.755409
/home/emily/MMIP/week5/quiz1/data/query/automobile/00074.png,automobile,4,/home/emily/MMIP/week5/quiz1/data/gallery/automobile/00638.png,automobile,0.744291
/home/emily/MMIP/week5/quiz1/data/query/automobile/00074.png,automobile,5,/home/emily/MMIP/week5/quiz1/data/gallery/automobile/00988.png,automobile,0.743730
/home/emily/MMIP/week5/quiz1/data/query/automobile/00075.png,automobile,1,/home/emily/MMIP/week5/quiz1/data/gallery/automobile/00887.png,automobile,0.729750
/home/emily/MMIP/week5/quiz1/data/query/automobile/00075.png,automobile,2,/home/emily/MMIP/week5/quiz1/data/gallery/automobile/00404.png,automobile,0.706740
/home/emily/MMIP/week5/quiz1/data/query/automobile/00075.png,automobile,3,/home/emily/MMIP/week5/quiz1/data/gallery/automobile/00617.png,automobile,0.699352
/home/emily/MMIP/week5/quiz1/data/query/automobile/00075.png,automobile,4,/home/emily/MMIP/week5/quiz1/data/gallery/truck/00048.png,truck,0.698736
/home/emily/MMIP/week5/quiz1/data/query/automobile/00075.png,automobile,5,/home/emily/MMIP/week5/quiz1/data/gallery/automobile/00170.png,automobile,0.692251
/home/emily/MMIP/week5/quiz1/data/query/automobile/00076.png,automobile,1,/home/emily/MMIP/week5/quiz1/data/gallery/automobile/00530.png,automobile,0.702492
/home/emily/MMIP/week5/quiz1/data/query/automobile/00076.png,automobile,2,/home/emily/MMIP/week5/quiz1/data/gallery/automobile/00368.png,automobile,0.699134
/home/emily/MMIP/week5/quiz1/data/query/automobile/00076.png,automobile,3,/home/emily/MMIP/week5/quiz1/data/gallery/automobile/00034.png,automobile,0.694651
/home/emily/MMIP/week5/quiz1/data/query/automobile/00076.png,automobile,4,/home/emily/MMIP/week5/quiz1/data/gallery/automobile/00902.png,automobile,0.688686
/home/emily/MMIP/week5/quiz1/data/query/automobile/00076.png,automobile,5,/home/emily/MMIP/week5/quiz1/data/gallery/automobile/00220.png,automobile,0.688516
/home/emily/MMIP/week5/quiz1/data/query/automobile/00077.png,automobile,1,/home/emily/MMIP/week5/quiz1/data/gallery/automobile/00057.png,automobile,0.786544
/home/emily/MMIP/week5/quiz1/data/query/automobile/00077.png,automobile,2,/home/emily/MMIP/week5/quiz1/data/gallery/automobile/00273.png,automobile,0.772161
/home/emily/MMIP/week5/quiz1/data/query/automobile/00077.png,automobile,3,/home/emily/MMIP/week5/quiz1/data/gallery/automobile/00471.png,automobile,0.768690
/home/emily/MMIP/week5/quiz1/data/query/automobile/00077.png,automobile,4,/home/emily/MMIP/week5/quiz1/data/gallery/automobile/00274.png,automobile,0.767660
/home/emily/MMIP/week5/quiz1/data/query/automobile/00077.png,automobile,5,/home/emily/MMIP/week5/quiz1/data/gallery/automobile/00802.png,automobile,0.757646
/home/emily/MMIP/week5/quiz1/data/query/automobile/00078.png,automobile,1,/home/emily/MMIP/week5/quiz1/data/gallery/automobile/00132.png,automobile,0.742790
/home/emily/MMIP/week5/quiz1/data/query/automobile/00078.png,automobile,2,/home/emily/MMIP/week5/quiz1/data/gallery/automobile/00889.png,automobile,0.722014
/home/emily/MMIP/week5/quiz1/data/query/automobile/00078.png,automobile,3,/home/emily/MMIP/week5/quiz1/data/gallery/automobile/00573.png,automobile,0.717066
/home/emily/MMIP/week5/quiz1/data/query/automobile/00078.png,automobile,4,/home/emily/MMIP/week5/quiz1/data/gallery/automobile/00221.png,automobile,0.711025
/home/emily/MMIP/week5/quiz1/data/query/automobile/00078.png,automobile,5,/home/emily/MMIP/week5/quiz1/data/gallery/automobile/00036.png,automobile,0.708079
/home/emily/MMIP/week5/quiz1/data/query/automobile/00079.png,automobile,1,/home/emily/MMIP/week5/quiz1/data/gallery/automobile/00685.png,automobile,0.806139
/home/emily/MMIP/week5/quiz1/data/query/automobile/00079.png,automobile,2,/home/emily/MMIP/week5/quiz1/data/gallery/automobile/00951.png,automobile,0.789560
/home/emily/MMIP/week5/quiz1/data/query/automobile/00079.png,automobile,3,/home/emily/MMIP/week5/quiz1/data/gallery/automobile/00019.png,automobile,0.778684
/home/emily/MMIP/week5/quiz1/data/query/automobile/00079.png,automobile,4,/home/emily/MMIP/week5/quiz1/data/gallery/automobile/00175.png,automobile,0.757615
/home/emily/MMIP/week5/quiz1/data/query/automobile/00079.png,automobile,5,/home/emily/MMIP/week5/quiz1/data/gallery/automobile/00550.png,automobile,0.746348
/home/emily/MMIP/week5/quiz1/data/query/automobile/00080.png,automobile,1,/home/emily/MMIP/week5/quiz1/data/gallery/ship/00536.png,ship,0.602840
/home/emily/MMIP/week5/quiz1/data/query/automobile/00080.png,automobile,2,/home/emily/MMIP/week5/quiz1/data/gallery/ship/00804.png,ship,0.601503
/home/emily/MMIP/week5/quiz1/data/query/automobile/00080.png,automobile,3,/home/emily/MMIP/week5/quiz1/data/gallery/airplane/00446.png,airplane,0.591764
/home/emily/MMIP/week5/quiz1/data/query/automobile/00080.png,automobile,4,/home/emily/MMIP/week5/quiz1/data/gallery/ship/00580.png,ship,0.578188
/home/emily/MMIP/week5/quiz1/data/query/automobile/00080.png,automobile,5,/home/emily/MMIP/week5/quiz1/data/gallery/ship/00991.png,ship,0.565116
/home/emily/MMIP/week5/quiz1/data/query/automobile/00081.png,automobile,1,/home/emily/MMIP/week5/quiz1/data/gallery/automobile/00676.png,automobile,0.787366
/home/emily/MMIP/week5/quiz1/data/query/automobile/00081.png,automobile,2,/home/emily/MMIP/week5/quiz1/data/gallery/automobile/00938.png,automobile,0.776551
/home/emily/MMIP/week5/quiz1/data/query/automobile/00081.png,automobile,3,/home/emily/MMIP/week5/quiz1/data/gallery/automobile/00072.png,automobile,0.769795
/home/emily/MMIP/week5/quiz1/data/query/automobile/00081.png,automobile,4,/home/emily/MMIP/week5/quiz1/data/gallery/automobile/00393.png,automobile,0.760169
/home/emily/MMIP/week5/quiz1/data/query/automobile/00081.png,automobile,5,/home/emily/MMIP/week5/quiz1/data/gallery/automobile/00904.png,automobile,0.758970
/home/emily/MMIP/week5/quiz1/data/query/automobile/00082.png,automobile,1,/home/emily/MMIP/week5/quiz1/data/gallery/ship/00523.png,ship,0.611544
/home/emily/MMIP/week5/quiz1/data/query/automobile/00082.png,automobile,2,/home/emily/MMIP/week5/quiz1/data/gallery/automobile/00223.png,automobile,0.598774
/home/emily/MMIP/week5/quiz1/data/query/automobile/00082.png,automobile,3,/home/emily/MMIP/week5/quiz1/data/gallery/automobile/00115.png,automobile,0.590086
/home/emily/MMIP/week5/quiz1/data/query/automobile/00082.png,automobile,4,/home/emily/MMIP/week5/quiz1/data/gallery/ship/00730.png,ship,0.575648
/home/emily/MMIP/week5/quiz1/data/query/automobile/00082.png,automobile,5,/home/emily/MMIP/week5/quiz1/data/gallery/truck/00518.png,truck,0.574882
/home/emily/MMIP/week5/quiz1/data/query/automobile/00083.png,automobile,1,/home/emily/MMIP/week5/quiz1/data/gallery/automobile/00637.png,automobile,0.788814
/home/emily/MMIP/week5/quiz1/data/query/automobile/00083.png,automobile,2,/home/emily/MMIP/week5/quiz1/data/gallery/automobile/00282.png,automobile,0.785464
/home/emily/MMIP/week5/quiz1/data/query/automobile/00083.png,automobile,3,/home/emily/MMIP/week5/quiz1/data/gallery/automobile/00253.png,automobile,0.766448
/home/emily/MMIP/week5/quiz1/data/query/automobile/00083.png,automobile,4,/home/emily/MMIP/week5/quiz1/data/gallery/automobile/00686.png,automobile,0.766361
/home/emily/MMIP/week5/quiz1/data/query/automobile/00083.png,automobile,5,/home/emily/MMIP/week5/quiz1/data/gallery/automobile/00536.png,automobile,0.753114
/home/emily/MMIP/week5/quiz1/data/query/automobile/00084.png,automobile,1,/home/emily/MMIP/week5/quiz1/data/gallery/ship/00773.png,ship,0.569697
/home/emily/MMIP/week5/quiz1/data/query/automobile/00084.png,automobile,2,/home/emily/MMIP/week5/quiz1/data/gallery/automobile/00001.png,automobile,0.564681
/home/emily/MMIP/week5/quiz1/data/query/automobile/00084.png,automobile,3,/home/emily/MMIP/week5/quiz1/data/gallery/ship/00550.png,ship,0.562205
/home/emily/MMIP/week5/quiz1/data/query/automobile/00084.png,automobile,4,/home/emily/MMIP/week5/quiz1/data/gallery/automobile/00338.png,automobile,0.561826
/home/emily/MMIP/week5/quiz1/data/query/automobile/00084.png,automobile,5,/home/emily/MMIP/week5/quiz1/data/gallery/truck/00895.png,truck,0.551886
/home/emily/MMIP/week5/quiz1/data/query/automobile/00085.png,automobile,1,/home/emily/MMIP/week5/quiz1/data/gallery/automobile/00113.png,automobile,0.599484
/home/emily/MMIP/week5/quiz1/data/query/automobile/00085.png,automobile,2,/home/emily/MMIP/week5/quiz1/data/gallery/automobile/00594.png,automobile,0.595332
/home/emily/MMIP/week5/quiz1/data/query/automobile/00085.png,automobile,3,/home/emily/MMIP/week5/quiz1/data/gallery/automobile/00137.png,automobile,0.589301
/home/emily/MMIP/week5/quiz1/data/query/automobile/00085.png,automobile,4,/home/emily/MMIP/week5/quiz1/data/gallery/ship/00544.png,ship,0.571471
/home/emily/MMIP/week5/quiz1/data/query/automobile/00085.png,automobile,5,/home/emily/MMIP/week5/quiz1/data/gallery/automobile/00730.png,automobile,0.566949
/home/emily/MMIP/week5/quiz1/data/query/automobile/00086.png,automobile,1,/home/emily/MMIP/week5/quiz1/data/gallery/automobile/00845.png,automobile,0.801123
/home/emily/MMIP/week5/quiz1/data/query/automobile/00086.png,automobile,2,/home/emily/MMIP/week5/quiz1/data/gallery/automobile/00901.png,automobile,0.785123
/home/emily/MMIP/week5/quiz1/data/query/automobile/00086.png,automobile,3,/home/emily/MMIP/week5/quiz1/data/gallery/automobile/00104.png,automobile,0.783133
/home/emily/MMIP/week5/quiz1/data/query/automobile/00086.png,automobile,4,/home/emily/MMIP/week5/quiz1/data/gallery/automobile/00791.png,automobile,0.777971
/home/emily/MMIP/week5/quiz1/data/query/automobile/00086.png,automobile,5,/home/emily/MMIP/week5/quiz1/data/gallery/automobile/00225.png,automobile,0.777311
/home/emily/MMIP/week5/quiz1/data/query/automobile/00087.png,automobile,1,/home/emily/MMIP/week5/quiz1/data/gallery/automobile/00449.png,automobile,0.789926
/home/emily/MMIP/week5/quiz1/data/query/automobile/00087.png,automobile,2,/home/emily/MMIP/week5/quiz1/data/gallery/automobile/00833.png,automobile,0.788369
/home/emily/MMIP/week5/quiz1/data/query/automobile/00087.png,automobile,3,/home/emily/MMIP/week5/quiz1/data/gallery/automobile/00062.png,automobile,0.782051
/home/emily/MMIP/week5/quiz1/data/query/automobile/00087.png,automobile,4,/home/emily/MMIP/week5/quiz1/data/gallery/automobile/00471.png,automobile,0.778896
/home/emily/MMIP/week5/quiz1/data/query/automobile/00087.png,automobile,5,/home/emily/MMIP/week5/quiz1/data/gallery/automobile/00813.png,automobile,0.777944
/home/emily/MMIP/week5/quiz1/data/query/automobile/00088.png,automobile,1,/home/emily/MMIP/week5/quiz1/data/gallery/truck/00118.png,truck,0.670157
/home/emily/MMIP/week5/quiz1/data/query/automobile/00088.png,automobile,2,/home/emily/MMIP/week5/quiz1/data/gallery/truck/00519.png,truck,0.669554
/home/emily/MMIP/week5/quiz1/data/query/automobile/00088.png,automobile,3,/home/emily/MMIP/week5/quiz1/data/gallery/automobile/00630.png,automobile,0.669204
/home/emily/MMIP/week5/quiz1/data/query/automobile/00088.png,automobile,4,/home/emily/MMIP/week5/quiz1/data/gallery/truck/00643.png,truck,0.664913
/home/emily/MMIP/week5/quiz1/data/query/automobile/00088.png,automobile,5,/home/emily/MMIP/week5/quiz1/data/gallery/truck/00320.png,truck,0.663886
/home/emily/MMIP/week5/quiz1/data/query/automobile/00089.png,automobile,1,/home/emily/MMIP/week5/quiz1/data/gallery/truck/00405.png,truck,0.685321
/home/emily/MMIP/week5/quiz1/data/query/automobile/00089.png,automobile,2,/home/emily/MMIP/week5/quiz1/data/gallery/automobile/00739.png,automobile,0.663797
/home/emily/MMIP/week5/quiz1/data/query/automobile/00089.png,automobile,3,/home/emily/MMIP/week5/quiz1/data/gallery/truck/00825.png,truck,0.653069
/home/emily/MMIP/week5/quiz1/data/query/automobile/00089.png,automobile,4,/home/emily/MMIP/week5/quiz1/data/gallery/truck/00730.png,truck,0.648911
/home/emily/MMIP/week5/quiz1/data/query/automobile/00089.png,automobile,5,/home/emily/MMIP/week5/quiz1/data/gallery/truck/00578.png,truck,0.642527
/home/emily/MMIP/week5/quiz1/data/query/automobile/00090.png,automobile,1,/home/emily/MMIP/week5/quiz1/data/gallery/automobile/00924.png,automobile,0.731858
/home/emily/MMIP/week5/quiz1/data/query/automobile/00090.png,automobile,2,/home/emily/MMIP/week5/quiz1/data/gallery/automobile/00803.png,automobile,0.706871
/home/emily/MMIP/week5/quiz1/data/query/automobile/00090.png,automobile,3,/home/emily/MMIP/week5/quiz1/data/gallery/automobile/00401.png,automobile,0.689280
/home/emily/MMIP/week5/quiz1/data/query/automobile/00090.png,automobile,4,/home/emily/MMIP/week5/quiz1/data/gallery/automobile/00336.png,automobile,0.677932
/home/emily/MMIP/week5/quiz1/data/query/automobile/00090.png,automobile,5,/home/emily/MMIP/week5/quiz1/data/gallery/automobile/00558.png,automobile,0.664311
/home/emily/MMIP/week5/quiz1/data/query/automobile/00091.png,automobile,1,/home/emily/MMIP/week5/quiz1/data/gallery/automobile/00599.png,automobile,0.785634
/home/emily/MMIP/week5/quiz1/data/query/automobile/00091.png,automobile,2,/home/emily/MMIP/week5/quiz1/data/gallery/automobile/00510.png,automobile,0.771368
/home/emily/MMIP/week5/quiz1/data/query/automobile/00091.png,automobile,3,/home/emily/MMIP/week5/quiz1/data/gallery/automobile/00388.png,automobile,0.753417
/home/emily/MMIP/week5/quiz1/data/query/automobile/00091.png,automobile,4,/home/emily/MMIP/week5/quiz1/data/gallery/automobile/00485.png,automobile,0.733295
/home/emily/MMIP/week5/quiz1/data/query/automobile/00091.png,automobile,5,/home/emily/MMIP/week5/quiz1/data/gallery/automobile/00843.png,automobile,0.732753
/home/emily/MMIP/week5/quiz1/data/query/automobile/00092.png,automobile,1,/home/emily/MMIP/week5/quiz1/data/gallery/automobile/00883.png,automobile,0.731252
/home/emily/MMIP/week5/quiz1/data/query/automobile/00092.png,automobile,2,/home/emily/MMIP/week5/quiz1/data/gallery/automobile/00609.png,automobile,0.716365
/home/emily/MMIP/week5/quiz1/data/query/automobile/00092.png,automobile,3,/home/emily/MMIP/week5/quiz1/data/gallery/automobile/00834.png,automobile,0.708414
/home/emily/MMIP/week5/quiz1/data/query/automobile/00092.png,automobile,4,/home/emily/MMIP/week5/quiz1/data/gallery/automobile/00495.png,automobile,0.702656
/home/emily/MMIP/week5/quiz1/data/query/automobile/00092.png,automobile,5,/home/emily/MMIP/week5/quiz1/data/gallery/automobile/00754.png,automobile,0.701506
/home/emily/MMIP/week5/quiz1/data/query/automobile/00093.png,automobile,1,/home/emily/MMIP/week5/quiz1/data/gallery/automobile/00393.png,automobile,0.706662
/home/emily/MMIP/week5/quiz1/data/query/automobile/00093.png,automobile,2,/home/emily/MMIP/week5/quiz1/data/gallery/automobile/00279.png,automobile,0.689327
/home/emily/MMIP/week5/quiz1/data/query/automobile/00093.png,automobile,3,/home/emily/MMIP/week5/quiz1/data/gallery/automobile/00352.png,automobile,0.686003
/home/emily/MMIP/week5/quiz1/data/query/automobile/00093.png,automobile,4,/home/emily/MMIP/week5/quiz1/data/gallery/automobile/00904.png,automobile,0.682410
/home/emily/MMIP/week5/quiz1/data/query/automobile/00093.png,automobile,5,/home/emily/MMIP/week5/quiz1/data/gallery/automobile/00566.png,automobile,0.679419
/home/emily/MMIP/week5/quiz1/data/query/automobile/00094.png,automobile,1,/home/emily/MMIP/week5/quiz1/data/gallery/automobile/00663.png,automobile,0.648984
/home/emily/MMIP/week5/quiz1/data/query/automobile/00094.png,automobile,2,/home/emily/MMIP/week5/quiz1/data/gallery/automobile/00512.png,automobile,0.626536
/home/emily/MMIP/week5/quiz1/data/query/automobile/00094.png,automobile,3,/home/emily/MMIP/week5/quiz1/data/gallery/automobile/00747.png,automobile,0.624069
/home/emily/MMIP/week5/quiz1/data/query/automobile/00094.png,automobile,4,/home/emily/MMIP/week5/quiz1/data/gallery/automobile/00272.png,automobile,0.621618
/home/emily/MMIP/week5/quiz1/data/query/automobile/00094.png,automobile,5,/home/emily/MMIP/week5/quiz1/data/gallery/automobile/00608.png,automobile,0.620408
/home/emily/MMIP/week5/quiz1/data/query/automobile/00095.png,automobile,1,/home/emily/MMIP/week5/quiz1/data/gallery/automobile/00159.png,automobile,0.747909
/home/emily/MMIP/week5/quiz1/data/query/automobile/00095.png,automobile,2,/home/emily/MMIP/week5/quiz1/data/gallery/automobile/00332.png,automobile,0.738846
/home/emily/MMIP/week5/quiz1/data/query/automobile/00095.png,automobile,3,/home/emily/MMIP/week5/quiz1/data/gallery/automobile/00444.png,automobile,0.735603
/home/emily/MMIP/week5/quiz1/data/query/automobile/00095.png,automobile,4,/home/emily/MMIP/week5/quiz1/data/gallery/automobile/00648.png,automobile,0.721621
/home/emily/MMIP/week5/quiz1/data/query/automobile/00095.png,automobile,5,/home/emily/MMIP/week5/quiz1/data/gallery/automobile/00172.png,automobile,0.713128
/home/emily/MMIP/week5/quiz1/data/query/automobile/00096.png,automobile,1,/home/emily/MMIP/week5/quiz1/data/gallery/automobile/00417.png,automobile,0.633427
/home/emily/MMIP/week5/quiz1/data/query/automobile/00096.png,automobile,2,/home/emily/MMIP/week5/quiz1/data/gallery/automobile/00211.png,automobile,0.628342
/home/emily/MMIP/week5/quiz1/data/query/automobile/00096.png,automobile,3,/home/emily/MMIP/week5/quiz1/data/gallery/automobile/00490.png,automobile,0.619885
/home/emily/MMIP/week5/quiz1/data/query/automobile/00096.png,automobile,4,/home/emily/MMIP/week5/quiz1/data/gallery/automobile/00492.png,automobile,0.613755
/home/emily/MMIP/week5/quiz1/data/query/automobile/00096.png,automobile,5,/home/emily/MMIP/week5/quiz1/data/gallery/automobile/00858.png,automobile,0.611023
/home/emily/MMIP/week5/quiz1/data/query/automobile/00097.png,automobile,1,/home/emily/MMIP/week5/quiz1/data/gallery/automobile/00072.png,automobile,0.838363
/home/emily/MMIP/week5/quiz1/data/query/automobile/00097.png,automobile,2,/home/emily/MMIP/week5/quiz1/data/gallery/automobile/00798.png,automobile,0.815404
/home/emily/MMIP/week5/quiz1/data/query/automobile/00097.png,automobile,3,/home/emily/MMIP/week5/quiz1/data/gallery/automobile/00182.png,automobile,0.813250
/home/emily/MMIP/week5/quiz1/data/query/automobile/00097.png,automobile,4,/home/emily/MMIP/week5/quiz1/data/gallery/automobile/00251.png,automobile,0.812991
/home/emily/MMIP/week5/quiz1/data/query/automobile/00097.png,automobile,5,/home/emily/MMIP/week5/quiz1/data/gallery/automobile/00318.png,automobile,0.811681
/home/emily/MMIP/week5/quiz1/data/query/automobile/00098.png,automobile,1,/home/emily/MMIP/week5/quiz1/data/gallery/automobile/00599.png,automobile,0.651630
/home/emily/MMIP/week5/quiz1/data/query/automobile/00098.png,automobile,2,/home/emily/MMIP/week5/quiz1/data/gallery/automobile/00648.png,automobile,0.614825
/home/emily/MMIP/week5/quiz1/data/query/automobile/00098.png,automobile,3,/home/emily/MMIP/week5/quiz1/data/gallery/truck/00402.png,truck,0.610878
/home/emily/MMIP/week5/quiz1/data/query/automobile/00098.png,automobile,4,/home/emily/MMIP/week5/quiz1/data/gallery/automobile/00780.png,automobile,0.607264
/home/emily/MMIP/week5/quiz1/data/query/automobile/00098.png,automobile,5,/home/emily/MMIP/week5/quiz1/data/gallery/truck/00831.png,truck,0.603697
/home/emily/MMIP/week5/quiz1/data/query/automobile/00099.png,automobile,1,/home/emily/MMIP/week5/quiz1/data/gallery/automobile/00137.png,automobile,0.689235
/home/emily/MMIP/week5/quiz1/data/query/automobile/00099.png,automobile,2,/home/emily/MMIP/week5/quiz1/data/gallery/automobile/00810.png,automobile,0.675599
/home/emily/MMIP/week5/quiz1/data/query/automobile/00099.png,automobile,3,/home/emily/MMIP/week5/quiz1/data/gallery/automobile/00201.png,automobile,0.657044
/home/emily/MMIP/week5/quiz1/data/query/automobile/00099.png,automobile,4,/home/emily/MMIP/week5/quiz1/data/gallery/automobile/00366.png,automobile,0.648019
/home/emily/MMIP/week5/quiz1/data/query/automobile/00099.png,automobile,5,/home/emily/MMIP/week5/quiz1/data/gallery/automobile/00230.png,automobile,0.644376
/home/emily/MMIP/week5/quiz1/data/query/bird/00000.png,bird,1,/home/emily/MMIP/week5/quiz1/data/gallery/bird/00437.png,bird,0.550149
/home/emily/MMIP/week5/quiz1/data/query/bird/00000.png,bird,2,/home/emily/MMIP/week5/quiz1/data/gallery/bird/00582.png,bird,0.537142
/home/emily/MMIP/week5/quiz1/data/query/bird/00000.png,bird,3,/home/emily/MMIP/week5/quiz1/data/gallery/bird/00886.png,bird,0.511583
/home/emily/MMIP/week5/quiz1/data/query/bird/00000.png,bird,4,/home/emily/MMIP/week5/quiz1/data/gallery/bird/00244.png,bird,0.496091
/home/emily/MMIP/week5/quiz1/data/query/bird/00000.png,bird,5,/home/emily/MMIP/week5/quiz1/data/gallery/bird/00737.png,bird,0.478486
/home/emily/MMIP/week5/quiz1/data/query/bird/00001.png,bird,1,/home/emily/MMIP/week5/quiz1/data/gallery/bird/00510.png,bird,0.742774
/home/emily/MMIP/week5/quiz1/data/query/bird/00001.png,bird,2,/home/emily/MMIP/week5/quiz1/data/gallery/bird/00330.png,bird,0.715494
/home/emily/MMIP/week5/quiz1/data/query/bird/00001.png,bird,3,/home/emily/MMIP/week5/quiz1/data/gallery/bird/00807.png,bird,0.672252
/home/emily/MMIP/week5/quiz1/data/query/bird/00001.png,bird,4,/home/emily/MMIP/week5/quiz1/data/gallery/bird/00574.png,bird,0.672130
/home/emily/MMIP/week5/quiz1/data/query/bird/00001.png,bird,5,/home/emily/MMIP/week5/quiz1/data/gallery/bird/00230.png,bird,0.638008
/home/emily/MMIP/week5/quiz1/data/query/bird/00002.png,bird,1,/home/emily/MMIP/week5/quiz1/data/gallery/bird/00062.png,bird,0.713507
/home/emily/MMIP/week5/quiz1/data/query/bird/00002.png,bird,2,/home/emily/MMIP/week5/quiz1/data/gallery/bird/00573.png,bird,0.706524
/home/emily/MMIP/week5/quiz1/data/query/bird/00002.png,bird,3,/home/emily/MMIP/week5/quiz1/data/gallery/bird/00993.png,bird,0.664901
/home/emily/MMIP/week5/quiz1/data/query/bird/00002.png,bird,4,/home/emily/MMIP/week5/quiz1/data/gallery/bird/00054.png,bird,0.661812
/home/emily/MMIP/week5/quiz1/data/query/bird/00002.png,bird,5,/home/emily/MMIP/week5/quiz1/data/gallery/bird/00670.png,bird,0.650877
/home/emily/MMIP/week5/quiz1/data/query/bird/00003.png,bird,1,/home/emily/MMIP/week5/quiz1/data/gallery/bird/00545.png,bird,0.648790
/home/emily/MMIP/week5/quiz1/data/query/bird/00003.png,bird,2,/home/emily/MMIP/week5/quiz1/data/gallery/bird/00376.png,bird,0.642089
/home/emily/MMIP/week5/quiz1/data/query/bird/00003.png,bird,3,/home/emily/MMIP/week5/quiz1/data/gallery/bird/00958.png,bird,0.629581
/home/emily/MMIP/week5/quiz1/data/query/bird/00003.png,bird,4,/home/emily/MMIP/week5/quiz1/data/gallery/bird/00151.png,bird,0.625341
/home/emily/MMIP/week5/quiz1/data/query/bird/00003.png,bird,5,/home/emily/MMIP/week5/quiz1/data/gallery/bird/00358.png,bird,0.618512
/home/emily/MMIP/week5/quiz1/data/query/bird/00004.png,bird,1,/home/emily/MMIP/week5/quiz1/data/gallery/airplane/00521.png,airplane,0.556630
/home/emily/MMIP/week5/quiz1/data/query/bird/00004.png,bird,2,/home/emily/MMIP/week5/quiz1/data/gallery/bird/00841.png,bird,0.546612
/home/emily/MMIP/week5/quiz1/data/query/bird/00004.png,bird,3,/home/emily/MMIP/week5/quiz1/data/gallery/bird/00722.png,bird,0.531697
/home/emily/MMIP/week5/quiz1/data/query/bird/00004.png,bird,4,/home/emily/MMIP/week5/quiz1/data/gallery/bird/00406.png,bird,0.519854
/home/emily/MMIP/week5/quiz1/data/query/bird/00004.png,bird,5,/home/emily/MMIP/week5/quiz1/data/gallery/bird/00929.png,bird,0.488631
/home/emily/MMIP/week5/quiz1/data/query/bird/00005.png,bird,1,/home/emily/MMIP/week5/quiz1/data/gallery/bird/00192.png,bird,0.719929
/home/emily/MMIP/week5/quiz1/data/query/bird/00005.png,bird,2,/home/emily/MMIP/week5/quiz1/data/gallery/bird/00853.png,bird,0.701895
/home/emily/MMIP/week5/quiz1/data/query/bird/00005.png,bird,3,/home/emily/MMIP/week5/quiz1/data/gallery/bird/00270.png,bird,0.693382
/home/emily/MMIP/week5/quiz1/data/query/bird/00005.png,bird,4,/home/emily/MMIP/week5/quiz1/data/gallery/bird/00681.png,bird,0.672477
/home/emily/MMIP/week5/quiz1/data/query/bird/00005.png,bird,5,/home/emily/MMIP/week5/quiz1/data/gallery/bird/00313.png,bird,0.670647
/home/emily/MMIP/week5/quiz1/data/query/bird/00006.png,bird,1,/home/emily/MMIP/week5/quiz1/data/gallery/bird/00424.png,bird,0.586748
/home/emily/MMIP/week5/quiz1/data/query/bird/00006.png,bird,2,/home/emily/MMIP/week5/quiz1/data/gallery/bird/00280.png,bird,0.575497
/home/emily/MMIP/week5/quiz1/data/query/bird/00006.png,bird,3,/home/emily/MMIP/week5/quiz1/data/gallery/bird/00217.png,bird,0.568578
/home/emily/MMIP/week5/quiz1/data/query/bird/00006.png,bird,4,/home/emily/MMIP/week5/quiz1/data/gallery/bird/00884.png,bird,0.554132
/home/emily/MMIP/week5/quiz1/data/query/bird/00006.png,bird,5,/home/emily/MMIP/week5/quiz1/data/gallery/cat/00472.png,cat,0.550229
/home/emily/MMIP/week5/quiz1/data/query/bird/00007.png,bird,1,/home/emily/MMIP/week5/quiz1/data/gallery/bird/00061.png,bird,0.618029
/home/emily/MMIP/week5/quiz1/data/query/bird/00007.png,bird,2,/home/emily/MMIP/week5/quiz1/data/gallery/bird/00398.png,bird,0.563094
/home/emily/MMIP/week5/quiz1/data/query/bird/00007.png,bird,3,/home/emily/MMIP/week5/quiz1/data/gallery/frog/00081.png,frog,0.546307
/home/emily/MMIP/week5/quiz1/data/query/bird/00007.png,bird,4,/home/emily/MMIP/week5/quiz1/data/gallery/bird/00056.png,bird,0.543617
/home/emily/MMIP/week5/quiz1/data/query/bird/00007.png,bird,5,/home/emily/MMIP/week5/quiz1/data/gallery/airplane/00105.png,airplane,0.489507
/home/emily/MMIP/week5/quiz1/data/query/bird/00008.png,bird,1,/home/emily/MMIP/week5/quiz1/data/gallery/bird/00199.png,bird,0.710643
/home/emily/MMIP/week5/quiz1/data/query/bird/00008.png,bird,2,/home/emily/MMIP/week5/quiz1/data/gallery/bird/00993.png,bird,0.662446
/home/emily/MMIP/week5/quiz1/data/query/bird/00008.png,bird,3,/home/emily/MMIP/week5/quiz1/data/gallery/bird/00091.png,bird,0.652481
/home/emily/MMIP/week5/quiz1/data/query/bird/00008.png,bird,4,/home/emily/MMIP/week5/quiz1/data/gallery/bird/00097.png,bird,0.641746
/home/emily/MMIP/week5/quiz1/data/query/bird/00008.png,bird,5,/home/emily/MMIP/week5/quiz1/data/gallery/bird/00449.png,bird,0.615859
/home/emily/MMIP/week5/quiz1/data/query/bird/00009.png,bird,1,/home/emily/MMIP/week5/quiz1/data/gallery/bird/00952.png,bird,0.496461
/home/emily/MMIP/week5/quiz1/data/query/bird/00009.png,bird,2,/home/emily/MMIP/week5/quiz1/data/gallery/frog/00474.png,frog,0.494736
/home/emily/MMIP/week5/quiz1/data/query/bird/00009.png,bird,3,/home/emily/MMIP/week5/quiz1/data/gallery/cat/00900.png,cat,0.488180
/home/emily/MMIP/week5/quiz1/data/query/bird/00009.png,bird,4,/home/emily/MMIP/week5/quiz1/data/gallery/cat/00467.png,cat,0.486472
/home/emily/MMIP/week5/quiz1/data/query/bird/00009.png,bird,5,/home/emily/MMIP/week5/quiz1/data/gallery/frog/00648.png,frog,0.483965
/home/emily/MMIP/week5/quiz1/data/query/bird/00010.png,bird,1,/home/emily/MMIP/week5/quiz1/data/gallery/bird/00235.png,bird,0.684677
/home/emily/MMIP/week5/quiz1/data/query/bird/00010.png,bird,2,/home/emily/MMIP/week5/quiz1/data/gallery/bird/00177.png,bird,0.656462
/home/emily/MMIP/week5/quiz1/data/query/bird/00010.png,bird,3,/home/emily/MMIP/week5/quiz1/data/gallery/bird/00673.png,bird,0.635337
/home/emily/MMIP/week5/quiz1/data/query/bird/00010.png,bird,4,/home/emily/MMIP/week5/quiz1/data/gallery/bird/00668.png,bird,0.624662
/home/emily/MMIP/week5/quiz1/data/query/bird/00010.png,bird,5,/home/emily/MMIP/week5/quiz1/data/gallery/bird/00225.png,bird,0.621369
/home/emily/MMIP/week5/quiz1/data/query/bird/00011.png,bird,1,/home/emily/MMIP/week5/quiz1/data/gallery/bird/00545.png,bird,0.670665
/home/emily/MMIP/week5/quiz1/data/query/bird/00011.png,bird,2,/home/emily/MMIP/week5/quiz1/data/gallery/bird/00093.png,bird,0.646394
/home/emily/MMIP/week5/quiz1/data/query/bird/00011.png,bird,3,/home/emily/MMIP/week5/quiz1/data/gallery/bird/00636.png,bird,0.622236
/home/emily/MMIP/week5/quiz1/data/query/bird/00011.png,bird,4,/home/emily/MMIP/week5/quiz1/data/gallery/bird/00172.png,bird,0.615812
/home/emily/MMIP/week5/quiz1/data/query/bird/00011.png,bird,5,/home/emily/MMIP/week5/quiz1/data/gallery/bird/00333.png,bird,0.613491
/home/emily/MMIP/week5/quiz1/data/query/bird/00012.png,bird,1,/home/emily/MMIP/week5/quiz1/data/gallery/bird/00263.png,bird,0.757786
/home/emily/MMIP/week5/quiz1/data/query/bird/00012.png,bird,2,/home/emily/MMIP/week5/quiz1/data/gallery/bird/00452.png,bird,0.710559
/home/emily/MMIP/week5/quiz1/data/query/bird/00012.png,bird,3,/home/emily/MMIP/week5/quiz1/data/gallery/bird/00808.png,bird,0.701177
/home/emily/MMIP/week5/quiz1/data/query/bird/00012.png,bird,4,/home/emily/MMIP/week5/quiz1/data/gallery/bird/00835.png,bird,0.674669
/home/emily/MMIP/week5/quiz1/data/query/bird/00012.png,bird,5,/home/emily/MMIP/week5/quiz1/data/gallery/bird/00965.png,bird,0.662355
/home/emily/MMIP/week5/quiz1/data/query/bird/00013.png,bird,1,/home/emily/MMIP/week5/quiz1/data/gallery/bird/00583.png,bird,0.728200
/home/emily/MMIP/week5/quiz1/data/query/bird/00013.png,bird,2,/home/emily/MMIP/week5/quiz1/data/gallery/bird/00294.png,bird,0.688033
/home/emily/MMIP/week5/quiz1/data/query/bird/00013.png,bird,3,/home/emily/MMIP/week5/quiz1/data/gallery/bird/00498.png,bird,0.683645
/home/emily/MMIP/week5/quiz1/data/query/bird/00013.png,bird,4,/home/emily/MMIP/week5/quiz1/data/gallery/bird/00218.png,bird,0.680955
/home/emily/MMIP/week5/quiz1/data/query/bird/00013.png,bird,5,/home/emily/MMIP/week5/quiz1/data/gallery/bird/00708.png,bird,0.679540
/home/emily/MMIP/week5/quiz1/data/query/bird/00014.png,bird,1,/home/emily/MMIP/week5/quiz1/data/gallery/frog/00066.png,frog,0.462570
/home/emily/MMIP/week5/quiz1/data/query/bird/00014.png,bird,2,/home/emily/MMIP/week5/quiz1/data/gallery/dog/00330.png,dog,0.440365
/home/emily/MMIP/week5/quiz1/data/query/bird/00014.png,bird,3,/home/emily/MMIP/week5/quiz1/data/gallery/bird/00726.png,bird,0.425385
/home/emily/MMIP/week5/quiz1/data/query/bird/00014.png,bird,4,/home/emily/MMIP/week5/quiz1/data/gallery/dog/00565.png,dog,0.422292
/home/emily/MMIP/week5/quiz1/data/query/bird/00014.png,bird,5,/home/emily/MMIP/week5/quiz1/data/gallery/cat/00588.png,cat,0.420102
/home/emily/MMIP/week5/quiz1/data/query/bird/00015.png,bird,1,/home/emily/MMIP/week5/quiz1/data/gallery/cat/00772.png,cat,0.533406
/home/emily/MMIP/week5/quiz1/data/query/bird/00015.png,bird,2,/home/emily/MMIP/week5/quiz1/data/gallery/bird/00861.png,bird,0.533383
/home/emily/MMIP/week5/quiz1/data/query/bird/00015.png,bird,3,/home/emily/MMIP/week5/quiz1/data/gallery/bird/00137.png,bird,0.516717
/home/emily/MMIP/week5/quiz1/data/query/bird/00015.png,bird,4,/home/emily/MMIP/week5/quiz1/data/gallery/cat/00288.png,cat,0.505616
/home/emily/MMIP/week5/quiz1/data/query/bird/00015.png,bird,5,/home/emily/MMIP/week5/quiz1/data/gallery/dog/00530.png,dog,0.496539
/home/emily/MMIP/week5/quiz1/data/query/bird/00016.png,bird,1,/home/emily/MMIP/week5/quiz1/data/gallery/cat/00193.png,cat,0.462756
/home/emily/MMIP/week5/quiz1/data/query/bird/00016.png,bird,2,/home/emily/MMIP/week5/quiz1/data/gallery/cat/00150.png,cat,0.451760
/home/emily/MMIP/week5/quiz1/data/query/bird/00016.png,bird,3,/home/emily/MMIP/week5/quiz1/data/gallery/cat/00179.png,cat,0.445815
/home/emily/MMIP/week5/quiz1/data/query/bird/00016.png,bird,4,/home/emily/MMIP/week5/quiz1/data/gallery/cat/00883.png,cat,0.443320
/home/emily/MMIP/week5/quiz1/data/query/bird/00016.png,bird,5,/home/emily/MMIP/week5/quiz1/data/gallery/bird/00649.png,bird,0.440296
/home/emily/MMIP/week5/quiz1/data/query/bird/00017.png,bird,1,/home/emily/MMIP/week5/quiz1/data/gallery/bird/00344.png,bird,0.613540
/home/emily/MMIP/week5/quiz1/data/query/bird/00017.png,bird,2,/home/emily/MMIP/week5/quiz1/data/gallery/bird/00154.png,bird,0.613451
/home/emily/MMIP/week5/quiz1/data/query/bird/00017.png,bird,3,/home/emily/MMIP/week5/quiz1/data/gallery/bird/00020.png,bird,0.591907
/home/emily/MMIP/week5/quiz1/data/query/bird/00017.png,bird,4,/home/emily/MMIP/week5/quiz1/data/gallery/bird/00587.png,bird,0.579314
/home/emily/MMIP/week5/quiz1/data/query/bird/00017.png,bird,5,/home/emily/MMIP/week5/quiz1/data/gallery/bird/00200.png,bird,0.568927
/home/emily/MMIP/week5/quiz1/data/query/bird/00018.png,bird,1,/home/emily/MMIP/week5/quiz1/data/gallery/bird/00607.png,bird,0.685342
/home/emily/MMIP/week5/quiz1/data/query/bird/00018.png,bird,2,/home/emily/MMIP/week5/quiz1/data/gallery/bird/00480.png,bird,0.617293
/home/emily/MMIP/week5/quiz1/data/query/bird/00018.png,bird,3,/home/emily/MMIP/week5/quiz1/data/gallery/bird/00523.png,bird,0.608178
/home/emily/MMIP/week5/quiz1/data/query/bird/00018.png,bird,4,/home/emily/MMIP/week5/quiz1/data/gallery/bird/00755.png,bird,0.604582
/home/emily/MMIP/week5/quiz1/data/query/bird/00018.png,bird,5,/home/emily/MMIP/week5/quiz1/data/gallery/bird/00404.png,bird,0.591248
/home/emily/MMIP/week5/quiz1/data/query/bird/00019.png,bird,1,/home/emily/MMIP/week5/quiz1/data/gallery/frog/00366.png,frog,0.663047
/home/emily/MMIP/week5/quiz1/data/query/bird/00019.png,bird,2,/home/emily/MMIP/week5/quiz1/data/gallery/deer/00927.png,deer,0.625444
/home/emily/MMIP/week5/quiz1/data/query/bird/00019.png,bird,3,/home/emily/MMIP/week5/quiz1/data/gallery/bird/00844.png,bird,0.616822
/home/emily/MMIP/week5/quiz1/data/query/bird/00019.png,bird,4,/home/emily/MMIP/week5/quiz1/data/gallery/bird/00773.png,bird,0.615940
/home/emily/MMIP/week5/quiz1/data/query/bird/00019.png,bird,5,/home/emily/MMIP/week5/quiz1/data/gallery/frog/00695.png,frog,0.611209
/home/emily/MMIP/week5/quiz1/data/query/bird/00020.png,bird,1,/home/emily/MMIP/week5/quiz1/data/gallery/bird/00868.png,bird,0.569008
/home/emily/MMIP/week5/quiz1/data/query/bird/00020.png,bird,2,/home/emily/MMIP/week5/quiz1/data/gallery/deer/00107.png,deer,0.563431
/home/emily/MMIP/week5/quiz1/data/query/bird/00020.png,bird,3,/home/emily/MMIP/week5/quiz1/data/gallery/bird/00530.png,bird,0.550008
/home/emily/MMIP/week5/quiz1/data/query/bird/00020.png,bird,4,/home/emily/MMIP/week5/quiz1/data/gallery/deer/00874.png,deer,0.534618
/home/emily/MMIP/week5/quiz1/data/query/bird/00020.png,bird,5,/home/emily/MMIP/week5/quiz1/data/gallery/deer/00985.png,deer,0.524171
/home/emily/MMIP/week5/quiz1/data/query/bird/00021.png,bird,1,/home/emily/MMIP/week5/quiz1/data/gallery/bird/00740.png,bird,0.989707
/home/emily/MMIP/week5/quiz1/data/query/bird/00021.png,bird,2,/home/emily/MMIP/week5/quiz1/data/gallery/bird/00409.png,bird,0.692263
/home/emily/MMIP/week5/quiz1/data/query/bird/00021.png,bird,3,/home/emily/MMIP/week5/quiz1/data/gallery/bird/00127.png,bird,0.687744
/home/emily/MMIP/week5/quiz1/data/query/bird/00021.png,bird,4,/home/emily/MMIP/week5/quiz1/data/gallery/bird/00374.png,bird,0.684267
/home/emily/MMIP/week5/quiz1/data/query/bird/00021.png,bird,5,/home/emily/MMIP/week5/quiz1/data/gallery/bird/00216.png,bird,0.654219
/home/emily/MMIP/week5/quiz1/data/query/bird/00022.png,bird,1,/home/emily/MMIP/week5/quiz1/data/gallery/bird/00809.png,bird,0.575014
/home/emily/MMIP/week5/quiz1/data/query/bird/00022.png,bird,2,/home/emily/MMIP/week5/quiz1/data/gallery/bird/00398.png,bird,0.535375
/home/emily/MMIP/week5/quiz1/data/query/bird/00022.png,bird,3,/home/emily/MMIP/week5/quiz1/data/gallery/bird/00041.png,bird,0.519968
/home/emily/MMIP/week5/quiz1/data/query/bird/00022.png,bird,4,/home/emily/MMIP/week5/quiz1/data/gallery/bird/00354.png,bird,0.518370
/home/emily/MMIP/week5/quiz1/data/query/bird/00022.png,bird,5,/home/emily/MMIP/week5/quiz1/data/gallery/bird/00436.png,bird,0.513233
/home/emily/MMIP/week5/quiz1/data/query/bird/00023.png,bird,1,/home/emily/MMIP/week5/quiz1/data/gallery/bird/00178.png,bird,0.568820
/home/emily/MMIP/week5/quiz1/data/query/bird/00023.png,bird,2,/home/emily/MMIP/week5/quiz1/data/gallery/frog/00748.png,frog,0.551846
/home/emily/MMIP/week5/quiz1/data/query/bird/00023.png,bird,3,/home/emily/MMIP/week5/quiz1/data/gallery/cat/00047.png,cat,0.549908
/home/emily/MMIP/week5/quiz1/data/query/bird/00023.png,bird,4,/home/emily/MMIP/week5/quiz1/data/gallery/bird/00992.png,bird,0.548012
/home/emily/MMIP/week5/quiz1/data/query/bird/00023.png,bird,5,/home/emily/MMIP/week5/quiz1/data/gallery/bird/00780.png,bird,0.544418
/home/emily/MMIP/week5/quiz1/data/query/bird/00024.png,bird,1,/home/emily/MMIP/week5/quiz1/data/gallery/bird/00263.png,bird,0.605574
/home/emily/MMIP/week5/quiz1/data/query/bird/00024.png,bird,2,/home/emily/MMIP/week5/quiz1/data/gallery/bird/00224.png,bird,0.569962
/home/emily/MMIP/week5/quiz1/data/query/bird/00024.png,bird,3,/home/emily/MMIP/week5/quiz1/data/gallery/bird/00967.png,bird,0.561403
/home/emily/MMIP/week5/quiz1/data/query/bird/00024.png,bird,4,/home/emily/MMIP/week5/quiz1/data/gallery/bird/00933.png,bird,0.551910
/home/emily/MMIP/week5/quiz1/data/query/bird/00024.png,bird,5,/home/emily/MMIP/week5/quiz1/data/gallery/bird/00355.png,bird,0.534977
/home/emily/MMIP/week5/quiz1/data/query/bird/00025.png,bird,1,/home/emily/MMIP/week5/quiz1/data/gallery/bird/00356.png,bird,0.675027
/home/emily/MMIP/week5/quiz1/data/query/bird/00025.png,bird,2,/home/emily/MMIP/week5/quiz1/data/gallery/bird/00705.png,bird,0.593942
/home/emily/MMIP/week5/quiz1/data/query/bird/00025.png,bird,3,/home/emily/MMIP/week5/quiz1/data/gallery/bird/00619.png,bird,0.592407
/home/emily/MMIP/week5/quiz1/data/query/bird/00025.png,bird,4,/home/emily/MMIP/week5/quiz1/data/gallery/bird/00342.png,bird,0.582489
/home/emily/MMIP/week5/quiz1/data/query/bird/00025.png,bird,5,/home/emily/MMIP/week5/quiz1/data/gallery/bird/00868.png,bird,0.571657
/home/emily/MMIP/week5/quiz1/data/query/bird/00026.png,bird,1,/home/emily/MMIP/week5/quiz1/data/gallery/bird/00592.png,bird,0.783946
/home/emily/MMIP/week5/quiz1/data/query/bird/00026.png,bird,2,/home/emily/MMIP/week5/quiz1/data/gallery/bird/00410.png,bird,0.766382
/home/emily/MMIP/week5/quiz1/data/query/bird/00026.png,bird,3,/home/emily/MMIP/week5/quiz1/data/gallery/bird/00118.png,bird,0.714801
/home/emily/MMIP/week5/quiz1/data/query/bird/00026.png,bird,4,/home/emily/MMIP/week5/quiz1/data/gallery/bird/00601.png,bird,0.696939
/home/emily/MMIP/week5/quiz1/data/query/bird/00026.png,bird,5,/home/emily/MMIP/week5/quiz1/data/gallery/bird/00160.png,bird,0.692614
/home/emily/MMIP/week5/quiz1/data/query/bird/00027.png,bird,1,/home/emily/MMIP/week5/quiz1/data/gallery/bird/00321.png,bird,0.683916
/home/emily/MMIP/week5/quiz1/data/query/bird/00027.png,bird,2,/home/emily/MMIP/week5/quiz1/data/gallery/bird/00619.png,bird,0.682173
/home/emily/MMIP/week5/quiz1/data/query/bird/00027.png,bird,3,/home/emily/MMIP/week5/quiz1/data/gallery/bird/00329.png,bird,0.669694
/home/emily/MMIP/week5/quiz1/data/query/bird/00027.png,bird,4,/home/emily/MMIP/week5/quiz1/data/gallery/bird/00108.png,bird,0.666978
/home/emily/MMIP/week5/quiz1/data/query/bird/00027.png,bird,5,/home/emily/MMIP/week5/quiz1/data/gallery/bird/00990.png,bird,0.665806
/home/emily/MMIP/week5/quiz1/data/query/bird/00028.png,bird,1,/home/emily/MMIP/week5/quiz1/data/gallery/frog/00077.png,frog,0.682084
/home/emily/MMIP/week5/quiz1/data/query/bird/00028.png,bird,2,/home/emily/MMIP/week5/quiz1/data/gallery/bird/00047.png,bird,0.656924
/home/emily/MMIP/week5/quiz1/data/query/bird/00028.png,bird,3,/home/emily/MMIP/week5/quiz1/data/gallery/bird/00846.png,bird,0.625232
/home/emily/MMIP/week5/quiz1/data/query/bird/00028.png,bird,4,/home/emily/MMIP/week5/quiz1/data/gallery/bird/00199.png,bird,0.622476
/home/emily/MMIP/week5/quiz1/data/query/bird/00028.png,bird,5,/home/emily/MMIP/week5/quiz1/data/gallery/bird/00506.png,bird,0.610119
/home/emily/MMIP/week5/quiz1/data/query/bird/00029.png,bird,1,/home/emily/MMIP/week5/quiz1/data/gallery/bird/00166.png,bird,0.618567
/home/emily/MMIP/week5/quiz1/data/query/bird/00029.png,bird,2,/home/emily/MMIP/week5/quiz1/data/gallery/bird/00250.png,bird,0.608330
/home/emily/MMIP/week5/quiz1/data/query/bird/00029.png,bird,3,/home/emily/MMIP/week5/quiz1/data/gallery/bird/00294.png,bird,0.607886
/home/emily/MMIP/week5/quiz1/data/query/bird/00029.png,bird,4,/home/emily/MMIP/week5/quiz1/data/gallery/bird/00283.png,bird,0.592732
/home/emily/MMIP/week5/quiz1/data/query/bird/00029.png,bird,5,/home/emily/MMIP/week5/quiz1/data/gallery/bird/00718.png,bird,0.585566
/home/emily/MMIP/week5/quiz1/data/query/bird/00030.png,bird,1,/home/emily/MMIP/week5/quiz1/data/gallery/frog/00199.png,frog,0.508847
/home/emily/MMIP/week5/quiz1/data/query/bird/00030.png,bird,2,/home/emily/MMIP/week5/quiz1/data/gallery/frog/00368.png,frog,0.507929
/home/emily/MMIP/week5/quiz1/data/query/bird/00030.png,bird,3,/home/emily/MMIP/week5/quiz1/data/gallery/frog/00480.png,frog,0.501376
/home/emily/MMIP/week5/quiz1/data/query/bird/00030.png,bird,4,/home/emily/MMIP/week5/quiz1/data/gallery/frog/00451.png,frog,0.492215
/home/emily/MMIP/week5/quiz1/data/query/bird/00030.png,bird,5,/home/emily/MMIP/week5/quiz1/data/gallery/frog/00147.png,frog,0.488182
/home/emily/MMIP/week5/quiz1/data/query/bird/00031.png,bird,1,/home/emily/MMIP/week5/quiz1/data/gallery/bird/00626.png,bird,0.769493
/home/emily/MMIP/week5/quiz1/data/query/bird/00031.png,bird,2,/home/emily/MMIP/week5/quiz1/data/gallery/bird/00625.png,bird,0.766151
/home/emily/MMIP/week5/quiz1/data/query/bird/00031.png,bird,3,/home/emily/MMIP/week5/quiz1/data/gallery/bird/00782.png,bird,0.611476
/home/emily/MMIP/week5/quiz1/data/query/bird/00031.png,bird,4,/home/emily/MMIP/week5/quiz1/data/gallery/bird/00558.png,bird,0.585816
/home/emily/MMIP/week5/quiz1/data/query/bird/00031.png,bird,5,/home/emily/MMIP/week5/quiz1/data/gallery/bird/00541.png,bird,0.568890
/home/emily/MMIP/week5/quiz1/data/query/bird/00032.png,bird,1,/home/emily/MMIP/week5/quiz1/data/gallery/bird/00945.png,bird,0.637710
/home/emily/MMIP/week5/quiz1/data/query/bird/00032.png,bird,2,/home/emily/MMIP/week5/quiz1/data/gallery/bird/00837.png,bird,0.618961
/home/emily/MMIP/week5/quiz1/data/query/bird/00032.png,bird,3,/home/emily/MMIP/week5/quiz1/data/gallery/bird/00993.png,bird,0.617789
/home/emily/MMIP/week5/quiz1/data/query/bird/00032.png,bird,4,/home/emily/MMIP/week5/quiz1/data/gallery/bird/00054.png,bird,0.608701
/home/emily/MMIP/week5/quiz1/data/query/bird/00032.png,bird,5,/home/emily/MMIP/week5/quiz1/data/gallery/bird/00470.png,bird,0.601751
/home/emily/MMIP/week5/quiz1/data/query/bird/00033.png,bird,1,/home/emily/MMIP/week5/quiz1/data/gallery/frog/00467.png,frog,0.581666
/home/emily/MMIP/week5/quiz1/data/query/bird/00033.png,bird,2,/home/emily/MMIP/week5/quiz1/data/gallery/frog/00700.png,frog,0.570035
/home/emily/MMIP/week5/quiz1/data/query/bird/00033.png,bird,3,/home/emily/MMIP/week5/quiz1/data/gallery/frog/00506.png,frog,0.569206
/home/emily/MMIP/week5/quiz1/data/query/bird/00033.png,bird,4,/home/emily/MMIP/week5/quiz1/data/gallery/frog/00382.png,frog,0.542796
/home/emily/MMIP/week5/quiz1/data/query/bird/00033.png,bird,5,/home/emily/MMIP/week5/quiz1/data/gallery/frog/00191.png,frog,0.540415
/home/emily/MMIP/week5/quiz1/data/query/bird/00034.png,bird,1,/home/emily/MMIP/week5/quiz1/data/gallery/bird/00619.png,bird,0.656151
/home/emily/MMIP/week5/quiz1/data/query/bird/00034.png,bird,2,/home/emily/MMIP/week5/quiz1/data/gallery/bird/00321.png,bird,0.648404
/home/emily/MMIP/week5/quiz1/data/query/bird/00034.png,bird,3,/home/emily/MMIP/week5/quiz1/data/gallery/bird/00293.png,bird,0.639337
/home/emily/MMIP/week5/quiz1/data/query/bird/00034.png,bird,4,/home/emily/MMIP/week5/quiz1/data/gallery/bird/00747.png,bird,0.628313
/home/emily/MMIP/week5/quiz1/data/query/bird/00034.png,bird,5,/home/emily/MMIP/week5/quiz1/data/gallery/bird/00990.png,bird,0.622894
/home/emily/MMIP/week5/quiz1/data/query/bird/00035.png,bird,1,/home/emily/MMIP/week5/quiz1/data/gallery/bird/00425.png,bird,0.593285
/home/emily/MMIP/week5/quiz1/data/query/bird/00035.png,bird,2,/home/emily/MMIP/week5/quiz1/data/gallery/bird/00011.png,bird,0.577658
/home/emily/MMIP/week5/quiz1/data/query/bird/00035.png,bird,3,/home/emily/MMIP/week5/quiz1/data/gallery/bird/00287.png,bird,0.573117
/home/emily/MMIP/week5/quiz1/data/query/bird/00035.png,bird,4,/home/emily/MMIP/week5/quiz1/data/gallery/bird/00878.png,bird,0.558173
/home/emily/MMIP/week5/quiz1/data/query/bird/00035.png,bird,5,/home/emily/MMIP/week5/quiz1/data/gallery/bird/00187.png,bird,0.547608
/home/emily/MMIP/week5/quiz1/data/query/bird/00036.png,bird,1,/home/emily/MMIP/week5/quiz1/data/gallery/dog/00530.png,dog,0.690839
/home/emily/MMIP/week5/quiz1/data/query/bird/00036.png,bird,2,/home/emily/MMIP/week5/quiz1/data/gallery/frog/00944.png,frog,0.575860
/home/emily/MMIP/week5/quiz1/data/query/bird/00036.png,bird,3,/home/emily/MMIP/week5/quiz1/data/gallery/bird/00942.png,bird,0.573483
/home/emily/MMIP/week5/quiz1/data/query/bird/00036.png,bird,4,/home/emily/MMIP/week5/quiz1/data/gallery/bird/00502.png,bird,0.569820
/home/emily/MMIP/week5/quiz1/data/query/bird/00036.png,bird,5,/home/emily/MMIP/week5/quiz1/data/gallery/bird/00137.png,bird,0.569738
/home/emily/MMIP/week5/quiz1/data/query/bird/00037.png,bird,1,/home/emily/MMIP/week5/quiz1/data/gallery/bird/00796.png,bird,0.545408
/home/emily/MMIP/week5/quiz1/data/query/bird/00037.png,bird,2,/home/emily/MMIP/week5/quiz1/data/gallery/bird/00514.png,bird,0.493259
/home/emily/MMIP/week5/quiz1/data/query/bird/00037.png,bird,3,/home/emily/MMIP/week5/quiz1/data/gallery/bird/00004.png,bird,0.492042
/home/emily/MMIP/week5/quiz1/data/query/bird/00037.png,bird,4,/home/emily/MMIP/week5/quiz1/data/gallery/bird/00374.png,bird,0.492032
/home/emily/MMIP/week5/quiz1/data/query/bird/00037.png,bird,5,/home/emily/MMIP/week5/quiz1/data/gallery/bird/00930.png,bird,0.480405
/home/emily/MMIP/week5/quiz1/data/query/bird/00038.png,bird,1,/home/emily/MMIP/week5/quiz1/data/gallery/bird/00729.png,bird,0.614754
/home/emily/MMIP/week5/quiz1/data/query/bird/00038.png,bird,2,/home/emily/MMIP/week5/quiz1/data/gallery/bird/00672.png,bird,0.608161
/home/emily/MMIP/week5/quiz1/data/query/bird/00038.png,bird,3,/home/emily/MMIP/week5/quiz1/data/gallery/bird/00475.png,bird,0.579353
/home/emily/MMIP/week5/quiz1/data/query/bird/00038.png,bird,4,/home/emily/MMIP/week5/quiz1/data/gallery/bird/00450.png,bird,0.567713
/home/emily/MMIP/week5/quiz1/data/query/bird/00038.png,bird,5,/home/emily/MMIP/week5/quiz1/data/gallery/bird/00230.png,bird,0.564545
/home/emily/MMIP/week5/quiz1/data/query/bird/00039.png,bird,1,/home/emily/MMIP/week5/quiz1/data/gallery/bird/00837.png,bird,0.670973
/home/emily/MMIP/week5/quiz1/data/query/bird/00039.png,bird,2,/home/emily/MMIP/week5/quiz1/data/gallery/bird/00182.png,bird,0.649495
/home/emily/MMIP/week5/quiz1/data/query/bird/00039.png,bird,3,/home/emily/MMIP/week5/quiz1/data/gallery/bird/00698.png,bird,0.631658
/home/emily/MMIP/week5/quiz1/data/query/bird/00039.png,bird,4,/home/emily/MMIP/week5/quiz1/data/gallery/bird/00498.png,bird,0.626585
/home/emily/MMIP/week5/quiz1/data/query/bird/00039.png,bird,5,/home/emily/MMIP/week5/quiz1/data/gallery/bird/00851.png,bird,0.623676
/home/emily/MMIP/week5/quiz1/data/query/bird/00040.png,bird,1,/home/emily/MMIP/week5/quiz1/data/gallery/bird/00903.png,bird,0.693114
/home/emily/MMIP/week5/quiz1/data/query/bird/00040.png,bird,2,/home/emily/MMIP/week5/quiz1/data/gallery/bird/00669.png,bird,0.671038
/home/emily/MMIP/week5/quiz1/data/query/bird/00040.png,bird,3,/home/emily/MMIP/week5/quiz1/data/gallery/bird/00438.png,bird,0.656501
/home/emily/MMIP/week5/quiz1/data/query/bird/00040.png,bird,4,/home/emily/MMIP/week5/quiz1/data/gallery/bird/00634.png,bird,0.647003
/home/emily/MMIP/week5/quiz1/data/query/bird/00040.png,bird,5,/home/emily/MMIP/week5/quiz1/data/gallery/bird/00565.png,bird,0.639704
/home/emily/MMIP/week5/quiz1/data/query/bird/00041.png,bird,1,/home/emily/MMIP/week5/quiz1/data/gallery/deer/00728.png,deer,0.570253
/home/emily/MMIP/week5/quiz1/data/query/bird/00041.png,bird,2,/home/emily/MMIP/week5/quiz1/data/gallery/bird/00790.png,bird,0.559200
/home/emily/MMIP/week5/quiz1/data/query/bird/00041.png,bird,3,/home/emily/MMIP/week5/quiz1/data/gallery/deer/00785.png,deer,0.554346
/home/emily/MMIP/week5/quiz1/data/query/bird/00041.png,bird,4,/home/emily/MMIP/week5/quiz1/data/gallery/bird/00382.png,bird,0.536135
/home/emily/MMIP/week5/quiz1/data/query/bird/00041.png,bird,5,/home/emily/MMIP/week5/quiz1/data/gallery/deer/00048.png,deer,0.535204
/home/emily/MMIP/week5/quiz1/data/query/bird/00042.png,bird,1,/home/emily/MMIP/week5/quiz1/data/gallery/bird/00900.png,bird,0.647085
/home/emily/MMIP/week5/quiz1/data/query/bird/00042.png,bird,2,/home/emily/MMIP/week5/quiz1/data/gallery/bird/00912.png,bird,0.616000
/home/emily/MMIP/week5/quiz1/data/query/bird/00042.png,bird,3,/home/emily/MMIP/week5/quiz1/data/gallery/bird/00709.png,bird,0.610406
/home/emily/MMIP/week5/quiz1/data/query/bird/00042.png,bird,4,/home/emily/MMIP/week5/quiz1/data/gallery/bird/00276.png,bird,0.609393
/home/emily/MMIP/week5/quiz1/data/query/bird/00042.png,bird,5,/home/emily/MMIP/week5/quiz1/data/gallery/bird/00698.png,bird,0.579019
/home/emily/MMIP/week5/quiz1/data/query/bird/00043.png,bird,1,/home/emily/MMIP/week5/quiz1/data/gallery/bird/00775.png,bird,0.609987
/home/emily/MMIP/week5/quiz1/data/query/bird/00043.png,bird,2,/home/emily/MMIP/week5/quiz1/data/gallery/deer/00272.png,deer,0.602569
/home/emily/MMIP/week5/quiz1/data/query/bird/00043.png,bird,3,/home/emily/MMIP/week5/quiz1/data/gallery/bird/00220.png,bird,0.601591
/home/emily/MMIP/week5/quiz1/data/query/bird/00043.png,bird,4,/home/emily/MMIP/week5/quiz1/data/gallery/bird/00035.png,bird,0.598747
/home/emily/MMIP/week5/quiz1/data/query/bird/00043.png,bird,5,/home/emily/MMIP/week5/quiz1/data/gallery/bird/00297.png,bird,0.585250
/home/emily/MMIP/week5/quiz1/data/query/bird/00044.png,bird,1,/home/emily/MMIP/week5/quiz1/data/gallery/bird/00269.png,bird,0.648842
/home/emily/MMIP/week5/quiz1/data/query/bird/00044.png,bird,2,/home/emily/MMIP/week5/quiz1/data/gallery/bird/00369.png,bird,0.641525
/home/emily/MMIP/week5/quiz1/data/query/bird/00044.png,bird,3,/home/emily/MMIP/week5/quiz1/data/gallery/bird/00975.png,bird,0.615617
/home/emily/MMIP/week5/quiz1/data/query/bird/00044.png,bird,4,/home/emily/MMIP/week5/quiz1/data/gallery/bird/00328.png,bird,0.610050
/home/emily/MMIP/week5/quiz1/data/query/bird/00044.png,bird,5,/home/emily/MMIP/week5/quiz1/data/gallery/bird/00156.png,bird,0.608303
/home/emily/MMIP/week5/quiz1/data/query/bird/00045.png,bird,1,/home/emily/MMIP/week5/quiz1/data/gallery/bird/00515.png,bird,0.623722
/home/emily/MMIP/week5/quiz1/data/query/bird/00045.png,bird,2,/home/emily/MMIP/week5/quiz1/data/gallery/bird/00269.png,bird,0.569190
/home/emily/MMIP/week5/quiz1/data/query/bird/00045.png,bird,3,/home/emily/MMIP/week5/quiz1/data/gallery/bird/00183.png,bird,0.567071
/home/emily/MMIP/week5/quiz1/data/query/bird/00045.png,bird,4,/home/emily/MMIP/week5/quiz1/data/gallery/bird/00066.png,bird,0.557770
/home/emily/MMIP/week5/quiz1/data/query/bird/00045.png,bird,5,/home/emily/MMIP/week5/quiz1/data/gallery/bird/00737.png,bird,0.538007
/home/emily/MMIP/week5/quiz1/data/query/bird/00046.png,bird,1,/home/emily/MMIP/week5/quiz1/data/gallery/bird/00780.png,bird,0.746836
/home/emily/MMIP/week5/quiz1/data/query/bird/00046.png,bird,2,/home/emily/MMIP/week5/quiz1/data/gallery/bird/00402.png,bird,0.715203
/home/emily/MMIP/week5/quiz1/data/query/bird/00046.png,bird,3,/home/emily/MMIP/week5/quiz1/data/gallery/bird/00993.png,bird,0.712362
/home/emily/MMIP/week5/quiz1/data/query/bird/00046.png,bird,4,/home/emily/MMIP/week5/quiz1/data/gallery/bird/00178.png,bird,0.712228
/home/emily/MMIP/week5/quiz1/data/query/bird/00046.png,bird,5,/home/emily/MMIP/week5/quiz1/data/gallery/bird/00819.png,bird,0.705466
/home/emily/MMIP/week5/quiz1/data/query/bird/00047.png,bird,1,/home/emily/MMIP/week5/quiz1/data/gallery/bird/00999.png,bird,0.832824
/home/emily/MMIP/week5/quiz1/data/query/bird/00047.png,bird,2,/home/emily/MMIP/week5/quiz1/data/gallery/bird/00233.png,bird,0.668273
/home/emily/MMIP/week5/quiz1/data/query/bird/00047.png,bird,3,/home/emily/MMIP/week5/quiz1/data/gallery/bird/00744.png,bird,0.652078
/home/emily/MMIP/week5/quiz1/data/query/bird/00047.png,bird,4,/home/emily/MMIP/week5/quiz1/data/gallery/airplane/00800.png,airplane,0.643026
/home/emily/MMIP/week5/quiz1/data/query/bird/00047.png,bird,5,/home/emily/MMIP/week5/quiz1/data/gallery/bird/00344.png,bird,0.636996
/home/emily/MMIP/week5/quiz1/data/query/bird/00048.png,bird,1,/home/emily/MMIP/week5/quiz1/data/gallery/bird/00331.png,bird,0.731309
/home/emily/MMIP/week5/quiz1/data/query/bird/00048.png,bird,2,/home/emily/MMIP/week5/quiz1/data/gallery/bird/00856.png,bird,0.687156
/home/emily/MMIP/week5/quiz1/data/query/bird/00048.png,bird,3,/home/emily/MMIP/week5/quiz1/data/gallery/bird/00117.png,bird,0.673792
/home/emily/MMIP/week5/quiz1/data/query/bird/00048.png,bird,4,/home/emily/MMIP/week5/quiz1/data/gallery/bird/00702.png,bird,0.671480
/home/emily/MMIP/week5/quiz1/data/query/bird/00048.png,bird,5,/home/emily/MMIP/week5/quiz1/data/gallery/bird/00699.png,bird,0.650498
/home/emily/MMIP/week5/quiz1/data/query/bird/00049.png,bird,1,/home/emily/MMIP/week5/quiz1/data/gallery/bird/00647.png,bird,0.534736
/home/emily/MMIP/week5/quiz1/data/query/bird/00049.png,bird,2,/home/emily/MMIP/week5/quiz1/data/gallery/bird/00327.png,bird,0.527901
/home/emily/MMIP/week5/quiz1/data/query/bird/00049.png,bird,3,/home/emily/MMIP/week5/quiz1/data/gallery/bird/00475.png,bird,0.522198
/home/emily/MMIP/week5/quiz1/data/query/bird/00049.png,bird,4,/home/emily/MMIP/week5/quiz1/data/gallery/bird/00697.png,bird,0.510221
/home/emily/MMIP/week5/quiz1/data/query/bird/00049.png,bird,5,/home/emily/MMIP/week5/quiz1/data/gallery/bird/00037.png,bird,0.481533
/home/emily/MMIP/week5/quiz1/data/query/bird/00050.png,bird,1,/home/emily/MMIP/week5/quiz1/data/gallery/bird/00409.png,bird,0.743015
/home/emily/MMIP/week5/quiz1/data/query/bird/00050.png,bird,2,/home/emily/MMIP/week5/quiz1/data/gallery/bird/00177.png,bird,0.741687
/home/emily/MMIP/week5/quiz1/data/query/bird/00050.png,bird,3,/home/emily/MMIP/week5/quiz1/data/gallery/bird/00235.png,bird,0.704657
/home/emily/MMIP/week5/quiz1/data/query/bird/00050.png,bird,4,/home/emily/MMIP/week5/quiz1/data/gallery/bird/00980.png,bird,0.667178
/home/emily/MMIP/week5/quiz1/data/query/bird/00050.png,bird,5,/home/emily/MMIP/week5/quiz1/data/gallery/bird/00740.png,bird,0.662347
/home/emily/MMIP/week5/quiz1/data/query/bird/00051.png,bird,1,/home/emily/MMIP/week5/quiz1/data/gallery/bird/00773.png,bird,0.669101
/home/emily/MMIP/week5/quiz1/data/query/bird/00051.png,bird,2,/home/emily/MMIP/week5/quiz1/data/gallery/bird/00181.png,bird,0.648238
/home/emily/MMIP/week5/quiz1/data/query/bird/00051.png,bird,3,/home/emily/MMIP/week5/quiz1/data/gallery/frog/00704.png,frog,0.589160
/home/emily/MMIP/week5/quiz1/data/query/bird/00051.png,bird,4,/home/emily/MMIP/week5/quiz1/data/gallery/frog/00106.png,frog,0.584333
/home/emily/MMIP/week5/quiz1/data/query/bird/00051.png,bird,5,/home/emily/MMIP/week5/quiz1/data/gallery/frog/00660.png,frog,0.575324
/home/emily/MMIP/week5/quiz1/data/query/bird/00052.png,bird,1,/home/emily/MMIP/week5/quiz1/data/gallery/bird/00780.png,bird,0.680717
/home/emily/MMIP/week5/quiz1/data/query/bird/00052.png,bird,2,/home/emily/MMIP/week5/quiz1/data/gallery/bird/00115.png,bird,0.643176
/home/emily/MMIP/week5/quiz1/data/query/bird/00052.png,bird,3,/home/emily/MMIP/week5/quiz1/data/gallery/bird/00573.png,bird,0.642906
/home/emily/MMIP/week5/quiz1/data/query/bird/00052.png,bird,4,/home/emily/MMIP/week5/quiz1/data/gallery/bird/00178.png,bird,0.641648
/home/emily/MMIP/week5/quiz1/data/query/bird/00052.png,bird,5,/home/emily/MMIP/week5/quiz1/data/gallery/bird/00294.png,bird,0.639099
/home/emily/MMIP/week5/quiz1/data/query/bird/00053.png,bird,1,/home/emily/MMIP/week5/quiz1/data/gallery/bird/00032.png,bird,0.723878
/home/emily/MMIP/week5/quiz1/data/query/bird/00053.png,bird,2,/home/emily/MMIP/week5/quiz1/data/gallery/bird/00620.png,bird,0.711713
/home/emily/MMIP/week5/quiz1/data/query/bird/00053.png,bird,3,/home/emily/MMIP/week5/quiz1/data/gallery/bird/00592.png,bird,0.700111
/home/emily/MMIP/week5/quiz1/data/query/bird/00053.png,bird,4,/home/emily/MMIP/week5/quiz1/data/gallery/bird/00135.png,bird,0.699047
/home/emily/MMIP/week5/quiz1/data/query/bird/00053.png,bird,5,/home/emily/MMIP/week5/quiz1/data/gallery/bird/00775.png,bird,0.695703
/home/emily/MMIP/week5/quiz1/data/query/bird/00054.png,bird,1,/home/emily/MMIP/week5/quiz1/data/gallery/deer/00995.png,deer,0.606371
/home/emily/MMIP/week5/quiz1/data/query/bird/00054.png,bird,2,/home/emily/MMIP/week5/quiz1/data/gallery/deer/00177.png,deer,0.594158
/home/emily/MMIP/week5/quiz1/data/query/bird/00054.png,bird,3,/home/emily/MMIP/week5/quiz1/data/gallery/deer/00576.png,deer,0.587007
/home/emily/MMIP/week5/quiz1/data/query/bird/00054.png,bird,4,/home/emily/MMIP/week5/quiz1/data/gallery/deer/00464.png,deer,0.581922
/home/emily/MMIP/week5/quiz1/data/query/bird/00054.png,bird,5,/home/emily/MMIP/week5/quiz1/data/gallery/deer/00413.png,deer,0.581668
/home/emily/MMIP/week5/quiz1/data/query/bird/00055.png,bird,1,/home/emily/MMIP/week5/quiz1/data/gallery/bird/00177.png,bird,0.714199
/home/emily/MMIP/week5/quiz1/data/query/bird/00055.png,bird,2,/home/emily/MMIP/week5/quiz1/data/gallery/bird/00225.png,bird,0.704529
/home/emily/MMIP/week5/quiz1/data/query/bird/00055.png,bird,3,/home/emily/MMIP/week5/quiz1/data/gallery/bird/00785.png,bird,0.682045
/home/emily/MMIP/week5/quiz1/data/query/bird/00055.png,bird,4,/home/emily/MMIP/week5/quiz1/data/gallery/bird/00885.png,bird,0.679661
/home/emily/MMIP/week5/quiz1/data/query/bird/00055.png,bird,5,/home/emily/MMIP/week5/quiz1/data/gallery/bird/00478.png,bird,0.676139
/home/emily/MMIP/week5/quiz1/data/query/bird/00056.png,bird,1,/home/emily/MMIP/week5/quiz1/data/gallery/bird/00634.png,bird,0.697880
/home/emily/MMIP/week5/quiz1/data/query/bird/00056.png,bird,2,/home/emily/MMIP/week5/quiz1/data/gallery/bird/00113.png,bird,0.683827
/home/emily/MMIP/week5/quiz1/data/query/bird/00056.png,bird,3,/home/emily/MMIP/week5/quiz1/data/gallery/bird/00165.png,bird,0.680292
/home/emily/MMIP/week5/quiz1/data/query/bird/00056.png,bird,4,/home/emily/MMIP/week5/quiz1/data/gallery/bird/00054.png,bird,0.673322
/home/emily/MMIP/week5/quiz1/data/query/bird/00056.png,bird,5,/home/emily/MMIP/week5/quiz1/data/gallery/bird/00498.png,bird,0.671534
/home/emily/MMIP/week5/quiz1/data/query/bird/00057.png,bird,1,/home/emily/MMIP/week5/quiz1/data/gallery/bird/00054.png,bird,0.743371
/home/emily/MMIP/week5/quiz1/data/query/bird/00057.png,bird,2,/home/emily/MMIP/week5/quiz1/data/gallery/bird/00332.png,bird,0.730056
/home/emily/MMIP/week5/quiz1/data/query/bird/00057.png,bird,3,/home/emily/MMIP/week5/quiz1/data/gallery/bird/00717.png,bird,0.708502
/home/emily/MMIP/week5/quiz1/data/query/bird/00057.png,bird,4,/home/emily/MMIP/week5/quiz1/data/gallery/bird/00993.png,bird,0.706393
/home/emily/MMIP/week5/quiz1/data/query/bird/00057.png,bird,5,/home/emily/MMIP/week5/quiz1/data/gallery/bird/00670.png,bird,0.704760
/home/emily/MMIP/week5/quiz1/data/query/bird/00058.png,bird,1,/home/emily/MMIP/week5/quiz1/data/gallery/bird/00166.png,bird,0.657078
/home/emily/MMIP/week5/quiz1/data/query/bird/00058.png,bird,2,/home/emily/MMIP/week5/quiz1/data/gallery/bird/00098.png,bird,0.651881
/home/emily/MMIP/week5/quiz1/data/query/bird/00058.png,bird,3,/home/emily/MMIP/week5/quiz1/data/gallery/bird/00755.png,bird,0.645456
/home/emily/MMIP/week5/quiz1/data/query/bird/00058.png,bird,4,/home/emily/MMIP/week5/quiz1/data/gallery/bird/00498.png,bird,0.641404
/home/emily/MMIP/week5/quiz1/data/query/bird/00058.png,bird,5,/home/emily/MMIP/week5/quiz1/data/gallery/bird/00182.png,bird,0.631908
/home/emily/MMIP/week5/quiz1/data/query/bird/00059.png,bird,1,/home/emily/MMIP/week5/quiz1/data/gallery/bird/00643.png,bird,0.709057
/home/emily/MMIP/week5/quiz1/data/query/bird/00059.png,bird,2,/home/emily/MMIP/week5/quiz1/data/gallery/bird/00114.png,bird,0.679372
/home/emily/MMIP/week5/quiz1/data/query/bird/00059.png,bird,3,/home/emily/MMIP/week5/quiz1/data/gallery/bird/00816.png,bird,0.662970
/home/emily/MMIP/week5/quiz1/data/query/bird/00059.png,bird,4,/home/emily/MMIP/week5/quiz1/data/gallery/bird/00380.png,bird,0.658745
/home/emily/MMIP/week5/quiz1/data/query/bird/00059.png,bird,5,/home/emily/MMIP/week5/quiz1/data/gallery/bird/00701.png,bird,0.656378
/home/emily/MMIP/week5/quiz1/data/query/bird/00060.png,bird,1,/home/emily/MMIP/week5/quiz1/data/gallery/bird/00759.png,bird,0.564500
/home/emily/MMIP/week5/quiz1/data/query/bird/00060.png,bird,2,/home/emily/MMIP/week5/quiz1/data/gallery/bird/00647.png,bird,0.524865
/home/emily/MMIP/week5/quiz1/data/query/bird/00060.png,bird,3,/home/emily/MMIP/week5/quiz1/data/gallery/bird/00475.png,bird,0.494638
/home/emily/MMIP/week5/quiz1/data/query/bird/00060.png,bird,4,/home/emily/MMIP/week5/quiz1/data/gallery/bird/00796.png,bird,0.494434
/home/emily/MMIP/week5/quiz1/data/query/bird/00060.png,bird,5,/home/emily/MMIP/week5/quiz1/data/gallery/bird/00023.png,bird,0.484283
/home/emily/MMIP/week5/quiz1/data/query/bird/00061.png,bird,1,/home/emily/MMIP/week5/quiz1/data/gallery/bird/00277.png,bird,0.758083
/home/emily/MMIP/week5/quiz1/data/query/bird/00061.png,bird,2,/home/emily/MMIP/week5/quiz1/data/gallery/bird/00036.png,bird,0.749034
/home/emily/MMIP/week5/quiz1/data/query/bird/00061.png,bird,3,/home/emily/MMIP/week5/quiz1/data/gallery/bird/00683.png,bird,0.700132
/home/emily/MMIP/week5/quiz1/data/query/bird/00061.png,bird,4,/home/emily/MMIP/week5/quiz1/data/gallery/bird/00006.png,bird,0.662808
/home/emily/MMIP/week5/quiz1/data/query/bird/00061.png,bird,5,/home/emily/MMIP/week5/quiz1/data/gallery/bird/00394.png,bird,0.625474
/home/emily/MMIP/week5/quiz1/data/query/bird/00062.png,bird,1,/home/emily/MMIP/week5/quiz1/data/gallery/bird/00941.png,bird,0.564720
/home/emily/MMIP/week5/quiz1/data/query/bird/00062.png,bird,2,/home/emily/MMIP/week5/quiz1/data/gallery/bird/00060.png,bird,0.540655
/home/emily/MMIP/week5/quiz1/data/query/bird/00062.png,bird,3,/home/emily/MMIP/week5/quiz1/data/gallery/bird/00908.png,bird,0.511557
/home/emily/MMIP/week5/quiz1/data/query/bird/00062.png,bird,4,/home/emily/MMIP/week5/quiz1/data/gallery/bird/00585.png,bird,0.493891
/home/emily/MMIP/week5/quiz1/data/query/bird/00062.png,bird,5,/home/emily/MMIP/week5/quiz1/data/gallery/bird/00150.png,bird,0.489932
/home/emily/MMIP/week5/quiz1/data/query/bird/00063.png,bird,1,/home/emily/MMIP/week5/quiz1/data/gallery/bird/00316.png,bird,0.576512
/home/emily/MMIP/week5/quiz1/data/query/bird/00063.png,bird,2,/home/emily/MMIP/week5/quiz1/data/gallery/bird/00438.png,bird,0.575534
/home/emily/MMIP/week5/quiz1/data/query/bird/00063.png,bird,3,/home/emily/MMIP/week5/quiz1/data/gallery/bird/00694.png,bird,0.572581
/home/emily/MMIP/week5/quiz1/data/query/bird/00063.png,bird,4,/home/emily/MMIP/week5/quiz1/data/gallery/bird/00387.png,bird,0.561220
/home/emily/MMIP/week5/quiz1/data/query/bird/00063.png,bird,5,/home/emily/MMIP/week5/quiz1/data/gallery/bird/00163.png,bird,0.550016
/home/emily/MMIP/week5/quiz1/data/query/bird/00064.png,bird,1,/home/emily/MMIP/week5/quiz1/data/gallery/bird/00562.png,bird,0.766895
/home/emily/MMIP/week5/quiz1/data/query/bird/00064.png,bird,2,/home/emily/MMIP/week5/quiz1/data/gallery/bird/00764.png,bird,0.729875
/home/emily/MMIP/week5/quiz1/data/query/bird/00064.png,bird,3,/home/emily/MMIP/week5/quiz1/data/gallery/bird/00854.png,bird,0.702212
/home/emily/MMIP/week5/quiz1/data/query/bird/00064.png,bird,4,/home/emily/MMIP/week5/quiz1/data/gallery/bird/00564.png,bird,0.701342
/home/emily/MMIP/week5/quiz1/data/query/bird/00064.png,bird,5,/home/emily/MMIP/week5/quiz1/data/gallery/bird/00014.png,bird,0.692667
/home/emily/MMIP/week5/quiz1/data/query/bird/00065.png,bird,1,/home/emily/MMIP/week5/quiz1/data/gallery/bird/00509.png,bird,0.698308
/home/emily/MMIP/week5/quiz1/data/query/bird/00065.png,bird,2,/home/emily/MMIP/week5/quiz1/data/gallery/bird/00344.png,bird,0.682728
/home/emily/MMIP/week5/quiz1/data/query/bird/00065.png,bird,3,/home/emily/MMIP/week5/quiz1/data/gallery/bird/00587.png,bird,0.655546
/home/emily/MMIP/week5/quiz1/data/query/bird/00065.png,bird,4,/home/emily/MMIP/week5/quiz1/data/gallery/airplane/00028.png,airplane,0.615924
/home/emily/MMIP/week5/quiz1/data/query/bird/00065.png,bird,5,/home/emily/MMIP/week5/quiz1/data/gallery/bird/00999.png,bird,0.614296
/home/emily/MMIP/week5/quiz1/data/query/bird/00066.png,bird,1,/home/emily/MMIP/week5/quiz1/data/gallery/deer/00607.png,deer,0.554412
/home/emily/MMIP/week5/quiz1/data/query/bird/00066.png,bird,2,/home/emily/MMIP/week5/quiz1/data/gallery/deer/00298.png,deer,0.477288
/home/emily/MMIP/week5/quiz1/data/query/bird/00066.png,bird,3,/home/emily/MMIP/week5/quiz1/data/gallery/bird/00786.png,bird,0.455156
/home/emily/MMIP/week5/quiz1/data/query/bird/00066.png,bird,4,/home/emily/MMIP/week5/quiz1/data/gallery/deer/00246.png,deer,0.435567
/home/emily/MMIP/week5/quiz1/data/query/bird/00066.png,bird,5,/home/emily/MMIP/week5/quiz1/data/gallery/deer/00512.png,deer,0.429237
/home/emily/MMIP/week5/quiz1/data/query/bird/00067.png,bird,1,/home/emily/MMIP/week5/quiz1/data/gallery/bird/00912.png,bird,0.672963
/home/emily/MMIP/week5/quiz1/data/query/bird/00067.png,bird,2,/home/emily/MMIP/week5/quiz1/data/gallery/bird/00463.png,bird,0.661260
/home/emily/MMIP/week5/quiz1/data/query/bird/00067.png,bird,3,/home/emily/MMIP/week5/quiz1/data/gallery/bird/00091.png,bird,0.649038
/home/emily/MMIP/week5/quiz1/data/query/bird/00067.png,bird,4,/home/emily/MMIP/week5/quiz1/data/gallery/bird/00140.png,bird,0.643629
/home/emily/MMIP/week5/quiz1/data/query/bird/00067.png,bird,5,/home/emily/MMIP/week5/quiz1/data/gallery/bird/00495.png,bird,0.629349
/home/emily/MMIP/week5/quiz1/data/query/bird/00068.png,bird,1,/home/emily/MMIP/week5/quiz1/data/gallery/bird/00463.png,bird,0.652520
/home/emily/MMIP/week5/quiz1/data/query/bird/00068.png,bird,2,/home/emily/MMIP/week5/quiz1/data/gallery/bird/00817.png,bird,0.632565
/home/emily/MMIP/week5/quiz1/data/query/bird/00068.png,bird,3,/home/emily/MMIP/week5/quiz1/data/gallery/bird/00272.png,bird,0.632471
/home/emily/MMIP/week5/quiz1/data/query/bird/00068.png,bird,4,/home/emily/MMIP/week5/quiz1/data/gallery/bird/00518.png,bird,0.603519
/home/emily/MMIP/week5/quiz1/data/query/bird/00068.png,bird,5,/home/emily/MMIP/week5/quiz1/data/gallery/bird/00350.png,bird,0.591472
/home/emily/MMIP/week5/quiz1/data/query/bird/00069.png,bird,1,/home/emily/MMIP/week5/quiz1/data/gallery/ship/00612.png,ship,0.558203
/home/emily/MMIP/week5/quiz1/data/query/bird/00069.png,bird,2,/home/emily/MMIP/week5/quiz1/data/gallery/ship/00389.png,ship,0.554817
/home/emily/MMIP/week5/quiz1/data/query/bird/00069.png,bird,3,/home/emily/MMIP/week5/quiz1/data/gallery/ship/00978.png,ship,0.541706
/home/emily/MMIP/week5/quiz1/data/query/bird/00069.png,bird,4,/home/emily/MMIP/week5/quiz1/data/gallery/ship/00296.png,ship,0.531902
/home/emily/MMIP/week5/quiz1/data/query/bird/00069.png,bird,5,/home/emily/MMIP/week5/quiz1/data/gallery/ship/00041.png,ship,0.531899
/home/emily/MMIP/week5/quiz1/data/query/bird/00070.png,bird,1,/home/emily/MMIP/week5/quiz1/data/gallery/bird/00013.png,bird,0.549686
/home/emily/MMIP/week5/quiz1/data/query/bird/00070.png,bird,2,/home/emily/MMIP/week5/quiz1/data/gallery/bird/00210.png,bird,0.532743
/home/emily/MMIP/week5/quiz1/data/query/bird/00070.png,bird,3,/home/emily/MMIP/week5/quiz1/data/gallery/airplane/00521.png,airplane,0.509226
/home/emily/MMIP/week5/quiz1/data/query/bird/00070.png,bird,4,/home/emily/MMIP/week5/quiz1/data/gallery/bird/00617.png,bird,0.505081
/home/emily/MMIP/week5/quiz1/data/query/bird/00070.png,bird,5,/home/emily/MMIP/week5/quiz1/data/gallery/bird/00168.png,bird,0.496884
/home/emily/MMIP/week5/quiz1/data/query/bird/00071.png,bird,1,/home/emily/MMIP/week5/quiz1/data/gallery/bird/00501.png,bird,0.578627
/home/emily/MMIP/week5/quiz1/data/query/bird/00071.png,bird,2,/home/emily/MMIP/week5/quiz1/data/gallery/bird/00984.png,bird,0.558033
/home/emily/MMIP/week5/quiz1/data/query/bird/00071.png,bird,3,/home/emily/MMIP/week5/quiz1/data/gallery/bird/00899.png,bird,0.552995
/home/emily/MMIP/week5/quiz1/data/query/bird/00071.png,bird,4,/home/emily/MMIP/week5/quiz1/data/gallery/bird/00721.png,bird,0.544935
/home/emily/MMIP/week5/quiz1/data/query/bird/00071.png,bird,5,/home/emily/MMIP/week5/quiz1/data/gallery/bird/00991.png,bird,0.543094
/home/emily/MMIP/week5/quiz1/data/query/bird/00072.png,bird,1,/home/emily/MMIP/week5/quiz1/data/gallery/bird/00295.png,bird,0.718397
/home/emily/MMIP/week5/quiz1/data/query/bird/00072.png,bird,2,/home/emily/MMIP/week5/quiz1/data/gallery/bird/00709.png,bird,0.704059
/home/emily/MMIP/week5/quiz1/data/query/bird/00072.png,bird,3,/home/emily/MMIP/week5/quiz1/data/gallery/bird/00507.png,bird,0.692202
/home/emily/MMIP/week5/quiz1/data/query/bird/00072.png,bird,4,/home/emily/MMIP/week5/quiz1/data/gallery/bird/00055.png,bird,0.685522
/home/emily/MMIP/week5/quiz1/data/query/bird/00072.png,bird,5,/home/emily/MMIP/week5/quiz1/data/gallery/bird/00898.png,bird,0.681158
/home/emily/MMIP/week5/quiz1/data/query/bird/00073.png,bird,1,/home/emily/MMIP/week5/quiz1/data/gallery/airplane/00756.png,airplane,0.652193
/home/emily/MMIP/week5/quiz1/data/query/bird/00073.png,bird,2,/home/emily/MMIP/week5/quiz1/data/gallery/bird/00233.png,bird,0.647430
/home/emily/MMIP/week5/quiz1/data/query/bird/00073.png,bird,3,/home/emily/MMIP/week5/quiz1/data/gallery/bird/00200.png,bird,0.630505
/home/emily/MMIP/week5/quiz1/data/query/bird/00073.png,bird,4,/home/emily/MMIP/week5/quiz1/data/gallery/bird/00782.png,bird,0.624100
/home/emily/MMIP/week5/quiz1/data/query/bird/00073.png,bird,5,/home/emily/MMIP/week5/quiz1/data/gallery/bird/00028.png,bird,0.613202
/home/emily/MMIP/week5/quiz1/data/query/bird/00074.png,bird,1,/home/emily/MMIP/week5/quiz1/data/gallery/bird/00300.png,bird,0.731893
/home/emily/MMIP/week5/quiz1/data/query/bird/00074.png,bird,2,/home/emily/MMIP/week5/quiz1/data/gallery/bird/00993.png,bird,0.717818
/home/emily/MMIP/week5/quiz1/data/query/bird/00074.png,bird,3,/home/emily/MMIP/week5/quiz1/data/gallery/bird/00819.png,bird,0.706142
/home/emily/MMIP/week5/quiz1/data/query/bird/00074.png,bird,4,/home/emily/MMIP/week5/quiz1/data/gallery/bird/00871.png,bird,0.699338
/home/emily/MMIP/week5/quiz1/data/query/bird/00074.png,bird,5,/home/emily/MMIP/week5/quiz1/data/gallery/bird/00851.png,bird,0.689849
/home/emily/MMIP/week5/quiz1/data/query/bird/00075.png,bird,1,/home/emily/MMIP/week5/quiz1/data/gallery/bird/00167.png,bird,0.575413
/home/emily/MMIP/week5/quiz1/data/query/bird/00075.png,bird,2,/home/emily/MMIP/week5/quiz1/data/gallery/bird/00468.png,bird,0.546207
/home/emily/MMIP/week5/quiz1/data/query/bird/00075.png,bird,3,/home/emily/MMIP/week5/quiz1/data/gallery/bird/00037.png,bird,0.540250
/home/emily/MMIP/week5/quiz1/data/query/bird/00075.png,bird,4,/home/emily/MMIP/week5/quiz1/data/gallery/bird/00356.png,bird,0.539137
/home/emily/MMIP/week5/quiz1/data/query/bird/00075.png,bird,5,/home/emily/MMIP/week5/quiz1/data/gallery/bird/00919.png,bird,0.533267
/home/emily/MMIP/week5/quiz1/data/query/bird/00076.png,bird,1,/home/emily/MMIP/week5/quiz1/data/gallery/bird/00090.png,bird,0.597957
/home/emily/MMIP/week5/quiz1/data/query/bird/00076.png,bird,2,/home/emily/MMIP/week5/quiz1/data/gallery/bird/00498.png,bird,0.582213
/home/emily/MMIP/week5/quiz1/data/query/bird/00076.png,bird,3,/home/emily/MMIP/week5/quiz1/data/gallery/bird/00811.png,bird,0.576983
/home/emily/MMIP/week5/quiz1/data/query/bird/00076.png,bird,4,/home/emily/MMIP/week5/quiz1/data/gallery/bird/00133.png,bird,0.571904
/home/emily/MMIP/week5/quiz1/data/query/bird/00076.png,bird,5,/home/emily/MMIP/week5/quiz1/data/gallery/bird/00924.png,bird,0.568870
/home/emily/MMIP/week5/quiz1/data/query/bird/00077.png,bird,1,/home/emily/MMIP/week5/quiz1/data/gallery/bird/00293.png,bird,0.744691
/home/emily/MMIP/week5/quiz1/data/query/bird/00077.png,bird,2,/home/emily/MMIP/week5/quiz1/data/gallery/bird/00747.png,bird,0.719906
/home/emily/MMIP/week5/quiz1/data/query/bird/00077.png,bird,3,/home/emily/MMIP/week5/quiz1/data/gallery/bird/00044.png,bird,0.719901
/home/emily/MMIP/week5/quiz1/data/query/bird/00077.png,bird,4,/home/emily/MMIP/week5/quiz1/data/gallery/bird/00686.png,bird,0.696828
/home/emily/MMIP/week5/quiz1/data/query/bird/00077.png,bird,5,/home/emily/MMIP/week5/quiz1/data/gallery/bird/00553.png,bird,0.694107
/home/emily/MMIP/week5/quiz1/data/query/bird/00078.png,bird,1,/home/emily/MMIP/week5/quiz1/data/gallery/bird/00346.png,bird,0.582426
/home/emily/MMIP/week5/quiz1/data/query/bird/00078.png,bird,2,/home/emily/MMIP/week5/quiz1/data/gallery/bird/00187.png,bird,0.574675
/home/emily/MMIP/week5/quiz1/data/query/bird/00078.png,bird,3,/home/emily/MMIP/week5/quiz1/data/gallery/bird/00022.png,bird,0.528156
/home/emily/MMIP/week5/quiz1/data/query/bird/00078.png,bird,4,/home/emily/MMIP/week5/quiz1/data/gallery/bird/00269.png,bird,0.513025
/home/emily/MMIP/week5/quiz1/data/query/bird/00078.png,bird,5,/home/emily/MMIP/week5/quiz1/data/gallery/bird/00966.png,bird,0.503053
/home/emily/MMIP/week5/quiz1/data/query/bird/00079.png,bird,1,/home/emily/MMIP/week5/quiz1/data/gallery/dog/00244.png,dog,0.640339
/home/emily/MMIP/week5/quiz1/data/query/bird/00079.png,bird,2,/home/emily/MMIP/week5/quiz1/data/gallery/cat/00816.png,cat,0.619794
/home/emily/MMIP/week5/quiz1/data/query/bird/00079.png,bird,3,/home/emily/MMIP/week5/quiz1/data/gallery/dog/00029.png,dog,0.617473
/home/emily/MMIP/week5/quiz1/data/query/bird/00079.png,bird,4,/home/emily/MMIP/week5/quiz1/data/gallery/dog/00658.png,dog,0.609297
/home/emily/MMIP/week5/quiz1/data/query/bird/00079.png,bird,5,/home/emily/MMIP/week5/quiz1/data/gallery/dog/00225.png,dog,0.585428
/home/emily/MMIP/week5/quiz1/data/query/bird/00080.png,bird,1,/home/emily/MMIP/week5/quiz1/data/gallery/bird/00732.png,bird,0.717144
/home/emily/MMIP/week5/quiz1/data/query/bird/00080.png,bird,2,/home/emily/MMIP/week5/quiz1/data/gallery/deer/00239.png,deer,0.627766
/home/emily/MMIP/week5/quiz1/data/query/bird/00080.png,bird,3,/home/emily/MMIP/week5/quiz1/data/gallery/deer/00413.png,deer,0.605722
/home/emily/MMIP/week5/quiz1/data/query/bird/00080.png,bird,4,/home/emily/MMIP/week5/quiz1/data/gallery/bird/00476.png,bird,0.599341
/home/emily/MMIP/week5/quiz1/data/query/bird/00080.png,bird,5,/home/emily/MMIP/week5/quiz1/data/gallery/deer/00665.png,deer,0.591909
/home/emily/MMIP/week5/quiz1/data/query/bird/00081.png,bird,1,/home/emily/MMIP/week5/quiz1/data/gallery/bird/00761.png,bird,0.678241
/home/emily/MMIP/week5/quiz1/data/query/bird/00081.png,bird,2,/home/emily/MMIP/week5/quiz1/data/gallery/bird/00993.png,bird,0.652614
/home/emily/MMIP/week5/quiz1/data/query/bird/00081.png,bird,3,/home/emily/MMIP/week5/quiz1/data/gallery/bird/00365.png,bird,0.637792
/home/emily/MMIP/week5/quiz1/data/query/bird/00081.png,bird,4,/home/emily/MMIP/week5/quiz1/data/gallery/bird/00340.png,bird,0.632529
/home/emily/MMIP/week5/quiz1/data/query/bird/00081.png,bird,5,/home/emily/MMIP/week5/quiz1/data/gallery/bird/00032.png,bird,0.628298
/home/emily/MMIP/week5/quiz1/data/query/bird/00082.png,bird,1,/home/emily/MMIP/week5/quiz1/data/gallery/bird/00417.png,bird,0.531284
/home/emily/MMIP/week5/quiz1/data/query/bird/00082.png,bird,2,/home/emily/MMIP/week5/quiz1/data/gallery/bird/00699.png,bird,0.519593
/home/emily/MMIP/week5/quiz1/data/query/bird/00082.png,bird,3,/home/emily/MMIP/week5/quiz1/data/gallery/bird/00852.png,bird,0.514735
/home/emily/MMIP/week5/quiz1/data/query/bird/00082.png,bird,4,/home/emily/MMIP/week5/quiz1/data/gallery/bird/00095.png,bird,0.513443
/home/emily/MMIP/week5/quiz1/data/query/bird/00082.png,bird,5,/home/emily/MMIP/week5/quiz1/data/gallery/bird/00290.png,bird,0.499486
/home/emily/MMIP/week5/quiz1/data/query/bird/00083.png,bird,1,/home/emily/MMIP/week5/quiz1/data/gallery/bird/00017.png,bird,0.754887
/home/emily/MMIP/week5/quiz1/data/query/bird/00083.png,bird,2,/home/emily/MMIP/week5/quiz1/data/gallery/bird/00014.png,bird,0.741017
/home/emily/MMIP/week5/quiz1/data/query/bird/00083.png,bird,3,/home/emily/MMIP/week5/quiz1/data/gallery/bird/00819.png,bird,0.740769
/home/emily/MMIP/week5/quiz1/data/query/bird/00083.png,bird,4,/home/emily/MMIP/week5/quiz1/data/gallery/bird/00993.png,bird,0.733973
/home/emily/MMIP/week5/quiz1/data/query/bird/00083.png,bird,5,/home/emily/MMIP/week5/quiz1/data/gallery/bird/00178.png,bird,0.716151
/home/emily/MMIP/week5/quiz1/data/query/bird/00084.png,bird,1,/home/emily/MMIP/week5/quiz1/data/gallery/bird/00810.png,bird,0.589069
/home/emily/MMIP/week5/quiz1/data/query/bird/00084.png,bird,2,/home/emily/MMIP/week5/quiz1/data/gallery/bird/00754.png,bird,0.578705
/home/emily/MMIP/week5/quiz1/data/query/bird/00084.png,bird,3,/home/emily/MMIP/week5/quiz1/data/gallery/bird/00933.png,bird,0.573770
/home/emily/MMIP/week5/quiz1/data/query/bird/00084.png,bird,4,/home/emily/MMIP/week5/quiz1/data/gallery/bird/00263.png,bird,0.568734
/home/emily/MMIP/week5/quiz1/data/query/bird/00084.png,bird,5,/home/emily/MMIP/week5/quiz1/data/gallery/bird/00493.png,bird,0.563065
/home/emily/MMIP/week5/quiz1/data/query/bird/00085.png,bird,1,/home/emily/MMIP/week5/quiz1/data/gallery/bird/00585.png,bird,0.696232
/home/emily/MMIP/week5/quiz1/data/query/bird/00085.png,bird,2,/home/emily/MMIP/week5/quiz1/data/gallery/bird/00908.png,bird,0.627168
/home/emily/MMIP/week5/quiz1/data/query/bird/00085.png,bird,3,/home/emily/MMIP/week5/quiz1/data/gallery/bird/00856.png,bird,0.619579
/home/emily/MMIP/week5/quiz1/data/query/bird/00085.png,bird,4,/home/emily/MMIP/week5/quiz1/data/gallery/bird/00892.png,bird,0.618191
/home/emily/MMIP/week5/quiz1/data/query/bird/00085.png,bird,5,/home/emily/MMIP/week5/quiz1/data/gallery/bird/00388.png,bird,0.609440
/home/emily/MMIP/week5/quiz1/data/query/bird/00086.png,bird,1,/home/emily/MMIP/week5/quiz1/data/gallery/bird/00261.png,bird,0.863176
/home/emily/MMIP/week5/quiz1/data/query/bird/00086.png,bird,2,/home/emily/MMIP/week5/quiz1/data/gallery/bird/00013.png,bird,0.731936
/home/emily/MMIP/week5/quiz1/data/query/bird/00086.png,bird,3,/home/emily/MMIP/week5/quiz1/data/gallery/bird/00854.png,bird,0.709645
/home/emily/MMIP/week5/quiz1/data/query/bird/00086.png,bird,4,/home/emily/MMIP/week5/quiz1/data/gallery/bird/00981.png,bird,0.708682
/home/emily/MMIP/week5/quiz1/data/query/bird/00086.png,bird,5,/home/emily/MMIP/week5/quiz1/data/gallery/bird/00531.png,bird,0.705670
/home/emily/MMIP/week5/quiz1/data/query/bird/00087.png,bird,1,/home/emily/MMIP/week5/quiz1/data/gallery/bird/00433.png,bird,0.604867
/home/emily/MMIP/week5/quiz1/data/query/bird/00087.png,bird,2,/home/emily/MMIP/week5/quiz1/data/gallery/bird/00583.png,bird,0.593224
/home/emily/MMIP/week5/quiz1/data/query/bird/00087.png,bird,3,/home/emily/MMIP/week5/quiz1/data/gallery/bird/00294.png,bird,0.590375
/home/emily/MMIP/week5/quiz1/data/query/bird/00087.png,bird,4,/home/emily/MMIP/week5/quiz1/data/gallery/bird/00993.png,bird,0.578525
/home/emily/MMIP/week5/quiz1/data/query/bird/00087.png,bird,5,/home/emily/MMIP/week5/quiz1/data/gallery/bird/00897.png,bird,0.575265
/home/emily/MMIP/week5/quiz1/data/query/bird/00088.png,bird,1,/home/emily/MMIP/week5/quiz1/data/gallery/bird/00573.png,bird,0.707190
/home/emily/MMIP/week5/quiz1/data/query/bird/00088.png,bird,2,/home/emily/MMIP/week5/quiz1/data/gallery/bird/00583.png,bird,0.674733
/home/emily/MMIP/week5/quiz1/data/query/bird/00088.png,bird,3,/home/emily/MMIP/week5/quiz1/data/gallery/bird/00822.png,bird,0.657681
/home/emily/MMIP/week5/quiz1/data/query/bird/00088.png,bird,4,/home/emily/MMIP/week5/quiz1/data/gallery/bird/00178.png,bird,0.648502
/home/emily/MMIP/week5/quiz1/data/query/bird/00088.png,bird,5,/home/emily/MMIP/week5/quiz1/data/gallery/bird/00294.png,bird,0.645445
/home/emily/MMIP/week5/quiz1/data/query/bird/00089.png,bird,1,/home/emily/MMIP/week5/quiz1/data/gallery/bird/00115.png,bird,0.729230
/home/emily/MMIP/week5/quiz1/data/query/bird/00089.png,bird,2,/home/emily/MMIP/week5/quiz1/data/gallery/bird/00140.png,bird,0.723545
/home/emily/MMIP/week5/quiz1/data/query/bird/00089.png,bird,3,/home/emily/MMIP/week5/quiz1/data/gallery/bird/00489.png,bird,0.722807
/home/emily/MMIP/week5/quiz1/data/query/bird/00089.png,bird,4,/home/emily/MMIP/week5/quiz1/data/gallery/bird/00545.png,bird,0.716347
/home/emily/MMIP/week5/quiz1/data/query/bird/00089.png,bird,5,/home/emily/MMIP/week5/quiz1/data/gallery/bird/00928.png,bird,0.693441
/home/emily/MMIP/week5/quiz1/data/query/bird/00090.png,bird,1,/home/emily/MMIP/week5/quiz1/data/gallery/bird/00114.png,bird,0.820004
/home/emily/MMIP/week5/quiz1/data/query/bird/00090.png,bird,2,/home/emily/MMIP/week5/quiz1/data/gallery/bird/00891.png,bird,0.749340
/home/emily/MMIP/week5/quiz1/data/query/bird/00090.png,bird,3,/home/emily/MMIP/week5/quiz1/data/gallery/bird/00876.png,bird,0.705102
/home/emily/MMIP/week5/quiz1/data/query/bird/00090.png,bird,4,/home/emily/MMIP/week5/quiz1/data/gallery/bird/00037.png,bird,0.672155
/home/emily/MMIP/week5/quiz1/data/query/bird/00090.png,bird,5,/home/emily/MMIP/week5/quiz1/data/gallery/bird/00023.png,bird,0.656282
/home/emily/MMIP/week5/quiz1/data/query/bird/00091.png,bird,1,/home/emily/MMIP/week5/quiz1/data/gallery/bird/00795.png,bird,0.606942
/home/emily/MMIP/week5/quiz1/data/query/bird/00091.png,bird,2,/home/emily/MMIP/week5/quiz1/data/gallery/frog/00944.png,frog,0.575519
/home/emily/MMIP/week5/quiz1/data/query/bird/00091.png,bird,3,/home/emily/MMIP/week5/quiz1/data/gallery/bird/00215.png,bird,0.530382
/home/emily/MMIP/week5/quiz1/data/query/bird/00091.png,bird,4,/home/emily/MMIP/week5/quiz1/data/gallery/bird/00137.png,bird,0.527027
/home/emily/MMIP/week5/quiz1/data/query/bird/00091.png,bird,5,/home/emily/MMIP/week5/quiz1/data/gallery/bird/00984.png,bird,0.509026
/home/emily/MMIP/week5/quiz1/data/query/bird/00092.png,bird,1,/home/emily/MMIP/week5/quiz1/data/gallery/bird/00438.png,bird,0.634884
/home/emily/MMIP/week5/quiz1/data/query/bird/00092.png,bird,2,/home/emily/MMIP/week5/quiz1/data/gallery/bird/00984.png,bird,0.627761
/home/emily/MMIP/week5/quiz1/data/query/bird/00092.png,bird,3,/home/emily/MMIP/week5/quiz1/data/gallery/bird/00637.png,bird,0.606171
/home/emily/MMIP/week5/quiz1/data/query/bird/00092.png,bird,4,/home/emily/MMIP/week5/quiz1/data/gallery/bird/00062.png,bird,0.599468
/home/emily/MMIP/week5/quiz1/data/query/bird/00092.png,bird,5,/home/emily/MMIP/week5/quiz1/data/gallery/bird/00489.png,bird,0.591238
/home/emily/MMIP/week5/quiz1/data/query/bird/00093.png,bird,1,/home/emily/MMIP/week5/quiz1/data/gallery/bird/00434.png,bird,0.693387
/home/emily/MMIP/week5/quiz1/data/query/bird/00093.png,bird,2,/home/emily/MMIP/week5/quiz1/data/gallery/bird/00054.png,bird,0.679297
/home/emily/MMIP/week5/quiz1/data/query/bird/00093.png,bird,3,/home/emily/MMIP/week5/quiz1/data/gallery/bird/00709.png,bird,0.669497
/home/emily/MMIP/week5/quiz1/data/query/bird/00093.png,bird,4,/home/emily/MMIP/week5/quiz1/data/gallery/bird/00498.png,bird,0.658141
/home/emily/MMIP/week5/quiz1/data/query/bird/00093.png,bird,5,/home/emily/MMIP/week5/quiz1/data/gallery/bird/00665.png,bird,0.656289
/home/emily/MMIP/week5/quiz1/data/query/bird/00094.png,bird,1,/home/emily/MMIP/week5/quiz1/data/gallery/bird/00047.png,bird,0.687545
/home/emily/MMIP/week5/quiz1/data/query/bird/00094.png,bird,2,/home/emily/MMIP/week5/quiz1/data/gallery/bird/00140.png,bird,0.664690
/home/emily/MMIP/week5/quiz1/data/query/bird/00094.png,bird,3,/home/emily/MMIP/week5/quiz1/data/gallery/bird/00526.png,bird,0.656192
/home/emily/MMIP/week5/quiz1/data/query/bird/00094.png,bird,4,/home/emily/MMIP/week5/quiz1/data/gallery/bird/00236.png,bird,0.639108
/home/emily/MMIP/week5/quiz1/data/query/bird/00094.png,bird,5,/home/emily/MMIP/week5/quiz1/data/gallery/bird/00547.png,bird,0.631101
/home/emily/MMIP/week5/quiz1/data/query/bird/00095.png,bird,1,/home/emily/MMIP/week5/quiz1/data/gallery/bird/00615.png,bird,0.613008
/home/emily/MMIP/week5/quiz1/data/query/bird/00095.png,bird,2,/home/emily/MMIP/week5/quiz1/data/gallery/bird/00962.png,bird,0.604125
/home/emily/MMIP/week5/quiz1/data/query/bird/00095.png,bird,3,/home/emily/MMIP/week5/quiz1/data/gallery/bird/00133.png,bird,0.603160
/home/emily/MMIP/week5/quiz1/data/query/bird/00095.png,bird,4,/home/emily/MMIP/week5/quiz1/data/gallery/bird/00137.png,bird,0.599602
/home/emily/MMIP/week5/quiz1/data/query/bird/00095.png,bird,5,/home/emily/MMIP/week5/quiz1/data/gallery/bird/00094.png,bird,0.597035
/home/emily/MMIP/week5/quiz1/data/query/bird/00096.png,bird,1,/home/emily/MMIP/week5/quiz1/data/gallery/bird/00891.png,bird,0.877141
/home/emily/MMIP/week5/quiz1/data/query/bird/00096.png,bird,2,/home/emily/MMIP/week5/quiz1/data/gallery/bird/00114.png,bird,0.857337
/home/emily/MMIP/week5/quiz1/data/query/bird/00096.png,bird,3,/home/emily/MMIP/week5/quiz1/data/gallery/bird/00023.png,bird,0.738291
/home/emily/MMIP/week5/quiz1/data/query/bird/00096.png,bird,4,/home/emily/MMIP/week5/quiz1/data/gallery/bird/00643.png,bird,0.712392
/home/emily/MMIP/week5/quiz1/data/query/bird/00096.png,bird,5,/home/emily/MMIP/week5/quiz1/data/gallery/bird/00348.png,bird,0.708630
/home/emily/MMIP/week5/quiz1/data/query/bird/00097.png,bird,1,/home/emily/MMIP/week5/quiz1/data/gallery/bird/00618.png,bird,0.517159
/home/emily/MMIP/week5/quiz1/data/query/bird/00097.png,bird,2,/home/emily/MMIP/week5/quiz1/data/gallery/bird/00969.png,bird,0.513804
/home/emily/MMIP/week5/quiz1/data/query/bird/00097.png,bird,3,/home/emily/MMIP/week5/quiz1/data/gallery/frog/00933.png,frog,0.501798
/home/emily/MMIP/week5/quiz1/data/query/bird/00097.png,bird,4,/home/emily/MMIP/week5/quiz1/data/gallery/bird/00196.png,bird,0.500896
/home/emily/MMIP/week5/quiz1/data/query/bird/00097.png,bird,5,/home/emily/MMIP/week5/quiz1/data/gallery/bird/00510.png,bird,0.494317
/home/emily/MMIP/week5/quiz1/data/query/bird/00098.png,bird,1,/home/emily/MMIP/week5/quiz1/data/gallery/bird/00906.png,bird,0.718372
/home/emily/MMIP/week5/quiz1/data/query/bird/00098.png,bird,2,/home/emily/MMIP/week5/quiz1/data/gallery/bird/00620.png,bird,0.684107
/home/emily/MMIP/week5/quiz1/data/query/bird/00098.png,bird,3,/home/emily/MMIP/week5/quiz1/data/gallery/bird/00640.png,bird,0.674208
/home/emily/MMIP/week5/quiz1/data/query/bird/00098.png,bird,4,/home/emily/MMIP/week5/quiz1/data/gallery/bird/00922.png,bird,0.674203
/home/emily/MMIP/week5/quiz1/data/query/bird/00098.png,bird,5,/home/emily/MMIP/week5/quiz1/data/gallery/bird/00237.png,bird,0.653812
/home/emily/MMIP/week5/quiz1/data/query/bird/00099.png,bird,1,/home/emily/MMIP/week5/quiz1/data/gallery/bird/00674.png,bird,0.508073
/home/emily/MMIP/week5/quiz1/data/query/bird/00099.png,bird,2,/home/emily/MMIP/week5/quiz1/data/gallery/bird/00829.png,bird,0.470334
/home/emily/MMIP/week5/quiz1/data/query/bird/00099.png,bird,3,/home/emily/MMIP/week5/quiz1/data/gallery/bird/00071.png,bird,0.469272
/home/emily/MMIP/week5/quiz1/data/query/bird/00099.png,bird,4,/home/emily/MMIP/week5/quiz1/data/gallery/airplane/00904.png,airplane,0.440358
/home/emily/MMIP/week5/quiz1/data/query/bird/00099.png,bird,5,/home/emily/MMIP/week5/quiz1/data/gallery/bird/00132.png,bird,0.426932
/home/emily/MMIP/week5/quiz1/data/query/cat/00000.png,cat,1,/home/emily/MMIP/week5/quiz1/data/gallery/cat/00964.png,cat,0.602401
/home/emily/MMIP/week5/quiz1/data/query/cat/00000.png,cat,2,/home/emily/MMIP/week5/quiz1/data/gallery/bird/00624.png,bird,0.601839
/home/emily/MMIP/week5/quiz1/data/query/cat/00000.png,cat,3,/home/emily/MMIP/week5/quiz1/data/gallery/cat/00995.png,cat,0.598839
/home/emily/MMIP/week5/quiz1/data/query/cat/00000.png,cat,4,/home/emily/MMIP/week5/quiz1/data/gallery/cat/00446.png,cat,0.588314
/home/emily/MMIP/week5/quiz1/data/query/cat/00000.png,cat,5,/home/emily/MMIP/week5/quiz1/data/gallery/cat/00429.png,cat,0.588168
/home/emily/MMIP/week5/quiz1/data/query/cat/00001.png,cat,1,/home/emily/MMIP/week5/quiz1/data/gallery/cat/00783.png,cat,0.709032
/home/emily/MMIP/week5/quiz1/data/query/cat/00001.png,cat,2,/home/emily/MMIP/week5/quiz1/data/gallery/cat/00995.png,cat,0.633791
/home/emily/MMIP/week5/quiz1/data/query/cat/00001.png,cat,3,/home/emily/MMIP/week5/quiz1/data/gallery/cat/00725.png,cat,0.625196
/home/emily/MMIP/week5/quiz1/data/query/cat/00001.png,cat,4,/home/emily/MMIP/week5/quiz1/data/gallery/cat/00232.png,cat,0.618513
/home/emily/MMIP/week5/quiz1/data/query/cat/00001.png,cat,5,/home/emily/MMIP/week5/quiz1/data/gallery/cat/00112.png,cat,0.617380
/home/emily/MMIP/week5/quiz1/data/query/cat/00002.png,cat,1,/home/emily/MMIP/week5/quiz1/data/gallery/cat/00769.png,cat,0.669429
/home/emily/MMIP/week5/quiz1/data/query/cat/00002.png,cat,2,/home/emily/MMIP/week5/quiz1/data/gallery/cat/00122.png,cat,0.646971
/home/emily/MMIP/week5/quiz1/data/query/cat/00002.png,cat,3,/home/emily/MMIP/week5/quiz1/data/gallery/cat/00014.png,cat,0.625846
/home/emily/MMIP/week5/quiz1/data/query/cat/00002.png,cat,4,/home/emily/MMIP/week5/quiz1/data/gallery/cat/00925.png,cat,0.604094
/home/emily/MMIP/week5/quiz1/data/query/cat/00002.png,cat,5,/home/emily/MMIP/week5/quiz1/data/gallery/cat/00198.png,cat,0.598942
/home/emily/MMIP/week5/quiz1/data/query/cat/00003.png,cat,1,/home/emily/MMIP/week5/quiz1/data/gallery/cat/00695.png,cat,0.582011
/home/emily/MMIP/week5/quiz1/data/query/cat/00003.png,cat,2,/home/emily/MMIP/week5/quiz1/data/gallery/cat/00845.png,cat,0.568336
/home/emily/MMIP/week5/quiz1/data/query/cat/00003.png,cat,3,/home/emily/MMIP/week5/quiz1/data/gallery/cat/00110.png,cat,0.564193
/home/emily/MMIP/week5/quiz1/data/query/cat/00003.png,cat,4,/home/emily/MMIP/week5/quiz1/data/gallery/cat/00819.png,cat,0.558767
/home/emily/MMIP/week5/quiz1/data/query/cat/00003.png,cat,5,/home/emily/MMIP/week5/quiz1/data/gallery/cat/00267.png,cat,0.557612
/home/emily/MMIP/week5/quiz1/data/query/cat/00004.png,cat,1,/home/emily/MMIP/week5/quiz1/data/gallery/cat/00515.png,cat,0.618011
/home/emily/MMIP/week5/quiz1/data/query/cat/00004.png,cat,2,/home/emily/MMIP/week5/quiz1/data/gallery/dog/00612.png,dog,0.612696
/home/emily/MMIP/week5/quiz1/data/query/cat/00004.png,cat,3,/home/emily/MMIP/week5/quiz1/data/gallery/dog/00661.png,dog,0.599496
/home/emily/MMIP/week5/quiz1/data/query/cat/00004.png,cat,4,/home/emily/MMIP/week5/quiz1/data/gallery/cat/00389.png,cat,0.592326
/home/emily/MMIP/week5/quiz1/data/query/cat/00004.png,cat,5,/home/emily/MMIP/week5/quiz1/data/gallery/frog/00857.png,frog,0.591392
/home/emily/MMIP/week5/quiz1/data/query/cat/00005.png,cat,1,/home/emily/MMIP/week5/quiz1/data/gallery/cat/00965.png,cat,0.565270
/home/emily/MMIP/week5/quiz1/data/query/cat/00005.png,cat,2,/home/emily/MMIP/week5/quiz1/data/gallery/cat/00079.png,cat,0.548358
/home/emily/MMIP/week5/quiz1/data/query/cat/00005.png,cat,3,/home/emily/MMIP/week5/quiz1/data/gallery/cat/00027.png,cat,0.533089
/home/emily/MMIP/week5/quiz1/data/query/cat/00005.png,cat,4,/home/emily/MMIP/week5/quiz1/data/gallery/cat/00808.png,cat,0.531510
/home/emily/MMIP/week5/quiz1/data/query/cat/00005.png,cat,5,/home/emily/MMIP/week5/quiz1/data/gallery/cat/00898.png,cat,0.513619
/home/emily/MMIP/week5/quiz1/data/query/cat/00006.png,cat,1,/home/emily/MMIP/week5/quiz1/data/gallery/cat/00382.png,cat,0.578216
/home/emily/MMIP/week5/quiz1/data/query/cat/00006.png,cat,2,/home/emily/MMIP/week5/quiz1/data/gallery/cat/00010.png,cat,0.561067
/home/emily/MMIP/week5/quiz1/data/query/cat/00006.png,cat,3,/home/emily/MMIP/week5/quiz1/data/gallery/cat/00539.png,cat,0.555353
/home/emily/MMIP/week5/quiz1/data/query/cat/00006.png,cat,4,/home/emily/MMIP/week5/quiz1/data/gallery/cat/00275.png,cat,0.553737
/home/emily/MMIP/week5/quiz1/data/query/cat/00006.png,cat,5,/home/emily/MMIP/week5/quiz1/data/gallery/deer/00729.png,deer,0.546525
/home/emily/MMIP/week5/quiz1/data/query/cat/00007.png,cat,1,/home/emily/MMIP/week5/quiz1/data/gallery/cat/00806.png,cat,0.675647
/home/emily/MMIP/week5/quiz1/data/query/cat/00007.png,cat,2,/home/emily/MMIP/week5/quiz1/data/gallery/cat/00999.png,cat,0.634128
/home/emily/MMIP/week5/quiz1/data/query/cat/00007.png,cat,3,/home/emily/MMIP/week5/quiz1/data/gallery/cat/00768.png,cat,0.627449
/home/emily/MMIP/week5/quiz1/data/query/cat/00007.png,cat,4,/home/emily/MMIP/week5/quiz1/data/gallery/cat/00521.png,cat,0.625616
/home/emily/MMIP/week5/quiz1/data/query/cat/00007.png,cat,5,/home/emily/MMIP/week5/quiz1/data/gallery/cat/00955.png,cat,0.608272
/home/emily/MMIP/week5/quiz1/data/query/cat/00008.png,cat,1,/home/emily/MMIP/week5/quiz1/data/gallery/dog/00399.png,dog,0.822353
/home/emily/MMIP/week5/quiz1/data/query/cat/00008.png,cat,2,/home/emily/MMIP/week5/quiz1/data/gallery/dog/00622.png,dog,0.815555
/home/emily/MMIP/week5/quiz1/data/query/cat/00008.png,cat,3,/home/emily/MMIP/week5/quiz1/data/gallery/dog/00574.png,dog,0.804470
/home/emily/MMIP/week5/quiz1/data/query/cat/00008.png,cat,4,/home/emily/MMIP/week5/quiz1/data/gallery/dog/00770.png,dog,0.801490
/home/emily/MMIP/week5/quiz1/data/query/cat/00008.png,cat,5,/home/emily/MMIP/week5/quiz1/data/gallery/dog/00929.png,dog,0.788349
/home/emily/MMIP/week5/quiz1/data/query/cat/00009.png,cat,1,/home/emily/MMIP/week5/quiz1/data/gallery/cat/00603.png,cat,0.773127
/home/emily/MMIP/week5/quiz1/data/query/cat/00009.png,cat,2,/home/emily/MMIP/week5/quiz1/data/gallery/cat/00361.png,cat,0.734144
/home/emily/MMIP/week5/quiz1/data/query/cat/00009.png,cat,3,/home/emily/MMIP/week5/quiz1/data/gallery/cat/00494.png,cat,0.688563
/home/emily/MMIP/week5/quiz1/data/query/cat/00009.png,cat,4,/home/emily/MMIP/week5/quiz1/data/gallery/cat/00874.png,cat,0.652726
/home/emily/MMIP/week5/quiz1/data/query/cat/00009.png,cat,5,/home/emily/MMIP/week5/quiz1/data/gallery/cat/00892.png,cat,0.630282
/home/emily/MMIP/week5/quiz1/data/query/cat/00010.png,cat,1,/home/emily/MMIP/week5/quiz1/data/gallery/cat/00647.png,cat,0.732098
/home/emily/MMIP/week5/quiz1/data/query/cat/00010.png,cat,2,/home/emily/MMIP/week5/quiz1/data/gallery/cat/00482.png,cat,0.693466
/home/emily/MMIP/week5/quiz1/data/query/cat/00010.png,cat,3,/home/emily/MMIP/week5/quiz1/data/gallery/cat/00498.png,cat,0.674959
/home/emily/MMIP/week5/quiz1/data/query/cat/00010.png,cat,4,/home/emily/MMIP/week5/quiz1/data/gallery/cat/00695.png,cat,0.658271
/home/emily/MMIP/week5/quiz1/data/query/cat/00010.png,cat,5,/home/emily/MMIP/week5/quiz1/data/gallery/cat/00414.png,cat,0.635900
/home/emily/MMIP/week5/quiz1/data/query/cat/00011.png,cat,1,/home/emily/MMIP/week5/quiz1/data/gallery/frog/00957.png,frog,0.651214
/home/emily/MMIP/week5/quiz1/data/query/cat/00011.png,cat,2,/home/emily/MMIP/week5/quiz1/data/gallery/frog/00048.png,frog,0.602499
/home/emily/MMIP/week5/quiz1/data/query/cat/00011.png,cat,3,/home/emily/MMIP/week5/quiz1/data/gallery/frog/00121.png,frog,0.598212
/home/emily/MMIP/week5/quiz1/data/query/cat/00011.png,cat,4,/home/emily/MMIP/week5/quiz1/data/gallery/cat/00080.png,cat,0.594560
/home/emily/MMIP/week5/quiz1/data/query/cat/00011.png,cat,5,/home/emily/MMIP/week5/quiz1/data/gallery/frog/00567.png,frog,0.590774
/home/emily/MMIP/week5/quiz1/data/query/cat/00012.png,cat,1,/home/emily/MMIP/week5/quiz1/data/gallery/cat/00103.png,cat,0.611360
/home/emily/MMIP/week5/quiz1/data/query/cat/00012.png,cat,2,/home/emily/MMIP/week5/quiz1/data/gallery/cat/00133.png,cat,0.603224
/home/emily/MMIP/week5/quiz1/data/query/cat/00012.png,cat,3,/home/emily/MMIP/week5/quiz1/data/gallery/cat/00617.png,cat,0.596487
/home/emily/MMIP/week5/quiz1/data/query/cat/00012.png,cat,4,/home/emily/MMIP/week5/quiz1/data/gallery/cat/00371.png,cat,0.595112
/home/emily/MMIP/week5/quiz1/data/query/cat/00012.png,cat,5,/home/emily/MMIP/week5/quiz1/data/gallery/cat/00528.png,cat,0.592119
/home/emily/MMIP/week5/quiz1/data/query/cat/00013.png,cat,1,/home/emily/MMIP/week5/quiz1/data/gallery/cat/00333.png,cat,0.629995
/home/emily/MMIP/week5/quiz1/data/query/cat/00013.png,cat,2,/home/emily/MMIP/week5/quiz1/data/gallery/cat/00651.png,cat,0.610534
/home/emily/MMIP/week5/quiz1/data/query/cat/00013.png,cat,3,/home/emily/MMIP/week5/quiz1/data/gallery/cat/00359.png,cat,0.603837
/home/emily/MMIP/week5/quiz1/data/query/cat/00013.png,cat,4,/home/emily/MMIP/week5/quiz1/data/gallery/cat/00322.png,cat,0.594762
/home/emily/MMIP/week5/quiz1/data/query/cat/00013.png,cat,5,/home/emily/MMIP/week5/quiz1/data/gallery/cat/00757.png,cat,0.594164
/home/emily/MMIP/week5/quiz1/data/query/cat/00014.png,cat,1,/home/emily/MMIP/week5/quiz1/data/gallery/deer/00793.png,deer,0.693040
/home/emily/MMIP/week5/quiz1/data/query/cat/00014.png,cat,2,/home/emily/MMIP/week5/quiz1/data/gallery/cat/00930.png,cat,0.679911
/home/emily/MMIP/week5/quiz1/data/query/cat/00014.png,cat,3,/home/emily/MMIP/week5/quiz1/data/gallery/deer/00816.png,deer,0.673712
/home/emily/MMIP/week5/quiz1/data/query/cat/00014.png,cat,4,/home/emily/MMIP/week5/quiz1/data/gallery/cat/00304.png,cat,0.670285
/home/emily/MMIP/week5/quiz1/data/query/cat/00014.png,cat,5,/home/emily/MMIP/week5/quiz1/data/gallery/cat/00165.png,cat,0.634999
/home/emily/MMIP/week5/quiz1/data/query/cat/00015.png,cat,1,/home/emily/MMIP/week5/quiz1/data/gallery/cat/00936.png,cat,0.813510
/home/emily/MMIP/week5/quiz1/data/query/cat/00015.png,cat,2,/home/emily/MMIP/week5/quiz1/data/gallery/cat/00096.png,cat,0.758385
/home/emily/MMIP/week5/quiz1/data/query/cat/00015.png,cat,3,/home/emily/MMIP/week5/quiz1/data/gallery/cat/00752.png,cat,0.722814
/home/emily/MMIP/week5/quiz1/data/query/cat/00015.png,cat,4,/home/emily/MMIP/week5/quiz1/data/gallery/cat/00216.png,cat,0.686971
/home/emily/MMIP/week5/quiz1/data/query/cat/00015.png,cat,5,/home/emily/MMIP/week5/quiz1/data/gallery/cat/00971.png,cat,0.669243
/home/emily/MMIP/week5/quiz1/data/query/cat/00016.png,cat,1,/home/emily/MMIP/week5/quiz1/data/gallery/cat/00205.png,cat,0.699437
/home/emily/MMIP/week5/quiz1/data/query/cat/00016.png,cat,2,/home/emily/MMIP/week5/quiz1/data/gallery/cat/00183.png,cat,0.689321
/home/emily/MMIP/week5/quiz1/data/query/cat/00016.png,cat,3,/home/emily/MMIP/week5/quiz1/data/gallery/cat/00062.png,cat,0.667017
/home/emily/MMIP/week5/quiz1/data/query/cat/00016.png,cat,4,/home/emily/MMIP/week5/quiz1/data/gallery/cat/00517.png,cat,0.654509
/home/emily/MMIP/week5/quiz1/data/query/cat/00016.png,cat,5,/home/emily/MMIP/week5/quiz1/data/gallery/cat/00781.png,cat,0.653923
/home/emily/MMIP/week5/quiz1/data/query/cat/00017.png,cat,1,/home/emily/MMIP/week5/quiz1/data/gallery/cat/00554.png,cat,0.638825
/home/emily/MMIP/week5/quiz1/data/query/cat/00017.png,cat,2,/home/emily/MMIP/week5/quiz1/data/gallery/cat/00780.png,cat,0.617925
/home/emily/MMIP/week5/quiz1/data/query/cat/00017.png,cat,3,/home/emily/MMIP/week5/quiz1/data/gallery/cat/00925.png,cat,0.609294
/home/emily/MMIP/week5/quiz1/data/query/cat/00017.png,cat,4,/home/emily/MMIP/week5/quiz1/data/gallery/cat/00627.png,cat,0.605524
/home/emily/MMIP/week5/quiz1/data/query/cat/00017.png,cat,5,/home/emily/MMIP/week5/quiz1/data/gallery/cat/00543.png,cat,0.602600
/home/emily/MMIP/week5/quiz1/data/query/cat/00018.png,cat,1,/home/emily/MMIP/week5/quiz1/data/gallery/cat/00796.png,cat,0.695416
/home/emily/MMIP/week5/quiz1/data/query/cat/00018.png,cat,2,/home/emily/MMIP/week5/quiz1/data/gallery/cat/00159.png,cat,0.676043
/home/emily/MMIP/week5/quiz1/data/query/cat/00018.png,cat,3,/home/emily/MMIP/week5/quiz1/data/gallery/cat/00866.png,cat,0.608371
/home/emily/MMIP/week5/quiz1/data/query/cat/00018.png,cat,4,/home/emily/MMIP/week5/quiz1/data/gallery/cat/00955.png,cat,0.593935
/home/emily/MMIP/week5/quiz1/data/query/cat/00018.png,cat,5,/home/emily/MMIP/week5/quiz1/data/gallery/cat/00005.png,cat,0.589566
/home/emily/MMIP/week5/quiz1/data/query/cat/00019.png,cat,1,/home/emily/MMIP/week5/quiz1/data/gallery/cat/00960.png,cat,0.722240
/home/emily/MMIP/week5/quiz1/data/query/cat/00019.png,cat,2,/home/emily/MMIP/week5/quiz1/data/gallery/cat/00388.png,cat,0.693017
/home/emily/MMIP/week5/quiz1/data/query/cat/00019.png,cat,3,/home/emily/MMIP/week5/quiz1/data/gallery/cat/00710.png,cat,0.686258
/home/emily/MMIP/week5/quiz1/data/query/cat/00019.png,cat,4,/home/emily/MMIP/week5/quiz1/data/gallery/cat/00846.png,cat,0.678552
/home/emily/MMIP/week5/quiz1/data/query/cat/00019.png,cat,5,/home/emily/MMIP/week5/quiz1/data/gallery/cat/00439.png,cat,0.674342
/home/emily/MMIP/week5/quiz1/data/query/cat/00020.png,cat,1,/home/emily/MMIP/week5/quiz1/data/gallery/cat/00634.png,cat,0.703143
/home/emily/MMIP/week5/quiz1/data/query/cat/00020.png,cat,2,/home/emily/MMIP/week5/quiz1/data/gallery/cat/00418.png,cat,0.691928
/home/emily/MMIP/week5/quiz1/data/query/cat/00020.png,cat,3,/home/emily/MMIP/week5/quiz1/data/gallery/cat/00377.png,cat,0.667270
/home/emily/MMIP/week5/quiz1/data/query/cat/00020.png,cat,4,/home/emily/MMIP/week5/quiz1/data/gallery/cat/00673.png,cat,0.652467
/home/emily/MMIP/week5/quiz1/data/query/cat/00020.png,cat,5,/home/emily/MMIP/week5/quiz1/data/gallery/cat/00869.png,cat,0.647299
/home/emily/MMIP/week5/quiz1/data/query/cat/00021.png,cat,1,/home/emily/MMIP/week5/quiz1/data/gallery/cat/00250.png,cat,0.686232
/home/emily/MMIP/week5/quiz1/data/query/cat/00021.png,cat,2,/home/emily/MMIP/week5/quiz1/data/gallery/cat/00830.png,cat,0.646108
/home/emily/MMIP/week5/quiz1/data/query/cat/00021.png,cat,3,/home/emily/MMIP/week5/quiz1/data/gallery/cat/00359.png,cat,0.642677
/home/emily/MMIP/week5/quiz1/data/query/cat/00021.png,cat,4,/home/emily/MMIP/week5/quiz1/data/gallery/cat/00895.png,cat,0.632037
/home/emily/MMIP/week5/quiz1/data/query/cat/00021.png,cat,5,/home/emily/MMIP/week5/quiz1/data/gallery/cat/00757.png,cat,0.625006
/home/emily/MMIP/week5/quiz1/data/query/cat/00022.png,cat,1,/home/emily/MMIP/week5/quiz1/data/gallery/cat/00830.png,cat,0.533912
/home/emily/MMIP/week5/quiz1/data/query/cat/00022.png,cat,2,/home/emily/MMIP/week5/quiz1/data/gallery/cat/00663.png,cat,0.532139
/home/emily/MMIP/week5/quiz1/data/query/cat/00022.png,cat,3,/home/emily/MMIP/week5/quiz1/data/gallery/cat/00776.png,cat,0.514732
/home/emily/MMIP/week5/quiz1/data/query/cat/00022.png,cat,4,/home/emily/MMIP/week5/quiz1/data/gallery/cat/00958.png,cat,0.510516
/home/emily/MMIP/week5/quiz1/data/query/cat/00022.png,cat,5,/home/emily/MMIP/week5/quiz1/data/gallery/cat/00076.png,cat,0.509490
/home/emily/MMIP/week5/quiz1/data/query/cat/00023.png,cat,1,/home/emily/MMIP/week5/quiz1/data/gallery/cat/00493.png,cat,0.709949
/home/emily/MMIP/week5/quiz1/data/query/cat/00023.png,cat,2,/home/emily/MMIP/week5/quiz1/data/gallery/cat/00475.png,cat,0.700803
/home/emily/MMIP/week5/quiz1/data/query/cat/00023.png,cat,3,/home/emily/MMIP/week5/quiz1/data/gallery/cat/00418.png,cat,0.696105
/home/emily/MMIP/week5/quiz1/data/query/cat/00023.png,cat,4,/home/emily/MMIP/week5/quiz1/data/gallery/cat/00420.png,cat,0.694160
/home/emily/MMIP/week5/quiz1/data/query/cat/00023.png,cat,5,/home/emily/MMIP/week5/quiz1/data/gallery/cat/00313.png,cat,0.691993
/home/emily/MMIP/week5/quiz1/data/query/cat/00024.png,cat,1,/home/emily/MMIP/week5/quiz1/data/gallery/dog/00915.png,dog,0.528760
/home/emily/MMIP/week5/quiz1/data/query/cat/00024.png,cat,2,/home/emily/MMIP/week5/quiz1/data/gallery/horse/00737.png,horse,0.518669
/home/emily/MMIP/week5/quiz1/data/query/cat/00024.png,cat,3,/home/emily/MMIP/week5/quiz1/data/gallery/dog/00061.png,dog,0.510201
/home/emily/MMIP/week5/quiz1/data/query/cat/00024.png,cat,4,/home/emily/MMIP/week5/quiz1/data/gallery/dog/00723.png,dog,0.509746
/home/emily/MMIP/week5/quiz1/data/query/cat/00024.png,cat,5,/home/emily/MMIP/week5/quiz1/data/gallery/dog/00957.png,dog,0.508094
/home/emily/MMIP/week5/quiz1/data/query/cat/00025.png,cat,1,/home/emily/MMIP/week5/quiz1/data/gallery/cat/00363.png,cat,0.596950
/home/emily/MMIP/week5/quiz1/data/query/cat/00025.png,cat,2,/home/emily/MMIP/week5/quiz1/data/gallery/ship/00252.png,ship,0.591338
/home/emily/MMIP/week5/quiz1/data/query/cat/00025.png,cat,3,/home/emily/MMIP/week5/quiz1/data/gallery/cat/00410.png,cat,0.547010
/home/emily/MMIP/week5/quiz1/data/query/cat/00025.png,cat,4,/home/emily/MMIP/week5/quiz1/data/gallery/cat/00468.png,cat,0.540129
/home/emily/MMIP/week5/quiz1/data/query/cat/00025.png,cat,5,/home/emily/MMIP/week5/quiz1/data/gallery/dog/00584.png,dog,0.535441
/home/emily/MMIP/week5/quiz1/data/query/cat/00026.png,cat,1,/home/emily/MMIP/week5/quiz1/data/gallery/cat/00010.png,cat,0.579526
/home/emily/MMIP/week5/quiz1/data/query/cat/00026.png,cat,2,/home/emily/MMIP/week5/quiz1/data/gallery/cat/00870.png,cat,0.560143
/home/emily/MMIP/week5/quiz1/data/query/cat/00026.png,cat,3,/home/emily/MMIP/week5/quiz1/data/gallery/dog/00339.png,dog,0.531734
/home/emily/MMIP/week5/quiz1/data/query/cat/00026.png,cat,4,/home/emily/MMIP/week5/quiz1/data/gallery/cat/00803.png,cat,0.523589
/home/emily/MMIP/week5/quiz1/data/query/cat/00026.png,cat,5,/home/emily/MMIP/week5/quiz1/data/gallery/dog/00059.png,dog,0.505840
/home/emily/MMIP/week5/quiz1/data/query/cat/00027.png,cat,1,/home/emily/MMIP/week5/quiz1/data/gallery/cat/00780.png,cat,0.657056
/home/emily/MMIP/week5/quiz1/data/query/cat/00027.png,cat,2,/home/emily/MMIP/week5/quiz1/data/gallery/cat/00405.png,cat,0.625977
/home/emily/MMIP/week5/quiz1/data/query/cat/00027.png,cat,3,/home/emily/MMIP/week5/quiz1/data/gallery/cat/00162.png,cat,0.622222
/home/emily/MMIP/week5/quiz1/data/query/cat/00027.png,cat,4,/home/emily/MMIP/week5/quiz1/data/gallery/cat/00992.png,cat,0.613664
/home/emily/MMIP/week5/quiz1/data/query/cat/00027.png,cat,5,/home/emily/MMIP/week5/quiz1/data/gallery/cat/00802.png,cat,0.612232
/home/emily/MMIP/week5/quiz1/data/query/cat/00028.png,cat,1,/home/emily/MMIP/week5/quiz1/data/gallery/cat/00322.png,cat,0.506279
/home/emily/MMIP/week5/quiz1/data/query/cat/00028.png,cat,2,/home/emily/MMIP/week5/quiz1/data/gallery/cat/00651.png,cat,0.503397
/home/emily/MMIP/week5/quiz1/data/query/cat/00028.png,cat,3,/home/emily/MMIP/week5/quiz1/data/gallery/cat/00231.png,cat,0.492819
/home/emily/MMIP/week5/quiz1/data/query/cat/00028.png,cat,4,/home/emily/MMIP/week5/quiz1/data/gallery/cat/00088.png,cat,0.473554
/home/emily/MMIP/week5/quiz1/data/query/cat/00028.png,cat,5,/home/emily/MMIP/week5/quiz1/data/gallery/cat/00560.png,cat,0.470749
/home/emily/MMIP/week5/quiz1/data/query/cat/00029.png,cat,1,/home/emily/MMIP/week5/quiz1/data/gallery/cat/00728.png,cat,0.624263
/home/emily/MMIP/week5/quiz1/data/query/cat/00029.png,cat,2,/home/emily/MMIP/week5/quiz1/data/gallery/cat/00649.png,cat,0.602177
/home/emily/MMIP/week5/quiz1/data/query/cat/00029.png,cat,3,/home/emily/MMIP/week5/quiz1/data/gallery/cat/00028.png,cat,0.601446
/home/emily/MMIP/week5/quiz1/data/query/cat/00029.png,cat,4,/home/emily/MMIP/week5/quiz1/data/gallery/cat/00103.png,cat,0.597170
/home/emily/MMIP/week5/quiz1/data/query/cat/00029.png,cat,5,/home/emily/MMIP/week5/quiz1/data/gallery/cat/00371.png,cat,0.597004
/home/emily/MMIP/week5/quiz1/data/query/cat/00030.png,cat,1,/home/emily/MMIP/week5/quiz1/data/gallery/cat/00717.png,cat,0.659750
/home/emily/MMIP/week5/quiz1/data/query/cat/00030.png,cat,2,/home/emily/MMIP/week5/quiz1/data/gallery/cat/00749.png,cat,0.651417
/home/emily/MMIP/week5/quiz1/data/query/cat/00030.png,cat,3,/home/emily/MMIP/week5/quiz1/data/gallery/cat/00607.png,cat,0.628984
/home/emily/MMIP/week5/quiz1/data/query/cat/00030.png,cat,4,/home/emily/MMIP/week5/quiz1/data/gallery/cat/00475.png,cat,0.621081
/home/emily/MMIP/week5/quiz1/data/query/cat/00030.png,cat,5,/home/emily/MMIP/week5/quiz1/data/gallery/cat/00805.png,cat,0.620840
/home/emily/MMIP/week5/quiz1/data/query/cat/00031.png,cat,1,/home/emily/MMIP/week5/quiz1/data/gallery/dog/00681.png,dog,0.552746
/home/emily/MMIP/week5/quiz1/data/query/cat/00031.png,cat,2,/home/emily/MMIP/week5/quiz1/data/gallery/cat/00256.png,cat,0.530621
/home/emily/MMIP/week5/quiz1/data/query/cat/00031.png,cat,3,/home/emily/MMIP/week5/quiz1/data/gallery/dog/00264.png,dog,0.502442
/home/emily/MMIP/week5/quiz1/data/query/cat/00031.png,cat,4,/home/emily/MMIP/week5/quiz1/data/gallery/dog/00532.png,dog,0.501110
/home/emily/MMIP/week5/quiz1/data/query/cat/00031.png,cat,5,/home/emily/MMIP/week5/quiz1/data/gallery/dog/00731.png,dog,0.496366
/home/emily/MMIP/week5/quiz1/data/query/cat/00032.png,cat,1,/home/emily/MMIP/week5/quiz1/data/gallery/cat/00289.png,cat,0.546424
/home/emily/MMIP/week5/quiz1/data/query/cat/00032.png,cat,2,/home/emily/MMIP/week5/quiz1/data/gallery/cat/00220.png,cat,0.539369
/home/emily/MMIP/week5/quiz1/data/query/cat/00032.png,cat,3,/home/emily/MMIP/week5/quiz1/data/gallery/cat/00082.png,cat,0.517130
/home/emily/MMIP/week5/quiz1/data/query/cat/00032.png,cat,4,/home/emily/MMIP/week5/quiz1/data/gallery/cat/00692.png,cat,0.508900
/home/emily/MMIP/week5/quiz1/data/query/cat/00032.png,cat,5,/home/emily/MMIP/week5/quiz1/data/gallery/cat/00117.png,cat,0.507650
/home/emily/MMIP/week5/quiz1/data/query/cat/00033.png,cat,1,/home/emily/MMIP/week5/quiz1/data/gallery/cat/00414.png,cat,0.765541
/home/emily/MMIP/week5/quiz1/data/query/cat/00033.png,cat,2,/home/emily/MMIP/week5/quiz1/data/gallery/cat/00495.png,cat,0.763424
/home/emily/MMIP/week5/quiz1/data/query/cat/00033.png,cat,3,/home/emily/MMIP/week5/quiz1/data/gallery/cat/00786.png,cat,0.756936
/home/emily/MMIP/week5/quiz1/data/query/cat/00033.png,cat,4,/home/emily/MMIP/week5/quiz1/data/gallery/cat/00919.png,cat,0.744057
/home/emily/MMIP/week5/quiz1/data/query/cat/00033.png,cat,5,/home/emily/MMIP/week5/quiz1/data/gallery/cat/00420.png,cat,0.740360
/home/emily/MMIP/week5/quiz1/data/query/cat/00034.png,cat,1,/home/emily/MMIP/week5/quiz1/data/gallery/cat/00014.png,cat,0.734953
/home/emily/MMIP/week5/quiz1/data/query/cat/00034.png,cat,2,/home/emily/MMIP/week5/quiz1/data/gallery/cat/00326.png,cat,0.663108
/home/emily/MMIP/week5/quiz1/data/query/cat/00034.png,cat,3,/home/emily/MMIP/week5/quiz1/data/gallery/cat/00035.png,cat,0.648835
/home/emily/MMIP/week5/quiz1/data/query/cat/00034.png,cat,4,/home/emily/MMIP/week5/quiz1/data/gallery/frog/00173.png,frog,0.648590
/home/emily/MMIP/week5/quiz1/data/query/cat/00034.png,cat,5,/home/emily/MMIP/week5/quiz1/data/gallery/frog/00073.png,frog,0.639202
/home/emily/MMIP/week5/quiz1/data/query/cat/00035.png,cat,1,/home/emily/MMIP/week5/quiz1/data/gallery/cat/00010.png,cat,0.689353
/home/emily/MMIP/week5/quiz1/data/query/cat/00035.png,cat,2,/home/emily/MMIP/week5/quiz1/data/gallery/cat/00741.png,cat,0.601382
/home/emily/MMIP/week5/quiz1/data/query/cat/00035.png,cat,3,/home/emily/MMIP/week5/quiz1/data/gallery/cat/00246.png,cat,0.599591
/home/emily/MMIP/week5/quiz1/data/query/cat/00035.png,cat,4,/home/emily/MMIP/week5/quiz1/data/gallery/cat/00033.png,cat,0.578128
/home/emily/MMIP/week5/quiz1/data/query/cat/00035.png,cat,5,/home/emily/MMIP/week5/quiz1/data/gallery/cat/00307.png,cat,0.566006
/home/emily/MMIP/week5/quiz1/data/query/cat/00036.png,cat,1,/home/emily/MMIP/week5/quiz1/data/gallery/cat/00292.png,cat,0.470218
/home/emily/MMIP/week5/quiz1/data/query/cat/00036.png,cat,2,/home/emily/MMIP/week5/quiz1/data/gallery/cat/00113.png,cat,0.461874
/home/emily/MMIP/week5/quiz1/data/query/cat/00036.png,cat,3,/home/emily/MMIP/week5/quiz1/data/gallery/bird/00275.png,bird,0.459051
/home/emily/MMIP/week5/quiz1/data/query/cat/00036.png,cat,4,/home/emily/MMIP/week5/quiz1/data/gallery/cat/00538.png,cat,0.458435
/home/emily/MMIP/week5/quiz1/data/query/cat/00036.png,cat,5,/home/emily/MMIP/week5/quiz1/data/gallery/bird/00291.png,bird,0.455395
/home/emily/MMIP/week5/quiz1/data/query/cat/00037.png,cat,1,/home/emily/MMIP/week5/quiz1/data/gallery/cat/00497.png,cat,0.622734
/home/emily/MMIP/week5/quiz1/data/query/cat/00037.png,cat,2,/home/emily/MMIP/week5/quiz1/data/gallery/cat/00641.png,cat,0.599600
/home/emily/MMIP/week5/quiz1/data/query/cat/00037.png,cat,3,/home/emily/MMIP/week5/quiz1/data/gallery/cat/00660.png,cat,0.576767
/home/emily/MMIP/week5/quiz1/data/query/cat/00037.png,cat,4,/home/emily/MMIP/week5/quiz1/data/gallery/cat/00150.png,cat,0.575371
/home/emily/MMIP/week5/quiz1/data/query/cat/00037.png,cat,5,/home/emily/MMIP/week5/quiz1/data/gallery/cat/00633.png,cat,0.558776
/home/emily/MMIP/week5/quiz1/data/query/cat/00038.png,cat,1,/home/emily/MMIP/week5/quiz1/data/gallery/cat/00160.png,cat,0.518667
/home/emily/MMIP/week5/quiz1/data/query/cat/00038.png,cat,2,/home/emily/MMIP/week5/quiz1/data/gallery/cat/00111.png,cat,0.505159
/home/emily/MMIP/week5/quiz1/data/query/cat/00038.png,cat,3,/home/emily/MMIP/week5/quiz1/data/gallery/cat/00931.png,cat,0.478889
/home/emily/MMIP/week5/quiz1/data/query/cat/00038.png,cat,4,/home/emily/MMIP/week5/quiz1/data/gallery/cat/00997.png,cat,0.478146
/home/emily/MMIP/week5/quiz1/data/query/cat/00038.png,cat,5,/home/emily/MMIP/week5/quiz1/data/gallery/cat/00905.png,cat,0.475377
/home/emily/MMIP/week5/quiz1/data/query/cat/00039.png,cat,1,/home/emily/MMIP/week5/quiz1/data/gallery/cat/00176.png,cat,0.611040
/home/emily/MMIP/week5/quiz1/data/query/cat/00039.png,cat,2,/home/emily/MMIP/week5/quiz1/data/gallery/bird/00275.png,bird,0.606691
/home/emily/MMIP/week5/quiz1/data/query/cat/00039.png,cat,3,/home/emily/MMIP/week5/quiz1/data/gallery/cat/00701.png,cat,0.596667
/home/emily/MMIP/week5/quiz1/data/query/cat/00039.png,cat,4,/home/emily/MMIP/week5/quiz1/data/gallery/cat/00862.png,cat,0.540757
/home/emily/MMIP/week5/quiz1/data/query/cat/00039.png,cat,5,/home/emily/MMIP/week5/quiz1/data/gallery/bird/00778.png,bird,0.520878
/home/emily/MMIP/week5/quiz1/data/query/cat/00040.png,cat,1,/home/emily/MMIP/week5/quiz1/data/gallery/dog/00316.png,dog,0.639412
/home/emily/MMIP/week5/quiz1/data/query/cat/00040.png,cat,2,/home/emily/MMIP/week5/quiz1/data/gallery/cat/00860.png,cat,0.623343
/home/emily/MMIP/week5/quiz1/data/query/cat/00040.png,cat,3,/home/emily/MMIP/week5/quiz1/data/gallery/dog/00565.png,dog,0.607620
/home/emily/MMIP/week5/quiz1/data/query/cat/00040.png,cat,4,/home/emily/MMIP/week5/quiz1/data/gallery/dog/00975.png,dog,0.590274
/home/emily/MMIP/week5/quiz1/data/query/cat/00040.png,cat,5,/home/emily/MMIP/week5/quiz1/data/gallery/dog/00384.png,dog,0.588595
/home/emily/MMIP/week5/quiz1/data/query/cat/00041.png,cat,1,/home/emily/MMIP/week5/quiz1/data/gallery/cat/00796.png,cat,0.666664
/home/emily/MMIP/week5/quiz1/data/query/cat/00041.png,cat,2,/home/emily/MMIP/week5/quiz1/data/gallery/cat/00929.png,cat,0.631650
/home/emily/MMIP/week5/quiz1/data/query/cat/00041.png,cat,3,/home/emily/MMIP/week5/quiz1/data/gallery/cat/00394.png,cat,0.629736
/home/emily/MMIP/week5/quiz1/data/query/cat/00041.png,cat,4,/home/emily/MMIP/week5/quiz1/data/gallery/cat/00516.png,cat,0.615893
/home/emily/MMIP/week5/quiz1/data/query/cat/00041.png,cat,5,/home/emily/MMIP/week5/quiz1/data/gallery/cat/00683.png,cat,0.614323
/home/emily/MMIP/week5/quiz1/data/query/cat/00042.png,cat,1,/home/emily/MMIP/week5/quiz1/data/gallery/cat/00082.png,cat,0.615492
/home/emily/MMIP/week5/quiz1/data/query/cat/00042.png,cat,2,/home/emily/MMIP/week5/quiz1/data/gallery/cat/00434.png,cat,0.602793
/home/emily/MMIP/week5/quiz1/data/query/cat/00042.png,cat,3,/home/emily/MMIP/week5/quiz1/data/gallery/cat/00523.png,cat,0.597013
/home/emily/MMIP/week5/quiz1/data/query/cat/00042.png,cat,4,/home/emily/MMIP/week5/quiz1/data/gallery/cat/00457.png,cat,0.594846
/home/emily/MMIP/week5/quiz1/data/query/cat/00042.png,cat,5,/home/emily/MMIP/week5/quiz1/data/gallery/cat/00696.png,cat,0.584055
/home/emily/MMIP/week5/quiz1/data/query/cat/00043.png,cat,1,/home/emily/MMIP/week5/quiz1/data/gallery/cat/00163.png,cat,0.628543
/home/emily/MMIP/week5/quiz1/data/query/cat/00043.png,cat,2,/home/emily/MMIP/week5/quiz1/data/gallery/cat/00287.png,cat,0.603695
/home/emily/MMIP/week5/quiz1/data/query/cat/00043.png,cat,3,/home/emily/MMIP/week5/quiz1/data/gallery/cat/00758.png,cat,0.598425
/home/emily/MMIP/week5/quiz1/data/query/cat/00043.png,cat,4,/home/emily/MMIP/week5/quiz1/data/gallery/cat/00259.png,cat,0.589904
/home/emily/MMIP/week5/quiz1/data/query/cat/00043.png,cat,5,/home/emily/MMIP/week5/quiz1/data/gallery/cat/00665.png,cat,0.580318
/home/emily/MMIP/week5/quiz1/data/query/cat/00044.png,cat,1,/home/emily/MMIP/week5/quiz1/data/gallery/cat/00728.png,cat,0.685918
/home/emily/MMIP/week5/quiz1/data/query/cat/00044.png,cat,2,/home/emily/MMIP/week5/quiz1/data/gallery/cat/00232.png,cat,0.685582
/home/emily/MMIP/week5/quiz1/data/query/cat/00044.png,cat,3,/home/emily/MMIP/week5/quiz1/data/gallery/cat/00085.png,cat,0.685406
/home/emily/MMIP/week5/quiz1/data/query/cat/00044.png,cat,4,/home/emily/MMIP/week5/quiz1/data/gallery/cat/00087.png,cat,0.678507
/home/emily/MMIP/week5/quiz1/data/query/cat/00044.png,cat,5,/home/emily/MMIP/week5/quiz1/data/gallery/cat/00436.png,cat,0.671780
/home/emily/MMIP/week5/quiz1/data/query/cat/00045.png,cat,1,/home/emily/MMIP/week5/quiz1/data/gallery/cat/00098.png,cat,0.710816
/home/emily/MMIP/week5/quiz1/data/query/cat/00045.png,cat,2,/home/emily/MMIP/week5/quiz1/data/gallery/cat/00605.png,cat,0.707951
/home/emily/MMIP/week5/quiz1/data/query/cat/00045.png,cat,3,/home/emily/MMIP/week5/quiz1/data/gallery/cat/00225.png,cat,0.702036
/home/emily/MMIP/week5/quiz1/data/query/cat/00045.png,cat,4,/home/emily/MMIP/week5/quiz1/data/gallery/cat/00304.png,cat,0.692685
/home/emily/MMIP/week5/quiz1/data/query/cat/00045.png,cat,5,/home/emily/MMIP/week5/quiz1/data/gallery/deer/00626.png,deer,0.689718
/home/emily/MMIP/week5/quiz1/data/query/cat/00046.png,cat,1,/home/emily/MMIP/week5/quiz1/data/gallery/cat/00728.png,cat,0.575210
/home/emily/MMIP/week5/quiz1/data/query/cat/00046.png,cat,2,/home/emily/MMIP/week5/quiz1/data/gallery/cat/00992.png,cat,0.573653
/home/emily/MMIP/week5/quiz1/data/query/cat/00046.png,cat,3,/home/emily/MMIP/week5/quiz1/data/gallery/cat/00985.png,cat,0.567368
/home/emily/MMIP/week5/quiz1/data/query/cat/00046.png,cat,4,/home/emily/MMIP/week5/quiz1/data/gallery/cat/00847.png,cat,0.562923
/home/emily/MMIP/week5/quiz1/data/query/cat/00046.png,cat,5,/home/emily/MMIP/week5/quiz1/data/gallery/cat/00796.png,cat,0.562091
/home/emily/MMIP/week5/quiz1/data/query/cat/00047.png,cat,1,/home/emily/MMIP/week5/quiz1/data/gallery/frog/00043.png,frog,0.646780
/home/emily/MMIP/week5/quiz1/data/query/cat/00047.png,cat,2,/home/emily/MMIP/week5/quiz1/data/gallery/cat/00574.png,cat,0.621726
/home/emily/MMIP/week5/quiz1/data/query/cat/00047.png,cat,3,/home/emily/MMIP/week5/quiz1/data/gallery/cat/00627.png,cat,0.599097
/home/emily/MMIP/week5/quiz1/data/query/cat/00047.png,cat,4,/home/emily/MMIP/week5/quiz1/data/gallery/cat/00012.png,cat,0.594032
/home/emily/MMIP/week5/quiz1/data/query/cat/00047.png,cat,5,/home/emily/MMIP/week5/quiz1/data/gallery/frog/00403.png,frog,0.586737
/home/emily/MMIP/week5/quiz1/data/query/cat/00048.png,cat,1,/home/emily/MMIP/week5/quiz1/data/gallery/deer/00327.png,deer,0.661348
/home/emily/MMIP/week5/quiz1/data/query/cat/00048.png,cat,2,/home/emily/MMIP/week5/quiz1/data/gallery/cat/00721.png,cat,0.653940
/home/emily/MMIP/week5/quiz1/data/query/cat/00048.png,cat,3,/home/emily/MMIP/week5/quiz1/data/gallery/deer/00738.png,deer,0.633509
/home/emily/MMIP/week5/quiz1/data/query/cat/00048.png,cat,4,/home/emily/MMIP/week5/quiz1/data/gallery/deer/00270.png,deer,0.623643
/home/emily/MMIP/week5/quiz1/data/query/cat/00048.png,cat,5,/home/emily/MMIP/week5/quiz1/data/gallery/deer/00395.png,deer,0.613124
/home/emily/MMIP/week5/quiz1/data/query/cat/00049.png,cat,1,/home/emily/MMIP/week5/quiz1/data/gallery/cat/00931.png,cat,0.526043
/home/emily/MMIP/week5/quiz1/data/query/cat/00049.png,cat,2,/home/emily/MMIP/week5/quiz1/data/gallery/dog/00902.png,dog,0.514934
/home/emily/MMIP/week5/quiz1/data/query/cat/00049.png,cat,3,/home/emily/MMIP/week5/quiz1/data/gallery/cat/00160.png,cat,0.511399
/home/emily/MMIP/week5/quiz1/data/query/cat/00049.png,cat,4,/home/emily/MMIP/week5/quiz1/data/gallery/cat/00175.png,cat,0.505720
/home/emily/MMIP/week5/quiz1/data/query/cat/00049.png,cat,5,/home/emily/MMIP/week5/quiz1/data/gallery/cat/00156.png,cat,0.503229
/home/emily/MMIP/week5/quiz1/data/query/cat/00050.png,cat,1,/home/emily/MMIP/week5/quiz1/data/gallery/cat/00970.png,cat,0.857083
/home/emily/MMIP/week5/quiz1/data/query/cat/00050.png,cat,2,/home/emily/MMIP/week5/quiz1/data/gallery/cat/00921.png,cat,0.751483
/home/emily/MMIP/week5/quiz1/data/query/cat/00050.png,cat,3,/home/emily/MMIP/week5/quiz1/data/gallery/cat/00200.png,cat,0.710672
/home/emily/MMIP/week5/quiz1/data/query/cat/00050.png,cat,4,/home/emily/MMIP/week5/quiz1/data/gallery/cat/00855.png,cat,0.706270
/home/emily/MMIP/week5/quiz1/data/query/cat/00050.png,cat,5,/home/emily/MMIP/week5/quiz1/data/gallery/cat/00668.png,cat,0.691916
/home/emily/MMIP/week5/quiz1/data/query/cat/00051.png,cat,1,/home/emily/MMIP/week5/quiz1/data/gallery/cat/00860.png,cat,0.696545
/home/emily/MMIP/week5/quiz1/data/query/cat/00051.png,cat,2,/home/emily/MMIP/week5/quiz1/data/gallery/cat/00866.png,cat,0.649938
/home/emily/MMIP/week5/quiz1/data/query/cat/00051.png,cat,3,/home/emily/MMIP/week5/quiz1/data/gallery/cat/00952.png,cat,0.644897
/home/emily/MMIP/week5/quiz1/data/query/cat/00051.png,cat,4,/home/emily/MMIP/week5/quiz1/data/gallery/cat/00562.png,cat,0.640590
/home/emily/MMIP/week5/quiz1/data/query/cat/00051.png,cat,5,/home/emily/MMIP/week5/quiz1/data/gallery/cat/00509.png,cat,0.632519
/home/emily/MMIP/week5/quiz1/data/query/cat/00052.png,cat,1,/home/emily/MMIP/week5/quiz1/data/gallery/cat/00491.png,cat,0.586643
/home/emily/MMIP/week5/quiz1/data/query/cat/00052.png,cat,2,/home/emily/MMIP/week5/quiz1/data/gallery/cat/00649.png,cat,0.543482
/home/emily/MMIP/week5/quiz1/data/query/cat/00052.png,cat,3,/home/emily/MMIP/week5/quiz1/data/gallery/cat/00631.png,cat,0.535416
/home/emily/MMIP/week5/quiz1/data/query/cat/00052.png,cat,4,/home/emily/MMIP/week5/quiz1/data/gallery/cat/00112.png,cat,0.532626
/home/emily/MMIP/week5/quiz1/data/query/cat/00052.png,cat,5,/home/emily/MMIP/week5/quiz1/data/gallery/cat/00353.png,cat,0.531551
/home/emily/MMIP/week5/quiz1/data/query/cat/00053.png,cat,1,/home/emily/MMIP/week5/quiz1/data/gallery/cat/00487.png,cat,0.680785
/home/emily/MMIP/week5/quiz1/data/query/cat/00053.png,cat,2,/home/emily/MMIP/week5/quiz1/data/gallery/cat/00298.png,cat,0.648636
/home/emily/MMIP/week5/quiz1/data/query/cat/00053.png,cat,3,/home/emily/MMIP/week5/quiz1/data/gallery/cat/00618.png,cat,0.624183
/home/emily/MMIP/week5/quiz1/data/query/cat/00053.png,cat,4,/home/emily/MMIP/week5/quiz1/data/gallery/frog/00894.png,frog,0.613493
/home/emily/MMIP/week5/quiz1/data/query/cat/00053.png,cat,5,/home/emily/MMIP/week5/quiz1/data/gallery/frog/00336.png,frog,0.608980
/home/emily/MMIP/week5/quiz1/data/query/cat/00054.png,cat,1,/home/emily/MMIP/week5/quiz1/data/gallery/cat/00741.png,cat,0.550664
/home/emily/MMIP/week5/quiz1/data/query/cat/00054.png,cat,2,/home/emily/MMIP/week5/quiz1/data/gallery/cat/00757.png,cat,0.546983
/home/emily/MMIP/week5/quiz1/data/query/cat/00054.png,cat,3,/home/emily/MMIP/week5/quiz1/data/gallery/dog/00479.png,dog,0.545080
/home/emily/MMIP/week5/quiz1/data/query/cat/00054.png,cat,4,/home/emily/MMIP/week5/quiz1/data/gallery/cat/00955.png,cat,0.511270
/home/emily/MMIP/week5/quiz1/data/query/cat/00054.png,cat,5,/home/emily/MMIP/week5/quiz1/data/gallery/cat/00157.png,cat,0.506267
/home/emily/MMIP/week5/quiz1/data/query/cat/00055.png,cat,1,/home/emily/MMIP/week5/quiz1/data/gallery/cat/00418.png,cat,0.782198
/home/emily/MMIP/week5/quiz1/data/query/cat/00055.png,cat,2,/home/emily/MMIP/week5/quiz1/data/gallery/cat/00695.png,cat,0.730890
/home/emily/MMIP/week5/quiz1/data/query/cat/00055.png,cat,3,/home/emily/MMIP/week5/quiz1/data/gallery/cat/00869.png,cat,0.722461
/home/emily/MMIP/week5/quiz1/data/query/cat/00055.png,cat,4,/home/emily/MMIP/week5/quiz1/data/gallery/cat/00151.png,cat,0.713407
/home/emily/MMIP/week5/quiz1/data/query/cat/00055.png,cat,5,/home/emily/MMIP/week5/quiz1/data/gallery/cat/00744.png,cat,0.711823
/home/emily/MMIP/week5/quiz1/data/query/cat/00056.png,cat,1,/home/emily/MMIP/week5/quiz1/data/gallery/cat/00746.png,cat,0.552541
/home/emily/MMIP/week5/quiz1/data/query/cat/00056.png,cat,2,/home/emily/MMIP/week5/quiz1/data/gallery/cat/00115.png,cat,0.492187
/home/emily/MMIP/week5/quiz1/data/query/cat/00056.png,cat,3,/home/emily/MMIP/week5/quiz1/data/gallery/cat/00305.png,cat,0.481010
/home/emily/MMIP/week5/quiz1/data/query/cat/00056.png,cat,4,/home/emily/MMIP/week5/quiz1/data/gallery/cat/00087.png,cat,0.479754
/home/emily/MMIP/week5/quiz1/data/query/cat/00056.png,cat,5,/home/emily/MMIP/week5/quiz1/data/gallery/cat/00080.png,cat,0.475105
/home/emily/MMIP/week5/quiz1/data/query/cat/00057.png,cat,1,/home/emily/MMIP/week5/quiz1/data/gallery/cat/00647.png,cat,0.686687
/home/emily/MMIP/week5/quiz1/data/query/cat/00057.png,cat,2,/home/emily/MMIP/week5/quiz1/data/gallery/cat/00531.png,cat,0.643770
/home/emily/MMIP/week5/quiz1/data/query/cat/00057.png,cat,3,/home/emily/MMIP/week5/quiz1/data/gallery/cat/00251.png,cat,0.635039
/home/emily/MMIP/week5/quiz1/data/query/cat/00057.png,cat,4,/home/emily/MMIP/week5/quiz1/data/gallery/cat/00498.png,cat,0.632886
/home/emily/MMIP/week5/quiz1/data/query/cat/00057.png,cat,5,/home/emily/MMIP/week5/quiz1/data/gallery/cat/00809.png,cat,0.630795
/home/emily/MMIP/week5/quiz1/data/query/cat/00058.png,cat,1,/home/emily/MMIP/week5/quiz1/data/gallery/cat/00506.png,cat,0.582998
/home/emily/MMIP/week5/quiz1/data/query/cat/00058.png,cat,2,/home/emily/MMIP/week5/quiz1/data/gallery/deer/00904.png,deer,0.582357
/home/emily/MMIP/week5/quiz1/data/query/cat/00058.png,cat,3,/home/emily/MMIP/week5/quiz1/data/gallery/cat/00944.png,cat,0.578092
/home/emily/MMIP/week5/quiz1/data/query/cat/00058.png,cat,4,/home/emily/MMIP/week5/quiz1/data/gallery/cat/00050.png,cat,0.566269
/home/emily/MMIP/week5/quiz1/data/query/cat/00058.png,cat,5,/home/emily/MMIP/week5/quiz1/data/gallery/bird/00429.png,bird,0.548880
/home/emily/MMIP/week5/quiz1/data/query/cat/00059.png,cat,1,/home/emily/MMIP/week5/quiz1/data/gallery/cat/00894.png,cat,0.645490
/home/emily/MMIP/week5/quiz1/data/query/cat/00059.png,cat,2,/home/emily/MMIP/week5/quiz1/data/gallery/bird/00288.png,bird,0.639536
/home/emily/MMIP/week5/quiz1/data/query/cat/00059.png,cat,3,/home/emily/MMIP/week5/quiz1/data/gallery/cat/00958.png,cat,0.621070
/home/emily/MMIP/week5/quiz1/data/query/cat/00059.png,cat,4,/home/emily/MMIP/week5/quiz1/data/gallery/cat/00475.png,cat,0.584010
/home/emily/MMIP/week5/quiz1/data/query/cat/00059.png,cat,5,/home/emily/MMIP/week5/quiz1/data/gallery/cat/00845.png,cat,0.579406
/home/emily/MMIP/week5/quiz1/data/query/cat/00060.png,cat,1,/home/emily/MMIP/week5/quiz1/data/gallery/cat/00839.png,cat,0.583156
/home/emily/MMIP/week5/quiz1/data/query/cat/00060.png,cat,2,/home/emily/MMIP/week5/quiz1/data/gallery/cat/00584.png,cat,0.577566
/home/emily/MMIP/week5/quiz1/data/query/cat/00060.png,cat,3,/home/emily/MMIP/week5/quiz1/data/gallery/cat/00782.png,cat,0.545781
/home/emily/MMIP/week5/quiz1/data/query/cat/00060.png,cat,4,/home/emily/MMIP/week5/quiz1/data/gallery/cat/00045.png,cat,0.543708
/home/emily/MMIP/week5/quiz1/data/query/cat/00060.png,cat,5,/home/emily/MMIP/week5/quiz1/data/gallery/cat/00857.png,cat,0.537814
/home/emily/MMIP/week5/quiz1/data/query/cat/00061.png,cat,1,/home/emily/MMIP/week5/quiz1/data/gallery/cat/00919.png,cat,0.805532
/home/emily/MMIP/week5/quiz1/data/query/cat/00061.png,cat,2,/home/emily/MMIP/week5/quiz1/data/gallery/cat/00129.png,cat,0.785959
/home/emily/MMIP/week5/quiz1/data/query/cat/00061.png,cat,3,/home/emily/MMIP/week5/quiz1/data/gallery/cat/00414.png,cat,0.781219
/home/emily/MMIP/week5/quiz1/data/query/cat/00061.png,cat,4,/home/emily/MMIP/week5/quiz1/data/gallery/cat/00313.png,cat,0.765364
/home/emily/MMIP/week5/quiz1/data/query/cat/00061.png,cat,5,/home/emily/MMIP/week5/quiz1/data/gallery/cat/00420.png,cat,0.764770
/home/emily/MMIP/week5/quiz1/data/query/cat/00062.png,cat,1,/home/emily/MMIP/week5/quiz1/data/gallery/cat/00965.png,cat,0.557545
/home/emily/MMIP/week5/quiz1/data/query/cat/00062.png,cat,2,/home/emily/MMIP/week5/quiz1/data/gallery/cat/00537.png,cat,0.551467
/home/emily/MMIP/week5/quiz1/data/query/cat/00062.png,cat,3,/home/emily/MMIP/week5/quiz1/data/gallery/cat/00362.png,cat,0.535561
/home/emily/MMIP/week5/quiz1/data/query/cat/00062.png,cat,4,/home/emily/MMIP/week5/quiz1/data/gallery/cat/00171.png,cat,0.523241
/home/emily/MMIP/week5/quiz1/data/query/cat/00062.png,cat,5,/home/emily/MMIP/week5/quiz1/data/gallery/cat/00598.png,cat,0.511720
/home/emily/MMIP/week5/quiz1/data/query/cat/00063.png,cat,1,/home/emily/MMIP/week5/quiz1/data/gallery/cat/00390.png,cat,0.593720
/home/emily/MMIP/week5/quiz1/data/query/cat/00063.png,cat,2,/home/emily/MMIP/week5/quiz1/data/gallery/cat/00176.png,cat,0.517370
/home/emily/MMIP/week5/quiz1/data/query/cat/00063.png,cat,3,/home/emily/MMIP/week5/quiz1/data/gallery/cat/00642.png,cat,0.510830
/home/emily/MMIP/week5/quiz1/data/query/cat/00063.png,cat,4,/home/emily/MMIP/week5/quiz1/data/gallery/cat/00862.png,cat,0.503423
/home/emily/MMIP/week5/quiz1/data/query/cat/00063.png,cat,5,/home/emily/MMIP/week5/quiz1/data/gallery/cat/00103.png,cat,0.496742
/home/emily/MMIP/week5/quiz1/data/query/cat/00064.png,cat,1,/home/emily/MMIP/week5/quiz1/data/gallery/cat/00404.png,cat,0.538222
/home/emily/MMIP/week5/quiz1/data/query/cat/00064.png,cat,2,/home/emily/MMIP/week5/quiz1/data/gallery/cat/00694.png,cat,0.529446
/home/emily/MMIP/week5/quiz1/data/query/cat/00064.png,cat,3,/home/emily/MMIP/week5/quiz1/data/gallery/dog/00498.png,dog,0.527343
/home/emily/MMIP/week5/quiz1/data/query/cat/00064.png,cat,4,/home/emily/MMIP/week5/quiz1/data/gallery/cat/00082.png,cat,0.517111
/home/emily/MMIP/week5/quiz1/data/query/cat/00064.png,cat,5,/home/emily/MMIP/week5/quiz1/data/gallery/cat/00297.png,cat,0.508684
/home/emily/MMIP/week5/quiz1/data/query/cat/00065.png,cat,1,/home/emily/MMIP/week5/quiz1/data/gallery/cat/00576.png,cat,0.741040
/home/emily/MMIP/week5/quiz1/data/query/cat/00065.png,cat,2,/home/emily/MMIP/week5/quiz1/data/gallery/cat/00825.png,cat,0.731635
/home/emily/MMIP/week5/quiz1/data/query/cat/00065.png,cat,3,/home/emily/MMIP/week5/quiz1/data/gallery/cat/00800.png,cat,0.724147
/home/emily/MMIP/week5/quiz1/data/query/cat/00065.png,cat,4,/home/emily/MMIP/week5/quiz1/data/gallery/cat/00102.png,cat,0.719199
/home/emily/MMIP/week5/quiz1/data/query/cat/00065.png,cat,5,/home/emily/MMIP/week5/quiz1/data/gallery/cat/00018.png,cat,0.707521
/home/emily/MMIP/week5/quiz1/data/query/cat/00066.png,cat,1,/home/emily/MMIP/week5/quiz1/data/gallery/cat/00786.png,cat,0.862596
/home/emily/MMIP/week5/quiz1/data/query/cat/00066.png,cat,2,/home/emily/MMIP/week5/quiz1/data/gallery/cat/00790.png,cat,0.835885
/home/emily/MMIP/week5/quiz1/data/query/cat/00066.png,cat,3,/home/emily/MMIP/week5/quiz1/data/gallery/cat/00151.png,cat,0.823302
/home/emily/MMIP/week5/quiz1/data/query/cat/00066.png,cat,4,/home/emily/MMIP/week5/quiz1/data/gallery/cat/00809.png,cat,0.808093
/home/emily/MMIP/week5/quiz1/data/query/cat/00066.png,cat,5,/home/emily/MMIP/week5/quiz1/data/gallery/cat/00643.png,cat,0.807000
/home/emily/MMIP/week5/quiz1/data/query/cat/00067.png,cat,1,/home/emily/MMIP/week5/quiz1/data/gallery/cat/00493.png,cat,0.729365
/home/emily/MMIP/week5/quiz1/data/query/cat/00067.png,cat,2,/home/emily/MMIP/week5/quiz1/data/gallery/cat/00475.png,cat,0.716885
/home/emily/MMIP/week5/quiz1/data/query/cat/00067.png,cat,3,/home/emily/MMIP/week5/quiz1/data/gallery/cat/00183.png,cat,0.711389
/home/emily/MMIP/week5/quiz1/data/query/cat/00067.png,cat,4,/home/emily/MMIP/week5/quiz1/data/gallery/cat/00192.png,cat,0.702558
/home/emily/MMIP/week5/quiz1/data/query/cat/00067.png,cat,5,/home/emily/MMIP/week5/quiz1/data/gallery/cat/00205.png,cat,0.691668
/home/emily/MMIP/week5/quiz1/data/query/cat/00068.png,cat,1,/home/emily/MMIP/week5/quiz1/data/gallery/deer/00871.png,deer,0.709175
/home/emily/MMIP/week5/quiz1/data/query/cat/00068.png,cat,2,/home/emily/MMIP/week5/quiz1/data/gallery/cat/00930.png,cat,0.665094
/home/emily/MMIP/week5/quiz1/data/query/cat/00068.png,cat,3,/home/emily/MMIP/week5/quiz1/data/gallery/frog/00855.png,frog,0.664973
/home/emily/MMIP/week5/quiz1/data/query/cat/00068.png,cat,4,/home/emily/MMIP/week5/quiz1/data/gallery/deer/00626.png,deer,0.663747
/home/emily/MMIP/week5/quiz1/data/query/cat/00068.png,cat,5,/home/emily/MMIP/week5/quiz1/data/gallery/deer/00503.png,deer,0.660447
/home/emily/MMIP/week5/quiz1/data/query/cat/00069.png,cat,1,/home/emily/MMIP/week5/quiz1/data/gallery/cat/00800.png,cat,0.658472
/home/emily/MMIP/week5/quiz1/data/query/cat/00069.png,cat,2,/home/emily/MMIP/week5/quiz1/data/gallery/cat/00935.png,cat,0.649033
/home/emily/MMIP/week5/quiz1/data/query/cat/00069.png,cat,3,/home/emily/MMIP/week5/quiz1/data/gallery/cat/00855.png,cat,0.642420
/home/emily/MMIP/week5/quiz1/data/query/cat/00069.png,cat,4,/home/emily/MMIP/week5/quiz1/data/gallery/cat/00919.png,cat,0.640908
/home/emily/MMIP/week5/quiz1/data/query/cat/00069.png,cat,5,/home/emily/MMIP/week5/quiz1/data/gallery/cat/00409.png,cat,0.640282
/home/emily/MMIP/week5/quiz1/data/query/cat/00070.png,cat,1,/home/emily/MMIP/week5/quiz1/data/gallery/dog/00200.png,dog,0.601005
/home/emily/MMIP/week5/quiz1/data/query/cat/00070.png,cat,2,/home/emily/MMIP/week5/quiz1/data/gallery/cat/00141.png,cat,0.591299
/home/emily/MMIP/week5/quiz1/data/query/cat/00070.png,cat,3,/home/emily/MMIP/week5/quiz1/data/gallery/dog/00161.png,dog,0.573288
/home/emily/MMIP/week5/quiz1/data/query/cat/00070.png,cat,4,/home/emily/MMIP/week5/quiz1/data/gallery/cat/00174.png,cat,0.571292
/home/emily/MMIP/week5/quiz1/data/query/cat/00070.png,cat,5,/home/emily/MMIP/week5/quiz1/data/gallery/cat/00190.png,cat,0.569482
/home/emily/MMIP/week5/quiz1/data/query/cat/00071.png,cat,1,/home/emily/MMIP/week5/quiz1/data/gallery/cat/00439.png,cat,0.748784
/home/emily/MMIP/week5/quiz1/data/query/cat/00071.png,cat,2,/home/emily/MMIP/week5/quiz1/data/gallery/cat/00039.png,cat,0.746493
/home/emily/MMIP/week5/quiz1/data/query/cat/00071.png,cat,3,/home/emily/MMIP/week5/quiz1/data/gallery/cat/00668.png,cat,0.738169
/home/emily/MMIP/week5/quiz1/data/query/cat/00071.png,cat,4,/home/emily/MMIP/week5/quiz1/data/gallery/cat/00773.png,cat,0.730638
/home/emily/MMIP/week5/quiz1/data/query/cat/00071.png,cat,5,/home/emily/MMIP/week5/quiz1/data/gallery/cat/00649.png,cat,0.723618
/home/emily/MMIP/week5/quiz1/data/query/cat/00072.png,cat,1,/home/emily/MMIP/week5/quiz1/data/gallery/cat/00027.png,cat,0.490804
/home/emily/MMIP/week5/quiz1/data/query/cat/00072.png,cat,2,/home/emily/MMIP/week5/quiz1/data/gallery/cat/00727.png,cat,0.490165
/home/emily/MMIP/week5/quiz1/data/query/cat/00072.png,cat,3,/home/emily/MMIP/week5/quiz1/data/gallery/cat/00029.png,cat,0.486477
/home/emily/MMIP/week5/quiz1/data/query/cat/00072.png,cat,4,/home/emily/MMIP/week5/quiz1/data/gallery/cat/00111.png,cat,0.484315
/home/emily/MMIP/week5/quiz1/data/query/cat/00072.png,cat,5,/home/emily/MMIP/week5/quiz1/data/gallery/cat/00034.png,cat,0.473492
/home/emily/MMIP/week5/quiz1/data/query/cat/00073.png,cat,1,/home/emily/MMIP/week5/quiz1/data/gallery/horse/00615.png,horse,0.549379
/home/emily/MMIP/week5/quiz1/data/query/cat/00073.png,cat,2,/home/emily/MMIP/week5/quiz1/data/gallery/frog/00676.png,frog,0.545325
/home/emily/MMIP/week5/quiz1/data/query/cat/00073.png,cat,3,/home/emily/MMIP/week5/quiz1/data/gallery/cat/00896.png,cat,0.536997
/home/emily/MMIP/week5/quiz1/data/query/cat/00073.png,cat,4,/home/emily/MMIP/week5/quiz1/data/gallery/cat/00807.png,cat,0.530174
/home/emily/MMIP/week5/quiz1/data/query/cat/00073.png,cat,5,/home/emily/MMIP/week5/quiz1/data/gallery/cat/00711.png,cat,0.526882
/home/emily/MMIP/week5/quiz1/data/query/cat/00074.png,cat,1,/home/emily/MMIP/week5/quiz1/data/gallery/cat/00162.png,cat,0.707424
/home/emily/MMIP/week5/quiz1/data/query/cat/00074.png,cat,2,/home/emily/MMIP/week5/quiz1/data/gallery/cat/00753.png,cat,0.628449
/home/emily/MMIP/week5/quiz1/data/query/cat/00074.png,cat,3,/home/emily/MMIP/week5/quiz1/data/gallery/cat/00514.png,cat,0.617410
/home/emily/MMIP/week5/quiz1/data/query/cat/00074.png,cat,4,/home/emily/MMIP/week5/quiz1/data/gallery/cat/00691.png,cat,0.610834
/home/emily/MMIP/week5/quiz1/data/query/cat/00074.png,cat,5,/home/emily/MMIP/week5/quiz1/data/gallery/cat/00802.png,cat,0.604958
/home/emily/MMIP/week5/quiz1/data/query/cat/00075.png,cat,1,/home/emily/MMIP/week5/quiz1/data/gallery/cat/00970.png,cat,0.709912
/home/emily/MMIP/week5/quiz1/data/query/cat/00075.png,cat,2,/home/emily/MMIP/week5/quiz1/data/gallery/cat/00205.png,cat,0.707678
/home/emily/MMIP/week5/quiz1/data/query/cat/00075.png,cat,3,/home/emily/MMIP/week5/quiz1/data/gallery/cat/00605.png,cat,0.692228
/home/emily/MMIP/week5/quiz1/data/query/cat/00075.png,cat,4,/home/emily/MMIP/week5/quiz1/data/gallery/cat/00884.png,cat,0.684321
/home/emily/MMIP/week5/quiz1/data/query/cat/00075.png,cat,5,/home/emily/MMIP/week5/quiz1/data/gallery/cat/00192.png,cat,0.674573
/home/emily/MMIP/week5/quiz1/data/query/cat/00076.png,cat,1,/home/emily/MMIP/week5/quiz1/data/gallery/cat/00045.png,cat,0.609619
/home/emily/MMIP/week5/quiz1/data/query/cat/00076.png,cat,2,/home/emily/MMIP/week5/quiz1/data/gallery/frog/00765.png,frog,0.572754
/home/emily/MMIP/week5/quiz1/data/query/cat/00076.png,cat,3,/home/emily/MMIP/week5/quiz1/data/gallery/deer/00079.png,deer,0.568894
/home/emily/MMIP/week5/quiz1/data/query/cat/00076.png,cat,4,/home/emily/MMIP/week5/quiz1/data/gallery/deer/00441.png,deer,0.556869
/home/emily/MMIP/week5/quiz1/data/query/cat/00076.png,cat,5,/home/emily/MMIP/week5/quiz1/data/gallery/bird/00569.png,bird,0.537274
/home/emily/MMIP/week5/quiz1/data/query/cat/00077.png,cat,1,/home/emily/MMIP/week5/quiz1/data/gallery/dog/00385.png,dog,0.604185
/home/emily/MMIP/week5/quiz1/data/query/cat/00077.png,cat,2,/home/emily/MMIP/week5/quiz1/data/gallery/cat/00939.png,cat,0.586196
/home/emily/MMIP/week5/quiz1/data/query/cat/00077.png,cat,3,/home/emily/MMIP/week5/quiz1/data/gallery/cat/00326.png,cat,0.574760
/home/emily/MMIP/week5/quiz1/data/query/cat/00077.png,cat,4,/home/emily/MMIP/week5/quiz1/data/gallery/deer/00862.png,deer,0.571951
/home/emily/MMIP/week5/quiz1/data/query/cat/00077.png,cat,5,/home/emily/MMIP/week5/quiz1/data/gallery/cat/00574.png,cat,0.569371
/home/emily/MMIP/week5/quiz1/data/query/cat/00078.png,cat,1,/home/emily/MMIP/week5/quiz1/data/gallery/dog/00584.png,dog,0.529750
/home/emily/MMIP/week5/quiz1/data/query/cat/00078.png,cat,2,/home/emily/MMIP/week5/quiz1/data/gallery/cat/00525.png,cat,0.508314
/home/emily/MMIP/week5/quiz1/data/query/cat/00078.png,cat,3,/home/emily/MMIP/week5/quiz1/data/gallery/cat/00883.png,cat,0.497781
/home/emily/MMIP/week5/quiz1/data/query/cat/00078.png,cat,4,/home/emily/MMIP/week5/quiz1/data/gallery/cat/00381.png,cat,0.480626
/home/emily/MMIP/week5/quiz1/data/query/cat/00078.png,cat,5,/home/emily/MMIP/week5/quiz1/data/gallery/cat/00327.png,cat,0.479737
/home/emily/MMIP/week5/quiz1/data/query/cat/00079.png,cat,1,/home/emily/MMIP/week5/quiz1/data/gallery/cat/00665.png,cat,0.637205
/home/emily/MMIP/week5/quiz1/data/query/cat/00079.png,cat,2,/home/emily/MMIP/week5/quiz1/data/gallery/cat/00611.png,cat,0.633620
/home/emily/MMIP/week5/quiz1/data/query/cat/00079.png,cat,3,/home/emily/MMIP/week5/quiz1/data/gallery/cat/00407.png,cat,0.625349
/home/emily/MMIP/week5/quiz1/data/query/cat/00079.png,cat,4,/home/emily/MMIP/week5/quiz1/data/gallery/cat/00941.png,cat,0.579646
/home/emily/MMIP/week5/quiz1/data/query/cat/00079.png,cat,5,/home/emily/MMIP/week5/quiz1/data/gallery/cat/00743.png,cat,0.577901
/home/emily/MMIP/week5/quiz1/data/query/cat/00080.png,cat,1,/home/emily/MMIP/week5/quiz1/data/gallery/cat/00627.png,cat,0.656740
/home/emily/MMIP/week5/quiz1/data/query/cat/00080.png,cat,2,/home/emily/MMIP/week5/quiz1/data/gallery/cat/00270.png,cat,0.643245
/home/emily/MMIP/week5/quiz1/data/query/cat/00080.png,cat,3,/home/emily/MMIP/week5/quiz1/data/gallery/cat/00676.png,cat,0.621120
/home/emily/MMIP/week5/quiz1/data/query/cat/00080.png,cat,4,/home/emily/MMIP/week5/quiz1/data/gallery/cat/00415.png,cat,0.620638
/home/emily/MMIP/week5/quiz1/data/query/cat/00080.png,cat,5,/home/emily/MMIP/week5/quiz1/data/gallery/cat/00930.png,cat,0.617575
/home/emily/MMIP/week5/quiz1/data/query/cat/00081.png,cat,1,/home/emily/MMIP/week5/quiz1/data/gallery/cat/00745.png,cat,0.666188
/home/emily/MMIP/week5/quiz1/data/query/cat/00081.png,cat,2,/home/emily/MMIP/week5/quiz1/data/gallery/cat/00608.png,cat,0.545571
/home/emily/MMIP/week5/quiz1/data/query/cat/00081.png,cat,3,/home/emily/MMIP/week5/quiz1/data/gallery/frog/00011.png,frog,0.536301
/home/emily/MMIP/week5/quiz1/data/query/cat/00081.png,cat,4,/home/emily/MMIP/week5/quiz1/data/gallery/frog/00597.png,frog,0.512333
/home/emily/MMIP/week5/quiz1/data/query/cat/00081.png,cat,5,/home/emily/MMIP/week5/quiz1/data/gallery/frog/00909.png,frog,0.501996
/home/emily/MMIP/week5/quiz1/data/query/cat/00082.png,cat,1,/home/emily/MMIP/week5/quiz1/data/gallery/deer/00480.png,deer,0.492897
/home/emily/MMIP/week5/quiz1/data/query/cat/00082.png,cat,2,/home/emily/MMIP/week5/quiz1/data/gallery/dog/00301.png,dog,0.449952
/home/emily/MMIP/week5/quiz1/data/query/cat/00082.png,cat,3,/home/emily/MMIP/week5/quiz1/data/gallery/ship/00058.png,ship,0.444988
/home/emily/MMIP/week5/quiz1/data/query/cat/00082.png,cat,4,/home/emily/MMIP/week5/quiz1/data/gallery/dog/00208.png,dog,0.443958
/home/emily/MMIP/week5/quiz1/data/query/cat/00082.png,cat,5,/home/emily/MMIP/week5/quiz1/data/gallery/dog/00337.png,dog,0.442480
/home/emily/MMIP/week5/quiz1/data/query/cat/00083.png,cat,1,/home/emily/MMIP/week5/quiz1/data/gallery/cat/00469.png,cat,0.780535
/home/emily/MMIP/week5/quiz1/data/query/cat/00083.png,cat,2,/home/emily/MMIP/week5/quiz1/data/gallery/cat/00547.png,cat,0.726468
/home/emily/MMIP/week5/quiz1/data/query/cat/00083.png,cat,3,/home/emily/MMIP/week5/quiz1/data/gallery/cat/00215.png,cat,0.714405
/home/emily/MMIP/week5/quiz1/data/query/cat/00083.png,cat,4,/home/emily/MMIP/week5/quiz1/data/gallery/cat/00492.png,cat,0.703435
/home/emily/MMIP/week5/quiz1/data/query/cat/00083.png,cat,5,/home/emily/MMIP/week5/quiz1/data/gallery/cat/00137.png,cat,0.694334
/home/emily/MMIP/week5/quiz1/data/query/cat/00084.png,cat,1,/home/emily/MMIP/week5/quiz1/data/gallery/frog/00366.png,frog,0.629826
/home/emily/MMIP/week5/quiz1/data/query/cat/00084.png,cat,2,/home/emily/MMIP/week5/quiz1/data/gallery/bird/00894.png,bird,0.585216
/home/emily/MMIP/week5/quiz1/data/query/cat/00084.png,cat,3,/home/emily/MMIP/week5/quiz1/data/gallery/frog/00506.png,frog,0.584802
/home/emily/MMIP/week5/quiz1/data/query/cat/00084.png,cat,4,/home/emily/MMIP/week5/quiz1/data/gallery/frog/00805.png,frog,0.584058
/home/emily/MMIP/week5/quiz1/data/query/cat/00084.png,cat,5,/home/emily/MMIP/week5/quiz1/data/gallery/frog/00316.png,frog,0.580389
/home/emily/MMIP/week5/quiz1/data/query/cat/00085.png,cat,1,/home/emily/MMIP/week5/quiz1/data/gallery/cat/00745.png,cat,0.665592
/home/emily/MMIP/week5/quiz1/data/query/cat/00085.png,cat,2,/home/emily/MMIP/week5/quiz1/data/gallery/cat/00487.png,cat,0.643556
/home/emily/MMIP/week5/quiz1/data/query/cat/00085.png,cat,3,/home/emily/MMIP/week5/quiz1/data/gallery/dog/00264.png,dog,0.642484
/home/emily/MMIP/week5/quiz1/data/query/cat/00085.png,cat,4,/home/emily/MMIP/week5/quiz1/data/gallery/frog/00857.png,frog,0.639855
/home/emily/MMIP/week5/quiz1/data/query/cat/00085.png,cat,5,/home/emily/MMIP/week5/quiz1/data/gallery/cat/00704.png,cat,0.633314
/home/emily/MMIP/week5/quiz1/data/query/cat/00086.png,cat,1,/home/emily/MMIP/week5/quiz1/data/gallery/dog/00712.png,dog,0.576571
/home/emily/MMIP/week5/quiz1/data/query/cat/00086.png,cat,2,/home/emily/MMIP/week5/quiz1/data/gallery/frog/00870.png,frog,0.535089
/home/emily/MMIP/week5/quiz1/data/query/cat/00086.png,cat,3,/home/emily/MMIP/week5/quiz1/data/gallery/dog/00774.png,dog,0.531944
/home/emily/MMIP/week5/quiz1/data/query/cat/00086.png,cat,4,/home/emily/MMIP/week5/quiz1/data/gallery/cat/00671.png,cat,0.530318
/home/emily/MMIP/week5/quiz1/data/query/cat/00086.png,cat,5,/home/emily/MMIP/week5/quiz1/data/gallery/cat/00396.png,cat,0.525146
/home/emily/MMIP/week5/quiz1/data/query/cat/00087.png,cat,1,/home/emily/MMIP/week5/quiz1/data/gallery/cat/00416.png,cat,0.525767
/home/emily/MMIP/week5/quiz1/data/query/cat/00087.png,cat,2,/home/emily/MMIP/week5/quiz1/data/gallery/bird/00369.png,bird,0.525588
/home/emily/MMIP/week5/quiz1/data/query/cat/00087.png,cat,3,/home/emily/MMIP/week5/quiz1/data/gallery/cat/00704.png,cat,0.518262
/home/emily/MMIP/week5/quiz1/data/query/cat/00087.png,cat,4,/home/emily/MMIP/week5/quiz1/data/gallery/cat/00487.png,cat,0.516587
/home/emily/MMIP/week5/quiz1/data/query/cat/00087.png,cat,5,/home/emily/MMIP/week5/quiz1/data/gallery/cat/00957.png,cat,0.510122
/home/emily/MMIP/week5/quiz1/data/query/cat/00088.png,cat,1,/home/emily/MMIP/week5/quiz1/data/gallery/cat/00744.png,cat,0.688954
/home/emily/MMIP/week5/quiz1/data/query/cat/00088.png,cat,2,/home/emily/MMIP/week5/quiz1/data/gallery/cat/00189.png,cat,0.672660
/home/emily/MMIP/week5/quiz1/data/query/cat/00088.png,cat,3,/home/emily/MMIP/week5/quiz1/data/gallery/cat/00294.png,cat,0.659444
/home/emily/MMIP/week5/quiz1/data/query/cat/00088.png,cat,4,/home/emily/MMIP/week5/quiz1/data/gallery/cat/00531.png,cat,0.649346
/home/emily/MMIP/week5/quiz1/data/query/cat/00088.png,cat,5,/home/emily/MMIP/week5/quiz1/data/gallery/cat/00528.png,cat,0.634659
/home/emily/MMIP/week5/quiz1/data/query/cat/00089.png,cat,1,/home/emily/MMIP/week5/quiz1/data/gallery/cat/00725.png,cat,0.562514
/home/emily/MMIP/week5/quiz1/data/query/cat/00089.png,cat,2,/home/emily/MMIP/week5/quiz1/data/gallery/cat/00182.png,cat,0.549523
/home/emily/MMIP/week5/quiz1/data/query/cat/00089.png,cat,3,/home/emily/MMIP/week5/quiz1/data/gallery/cat/00153.png,cat,0.520041
/home/emily/MMIP/week5/quiz1/data/query/cat/00089.png,cat,4,/home/emily/MMIP/week5/quiz1/data/gallery/cat/00085.png,cat,0.513358
/home/emily/MMIP/week5/quiz1/data/query/cat/00089.png,cat,5,/home/emily/MMIP/week5/quiz1/data/gallery/cat/00728.png,cat,0.507566
/home/emily/MMIP/week5/quiz1/data/query/cat/00090.png,cat,1,/home/emily/MMIP/week5/quiz1/data/gallery/cat/00253.png,cat,0.550934
/home/emily/MMIP/week5/quiz1/data/query/cat/00090.png,cat,2,/home/emily/MMIP/week5/quiz1/data/gallery/horse/00962.png,horse,0.540506
/home/emily/MMIP/week5/quiz1/data/query/cat/00090.png,cat,3,/home/emily/MMIP/week5/quiz1/data/gallery/cat/00295.png,cat,0.531284
/home/emily/MMIP/week5/quiz1/data/query/cat/00090.png,cat,4,/home/emily/MMIP/week5/quiz1/data/gallery/deer/00432.png,deer,0.530954
/home/emily/MMIP/week5/quiz1/data/query/cat/00090.png,cat,5,/home/emily/MMIP/week5/quiz1/data/gallery/deer/00294.png,deer,0.530167
/home/emily/MMIP/week5/quiz1/data/query/cat/00091.png,cat,1,/home/emily/MMIP/week5/quiz1/data/gallery/cat/00790.png,cat,0.817768
/home/emily/MMIP/week5/quiz1/data/query/cat/00091.png,cat,2,/home/emily/MMIP/week5/quiz1/data/gallery/cat/00643.png,cat,0.787724
/home/emily/MMIP/week5/quiz1/data/query/cat/00091.png,cat,3,/home/emily/MMIP/week5/quiz1/data/gallery/cat/00809.png,cat,0.764990
/home/emily/MMIP/week5/quiz1/data/query/cat/00091.png,cat,4,/home/emily/MMIP/week5/quiz1/data/gallery/cat/00377.png,cat,0.758242
/home/emily/MMIP/week5/quiz1/data/query/cat/00091.png,cat,5,/home/emily/MMIP/week5/quiz1/data/gallery/cat/00354.png,cat,0.731772
/home/emily/MMIP/week5/quiz1/data/query/cat/00092.png,cat,1,/home/emily/MMIP/week5/quiz1/data/gallery/airplane/00073.png,airplane,0.556497
/home/emily/MMIP/week5/quiz1/data/query/cat/00092.png,cat,2,/home/emily/MMIP/week5/quiz1/data/gallery/cat/00727.png,cat,0.475663
/home/emily/MMIP/week5/quiz1/data/query/cat/00092.png,cat,3,/home/emily/MMIP/week5/quiz1/data/gallery/cat/00900.png,cat,0.470697
/home/emily/MMIP/week5/quiz1/data/query/cat/00092.png,cat,4,/home/emily/MMIP/week5/quiz1/data/gallery/cat/00905.png,cat,0.459874
/home/emily/MMIP/week5/quiz1/data/query/cat/00092.png,cat,5,/home/emily/MMIP/week5/quiz1/data/gallery/automobile/00592.png,automobile,0.457029
/home/emily/MMIP/week5/quiz1/data/query/cat/00093.png,cat,1,/home/emily/MMIP/week5/quiz1/data/gallery/cat/00414.png,cat,0.794896
/home/emily/MMIP/week5/quiz1/data/query/cat/00093.png,cat,2,/home/emily/MMIP/week5/quiz1/data/gallery/cat/00786.png,cat,0.791943
/home/emily/MMIP/week5/quiz1/data/query/cat/00093.png,cat,3,/home/emily/MMIP/week5/quiz1/data/gallery/cat/00377.png,cat,0.784593
/home/emily/MMIP/week5/quiz1/data/query/cat/00093.png,cat,4,/home/emily/MMIP/week5/quiz1/data/gallery/cat/00302.png,cat,0.778842
/home/emily/MMIP/week5/quiz1/data/query/cat/00093.png,cat,5,/home/emily/MMIP/week5/quiz1/data/gallery/cat/00643.png,cat,0.767503
/home/emily/MMIP/week5/quiz1/data/query/cat/00094.png,cat,1,/home/emily/MMIP/week5/quiz1/data/gallery/cat/00393.png,cat,0.587135
/home/emily/MMIP/week5/quiz1/data/query/cat/00094.png,cat,2,/home/emily/MMIP/week5/quiz1/data/gallery/dog/00264.png,dog,0.571661
/home/emily/MMIP/week5/quiz1/data/query/cat/00094.png,cat,3,/home/emily/MMIP/week5/quiz1/data/gallery/cat/00974.png,cat,0.532326
/home/emily/MMIP/week5/quiz1/data/query/cat/00094.png,cat,4,/home/emily/MMIP/week5/quiz1/data/gallery/cat/00174.png,cat,0.530555
/home/emily/MMIP/week5/quiz1/data/query/cat/00094.png,cat,5,/home/emily/MMIP/week5/quiz1/data/gallery/cat/00489.png,cat,0.527997
/home/emily/MMIP/week5/quiz1/data/query/cat/00095.png,cat,1,/home/emily/MMIP/week5/quiz1/data/gallery/cat/00891.png,cat,0.519396
/home/emily/MMIP/week5/quiz1/data/query/cat/00095.png,cat,2,/home/emily/MMIP/week5/quiz1/data/gallery/dog/00165.png,dog,0.514577
/home/emily/MMIP/week5/quiz1/data/query/cat/00095.png,cat,3,/home/emily/MMIP/week5/quiz1/data/gallery/dog/00048.png,dog,0.501547
/home/emily/MMIP/week5/quiz1/data/query/cat/00095.png,cat,4,/home/emily/MMIP/week5/quiz1/data/gallery/cat/00544.png,cat,0.493534
/home/emily/MMIP/week5/quiz1/data/query/cat/00095.png,cat,5,/home/emily/MMIP/week5/quiz1/data/gallery/cat/00711.png,cat,0.488612
/home/emily/MMIP/week5/quiz1/data/query/cat/00096.png,cat,1,/home/emily/MMIP/week5/quiz1/data/gallery/cat/00183.png,cat,0.701209
/home/emily/MMIP/week5/quiz1/data/query/cat/00096.png,cat,2,/home/emily/MMIP/week5/quiz1/data/gallery/cat/00668.png,cat,0.694588
/home/emily/MMIP/week5/quiz1/data/query/cat/00096.png,cat,3,/home/emily/MMIP/week5/quiz1/data/gallery/cat/00377.png,cat,0.690498
/home/emily/MMIP/week5/quiz1/data/query/cat/00096.png,cat,4,/home/emily/MMIP/week5/quiz1/data/gallery/cat/00039.png,cat,0.688487
/home/emily/MMIP/week5/quiz1/data/query/cat/00096.png,cat,5,/home/emily/MMIP/week5/quiz1/data/gallery/cat/00934.png,cat,0.684883
/home/emily/MMIP/week5/quiz1/data/query/cat/00097.png,cat,1,/home/emily/MMIP/week5/quiz1/data/gallery/cat/00600.png,cat,0.589516
/home/emily/MMIP/week5/quiz1/data/query/cat/00097.png,cat,2,/home/emily/MMIP/week5/quiz1/data/gallery/cat/00095.png,cat,0.573801
/home/emily/MMIP/week5/quiz1/data/query/cat/00097.png,cat,3,/home/emily/MMIP/week5/quiz1/data/gallery/cat/00249.png,cat,0.564376
/home/emily/MMIP/week5/quiz1/data/query/cat/00097.png,cat,4,/home/emily/MMIP/week5/quiz1/data/gallery/cat/00833.png,cat,0.553608
/home/emily/MMIP/week5/quiz1/data/query/cat/00097.png,cat,5,/home/emily/MMIP/week5/quiz1/data/gallery/dog/00745.png,dog,0.552643
/home/emily/MMIP/week5/quiz1/data/query/cat/00098.png,cat,1,/home/emily/MMIP/week5/quiz1/data/gallery/cat/00352.png,cat,0.660775
/home/emily/MMIP/week5/quiz1/data/query/cat/00098.png,cat,2,/home/emily/MMIP/week5/quiz1/data/gallery/cat/00252.png,cat,0.641197
/home/emily/MMIP/week5/quiz1/data/query/cat/00098.png,cat,3,/home/emily/MMIP/week5/quiz1/data/gallery/cat/00203.png,cat,0.628962
/home/emily/MMIP/week5/quiz1/data/query/cat/00098.png,cat,4,/home/emily/MMIP/week5/quiz1/data/gallery/cat/00634.png,cat,0.625609
/home/emily/MMIP/week5/quiz1/data/query/cat/00098.png,cat,5,/home/emily/MMIP/week5/quiz1/data/gallery/cat/00604.png,cat,0.624654
/home/emily/MMIP/week5/quiz1/data/query/cat/00099.png,cat,1,/home/emily/MMIP/week5/quiz1/data/gallery/cat/00497.png,cat,0.497219
/home/emily/MMIP/week5/quiz1/data/query/cat/00099.png,cat,2,/home/emily/MMIP/week5/quiz1/data/gallery/frog/00318.png,frog,0.491596
/home/emily/MMIP/week5/quiz1/data/query/cat/00099.png,cat,3,/home/emily/MMIP/week5/quiz1/data/gallery/dog/00363.png,dog,0.484268
/home/emily/MMIP/week5/quiz1/data/query/cat/00099.png,cat,4,/home/emily/MMIP/week5/quiz1/data/gallery/frog/00800.png,frog,0.472855
/home/emily/MMIP/week5/quiz1/data/query/cat/00099.png,cat,5,/home/emily/MMIP/week5/quiz1/data/gallery/frog/00357.png,frog,0.471472
/home/emily/MMIP/week5/quiz1/data/query/deer/00000.png,deer,1,/home/emily/MMIP/week5/quiz1/data/gallery/frog/00614.png,frog,0.560299
/home/emily/MMIP/week5/quiz1/data/query/deer/00000.png,deer,2,/home/emily/MMIP/week5/quiz1/data/gallery/bird/00071.png,bird,0.549062
/home/emily/MMIP/week5/quiz1/data/query/deer/00000.png,deer,3,/home/emily/MMIP/week5/quiz1/data/gallery/airplane/00050.png,airplane,0.535105
/home/emily/MMIP/week5/quiz1/data/query/deer/00000.png,deer,4,/home/emily/MMIP/week5/quiz1/data/gallery/deer/00294.png,deer,0.524643
/home/emily/MMIP/week5/quiz1/data/query/deer/00000.png,deer,5,/home/emily/MMIP/week5/quiz1/data/gallery/cat/00704.png,cat,0.518549
/home/emily/MMIP/week5/quiz1/data/query/deer/00001.png,deer,1,/home/emily/MMIP/week5/quiz1/data/gallery/frog/00351.png,frog,0.558125
/home/emily/MMIP/week5/quiz1/data/query/deer/00001.png,deer,2,/home/emily/MMIP/week5/quiz1/data/gallery/deer/00312.png,deer,0.545932
/home/emily/MMIP/week5/quiz1/data/query/deer/00001.png,deer,3,/home/emily/MMIP/week5/quiz1/data/gallery/deer/00295.png,deer,0.536295
/home/emily/MMIP/week5/quiz1/data/query/deer/00001.png,deer,4,/home/emily/MMIP/week5/quiz1/data/gallery/deer/00729.png,deer,0.535114
/home/emily/MMIP/week5/quiz1/data/query/deer/00001.png,deer,5,/home/emily/MMIP/week5/quiz1/data/gallery/deer/00331.png,deer,0.521233
/home/emily/MMIP/week5/quiz1/data/query/deer/00002.png,deer,1,/home/emily/MMIP/week5/quiz1/data/gallery/deer/00001.png,deer,0.696834
/home/emily/MMIP/week5/quiz1/data/query/deer/00002.png,deer,2,/home/emily/MMIP/week5/quiz1/data/gallery/deer/00336.png,deer,0.683925
/home/emily/MMIP/week5/quiz1/data/query/deer/00002.png,deer,3,/home/emily/MMIP/week5/quiz1/data/gallery/deer/00851.png,deer,0.670172
/home/emily/MMIP/week5/quiz1/data/query/deer/00002.png,deer,4,/home/emily/MMIP/week5/quiz1/data/gallery/deer/00885.png,deer,0.664190
/home/emily/MMIP/week5/quiz1/data/query/deer/00002.png,deer,5,/home/emily/MMIP/week5/quiz1/data/gallery/bird/00732.png,bird,0.658201
/home/emily/MMIP/week5/quiz1/data/query/deer/00003.png,deer,1,/home/emily/MMIP/week5/quiz1/data/gallery/deer/00240.png,deer,0.743501
/home/emily/MMIP/week5/quiz1/data/query/deer/00003.png,deer,2,/home/emily/MMIP/week5/quiz1/data/gallery/deer/00054.png,deer,0.726680
/home/emily/MMIP/week5/quiz1/data/query/deer/00003.png,deer,3,/home/emily/MMIP/week5/quiz1/data/gallery/deer/00358.png,deer,0.717287
/home/emily/MMIP/week5/quiz1/data/query/deer/00003.png,deer,4,/home/emily/MMIP/week5/quiz1/data/gallery/deer/00494.png,deer,0.715701
/home/emily/MMIP/week5/quiz1/data/query/deer/00003.png,deer,5,/home/emily/MMIP/week5/quiz1/data/gallery/deer/00013.png,deer,0.713360
/home/emily/MMIP/week5/quiz1/data/query/deer/00004.png,deer,1,/home/emily/MMIP/week5/quiz1/data/gallery/deer/00946.png,deer,0.641666
/home/emily/MMIP/week5/quiz1/data/query/deer/00004.png,deer,2,/home/emily/MMIP/week5/quiz1/data/gallery/deer/00510.png,deer,0.640906
/home/emily/MMIP/week5/quiz1/data/query/deer/00004.png,deer,3,/home/emily/MMIP/week5/quiz1/data/gallery/deer/00686.png,deer,0.613030
/home/emily/MMIP/week5/quiz1/data/query/deer/00004.png,deer,4,/home/emily/MMIP/week5/quiz1/data/gallery/deer/00465.png,deer,0.610176
/home/emily/MMIP/week5/quiz1/data/query/deer/00004.png,deer,5,/home/emily/MMIP/week5/quiz1/data/gallery/deer/00925.png,deer,0.602118
/home/emily/MMIP/week5/quiz1/data/query/deer/00005.png,deer,1,/home/emily/MMIP/week5/quiz1/data/gallery/dog/00643.png,dog,0.561810
/home/emily/MMIP/week5/quiz1/data/query/deer/00005.png,deer,2,/home/emily/MMIP/week5/quiz1/data/gallery/cat/00486.png,cat,0.556660
/home/emily/MMIP/week5/quiz1/data/query/deer/00005.png,deer,3,/home/emily/MMIP/week5/quiz1/data/gallery/deer/00327.png,deer,0.552525
/home/emily/MMIP/week5/quiz1/data/query/deer/00005.png,deer,4,/home/emily/MMIP/week5/quiz1/data/gallery/dog/00122.png,dog,0.544155
/home/emily/MMIP/week5/quiz1/data/query/deer/00005.png,deer,5,/home/emily/MMIP/week5/quiz1/data/gallery/deer/00730.png,deer,0.537861
/home/emily/MMIP/week5/quiz1/data/query/deer/00006.png,deer,1,/home/emily/MMIP/week5/quiz1/data/gallery/deer/00923.png,deer,0.776535
/home/emily/MMIP/week5/quiz1/data/query/deer/00006.png,deer,2,/home/emily/MMIP/week5/quiz1/data/gallery/deer/00818.png,deer,0.756318
/home/emily/MMIP/week5/quiz1/data/query/deer/00006.png,deer,3,/home/emily/MMIP/week5/quiz1/data/gallery/deer/00495.png,deer,0.730752
/home/emily/MMIP/week5/quiz1/data/query/deer/00006.png,deer,4,/home/emily/MMIP/week5/quiz1/data/gallery/deer/00203.png,deer,0.703743
/home/emily/MMIP/week5/quiz1/data/query/deer/00006.png,deer,5,/home/emily/MMIP/week5/quiz1/data/gallery/deer/00442.png,deer,0.696755
/home/emily/MMIP/week5/quiz1/data/query/deer/00007.png,deer,1,/home/emily/MMIP/week5/quiz1/data/gallery/deer/00183.png,deer,0.720981
/home/emily/MMIP/week5/quiz1/data/query/deer/00007.png,deer,2,/home/emily/MMIP/week5/quiz1/data/gallery/deer/00823.png,deer,0.709847
/home/emily/MMIP/week5/quiz1/data/query/deer/00007.png,deer,3,/home/emily/MMIP/week5/quiz1/data/gallery/deer/00476.png,deer,0.706560
/home/emily/MMIP/week5/quiz1/data/query/deer/00007.png,deer,4,/home/emily/MMIP/week5/quiz1/data/gallery/deer/00654.png,deer,0.699083
/home/emily/MMIP/week5/quiz1/data/query/deer/00007.png,deer,5,/home/emily/MMIP/week5/quiz1/data/gallery/deer/00013.png,deer,0.698939
/home/emily/MMIP/week5/quiz1/data/query/deer/00008.png,deer,1,/home/emily/MMIP/week5/quiz1/data/gallery/deer/00347.png,deer,0.721320
/home/emily/MMIP/week5/quiz1/data/query/deer/00008.png,deer,2,/home/emily/MMIP/week5/quiz1/data/gallery/deer/00315.png,deer,0.719779
/home/emily/MMIP/week5/quiz1/data/query/deer/00008.png,deer,3,/home/emily/MMIP/week5/quiz1/data/gallery/deer/00365.png,deer,0.718047
/home/emily/MMIP/week5/quiz1/data/query/deer/00008.png,deer,4,/home/emily/MMIP/week5/quiz1/data/gallery/deer/00732.png,deer,0.717638
/home/emily/MMIP/week5/quiz1/data/query/deer/00008.png,deer,5,/home/emily/MMIP/week5/quiz1/data/gallery/deer/00185.png,deer,0.712003
/home/emily/MMIP/week5/quiz1/data/query/deer/00009.png,deer,1,/home/emily/MMIP/week5/quiz1/data/gallery/cat/00640.png,cat,0.521982
/home/emily/MMIP/week5/quiz1/data/query/deer/00009.png,deer,2,/home/emily/MMIP/week5/quiz1/data/gallery/cat/00468.png,cat,0.514541
/home/emily/MMIP/week5/quiz1/data/query/deer/00009.png,deer,3,/home/emily/MMIP/week5/quiz1/data/gallery/frog/00754.png,frog,0.488732
/home/emily/MMIP/week5/quiz1/data/query/deer/00009.png,deer,4,/home/emily/MMIP/week5/quiz1/data/gallery/deer/00227.png,deer,0.485491
/home/emily/MMIP/week5/quiz1/data/query/deer/00009.png,deer,5,/home/emily/MMIP/week5/quiz1/data/gallery/airplane/00282.png,airplane,0.485083
/home/emily/MMIP/week5/quiz1/data/query/deer/00010.png,deer,1,/home/emily/MMIP/week5/quiz1/data/gallery/deer/00449.png,deer,0.738366
/home/emily/MMIP/week5/quiz1/data/query/deer/00010.png,deer,2,/home/emily/MMIP/week5/quiz1/data/gallery/deer/00209.png,deer,0.722044
/home/emily/MMIP/week5/quiz1/data/query/deer/00010.png,deer,3,/home/emily/MMIP/week5/quiz1/data/gallery/deer/00560.png,deer,0.721227
/home/emily/MMIP/week5/quiz1/data/query/deer/00010.png,deer,4,/home/emily/MMIP/week5/quiz1/data/gallery/deer/00506.png,deer,0.707445
/home/emily/MMIP/week5/quiz1/data/query/deer/00010.png,deer,5,/home/emily/MMIP/week5/quiz1/data/gallery/deer/00660.png,deer,0.700444
/home/emily/MMIP/week5/quiz1/data/query/deer/00011.png,deer,1,/home/emily/MMIP/week5/quiz1/data/gallery/deer/00476.png,deer,0.937651
/home/emily/MMIP/week5/quiz1/data/query/deer/00011.png,deer,2,/home/emily/MMIP/week5/quiz1/data/gallery/deer/00884.png,deer,0.878566
/home/emily/MMIP/week5/quiz1/data/query/deer/00011.png,deer,3,/home/emily/MMIP/week5/quiz1/data/gallery/deer/00240.png,deer,0.722922
/home/emily/MMIP/week5/quiz1/data/query/deer/00011.png,deer,4,/home/emily/MMIP/week5/quiz1/data/gallery/deer/00686.png,deer,0.718086
/home/emily/MMIP/week5/quiz1/data/query/deer/00011.png,deer,5,/home/emily/MMIP/week5/quiz1/data/gallery/deer/00186.png,deer,0.707513
/home/emily/MMIP/week5/quiz1/data/query/deer/00012.png,deer,1,/home/emily/MMIP/week5/quiz1/data/gallery/deer/00118.png,deer,0.643198
/home/emily/MMIP/week5/quiz1/data/query/deer/00012.png,deer,2,/home/emily/MMIP/week5/quiz1/data/gallery/deer/00378.png,deer,0.638384
/home/emily/MMIP/week5/quiz1/data/query/deer/00012.png,deer,3,/home/emily/MMIP/week5/quiz1/data/gallery/deer/00540.png,deer,0.614327
/home/emily/MMIP/week5/quiz1/data/query/deer/00012.png,deer,4,/home/emily/MMIP/week5/quiz1/data/gallery/deer/00609.png,deer,0.604765
/home/emily/MMIP/week5/quiz1/data/query/deer/00012.png,deer,5,/home/emily/MMIP/week5/quiz1/data/gallery/bird/00005.png,bird,0.601326
/home/emily/MMIP/week5/quiz1/data/query/deer/00013.png,deer,1,/home/emily/MMIP/week5/quiz1/data/gallery/deer/00272.png,deer,0.753091
/home/emily/MMIP/week5/quiz1/data/query/deer/00013.png,deer,2,/home/emily/MMIP/week5/quiz1/data/gallery/deer/00666.png,deer,0.744568
/home/emily/MMIP/week5/quiz1/data/query/deer/00013.png,deer,3,/home/emily/MMIP/week5/quiz1/data/gallery/deer/00417.png,deer,0.723399
/home/emily/MMIP/week5/quiz1/data/query/deer/00013.png,deer,4,/home/emily/MMIP/week5/quiz1/data/gallery/deer/00174.png,deer,0.699506
/home/emily/MMIP/week5/quiz1/data/query/deer/00013.png,deer,5,/home/emily/MMIP/week5/quiz1/data/gallery/deer/00664.png,deer,0.672277
/home/emily/MMIP/week5/quiz1/data/query/deer/00014.png,deer,1,/home/emily/MMIP/week5/quiz1/data/gallery/deer/00998.png,deer,0.666680
/home/emily/MMIP/week5/quiz1/data/query/deer/00014.png,deer,2,/home/emily/MMIP/week5/quiz1/data/gallery/deer/00527.png,deer,0.665140
/home/emily/MMIP/week5/quiz1/data/query/deer/00014.png,deer,3,/home/emily/MMIP/week5/quiz1/data/gallery/deer/00793.png,deer,0.652846
/home/emily/MMIP/week5/quiz1/data/query/deer/00014.png,deer,4,/home/emily/MMIP/week5/quiz1/data/gallery/deer/00314.png,deer,0.652709
/home/emily/MMIP/week5/quiz1/data/query/deer/00014.png,deer,5,/home/emily/MMIP/week5/quiz1/data/gallery/deer/00344.png,deer,0.649334
/home/emily/MMIP/week5/quiz1/data/query/deer/00015.png,deer,1,/home/emily/MMIP/week5/quiz1/data/gallery/deer/00035.png,deer,0.593396
/home/emily/MMIP/week5/quiz1/data/query/deer/00015.png,deer,2,/home/emily/MMIP/week5/quiz1/data/gallery/deer/00254.png,deer,0.589281
/home/emily/MMIP/week5/quiz1/data/query/deer/00015.png,deer,3,/home/emily/MMIP/week5/quiz1/data/gallery/deer/00106.png,deer,0.548786
/home/emily/MMIP/week5/quiz1/data/query/deer/00015.png,deer,4,/home/emily/MMIP/week5/quiz1/data/gallery/deer/00096.png,deer,0.543102
/home/emily/MMIP/week5/quiz1/data/query/deer/00015.png,deer,5,/home/emily/MMIP/week5/quiz1/data/gallery/deer/00954.png,deer,0.537843
/home/emily/MMIP/week5/quiz1/data/query/deer/00016.png,deer,1,/home/emily/MMIP/week5/quiz1/data/gallery/deer/00493.png,deer,0.694873
/home/emily/MMIP/week5/quiz1/data/query/deer/00016.png,deer,2,/home/emily/MMIP/week5/quiz1/data/gallery/horse/00612.png,horse,0.689260
/home/emily/MMIP/week5/quiz1/data/query/deer/00016.png,deer,3,/home/emily/MMIP/week5/quiz1/data/gallery/deer/00308.png,deer,0.685724
/home/emily/MMIP/week5/quiz1/data/query/deer/00016.png,deer,4,/home/emily/MMIP/week5/quiz1/data/gallery/deer/00618.png,deer,0.668301
/home/emily/MMIP/week5/quiz1/data/query/deer/00016.png,deer,5,/home/emily/MMIP/week5/quiz1/data/gallery/deer/00208.png,deer,0.666278
/home/emily/MMIP/week5/quiz1/data/query/deer/00017.png,deer,1,/home/emily/MMIP/week5/quiz1/data/gallery/deer/00102.png,deer,0.729926
/home/emily/MMIP/week5/quiz1/data/query/deer/00017.png,deer,2,/home/emily/MMIP/week5/quiz1/data/gallery/deer/00178.png,deer,0.729485
/home/emily/MMIP/week5/quiz1/data/query/deer/00017.png,deer,3,/home/emily/MMIP/week5/quiz1/data/gallery/deer/00702.png,deer,0.724568
/home/emily/MMIP/week5/quiz1/data/query/deer/00017.png,deer,4,/home/emily/MMIP/week5/quiz1/data/gallery/deer/00942.png,deer,0.715784
/home/emily/MMIP/week5/quiz1/data/query/deer/00017.png,deer,5,/home/emily/MMIP/week5/quiz1/data/gallery/deer/00425.png,deer,0.713630
/home/emily/MMIP/week5/quiz1/data/query/deer/00018.png,deer,1,/home/emily/MMIP/week5/quiz1/data/gallery/deer/00417.png,deer,0.796956
/home/emily/MMIP/week5/quiz1/data/query/deer/00018.png,deer,2,/home/emily/MMIP/week5/quiz1/data/gallery/deer/00174.png,deer,0.754406
/home/emily/MMIP/week5/quiz1/data/query/deer/00018.png,deer,3,/home/emily/MMIP/week5/quiz1/data/gallery/deer/00011.png,deer,0.743816
/home/emily/MMIP/week5/quiz1/data/query/deer/00018.png,deer,4,/home/emily/MMIP/week5/quiz1/data/gallery/deer/00436.png,deer,0.737872
/home/emily/MMIP/week5/quiz1/data/query/deer/00018.png,deer,5,/home/emily/MMIP/week5/quiz1/data/gallery/deer/00735.png,deer,0.734803
/home/emily/MMIP/week5/quiz1/data/query/deer/00019.png,deer,1,/home/emily/MMIP/week5/quiz1/data/gallery/deer/00792.png,deer,0.636988
/home/emily/MMIP/week5/quiz1/data/query/deer/00019.png,deer,2,/home/emily/MMIP/week5/quiz1/data/gallery/deer/00147.png,deer,0.617846
/home/emily/MMIP/week5/quiz1/data/query/deer/00019.png,deer,3,/home/emily/MMIP/week5/quiz1/data/gallery/deer/00159.png,deer,0.614867
/home/emily/MMIP/week5/quiz1/data/query/deer/00019.png,deer,4,/home/emily/MMIP/week5/quiz1/data/gallery/horse/00103.png,horse,0.614663
/home/emily/MMIP/week5/quiz1/data/query/deer/00019.png,deer,5,/home/emily/MMIP/week5/quiz1/data/gallery/deer/00185.png,deer,0.612365
/home/emily/MMIP/week5/quiz1/data/query/deer/00020.png,deer,1,/home/emily/MMIP/week5/quiz1/data/gallery/deer/00228.png,deer,0.772702
/home/emily/MMIP/week5/quiz1/data/query/deer/00020.png,deer,2,/home/emily/MMIP/week5/quiz1/data/gallery/deer/00288.png,deer,0.770876
/home/emily/MMIP/week5/quiz1/data/query/deer/00020.png,deer,3,/home/emily/MMIP/week5/quiz1/data/gallery/deer/00690.png,deer,0.767899
/home/emily/MMIP/week5/quiz1/data/query/deer/00020.png,deer,4,/home/emily/MMIP/week5/quiz1/data/gallery/deer/00590.png,deer,0.755581
/home/emily/MMIP/week5/quiz1/data/query/deer/00020.png,deer,5,/home/emily/MMIP/week5/quiz1/data/gallery/deer/00345.png,deer,0.747329
/home/emily/MMIP/week5/quiz1/data/query/deer/00021.png,deer,1,/home/emily/MMIP/week5/quiz1/data/gallery/deer/00776.png,deer,0.712451
/home/emily/MMIP/week5/quiz1/data/query/deer/00021.png,deer,2,/home/emily/MMIP/week5/quiz1/data/gallery/deer/00449.png,deer,0.690345
/home/emily/MMIP/week5/quiz1/data/query/deer/00021.png,deer,3,/home/emily/MMIP/week5/quiz1/data/gallery/deer/00660.png,deer,0.648469
/home/emily/MMIP/week5/quiz1/data/query/deer/00021.png,deer,4,/home/emily/MMIP/week5/quiz1/data/gallery/deer/00132.png,deer,0.638070
/home/emily/MMIP/week5/quiz1/data/query/deer/00021.png,deer,5,/home/emily/MMIP/week5/quiz1/data/gallery/deer/00797.png,deer,0.628125
/home/emily/MMIP/week5/quiz1/data/query/deer/00022.png,deer,1,/home/emily/MMIP/week5/quiz1/data/gallery/bird/00150.png,bird,0.665384
/home/emily/MMIP/week5/quiz1/data/query/deer/00022.png,deer,2,/home/emily/MMIP/week5/quiz1/data/gallery/deer/00929.png,deer,0.635893
/home/emily/MMIP/week5/quiz1/data/query/deer/00022.png,deer,3,/home/emily/MMIP/week5/quiz1/data/gallery/bird/00892.png,bird,0.629173
/home/emily/MMIP/week5/quiz1/data/query/deer/00022.png,deer,4,/home/emily/MMIP/week5/quiz1/data/gallery/deer/00416.png,deer,0.617882
/home/emily/MMIP/week5/quiz1/data/query/deer/00022.png,deer,5,/home/emily/MMIP/week5/quiz1/data/gallery/deer/00043.png,deer,0.609757
/home/emily/MMIP/week5/quiz1/data/query/deer/00023.png,deer,1,/home/emily/MMIP/week5/quiz1/data/gallery/deer/00716.png,deer,0.684965
/home/emily/MMIP/week5/quiz1/data/query/deer/00023.png,deer,2,/home/emily/MMIP/week5/quiz1/data/gallery/cat/00058.png,cat,0.627887
/home/emily/MMIP/week5/quiz1/data/query/deer/00023.png,deer,3,/home/emily/MMIP/week5/quiz1/data/gallery/deer/00488.png,deer,0.627311
/home/emily/MMIP/week5/quiz1/data/query/deer/00023.png,deer,4,/home/emily/MMIP/week5/quiz1/data/gallery/deer/00111.png,deer,0.622115
/home/emily/MMIP/week5/quiz1/data/query/deer/00023.png,deer,5,/home/emily/MMIP/week5/quiz1/data/gallery/deer/00456.png,deer,0.606162
/home/emily/MMIP/week5/quiz1/data/query/deer/00024.png,deer,1,/home/emily/MMIP/week5/quiz1/data/gallery/deer/00972.png,deer,0.627418
/home/emily/MMIP/week5/quiz1/data/query/deer/00024.png,deer,2,/home/emily/MMIP/week5/quiz1/data/gallery/horse/00748.png,horse,0.626532
/home/emily/MMIP/week5/quiz1/data/query/deer/00024.png,deer,3,/home/emily/MMIP/week5/quiz1/data/gallery/deer/00128.png,deer,0.610085
/home/emily/MMIP/week5/quiz1/data/query/deer/00024.png,deer,4,/home/emily/MMIP/week5/quiz1/data/gallery/deer/00341.png,deer,0.603194
/home/emily/MMIP/week5/quiz1/data/query/deer/00024.png,deer,5,/home/emily/MMIP/week5/quiz1/data/gallery/deer/00890.png,deer,0.596158
/home/emily/MMIP/week5/quiz1/data/query/deer/00025.png,deer,1,/home/emily/MMIP/week5/quiz1/data/gallery/deer/00686.png,deer,0.718755
/home/emily/MMIP/week5/quiz1/data/query/deer/00025.png,deer,2,/home/emily/MMIP/week5/quiz1/data/gallery/deer/00063.png,deer,0.680543
/home/emily/MMIP/week5/quiz1/data/query/deer/00025.png,deer,3,/home/emily/MMIP/week5/quiz1/data/gallery/deer/00299.png,deer,0.668867
/home/emily/MMIP/week5/quiz1/data/query/deer/00025.png,deer,4,/home/emily/MMIP/week5/quiz1/data/gallery/deer/00983.png,deer,0.660231
/home/emily/MMIP/week5/quiz1/data/query/deer/00025.png,deer,5,/home/emily/MMIP/week5/quiz1/data/gallery/deer/00262.png,deer,0.633916
/home/emily/MMIP/week5/quiz1/data/query/deer/00026.png,deer,1,/home/emily/MMIP/week5/quiz1/data/gallery/deer/00956.png,deer,0.681720
/home/emily/MMIP/week5/quiz1/data/query/deer/00026.png,deer,2,/home/emily/MMIP/week5/quiz1/data/gallery/deer/00540.png,deer,0.670503
/home/emily/MMIP/week5/quiz1/data/query/deer/00026.png,deer,3,/home/emily/MMIP/week5/quiz1/data/gallery/deer/00111.png,deer,0.668485
/home/emily/MMIP/week5/quiz1/data/query/deer/00026.png,deer,4,/home/emily/MMIP/week5/quiz1/data/gallery/deer/00932.png,deer,0.646478
/home/emily/MMIP/week5/quiz1/data/query/deer/00026.png,deer,5,/home/emily/MMIP/week5/quiz1/data/gallery/deer/00032.png,deer,0.645899
/home/emily/MMIP/week5/quiz1/data/query/deer/00027.png,deer,1,/home/emily/MMIP/week5/quiz1/data/gallery/deer/00299.png,deer,0.732819
/home/emily/MMIP/week5/quiz1/data/query/deer/00027.png,deer,2,/home/emily/MMIP/week5/quiz1/data/gallery/deer/00592.png,deer,0.711922
/home/emily/MMIP/week5/quiz1/data/query/deer/00027.png,deer,3,/home/emily/MMIP/week5/quiz1/data/gallery/deer/00169.png,deer,0.698071
/home/emily/MMIP/week5/quiz1/data/query/deer/00027.png,deer,4,/home/emily/MMIP/week5/quiz1/data/gallery/deer/00716.png,deer,0.696301
/home/emily/MMIP/week5/quiz1/data/query/deer/00027.png,deer,5,/home/emily/MMIP/week5/quiz1/data/gallery/deer/00686.png,deer,0.691433
/home/emily/MMIP/week5/quiz1/data/query/deer/00028.png,deer,1,/home/emily/MMIP/week5/quiz1/data/gallery/deer/00272.png,deer,0.615074
/home/emily/MMIP/week5/quiz1/data/query/deer/00028.png,deer,2,/home/emily/MMIP/week5/quiz1/data/gallery/deer/00040.png,deer,0.603103
/home/emily/MMIP/week5/quiz1/data/query/deer/00028.png,deer,3,/home/emily/MMIP/week5/quiz1/data/gallery/deer/00533.png,deer,0.596429
/home/emily/MMIP/week5/quiz1/data/query/deer/00028.png,deer,4,/home/emily/MMIP/week5/quiz1/data/gallery/deer/00417.png,deer,0.594694
/home/emily/MMIP/week5/quiz1/data/query/deer/00028.png,deer,5,/home/emily/MMIP/week5/quiz1/data/gallery/deer/00253.png,deer,0.586963
/home/emily/MMIP/week5/quiz1/data/query/deer/00029.png,deer,1,/home/emily/MMIP/week5/quiz1/data/gallery/deer/00661.png,deer,0.614371
/home/emily/MMIP/week5/quiz1/data/query/deer/00029.png,deer,2,/home/emily/MMIP/week5/quiz1/data/gallery/deer/00657.png,deer,0.611915
/home/emily/MMIP/week5/quiz1/data/query/deer/00029.png,deer,3,/home/emily/MMIP/week5/quiz1/data/gallery/deer/00589.png,deer,0.610781
/home/emily/MMIP/week5/quiz1/data/query/deer/00029.png,deer,4,/home/emily/MMIP/week5/quiz1/data/gallery/deer/00502.png,deer,0.601153
/home/emily/MMIP/week5/quiz1/data/query/deer/00029.png,deer,5,/home/emily/MMIP/week5/quiz1/data/gallery/deer/00905.png,deer,0.583539
/home/emily/MMIP/week5/quiz1/data/query/deer/00030.png,deer,1,/home/emily/MMIP/week5/quiz1/data/gallery/cat/00405.png,cat,0.640374
/home/emily/MMIP/week5/quiz1/data/query/deer/00030.png,deer,2,/home/emily/MMIP/week5/quiz1/data/gallery/cat/00539.png,cat,0.590536
/home/emily/MMIP/week5/quiz1/data/query/deer/00030.png,deer,3,/home/emily/MMIP/week5/quiz1/data/gallery/frog/00377.png,frog,0.583062
/home/emily/MMIP/week5/quiz1/data/query/deer/00030.png,deer,4,/home/emily/MMIP/week5/quiz1/data/gallery/frog/00658.png,frog,0.582906
/home/emily/MMIP/week5/quiz1/data/query/deer/00030.png,deer,5,/home/emily/MMIP/week5/quiz1/data/gallery/cat/00612.png,cat,0.575941
/home/emily/MMIP/week5/quiz1/data/query/deer/00031.png,deer,1,/home/emily/MMIP/week5/quiz1/data/gallery/deer/00249.png,deer,0.655050
/home/emily/MMIP/week5/quiz1/data/query/deer/00031.png,deer,2,/home/emily/MMIP/week5/quiz1/data/gallery/deer/00467.png,deer,0.647404
/home/emily/MMIP/week5/quiz1/data/query/deer/00031.png,deer,3,/home/emily/MMIP/week5/quiz1/data/gallery/deer/00628.png,deer,0.643085
/home/emily/MMIP/week5/quiz1/data/query/deer/00031.png,deer,4,/home/emily/MMIP/week5/quiz1/data/gallery/deer/00705.png,deer,0.643039
/home/emily/MMIP/week5/quiz1/data/query/deer/00031.png,deer,5,/home/emily/MMIP/week5/quiz1/data/gallery/deer/00856.png,deer,0.638660
/home/emily/MMIP/week5/quiz1/data/query/deer/00032.png,deer,1,/home/emily/MMIP/week5/quiz1/data/gallery/deer/00908.png,deer,0.586704
/home/emily/MMIP/week5/quiz1/data/query/deer/00032.png,deer,2,/home/emily/MMIP/week5/quiz1/data/gallery/deer/00713.png,deer,0.582509
/home/emily/MMIP/week5/quiz1/data/query/deer/00032.png,deer,3,/home/emily/MMIP/week5/quiz1/data/gallery/deer/00481.png,deer,0.581496
/home/emily/MMIP/week5/quiz1/data/query/deer/00032.png,deer,4,/home/emily/MMIP/week5/quiz1/data/gallery/deer/00074.png,deer,0.579048
/home/emily/MMIP/week5/quiz1/data/query/deer/00032.png,deer,5,/home/emily/MMIP/week5/quiz1/data/gallery/deer/00545.png,deer,0.572168
/home/emily/MMIP/week5/quiz1/data/query/deer/00033.png,deer,1,/home/emily/MMIP/week5/quiz1/data/gallery/deer/00767.png,deer,0.685576
/home/emily/MMIP/week5/quiz1/data/query/deer/00033.png,deer,2,/home/emily/MMIP/week5/quiz1/data/gallery/bird/00646.png,bird,0.652831
/home/emily/MMIP/week5/quiz1/data/query/deer/00033.png,deer,3,/home/emily/MMIP/week5/quiz1/data/gallery/deer/00606.png,deer,0.616543
/home/emily/MMIP/week5/quiz1/data/query/deer/00033.png,deer,4,/home/emily/MMIP/week5/quiz1/data/gallery/deer/00383.png,deer,0.614680
/home/emily/MMIP/week5/quiz1/data/query/deer/00033.png,deer,5,/home/emily/MMIP/week5/quiz1/data/gallery/deer/00001.png,deer,0.608483
/home/emily/MMIP/week5/quiz1/data/query/deer/00034.png,deer,1,/home/emily/MMIP/week5/quiz1/data/gallery/deer/00318.png,deer,0.663492
/home/emily/MMIP/week5/quiz1/data/query/deer/00034.png,deer,2,/home/emily/MMIP/week5/quiz1/data/gallery/deer/00044.png,deer,0.626955
/home/emily/MMIP/week5/quiz1/data/query/deer/00034.png,deer,3,/home/emily/MMIP/week5/quiz1/data/gallery/deer/00428.png,deer,0.620320
/home/emily/MMIP/week5/quiz1/data/query/deer/00034.png,deer,4,/home/emily/MMIP/week5/quiz1/data/gallery/deer/00134.png,deer,0.609496
/home/emily/MMIP/week5/quiz1/data/query/deer/00034.png,deer,5,/home/emily/MMIP/week5/quiz1/data/gallery/deer/00803.png,deer,0.609488
/home/emily/MMIP/week5/quiz1/data/query/deer/00035.png,deer,1,/home/emily/MMIP/week5/quiz1/data/gallery/deer/00366.png,deer,0.652283
/home/emily/MMIP/week5/quiz1/data/query/deer/00035.png,deer,2,/home/emily/MMIP/week5/quiz1/data/gallery/dog/00647.png,dog,0.643345
/home/emily/MMIP/week5/quiz1/data/query/deer/00035.png,deer,3,/home/emily/MMIP/week5/quiz1/data/gallery/deer/00738.png,deer,0.640198
/home/emily/MMIP/week5/quiz1/data/query/deer/00035.png,deer,4,/home/emily/MMIP/week5/quiz1/data/gallery/cat/00554.png,cat,0.612773
/home/emily/MMIP/week5/quiz1/data/query/deer/00035.png,deer,5,/home/emily/MMIP/week5/quiz1/data/gallery/deer/00327.png,deer,0.612183
/home/emily/MMIP/week5/quiz1/data/query/deer/00036.png,deer,1,/home/emily/MMIP/week5/quiz1/data/gallery/deer/00945.png,deer,0.754345
/home/emily/MMIP/week5/quiz1/data/query/deer/00036.png,deer,2,/home/emily/MMIP/week5/quiz1/data/gallery/deer/00669.png,deer,0.707811
/home/emily/MMIP/week5/quiz1/data/query/deer/00036.png,deer,3,/home/emily/MMIP/week5/quiz1/data/gallery/deer/00327.png,deer,0.671437
/home/emily/MMIP/week5/quiz1/data/query/deer/00036.png,deer,4,/home/emily/MMIP/week5/quiz1/data/gallery/dog/00661.png,dog,0.662994
/home/emily/MMIP/week5/quiz1/data/query/deer/00036.png,deer,5,/home/emily/MMIP/week5/quiz1/data/gallery/deer/00498.png,deer,0.660218
/home/emily/MMIP/week5/quiz1/data/query/deer/00037.png,deer,1,/home/emily/MMIP/week5/quiz1/data/gallery/deer/00328.png,deer,0.710281
/home/emily/MMIP/week5/quiz1/data/query/deer/00037.png,deer,2,/home/emily/MMIP/week5/quiz1/data/gallery/deer/00533.png,deer,0.674919
/home/emily/MMIP/week5/quiz1/data/query/deer/00037.png,deer,3,/home/emily/MMIP/week5/quiz1/data/gallery/deer/00239.png,deer,0.674337
/home/emily/MMIP/week5/quiz1/data/query/deer/00037.png,deer,4,/home/emily/MMIP/week5/quiz1/data/gallery/deer/00263.png,deer,0.668010
/home/emily/MMIP/week5/quiz1/data/query/deer/00037.png,deer,5,/home/emily/MMIP/week5/quiz1/data/gallery/deer/00520.png,deer,0.662288
/home/emily/MMIP/week5/quiz1/data/query/deer/00038.png,deer,1,/home/emily/MMIP/week5/quiz1/data/gallery/deer/00015.png,deer,0.877656
/home/emily/MMIP/week5/quiz1/data/query/deer/00038.png,deer,2,/home/emily/MMIP/week5/quiz1/data/gallery/deer/00017.png,deer,0.740351
/home/emily/MMIP/week5/quiz1/data/query/deer/00038.png,deer,3,/home/emily/MMIP/week5/quiz1/data/gallery/deer/00525.png,deer,0.723940
/home/emily/MMIP/week5/quiz1/data/query/deer/00038.png,deer,4,/home/emily/MMIP/week5/quiz1/data/gallery/horse/00748.png,horse,0.713785
/home/emily/MMIP/week5/quiz1/data/query/deer/00038.png,deer,5,/home/emily/MMIP/week5/quiz1/data/gallery/deer/00403.png,deer,0.706028
/home/emily/MMIP/week5/quiz1/data/query/deer/00039.png,deer,1,/home/emily/MMIP/week5/quiz1/data/gallery/deer/00185.png,deer,0.707316
/home/emily/MMIP/week5/quiz1/data/query/deer/00039.png,deer,2,/home/emily/MMIP/week5/quiz1/data/gallery/deer/00156.png,deer,0.697686
/home/emily/MMIP/week5/quiz1/data/query/deer/00039.png,deer,3,/home/emily/MMIP/week5/quiz1/data/gallery/deer/00481.png,deer,0.692487
/home/emily/MMIP/week5/quiz1/data/query/deer/00039.png,deer,4,/home/emily/MMIP/week5/quiz1/data/gallery/deer/00449.png,deer,0.686235
/home/emily/MMIP/week5/quiz1/data/query/deer/00039.png,deer,5,/home/emily/MMIP/week5/quiz1/data/gallery/deer/00222.png,deer,0.674635
/home/emily/MMIP/week5/quiz1/data/query/deer/00040.png,deer,1,/home/emily/MMIP/week5/quiz1/data/gallery/deer/00437.png,deer,0.685018
/home/emily/MMIP/week5/quiz1/data/query/deer/00040.png,deer,2,/home/emily/MMIP/week5/quiz1/data/gallery/deer/00769.png,deer,0.682360
/home/emily/MMIP/week5/quiz1/data/query/deer/00040.png,deer,3,/home/emily/MMIP/week5/quiz1/data/gallery/deer/00101.png,deer,0.679697
/home/emily/MMIP/week5/quiz1/data/query/deer/00040.png,deer,4,/home/emily/MMIP/week5/quiz1/data/gallery/deer/00082.png,deer,0.678094
/home/emily/MMIP/week5/quiz1/data/query/deer/00040.png,deer,5,/home/emily/MMIP/week5/quiz1/data/gallery/deer/00993.png,deer,0.674540
/home/emily/MMIP/week5/quiz1/data/query/deer/00041.png,deer,1,/home/emily/MMIP/week5/quiz1/data/gallery/deer/00270.png,deer,0.694819
/home/emily/MMIP/week5/quiz1/data/query/deer/00041.png,deer,2,/home/emily/MMIP/week5/quiz1/data/gallery/deer/00380.png,deer,0.684250
/home/emily/MMIP/week5/quiz1/data/query/deer/00041.png,deer,3,/home/emily/MMIP/week5/quiz1/data/gallery/deer/00735.png,deer,0.649323
/home/emily/MMIP/week5/quiz1/data/query/deer/00041.png,deer,4,/home/emily/MMIP/week5/quiz1/data/gallery/frog/00567.png,frog,0.644463
/home/emily/MMIP/week5/quiz1/data/query/deer/00041.png,deer,5,/home/emily/MMIP/week5/quiz1/data/gallery/deer/00882.png,deer,0.623362
/home/emily/MMIP/week5/quiz1/data/query/deer/00042.png,deer,1,/home/emily/MMIP/week5/quiz1/data/gallery/deer/00502.png,deer,0.640489
/home/emily/MMIP/week5/quiz1/data/query/deer/00042.png,deer,2,/home/emily/MMIP/week5/quiz1/data/gallery/deer/00523.png,deer,0.633939
/home/emily/MMIP/week5/quiz1/data/query/deer/00042.png,deer,3,/home/emily/MMIP/week5/quiz1/data/gallery/deer/00754.png,deer,0.615665
/home/emily/MMIP/week5/quiz1/data/query/deer/00042.png,deer,4,/home/emily/MMIP/week5/quiz1/data/gallery/deer/00770.png,deer,0.605706
/home/emily/MMIP/week5/quiz1/data/query/deer/00042.png,deer,5,/home/emily/MMIP/week5/quiz1/data/gallery/deer/00082.png,deer,0.604687
/home/emily/MMIP/week5/quiz1/data/query/deer/00043.png,deer,1,/home/emily/MMIP/week5/quiz1/data/gallery/deer/00124.png,deer,0.816647
/home/emily/MMIP/week5/quiz1/data/query/deer/00043.png,deer,2,/home/emily/MMIP/week5/quiz1/data/gallery/deer/00259.png,deer,0.729015
/home/emily/MMIP/week5/quiz1/data/query/deer/00043.png,deer,3,/home/emily/MMIP/week5/quiz1/data/gallery/deer/00444.png,deer,0.713981
/home/emily/MMIP/week5/quiz1/data/query/deer/00043.png,deer,4,/home/emily/MMIP/week5/quiz1/data/gallery/deer/00172.png,deer,0.712595
/home/emily/MMIP/week5/quiz1/data/query/deer/00043.png,deer,5,/home/emily/MMIP/week5/quiz1/data/gallery/deer/00249.png,deer,0.684783
/home/emily/MMIP/week5/quiz1/data/query/deer/00044.png,deer,1,/home/emily/MMIP/week5/quiz1/data/gallery/deer/00721.png,deer,0.528376
/home/emily/MMIP/week5/quiz1/data/query/deer/00044.png,deer,2,/home/emily/MMIP/week5/quiz1/data/gallery/deer/00441.png,deer,0.524038
/home/emily/MMIP/week5/quiz1/data/query/deer/00044.png,deer,3,/home/emily/MMIP/week5/quiz1/data/gallery/deer/00475.png,deer,0.483352
/home/emily/MMIP/week5/quiz1/data/query/deer/00044.png,deer,4,/home/emily/MMIP/week5/quiz1/data/gallery/deer/00419.png,deer,0.474970
/home/emily/MMIP/week5/quiz1/data/query/deer/00044.png,deer,5,/home/emily/MMIP/week5/quiz1/data/gallery/horse/00450.png,horse,0.468809
/home/emily/MMIP/week5/quiz1/data/query/deer/00045.png,deer,1,/home/emily/MMIP/week5/quiz1/data/gallery/deer/00659.png,deer,0.635410
/home/emily/MMIP/week5/quiz1/data/query/deer/00045.png,deer,2,/home/emily/MMIP/week5/quiz1/data/gallery/deer/00495.png,deer,0.625957
/home/emily/MMIP/week5/quiz1/data/query/deer/00045.png,deer,3,/home/emily/MMIP/week5/quiz1/data/gallery/deer/00247.png,deer,0.622931
/home/emily/MMIP/week5/quiz1/data/query/deer/00045.png,deer,4,/home/emily/MMIP/week5/quiz1/data/gallery/deer/00649.png,deer,0.612998
/home/emily/MMIP/week5/quiz1/data/query/deer/00045.png,deer,5,/home/emily/MMIP/week5/quiz1/data/gallery/deer/00993.png,deer,0.612604
/home/emily/MMIP/week5/quiz1/data/query/deer/00046.png,deer,1,/home/emily/MMIP/week5/quiz1/data/gallery/deer/00041.png,deer,0.560553
/home/emily/MMIP/week5/quiz1/data/query/deer/00046.png,deer,2,/home/emily/MMIP/week5/quiz1/data/gallery/deer/00732.png,deer,0.554851
/home/emily/MMIP/week5/quiz1/data/query/deer/00046.png,deer,3,/home/emily/MMIP/week5/quiz1/data/gallery/deer/00912.png,deer,0.553242
/home/emily/MMIP/week5/quiz1/data/query/deer/00046.png,deer,4,/home/emily/MMIP/week5/quiz1/data/gallery/deer/00275.png,deer,0.550568
/home/emily/MMIP/week5/quiz1/data/query/deer/00046.png,deer,5,/home/emily/MMIP/week5/quiz1/data/gallery/deer/00373.png,deer,0.543392
/home/emily/MMIP/week5/quiz1/data/query/deer/00047.png,deer,1,/home/emily/MMIP/week5/quiz1/data/gallery/deer/00211.png,deer,0.729839
/home/emily/MMIP/week5/quiz1/data/query/deer/00047.png,deer,2,/home/emily/MMIP/week5/quiz1/data/gallery/deer/00178.png,deer,0.692680
/home/emily/MMIP/week5/quiz1/data/query/deer/00047.png,deer,3,/home/emily/MMIP/week5/quiz1/data/gallery/deer/00613.png,deer,0.679422
/home/emily/MMIP/week5/quiz1/data/query/deer/00047.png,deer,4,/home/emily/MMIP/week5/quiz1/data/gallery/deer/00624.png,deer,0.661868
/home/emily/MMIP/week5/quiz1/data/query/deer/00047.png,deer,5,/home/emily/MMIP/week5/quiz1/data/gallery/deer/00067.png,deer,0.659377
/home/emily/MMIP/week5/quiz1/data/query/deer/00048.png,deer,1,/home/emily/MMIP/week5/quiz1/data/gallery/bird/00885.png,bird,0.642898
/home/emily/MMIP/week5/quiz1/data/query/deer/00048.png,deer,2,/home/emily/MMIP/week5/quiz1/data/gallery/bird/00235.png,bird,0.612314
/home/emily/MMIP/week5/quiz1/data/query/deer/00048.png,deer,3,/home/emily/MMIP/week5/quiz1/data/gallery/bird/00735.png,bird,0.610941
/home/emily/MMIP/week5/quiz1/data/query/deer/00048.png,deer,4,/home/emily/MMIP/week5/quiz1/data/gallery/bird/00457.png,bird,0.603144
/home/emily/MMIP/week5/quiz1/data/query/deer/00048.png,deer,5,/home/emily/MMIP/week5/quiz1/data/gallery/bird/00216.png,bird,0.592277
/home/emily/MMIP/week5/quiz1/data/query/deer/00049.png,deer,1,/home/emily/MMIP/week5/quiz1/data/gallery/deer/00413.png,deer,0.663059
/home/emily/MMIP/week5/quiz1/data/query/deer/00049.png,deer,2,/home/emily/MMIP/week5/quiz1/data/gallery/deer/00053.png,deer,0.647702
/home/emily/MMIP/week5/quiz1/data/query/deer/00049.png,deer,3,/home/emily/MMIP/week5/quiz1/data/gallery/deer/00190.png,deer,0.637601
/home/emily/MMIP/week5/quiz1/data/query/deer/00049.png,deer,4,/home/emily/MMIP/week5/quiz1/data/gallery/deer/00491.png,deer,0.620731
/home/emily/MMIP/week5/quiz1/data/query/deer/00049.png,deer,5,/home/emily/MMIP/week5/quiz1/data/gallery/deer/00576.png,deer,0.609573
/home/emily/MMIP/week5/quiz1/data/query/deer/00050.png,deer,1,/home/emily/MMIP/week5/quiz1/data/gallery/deer/00465.png,deer,0.481768
/home/emily/MMIP/week5/quiz1/data/query/deer/00050.png,deer,2,/home/emily/MMIP/week5/quiz1/data/gallery/deer/00254.png,deer,0.481073
/home/emily/MMIP/week5/quiz1/data/query/deer/00050.png,deer,3,/home/emily/MMIP/week5/quiz1/data/gallery/deer/00521.png,deer,0.470564
/home/emily/MMIP/week5/quiz1/data/query/deer/00050.png,deer,4,/home/emily/MMIP/week5/quiz1/data/gallery/deer/00697.png,deer,0.468708
/home/emily/MMIP/week5/quiz1/data/query/deer/00050.png,deer,5,/home/emily/MMIP/week5/quiz1/data/gallery/deer/00487.png,deer,0.468298
/home/emily/MMIP/week5/quiz1/data/query/deer/00051.png,deer,1,/home/emily/MMIP/week5/quiz1/data/gallery/cat/00608.png,cat,0.509373
/home/emily/MMIP/week5/quiz1/data/query/deer/00051.png,deer,2,/home/emily/MMIP/week5/quiz1/data/gallery/deer/00427.png,deer,0.505251
/home/emily/MMIP/week5/quiz1/data/query/deer/00051.png,deer,3,/home/emily/MMIP/week5/quiz1/data/gallery/deer/00169.png,deer,0.496756
/home/emily/MMIP/week5/quiz1/data/query/deer/00051.png,deer,4,/home/emily/MMIP/week5/quiz1/data/gallery/horse/00447.png,horse,0.495411
/home/emily/MMIP/week5/quiz1/data/query/deer/00051.png,deer,5,/home/emily/MMIP/week5/quiz1/data/gallery/horse/00967.png,horse,0.490154
/home/emily/MMIP/week5/quiz1/data/query/deer/00052.png,deer,1,/home/emily/MMIP/week5/quiz1/data/gallery/deer/00520.png,deer,0.924185
/home/emily/MMIP/week5/quiz1/data/query/deer/00052.png,deer,2,/home/emily/MMIP/week5/quiz1/data/gallery/deer/00626.png,deer,0.713229
/home/emily/MMIP/week5/quiz1/data/query/deer/00052.png,deer,3,/home/emily/MMIP/week5/quiz1/data/gallery/deer/00597.png,deer,0.707995
/home/emily/MMIP/week5/quiz1/data/query/deer/00052.png,deer,4,/home/emily/MMIP/week5/quiz1/data/gallery/deer/00305.png,deer,0.677305
/home/emily/MMIP/week5/quiz1/data/query/deer/00052.png,deer,5,/home/emily/MMIP/week5/quiz1/data/gallery/deer/00871.png,deer,0.670632
/home/emily/MMIP/week5/quiz1/data/query/deer/00053.png,deer,1,/home/emily/MMIP/week5/quiz1/data/gallery/deer/00330.png,deer,0.830348
/home/emily/MMIP/week5/quiz1/data/query/deer/00053.png,deer,2,/home/emily/MMIP/week5/quiz1/data/gallery/deer/00761.png,deer,0.767404
/home/emily/MMIP/week5/quiz1/data/query/deer/00053.png,deer,3,/home/emily/MMIP/week5/quiz1/data/gallery/deer/00485.png,deer,0.765382
/home/emily/MMIP/week5/quiz1/data/query/deer/00053.png,deer,4,/home/emily/MMIP/week5/quiz1/data/gallery/deer/00167.png,deer,0.747764
/home/emily/MMIP/week5/quiz1/data/query/deer/00053.png,deer,5,/home/emily/MMIP/week5/quiz1/data/gallery/horse/00593.png,horse,0.733233
/home/emily/MMIP/week5/quiz1/data/query/deer/00054.png,deer,1,/home/emily/MMIP/week5/quiz1/data/gallery/deer/00632.png,deer,0.872397
/home/emily/MMIP/week5/quiz1/data/query/deer/00054.png,deer,2,/home/emily/MMIP/week5/quiz1/data/gallery/deer/00888.png,deer,0.754107
/home/emily/MMIP/week5/quiz1/data/query/deer/00054.png,deer,3,/home/emily/MMIP/week5/quiz1/data/gallery/deer/00949.png,deer,0.733839
/home/emily/MMIP/week5/quiz1/data/query/deer/00054.png,deer,4,/home/emily/MMIP/week5/quiz1/data/gallery/deer/00082.png,deer,0.716023
/home/emily/MMIP/week5/quiz1/data/query/deer/00054.png,deer,5,/home/emily/MMIP/week5/quiz1/data/gallery/deer/00584.png,deer,0.715439
/home/emily/MMIP/week5/quiz1/data/query/deer/00055.png,deer,1,/home/emily/MMIP/week5/quiz1/data/gallery/deer/00560.png,deer,0.780136
/home/emily/MMIP/week5/quiz1/data/query/deer/00055.png,deer,2,/home/emily/MMIP/week5/quiz1/data/gallery/deer/00949.png,deer,0.765084
/home/emily/MMIP/week5/quiz1/data/query/deer/00055.png,deer,3,/home/emily/MMIP/week5/quiz1/data/gallery/deer/00770.png,deer,0.738109
/home/emily/MMIP/week5/quiz1/data/query/deer/00055.png,deer,4,/home/emily/MMIP/week5/quiz1/data/gallery/deer/00183.png,deer,0.731742
/home/emily/MMIP/week5/quiz1/data/query/deer/00055.png,deer,5,/home/emily/MMIP/week5/quiz1/data/gallery/horse/00617.png,horse,0.731633
/home/emily/MMIP/week5/quiz1/data/query/deer/00056.png,deer,1,/home/emily/MMIP/week5/quiz1/data/gallery/deer/00420.png,deer,0.645757
/home/emily/MMIP/week5/quiz1/data/query/deer/00056.png,deer,2,/home/emily/MMIP/week5/quiz1/data/gallery/deer/00716.png,deer,0.635365
/home/emily/MMIP/week5/quiz1/data/query/deer/00056.png,deer,3,/home/emily/MMIP/week5/quiz1/data/gallery/deer/00396.png,deer,0.630930
/home/emily/MMIP/week5/quiz1/data/query/deer/00056.png,deer,4,/home/emily/MMIP/week5/quiz1/data/gallery/deer/00144.png,deer,0.624422
/home/emily/MMIP/week5/quiz1/data/query/deer/00056.png,deer,5,/home/emily/MMIP/week5/quiz1/data/gallery/deer/00001.png,deer,0.601687
/home/emily/MMIP/week5/quiz1/data/query/deer/00057.png,deer,1,/home/emily/MMIP/week5/quiz1/data/gallery/horse/00897.png,horse,0.727633
/home/emily/MMIP/week5/quiz1/data/query/deer/00057.png,deer,2,/home/emily/MMIP/week5/quiz1/data/gallery/deer/00929.png,deer,0.724486
/home/emily/MMIP/week5/quiz1/data/query/deer/00057.png,deer,3,/home/emily/MMIP/week5/quiz1/data/gallery/deer/00279.png,deer,0.716743
/home/emily/MMIP/week5/quiz1/data/query/deer/00057.png,deer,4,/home/emily/MMIP/week5/quiz1/data/gallery/deer/00368.png,deer,0.697716
/home/emily/MMIP/week5/quiz1/data/query/deer/00057.png,deer,5,/home/emily/MMIP/week5/quiz1/data/gallery/deer/00544.png,deer,0.684596
/home/emily/MMIP/week5/quiz1/data/query/deer/00058.png,deer,1,/home/emily/MMIP/week5/quiz1/data/gallery/deer/00602.png,deer,0.662122
/home/emily/MMIP/week5/quiz1/data/query/deer/00058.png,deer,2,/home/emily/MMIP/week5/quiz1/data/gallery/horse/00601.png,horse,0.638741
/home/emily/MMIP/week5/quiz1/data/query/deer/00058.png,deer,3,/home/emily/MMIP/week5/quiz1/data/gallery/horse/00796.png,horse,0.638319
/home/emily/MMIP/week5/quiz1/data/query/deer/00058.png,deer,4,/home/emily/MMIP/week5/quiz1/data/gallery/horse/00696.png,horse,0.637087
/home/emily/MMIP/week5/quiz1/data/query/deer/00058.png,deer,5,/home/emily/MMIP/week5/quiz1/data/gallery/horse/00343.png,horse,0.636910
/home/emily/MMIP/week5/quiz1/data/query/deer/00059.png,deer,1,/home/emily/MMIP/week5/quiz1/data/gallery/deer/00437.png,deer,0.748039
/home/emily/MMIP/week5/quiz1/data/query/deer/00059.png,deer,2,/home/emily/MMIP/week5/quiz1/data/gallery/deer/00469.png,deer,0.715877
/home/emily/MMIP/week5/quiz1/data/query/deer/00059.png,deer,3,/home/emily/MMIP/week5/quiz1/data/gallery/deer/00247.png,deer,0.715139
/home/emily/MMIP/week5/quiz1/data/query/deer/00059.png,deer,4,/home/emily/MMIP/week5/quiz1/data/gallery/deer/00911.png,deer,0.709005
/home/emily/MMIP/week5/quiz1/data/query/deer/00059.png,deer,5,/home/emily/MMIP/week5/quiz1/data/gallery/deer/00211.png,deer,0.688790
/home/emily/MMIP/week5/quiz1/data/query/deer/00060.png,deer,1,/home/emily/MMIP/week5/quiz1/data/gallery/deer/00668.png,deer,0.739297
/home/emily/MMIP/week5/quiz1/data/query/deer/00060.png,deer,2,/home/emily/MMIP/week5/quiz1/data/gallery/deer/00807.png,deer,0.730318
/home/emily/MMIP/week5/quiz1/data/query/deer/00060.png,deer,3,/home/emily/MMIP/week5/quiz1/data/gallery/deer/00057.png,deer,0.719929
/home/emily/MMIP/week5/quiz1/data/query/deer/00060.png,deer,4,/home/emily/MMIP/week5/quiz1/data/gallery/deer/00470.png,deer,0.708726
/home/emily/MMIP/week5/quiz1/data/query/deer/00060.png,deer,5,/home/emily/MMIP/week5/quiz1/data/gallery/deer/00105.png,deer,0.691149
/home/emily/MMIP/week5/quiz1/data/query/deer/00061.png,deer,1,/home/emily/MMIP/week5/quiz1/data/gallery/deer/00615.png,deer,0.619365
/home/emily/MMIP/week5/quiz1/data/query/deer/00061.png,deer,2,/home/emily/MMIP/week5/quiz1/data/gallery/deer/00466.png,deer,0.609746
/home/emily/MMIP/week5/quiz1/data/query/deer/00061.png,deer,3,/home/emily/MMIP/week5/quiz1/data/gallery/frog/00035.png,frog,0.588904
/home/emily/MMIP/week5/quiz1/data/query/deer/00061.png,deer,4,/home/emily/MMIP/week5/quiz1/data/gallery/bird/00336.png,bird,0.566229
/home/emily/MMIP/week5/quiz1/data/query/deer/00061.png,deer,5,/home/emily/MMIP/week5/quiz1/data/gallery/bird/00995.png,bird,0.565580
/home/emily/MMIP/week5/quiz1/data/query/deer/00062.png,deer,1,/home/emily/MMIP/week5/quiz1/data/gallery/deer/00411.png,deer,0.700632
/home/emily/MMIP/week5/quiz1/data/query/deer/00062.png,deer,2,/home/emily/MMIP/week5/quiz1/data/gallery/deer/00763.png,deer,0.688052
/home/emily/MMIP/week5/quiz1/data/query/deer/00062.png,deer,3,/home/emily/MMIP/week5/quiz1/data/gallery/deer/00908.png,deer,0.687449
/home/emily/MMIP/week5/quiz1/data/query/deer/00062.png,deer,4,/home/emily/MMIP/week5/quiz1/data/gallery/deer/00766.png,deer,0.683032
/home/emily/MMIP/week5/quiz1/data/query/deer/00062.png,deer,5,/home/emily/MMIP/week5/quiz1/data/gallery/deer/00851.png,deer,0.675896
/home/emily/MMIP/week5/quiz1/data/query/deer/00063.png,deer,1,/home/emily/MMIP/week5/quiz1/data/gallery/deer/00183.png,deer,0.698489
/home/emily/MMIP/week5/quiz1/data/query/deer/00063.png,deer,2,/home/emily/MMIP/week5/quiz1/data/gallery/horse/00971.png,horse,0.696199
/home/emily/MMIP/week5/quiz1/data/query/deer/00063.png,deer,3,/home/emily/MMIP/week5/quiz1/data/gallery/horse/00593.png,horse,0.695069
/home/emily/MMIP/week5/quiz1/data/query/deer/00063.png,deer,4,/home/emily/MMIP/week5/quiz1/data/gallery/deer/00054.png,deer,0.694692
/home/emily/MMIP/week5/quiz1/data/query/deer/00063.png,deer,5,/home/emily/MMIP/week5/quiz1/data/gallery/deer/00250.png,deer,0.685840
/home/emily/MMIP/week5/quiz1/data/query/deer/00064.png,deer,1,/home/emily/MMIP/week5/quiz1/data/gallery/deer/00172.png,deer,0.722749
/home/emily/MMIP/week5/quiz1/data/query/deer/00064.png,deer,2,/home/emily/MMIP/week5/quiz1/data/gallery/deer/00694.png,deer,0.678308
/home/emily/MMIP/week5/quiz1/data/query/deer/00064.png,deer,3,/home/emily/MMIP/week5/quiz1/data/gallery/deer/00877.png,deer,0.675301
/home/emily/MMIP/week5/quiz1/data/query/deer/00064.png,deer,4,/home/emily/MMIP/week5/quiz1/data/gallery/deer/00282.png,deer,0.670845
/home/emily/MMIP/week5/quiz1/data/query/deer/00064.png,deer,5,/home/emily/MMIP/week5/quiz1/data/gallery/deer/00445.png,deer,0.662392
/home/emily/MMIP/week5/quiz1/data/query/deer/00065.png,deer,1,/home/emily/MMIP/week5/quiz1/data/gallery/deer/00953.png,deer,0.668347
/home/emily/MMIP/week5/quiz1/data/query/deer/00065.png,deer,2,/home/emily/MMIP/week5/quiz1/data/gallery/deer/00305.png,deer,0.636331
/home/emily/MMIP/week5/quiz1/data/query/deer/00065.png,deer,3,/home/emily/MMIP/week5/quiz1/data/gallery/deer/00446.png,deer,0.628156
/home/emily/MMIP/week5/quiz1/data/query/deer/00065.png,deer,4,/home/emily/MMIP/week5/quiz1/data/gallery/deer/00966.png,deer,0.625554
/home/emily/MMIP/week5/quiz1/data/query/deer/00065.png,deer,5,/home/emily/MMIP/week5/quiz1/data/gallery/deer/00668.png,deer,0.615413
/home/emily/MMIP/week5/quiz1/data/query/deer/00066.png,deer,1,/home/emily/MMIP/week5/quiz1/data/gallery/horse/00269.png,horse,0.601031
/home/emily/MMIP/week5/quiz1/data/query/deer/00066.png,deer,2,/home/emily/MMIP/week5/quiz1/data/gallery/horse/00665.png,horse,0.581429
/home/emily/MMIP/week5/quiz1/data/query/deer/00066.png,deer,3,/home/emily/MMIP/week5/quiz1/data/gallery/deer/00049.png,deer,0.564339
/home/emily/MMIP/week5/quiz1/data/query/deer/00066.png,deer,4,/home/emily/MMIP/week5/quiz1/data/gallery/horse/00869.png,horse,0.552917
/home/emily/MMIP/week5/quiz1/data/query/deer/00066.png,deer,5,/home/emily/MMIP/week5/quiz1/data/gallery/deer/00587.png,deer,0.544415
/home/emily/MMIP/week5/quiz1/data/query/deer/00067.png,deer,1,/home/emily/MMIP/week5/quiz1/data/gallery/deer/00889.png,deer,0.711690
/home/emily/MMIP/week5/quiz1/data/query/deer/00067.png,deer,2,/home/emily/MMIP/week5/quiz1/data/gallery/deer/00473.png,deer,0.693296
/home/emily/MMIP/week5/quiz1/data/query/deer/00067.png,deer,3,/home/emily/MMIP/week5/quiz1/data/gallery/deer/00028.png,deer,0.686506
/home/emily/MMIP/week5/quiz1/data/query/deer/00067.png,deer,4,/home/emily/MMIP/week5/quiz1/data/gallery/deer/00054.png,deer,0.683053
/home/emily/MMIP/week5/quiz1/data/query/deer/00067.png,deer,5,/home/emily/MMIP/week5/quiz1/data/gallery/deer/00183.png,deer,0.671911
/home/emily/MMIP/week5/quiz1/data/query/deer/00068.png,deer,1,/home/emily/MMIP/week5/quiz1/data/gallery/horse/00585.png,horse,0.699949
/home/emily/MMIP/week5/quiz1/data/query/deer/00068.png,deer,2,/home/emily/MMIP/week5/quiz1/data/gallery/deer/00506.png,deer,0.693825
/home/emily/MMIP/week5/quiz1/data/query/deer/00068.png,deer,3,/home/emily/MMIP/week5/quiz1/data/gallery/horse/00985.png,horse,0.693194
/home/emily/MMIP/week5/quiz1/data/query/deer/00068.png,deer,4,/home/emily/MMIP/week5/quiz1/data/gallery/horse/00118.png,horse,0.690356
/home/emily/MMIP/week5/quiz1/data/query/deer/00068.png,deer,5,/home/emily/MMIP/week5/quiz1/data/gallery/deer/00167.png,deer,0.680007
/home/emily/MMIP/week5/quiz1/data/query/deer/00069.png,deer,1,/home/emily/MMIP/week5/quiz1/data/gallery/deer/00169.png,deer,0.699774
/home/emily/MMIP/week5/quiz1/data/query/deer/00069.png,deer,2,/home/emily/MMIP/week5/quiz1/data/gallery/deer/00554.png,deer,0.664444
/home/emily/MMIP/week5/quiz1/data/query/deer/00069.png,deer,3,/home/emily/MMIP/week5/quiz1/data/gallery/deer/00661.png,deer,0.655163
/home/emily/MMIP/week5/quiz1/data/query/deer/00069.png,deer,4,/home/emily/MMIP/week5/quiz1/data/gallery/deer/00915.png,deer,0.624804
/home/emily/MMIP/week5/quiz1/data/query/deer/00069.png,deer,5,/home/emily/MMIP/week5/quiz1/data/gallery/horse/00433.png,horse,0.620953
/home/emily/MMIP/week5/quiz1/data/query/deer/00070.png,deer,1,/home/emily/MMIP/week5/quiz1/data/gallery/deer/00847.png,deer,0.700835
/home/emily/MMIP/week5/quiz1/data/query/deer/00070.png,deer,2,/home/emily/MMIP/week5/quiz1/data/gallery/deer/00249.png,deer,0.672004
/home/emily/MMIP/week5/quiz1/data/query/deer/00070.png,deer,3,/home/emily/MMIP/week5/quiz1/data/gallery/deer/00952.png,deer,0.667436
/home/emily/MMIP/week5/quiz1/data/query/deer/00070.png,deer,4,/home/emily/MMIP/week5/quiz1/data/gallery/deer/00142.png,deer,0.650499
/home/emily/MMIP/week5/quiz1/data/query/deer/00070.png,deer,5,/home/emily/MMIP/week5/quiz1/data/gallery/deer/00032.png,deer,0.641804
/home/emily/MMIP/week5/quiz1/data/query/deer/00071.png,deer,1,/home/emily/MMIP/week5/quiz1/data/gallery/deer/00307.png,deer,0.591296
/home/emily/MMIP/week5/quiz1/data/query/deer/00071.png,deer,2,/home/emily/MMIP/week5/quiz1/data/gallery/deer/00659.png,deer,0.560287
/home/emily/MMIP/week5/quiz1/data/query/deer/00071.png,deer,3,/home/emily/MMIP/week5/quiz1/data/gallery/deer/00613.png,deer,0.557095
/home/emily/MMIP/week5/quiz1/data/query/deer/00071.png,deer,4,/home/emily/MMIP/week5/quiz1/data/gallery/deer/00558.png,deer,0.556048
/home/emily/MMIP/week5/quiz1/data/query/deer/00071.png,deer,5,/home/emily/MMIP/week5/quiz1/data/gallery/deer/00226.png,deer,0.552417
/home/emily/MMIP/week5/quiz1/data/query/deer/00072.png,deer,1,/home/emily/MMIP/week5/quiz1/data/gallery/deer/00888.png,deer,0.706524
/home/emily/MMIP/week5/quiz1/data/query/deer/00072.png,deer,2,/home/emily/MMIP/week5/quiz1/data/gallery/deer/00507.png,deer,0.705921
/home/emily/MMIP/week5/quiz1/data/query/deer/00072.png,deer,3,/home/emily/MMIP/week5/quiz1/data/gallery/deer/00023.png,deer,0.702929
/home/emily/MMIP/week5/quiz1/data/query/deer/00072.png,deer,4,/home/emily/MMIP/week5/quiz1/data/gallery/deer/00247.png,deer,0.695365
/home/emily/MMIP/week5/quiz1/data/query/deer/00072.png,deer,5,/home/emily/MMIP/week5/quiz1/data/gallery/deer/00067.png,deer,0.693177
/home/emily/MMIP/week5/quiz1/data/query/deer/00073.png,deer,1,/home/emily/MMIP/week5/quiz1/data/gallery/deer/00417.png,deer,0.656126
/home/emily/MMIP/week5/quiz1/data/query/deer/00073.png,deer,2,/home/emily/MMIP/week5/quiz1/data/gallery/deer/00511.png,deer,0.599207
/home/emily/MMIP/week5/quiz1/data/query/deer/00073.png,deer,3,/home/emily/MMIP/week5/quiz1/data/gallery/deer/00682.png,deer,0.592211
/home/emily/MMIP/week5/quiz1/data/query/deer/00073.png,deer,4,/home/emily/MMIP/week5/quiz1/data/gallery/deer/00895.png,deer,0.583745
/home/emily/MMIP/week5/quiz1/data/query/deer/00073.png,deer,5,/home/emily/MMIP/week5/quiz1/data/gallery/deer/00237.png,deer,0.582245
/home/emily/MMIP/week5/quiz1/data/query/deer/00074.png,deer,1,/home/emily/MMIP/week5/quiz1/data/gallery/deer/00399.png,deer,0.647219
/home/emily/MMIP/week5/quiz1/data/query/deer/00074.png,deer,2,/home/emily/MMIP/week5/quiz1/data/gallery/deer/00461.png,deer,0.631720
/home/emily/MMIP/week5/quiz1/data/query/deer/00074.png,deer,3,/home/emily/MMIP/week5/quiz1/data/gallery/deer/00824.png,deer,0.626763
/home/emily/MMIP/week5/quiz1/data/query/deer/00074.png,deer,4,/home/emily/MMIP/week5/quiz1/data/gallery/deer/00336.png,deer,0.625408
/home/emily/MMIP/week5/quiz1/data/query/deer/00074.png,deer,5,/home/emily/MMIP/week5/quiz1/data/gallery/deer/00334.png,deer,0.621349
/home/emily/MMIP/week5/quiz1/data/query/deer/00075.png,deer,1,/home/emily/MMIP/week5/quiz1/data/gallery/deer/00173.png,deer,0.637718
/home/emily/MMIP/week5/quiz1/data/query/deer/00075.png,deer,2,/home/emily/MMIP/week5/quiz1/data/gallery/deer/00458.png,deer,0.617490
/home/emily/MMIP/week5/quiz1/data/query/deer/00075.png,deer,3,/home/emily/MMIP/week5/quiz1/data/gallery/deer/00696.png,deer,0.608949
/home/emily/MMIP/week5/quiz1/data/query/deer/00075.png,deer,4,/home/emily/MMIP/week5/quiz1/data/gallery/cat/00739.png,cat,0.562890
/home/emily/MMIP/week5/quiz1/data/query/deer/00075.png,deer,5,/home/emily/MMIP/week5/quiz1/data/gallery/deer/00179.png,deer,0.555837
/home/emily/MMIP/week5/quiz1/data/query/deer/00076.png,deer,1,/home/emily/MMIP/week5/quiz1/data/gallery/deer/00686.png,deer,0.692585
/home/emily/MMIP/week5/quiz1/data/query/deer/00076.png,deer,2,/home/emily/MMIP/week5/quiz1/data/gallery/deer/00797.png,deer,0.668034
/home/emily/MMIP/week5/quiz1/data/query/deer/00076.png,deer,3,/home/emily/MMIP/week5/quiz1/data/gallery/deer/00449.png,deer,0.660275
/home/emily/MMIP/week5/quiz1/data/query/deer/00076.png,deer,4,/home/emily/MMIP/week5/quiz1/data/gallery/deer/00601.png,deer,0.657524
/home/emily/MMIP/week5/quiz1/data/query/deer/00076.png,deer,5,/home/emily/MMIP/week5/quiz1/data/gallery/deer/00369.png,deer,0.656292
/home/emily/MMIP/week5/quiz1/data/query/deer/00077.png,deer,1,/home/emily/MMIP/week5/quiz1/data/gallery/deer/00384.png,deer,0.773645
/home/emily/MMIP/week5/quiz1/data/query/deer/00077.png,deer,2,/home/emily/MMIP/week5/quiz1/data/gallery/deer/00276.png,deer,0.766235
/home/emily/MMIP/week5/quiz1/data/query/deer/00077.png,deer,3,/home/emily/MMIP/week5/quiz1/data/gallery/deer/00979.png,deer,0.763632
/home/emily/MMIP/week5/quiz1/data/query/deer/00077.png,deer,4,/home/emily/MMIP/week5/quiz1/data/gallery/bird/00832.png,bird,0.725447
/home/emily/MMIP/week5/quiz1/data/query/deer/00077.png,deer,5,/home/emily/MMIP/week5/quiz1/data/gallery/deer/00491.png,deer,0.715486
/home/emily/MMIP/week5/quiz1/data/query/deer/00078.png,deer,1,/home/emily/MMIP/week5/quiz1/data/gallery/deer/00141.png,deer,0.853096
/home/emily/MMIP/week5/quiz1/data/query/deer/00078.png,deer,2,/home/emily/MMIP/week5/quiz1/data/gallery/deer/00810.png,deer,0.629260
/home/emily/MMIP/week5/quiz1/data/query/deer/00078.png,deer,3,/home/emily/MMIP/week5/quiz1/data/gallery/deer/00417.png,deer,0.619290
/home/emily/MMIP/week5/quiz1/data/query/deer/00078.png,deer,4,/home/emily/MMIP/week5/quiz1/data/gallery/deer/00493.png,deer,0.602933
/home/emily/MMIP/week5/quiz1/data/query/deer/00078.png,deer,5,/home/emily/MMIP/week5/quiz1/data/gallery/deer/00249.png,deer,0.600103
/home/emily/MMIP/week5/quiz1/data/query/deer/00079.png,deer,1,/home/emily/MMIP/week5/quiz1/data/gallery/deer/00889.png,deer,0.798985
/home/emily/MMIP/week5/quiz1/data/query/deer/00079.png,deer,2,/home/emily/MMIP/week5/quiz1/data/gallery/deer/00054.png,deer,0.758308
/home/emily/MMIP/week5/quiz1/data/query/deer/00079.png,deer,3,/home/emily/MMIP/week5/quiz1/data/gallery/deer/00698.png,deer,0.736800
/home/emily/MMIP/week5/quiz1/data/query/deer/00079.png,deer,4,/home/emily/MMIP/week5/quiz1/data/gallery/deer/00183.png,deer,0.735264
/home/emily/MMIP/week5/quiz1/data/query/deer/00079.png,deer,5,/home/emily/MMIP/week5/quiz1/data/gallery/deer/00915.png,deer,0.729838
/home/emily/MMIP/week5/quiz1/data/query/deer/00080.png,deer,1,/home/emily/MMIP/week5/quiz1/data/gallery/deer/00440.png,deer,0.760434
/home/emily/MMIP/week5/quiz1/data/query/deer/00080.png,deer,2,/home/emily/MMIP/week5/quiz1/data/gallery/deer/00051.png,deer,0.688325
/home/emily/MMIP/week5/quiz1/data/query/deer/00080.png,deer,3,/home/emily/MMIP/week5/quiz1/data/gallery/deer/00177.png,deer,0.686314
/home/emily/MMIP/week5/quiz1/data/query/deer/00080.png,deer,4,/home/emily/MMIP/week5/quiz1/data/gallery/deer/00395.png,deer,0.683825
/home/emily/MMIP/week5/quiz1/data/query/deer/00080.png,deer,5,/home/emily/MMIP/week5/quiz1/data/gallery/deer/00620.png,deer,0.680523
/home/emily/MMIP/week5/quiz1/data/query/deer/00081.png,deer,1,/home/emily/MMIP/week5/quiz1/data/gallery/deer/00398.png,deer,0.717542
/home/emily/MMIP/week5/quiz1/data/query/deer/00081.png,deer,2,/home/emily/MMIP/week5/quiz1/data/gallery/deer/00145.png,deer,0.668534
/home/emily/MMIP/week5/quiz1/data/query/deer/00081.png,deer,3,/home/emily/MMIP/week5/quiz1/data/gallery/deer/00869.png,deer,0.634076
/home/emily/MMIP/week5/quiz1/data/query/deer/00081.png,deer,4,/home/emily/MMIP/week5/quiz1/data/gallery/deer/00333.png,deer,0.629132
/home/emily/MMIP/week5/quiz1/data/query/deer/00081.png,deer,5,/home/emily/MMIP/week5/quiz1/data/gallery/deer/00194.png,deer,0.627668
/home/emily/MMIP/week5/quiz1/data/query/deer/00082.png,deer,1,/home/emily/MMIP/week5/quiz1/data/gallery/cat/00210.png,cat,0.594973
/home/emily/MMIP/week5/quiz1/data/query/deer/00082.png,deer,2,/home/emily/MMIP/week5/quiz1/data/gallery/frog/00695.png,frog,0.561281
/home/emily/MMIP/week5/quiz1/data/query/deer/00082.png,deer,3,/home/emily/MMIP/week5/quiz1/data/gallery/frog/00171.png,frog,0.554398
/home/emily/MMIP/week5/quiz1/data/query/deer/00082.png,deer,4,/home/emily/MMIP/week5/quiz1/data/gallery/frog/00015.png,frog,0.545349
/home/emily/MMIP/week5/quiz1/data/query/deer/00082.png,deer,5,/home/emily/MMIP/week5/quiz1/data/gallery/frog/00185.png,frog,0.538706
/home/emily/MMIP/week5/quiz1/data/query/deer/00083.png,deer,1,/home/emily/MMIP/week5/quiz1/data/gallery/deer/00966.png,deer,0.720469
/home/emily/MMIP/week5/quiz1/data/query/deer/00083.png,deer,2,/home/emily/MMIP/week5/quiz1/data/gallery/deer/00070.png,deer,0.715452
/home/emily/MMIP/week5/quiz1/data/query/deer/00083.png,deer,3,/home/emily/MMIP/week5/quiz1/data/gallery/deer/00860.png,deer,0.715399
/home/emily/MMIP/week5/quiz1/data/query/deer/00083.png,deer,4,/home/emily/MMIP/week5/quiz1/data/gallery/deer/00105.png,deer,0.708922
/home/emily/MMIP/week5/quiz1/data/query/deer/00083.png,deer,5,/home/emily/MMIP/week5/quiz1/data/gallery/deer/00826.png,deer,0.698837
/home/emily/MMIP/week5/quiz1/data/query/deer/00084.png,deer,1,/home/emily/MMIP/week5/quiz1/data/gallery/deer/00829.png,deer,0.790218
/home/emily/MMIP/week5/quiz1/data/query/deer/00084.png,deer,2,/home/emily/MMIP/week5/quiz1/data/gallery/deer/00247.png,deer,0.743100
/home/emily/MMIP/week5/quiz1/data/query/deer/00084.png,deer,3,/home/emily/MMIP/week5/quiz1/data/gallery/deer/00807.png,deer,0.732731
/home/emily/MMIP/week5/quiz1/data/query/deer/00084.png,deer,4,/home/emily/MMIP/week5/quiz1/data/gallery/deer/00868.png,deer,0.707613
/home/emily/MMIP/week5/quiz1/data/query/deer/00084.png,deer,5,/home/emily/MMIP/week5/quiz1/data/gallery/deer/00442.png,deer,0.694465
/home/emily/MMIP/week5/quiz1/data/query/deer/00085.png,deer,1,/home/emily/MMIP/week5/quiz1/data/gallery/deer/00874.png,deer,0.665029
/home/emily/MMIP/week5/quiz1/data/query/deer/00085.png,deer,2,/home/emily/MMIP/week5/quiz1/data/gallery/deer/00101.png,deer,0.654906
/home/emily/MMIP/week5/quiz1/data/query/deer/00085.png,deer,3,/home/emily/MMIP/week5/quiz1/data/gallery/deer/00178.png,deer,0.634756
/home/emily/MMIP/week5/quiz1/data/query/deer/00085.png,deer,4,/home/emily/MMIP/week5/quiz1/data/gallery/deer/00495.png,deer,0.623351
/home/emily/MMIP/week5/quiz1/data/query/deer/00085.png,deer,5,/home/emily/MMIP/week5/quiz1/data/gallery/deer/00442.png,deer,0.620928
/home/emily/MMIP/week5/quiz1/data/query/deer/00086.png,deer,1,/home/emily/MMIP/week5/quiz1/data/gallery/deer/00450.png,deer,0.786957
/home/emily/MMIP/week5/quiz1/data/query/deer/00086.png,deer,2,/home/emily/MMIP/week5/quiz1/data/gallery/deer/00533.png,deer,0.779237
/home/emily/MMIP/week5/quiz1/data/query/deer/00086.png,deer,3,/home/emily/MMIP/week5/quiz1/data/gallery/deer/00181.png,deer,0.771384
/home/emily/MMIP/week5/quiz1/data/query/deer/00086.png,deer,4,/home/emily/MMIP/week5/quiz1/data/gallery/deer/00968.png,deer,0.766620
/home/emily/MMIP/week5/quiz1/data/query/deer/00086.png,deer,5,/home/emily/MMIP/week5/quiz1/data/gallery/deer/00167.png,deer,0.754868
/home/emily/MMIP/week5/quiz1/data/query/deer/00087.png,deer,1,/home/emily/MMIP/week5/quiz1/data/gallery/deer/00682.png,deer,0.690725
/home/emily/MMIP/week5/quiz1/data/query/deer/00087.png,deer,2,/home/emily/MMIP/week5/quiz1/data/gallery/deer/00174.png,deer,0.674809
/home/emily/MMIP/week5/quiz1/data/query/deer/00087.png,deer,3,/home/emily/MMIP/week5/quiz1/data/gallery/deer/00185.png,deer,0.668898
/home/emily/MMIP/week5/quiz1/data/query/deer/00087.png,deer,4,/home/emily/MMIP/week5/quiz1/data/gallery/deer/00272.png,deer,0.663688
/home/emily/MMIP/week5/quiz1/data/query/deer/00087.png,deer,5,/home/emily/MMIP/week5/quiz1/data/gallery/deer/00092.png,deer,0.659306
/home/emily/MMIP/week5/quiz1/data/query/deer/00088.png,deer,1,/home/emily/MMIP/week5/quiz1/data/gallery/deer/00105.png,deer,0.692669
/home/emily/MMIP/week5/quiz1/data/query/deer/00088.png,deer,2,/home/emily/MMIP/week5/quiz1/data/gallery/deer/00889.png,deer,0.686417
/home/emily/MMIP/week5/quiz1/data/query/deer/00088.png,deer,3,/home/emily/MMIP/week5/quiz1/data/gallery/deer/00668.png,deer,0.685375
/home/emily/MMIP/week5/quiz1/data/query/deer/00088.png,deer,4,/home/emily/MMIP/week5/quiz1/data/gallery/deer/00196.png,deer,0.681319
/home/emily/MMIP/week5/quiz1/data/query/deer/00088.png,deer,5,/home/emily/MMIP/week5/quiz1/data/gallery/deer/00446.png,deer,0.678363
/home/emily/MMIP/week5/quiz1/data/query/deer/00089.png,deer,1,/home/emily/MMIP/week5/quiz1/data/gallery/deer/00667.png,deer,0.626735
/home/emily/MMIP/week5/quiz1/data/query/deer/00089.png,deer,2,/home/emily/MMIP/week5/quiz1/data/gallery/deer/00947.png,deer,0.622002
/home/emily/MMIP/week5/quiz1/data/query/deer/00089.png,deer,3,/home/emily/MMIP/week5/quiz1/data/gallery/deer/00063.png,deer,0.615597
/home/emily/MMIP/week5/quiz1/data/query/deer/00089.png,deer,4,/home/emily/MMIP/week5/quiz1/data/gallery/deer/00709.png,deer,0.614375
/home/emily/MMIP/week5/quiz1/data/query/deer/00089.png,deer,5,/home/emily/MMIP/week5/quiz1/data/gallery/deer/00878.png,deer,0.613719
/home/emily/MMIP/week5/quiz1/data/query/deer/00090.png,deer,1,/home/emily/MMIP/week5/quiz1/data/gallery/bird/00732.png,bird,0.699211
/home/emily/MMIP/week5/quiz1/data/query/deer/00090.png,deer,2,/home/emily/MMIP/week5/quiz1/data/gallery/deer/00865.png,deer,0.665688
/home/emily/MMIP/week5/quiz1/data/query/deer/00090.png,deer,3,/home/emily/MMIP/week5/quiz1/data/gallery/deer/00840.png,deer,0.665396
/home/emily/MMIP/week5/quiz1/data/query/deer/00090.png,deer,4,/home/emily/MMIP/week5/quiz1/data/gallery/deer/00391.png,deer,0.657688
/home/emily/MMIP/week5/quiz1/data/query/deer/00090.png,deer,5,/home/emily/MMIP/week5/quiz1/data/gallery/dog/00827.png,dog,0.654051
/home/emily/MMIP/week5/quiz1/data/query/deer/00091.png,deer,1,/home/emily/MMIP/week5/quiz1/data/gallery/deer/00777.png,deer,0.743855
/home/emily/MMIP/week5/quiz1/data/query/deer/00091.png,deer,2,/home/emily/MMIP/week5/quiz1/data/gallery/deer/00494.png,deer,0.741820
/home/emily/MMIP/week5/quiz1/data/query/deer/00091.png,deer,3,/home/emily/MMIP/week5/quiz1/data/gallery/deer/00013.png,deer,0.736705
/home/emily/MMIP/week5/quiz1/data/query/deer/00091.png,deer,4,/home/emily/MMIP/week5/quiz1/data/gallery/deer/00835.png,deer,0.733120
/home/emily/MMIP/week5/quiz1/data/query/deer/00091.png,deer,5,/home/emily/MMIP/week5/quiz1/data/gallery/deer/00889.png,deer,0.721973
/home/emily/MMIP/week5/quiz1/data/query/deer/00092.png,deer,1,/home/emily/MMIP/week5/quiz1/data/gallery/deer/00427.png,deer,0.653672
/home/emily/MMIP/week5/quiz1/data/query/deer/00092.png,deer,2,/home/emily/MMIP/week5/quiz1/data/gallery/horse/00667.png,horse,0.645113
/home/emily/MMIP/week5/quiz1/data/query/deer/00092.png,deer,3,/home/emily/MMIP/week5/quiz1/data/gallery/horse/00739.png,horse,0.642889
/home/emily/MMIP/week5/quiz1/data/query/deer/00092.png,deer,4,/home/emily/MMIP/week5/quiz1/data/gallery/horse/00597.png,horse,0.616733
/home/emily/MMIP/week5/quiz1/data/query/deer/00092.png,deer,5,/home/emily/MMIP/week5/quiz1/data/gallery/horse/00670.png,horse,0.613334
/home/emily/MMIP/week5/quiz1/data/query/deer/00093.png,deer,1,/home/emily/MMIP/week5/quiz1/data/gallery/deer/00911.png,deer,0.730399
/home/emily/MMIP/week5/quiz1/data/query/deer/00093.png,deer,2,/home/emily/MMIP/week5/quiz1/data/gallery/deer/00347.png,deer,0.724166
/home/emily/MMIP/week5/quiz1/data/query/deer/00093.png,deer,3,/home/emily/MMIP/week5/quiz1/data/gallery/deer/00067.png,deer,0.698663
/home/emily/MMIP/week5/quiz1/data/query/deer/00093.png,deer,4,/home/emily/MMIP/week5/quiz1/data/gallery/deer/00953.png,deer,0.679409
/home/emily/MMIP/week5/quiz1/data/query/deer/00093.png,deer,5,/home/emily/MMIP/week5/quiz1/data/gallery/deer/00247.png,deer,0.677550
/home/emily/MMIP/week5/quiz1/data/query/deer/00094.png,deer,1,/home/emily/MMIP/week5/quiz1/data/gallery/deer/00511.png,deer,0.631645
/home/emily/MMIP/week5/quiz1/data/query/deer/00094.png,deer,2,/home/emily/MMIP/week5/quiz1/data/gallery/deer/00763.png,deer,0.609353
/home/emily/MMIP/week5/quiz1/data/query/deer/00094.png,deer,3,/home/emily/MMIP/week5/quiz1/data/gallery/deer/00315.png,deer,0.605728
/home/emily/MMIP/week5/quiz1/data/query/deer/00094.png,deer,4,/home/emily/MMIP/week5/quiz1/data/gallery/deer/00235.png,deer,0.601016
/home/emily/MMIP/week5/quiz1/data/query/deer/00094.png,deer,5,/home/emily/MMIP/week5/quiz1/data/gallery/deer/00844.png,deer,0.587834
/home/emily/MMIP/week5/quiz1/data/query/deer/00095.png,deer,1,/home/emily/MMIP/week5/quiz1/data/gallery/deer/00923.png,deer,0.729872
/home/emily/MMIP/week5/quiz1/data/query/deer/00095.png,deer,2,/home/emily/MMIP/week5/quiz1/data/gallery/deer/00676.png,deer,0.714977
/home/emily/MMIP/week5/quiz1/data/query/deer/00095.png,deer,3,/home/emily/MMIP/week5/quiz1/data/gallery/deer/00078.png,deer,0.714232
/home/emily/MMIP/week5/quiz1/data/query/deer/00095.png,deer,4,/home/emily/MMIP/week5/quiz1/data/gallery/deer/00103.png,deer,0.705874
/home/emily/MMIP/week5/quiz1/data/query/deer/00095.png,deer,5,/home/emily/MMIP/week5/quiz1/data/gallery/horse/00976.png,horse,0.702011
/home/emily/MMIP/week5/quiz1/data/query/deer/00096.png,deer,1,/home/emily/MMIP/week5/quiz1/data/gallery/dog/00059.png,dog,0.724037
/home/emily/MMIP/week5/quiz1/data/query/deer/00096.png,deer,2,/home/emily/MMIP/week5/quiz1/data/gallery/cat/00795.png,cat,0.551109
/home/emily/MMIP/week5/quiz1/data/query/deer/00096.png,deer,3,/home/emily/MMIP/week5/quiz1/data/gallery/cat/00289.png,cat,0.545068
/home/emily/MMIP/week5/quiz1/data/query/deer/00096.png,deer,4,/home/emily/MMIP/week5/quiz1/data/gallery/deer/00514.png,deer,0.540967
/home/emily/MMIP/week5/quiz1/data/query/deer/00096.png,deer,5,/home/emily/MMIP/week5/quiz1/data/gallery/deer/00943.png,deer,0.539873
/home/emily/MMIP/week5/quiz1/data/query/deer/00097.png,deer,1,/home/emily/MMIP/week5/quiz1/data/gallery/horse/00122.png,horse,0.767195
/home/emily/MMIP/week5/quiz1/data/query/deer/00097.png,deer,2,/home/emily/MMIP/week5/quiz1/data/gallery/deer/00752.png,deer,0.762984
/home/emily/MMIP/week5/quiz1/data/query/deer/00097.png,deer,3,/home/emily/MMIP/week5/quiz1/data/gallery/horse/00199.png,horse,0.756187
/home/emily/MMIP/week5/quiz1/data/query/deer/00097.png,deer,4,/home/emily/MMIP/week5/quiz1/data/gallery/horse/00820.png,horse,0.743261
/home/emily/MMIP/week5/quiz1/data/query/deer/00097.png,deer,5,/home/emily/MMIP/week5/quiz1/data/gallery/deer/00808.png,deer,0.738634
/home/emily/MMIP/week5/quiz1/data/query/deer/00098.png,deer,1,/home/emily/MMIP/week5/quiz1/data/gallery/deer/00978.png,deer,0.737943
/home/emily/MMIP/week5/quiz1/data/query/deer/00098.png,deer,2,/home/emily/MMIP/week5/quiz1/data/gallery/deer/00125.png,deer,0.702611
/home/emily/MMIP/week5/quiz1/data/query/deer/00098.png,deer,3,/home/emily/MMIP/week5/quiz1/data/gallery/deer/00269.png,deer,0.697559
/home/emily/MMIP/week5/quiz1/data/query/deer/00098.png,deer,4,/home/emily/MMIP/week5/quiz1/data/gallery/deer/00172.png,deer,0.688979
/home/emily/MMIP/week5/quiz1/data/query/deer/00098.png,deer,5,/home/emily/MMIP/week5/quiz1/data/gallery/deer/00499.png,deer,0.678185
/home/emily/MMIP/week5/quiz1/data/query/deer/00099.png,deer,1,/home/emily/MMIP/week5/quiz1/data/gallery/deer/00200.png,deer,0.656275
/home/emily/MMIP/week5/quiz1/data/query/deer/00099.png,deer,2,/home/emily/MMIP/week5/quiz1/data/gallery/deer/00754.png,deer,0.622070
/home/emily/MMIP/week5/quiz1/data/query/deer/00099.png,deer,3,/home/emily/MMIP/week5/quiz1/data/gallery/deer/00620.png,deer,0.601282
/home/emily/MMIP/week5/quiz1/data/query/deer/00099.png,deer,4,/home/emily/MMIP/week5/quiz1/data/gallery/deer/00789.png,deer,0.598028
/home/emily/MMIP/week5/quiz1/data/query/deer/00099.png,deer,5,/home/emily/MMIP/week5/quiz1/data/gallery/deer/00961.png,deer,0.582796
/home/emily/MMIP/week5/quiz1/data/query/dog/00000.png,dog,1,/home/emily/MMIP/week5/quiz1/data/gallery/dog/00470.png,dog,0.779937
/home/emily/MMIP/week5/quiz1/data/query/dog/00000.png,dog,2,/home/emily/MMIP/week5/quiz1/data/gallery/dog/00832.png,dog,0.750720
/home/emily/MMIP/week5/quiz1/data/query/dog/00000.png,dog,3,/home/emily/MMIP/week5/quiz1/data/gallery/dog/00852.png,dog,0.749841
/home/emily/MMIP/week5/quiz1/data/query/dog/00000.png,dog,4,/home/emily/MMIP/week5/quiz1/data/gallery/dog/00586.png,dog,0.745579
/home/emily/MMIP/week5/quiz1/data/query/dog/00000.png,dog,5,/home/emily/MMIP/week5/quiz1/data/gallery/dog/00613.png,dog,0.739866
/home/emily/MMIP/week5/quiz1/data/query/dog/00001.png,dog,1,/home/emily/MMIP/week5/quiz1/data/gallery/dog/00333.png,dog,0.556715
/home/emily/MMIP/week5/quiz1/data/query/dog/00001.png,dog,2,/home/emily/MMIP/week5/quiz1/data/gallery/dog/00303.png,dog,0.532112
/home/emily/MMIP/week5/quiz1/data/query/dog/00001.png,dog,3,/home/emily/MMIP/week5/quiz1/data/gallery/dog/00410.png,dog,0.475808
/home/emily/MMIP/week5/quiz1/data/query/dog/00001.png,dog,4,/home/emily/MMIP/week5/quiz1/data/gallery/dog/00618.png,dog,0.475596
/home/emily/MMIP/week5/quiz1/data/query/dog/00001.png,dog,5,/home/emily/MMIP/week5/quiz1/data/gallery/dog/00774.png,dog,0.473941
/home/emily/MMIP/week5/quiz1/data/query/dog/00002.png,dog,1,/home/emily/MMIP/week5/quiz1/data/gallery/dog/00015.png,dog,0.634337
/home/emily/MMIP/week5/quiz1/data/query/dog/00002.png,dog,2,/home/emily/MMIP/week5/quiz1/data/gallery/dog/00257.png,dog,0.586803
/home/emily/MMIP/week5/quiz1/data/query/dog/00002.png,dog,3,/home/emily/MMIP/week5/quiz1/data/gallery/dog/00161.png,dog,0.576667
/home/emily/MMIP/week5/quiz1/data/query/dog/00002.png,dog,4,/home/emily/MMIP/week5/quiz1/data/gallery/dog/00113.png,dog,0.551541
/home/emily/MMIP/week5/quiz1/data/query/dog/00002.png,dog,5,/home/emily/MMIP/week5/quiz1/data/gallery/dog/00576.png,dog,0.550281
/home/emily/MMIP/week5/quiz1/data/query/dog/00003.png,dog,1,/home/emily/MMIP/week5/quiz1/data/gallery/dog/00556.png,dog,0.757509
/home/emily/MMIP/week5/quiz1/data/query/dog/00003.png,dog,2,/home/emily/MMIP/week5/quiz1/data/gallery/dog/00233.png,dog,0.753094
/home/emily/MMIP/week5/quiz1/data/query/dog/00003.png,dog,3,/home/emily/MMIP/week5/quiz1/data/gallery/dog/00504.png,dog,0.745344
/home/emily/MMIP/week5/quiz1/data/query/dog/00003.png,dog,4,/home/emily/MMIP/week5/quiz1/data/gallery/dog/00756.png,dog,0.744588
/home/emily/MMIP/week5/quiz1/data/query/dog/00003.png,dog,5,/home/emily/MMIP/week5/quiz1/data/gallery/dog/00961.png,dog,0.741761
/home/emily/MMIP/week5/quiz1/data/query/dog/00004.png,dog,1,/home/emily/MMIP/week5/quiz1/data/gallery/dog/00938.png,dog,0.495103
/home/emily/MMIP/week5/quiz1/data/query/dog/00004.png,dog,2,/home/emily/MMIP/week5/quiz1/data/gallery/dog/00779.png,dog,0.487019
/home/emily/MMIP/week5/quiz1/data/query/dog/00004.png,dog,3,/home/emily/MMIP/week5/quiz1/data/gallery/dog/00119.png,dog,0.483894
/home/emily/MMIP/week5/quiz1/data/query/dog/00004.png,dog,4,/home/emily/MMIP/week5/quiz1/data/gallery/dog/00509.png,dog,0.463160
/home/emily/MMIP/week5/quiz1/data/query/dog/00004.png,dog,5,/home/emily/MMIP/week5/quiz1/data/gallery/dog/00681.png,dog,0.462145
/home/emily/MMIP/week5/quiz1/data/query/dog/00005.png,dog,1,/home/emily/MMIP/week5/quiz1/data/gallery/dog/00819.png,dog,0.742454
/home/emily/MMIP/week5/quiz1/data/query/dog/00005.png,dog,2,/home/emily/MMIP/week5/quiz1/data/gallery/dog/00952.png,dog,0.694999
/home/emily/MMIP/week5/quiz1/data/query/dog/00005.png,dog,3,/home/emily/MMIP/week5/quiz1/data/gallery/dog/00389.png,dog,0.693907
/home/emily/MMIP/week5/quiz1/data/query/dog/00005.png,dog,4,/home/emily/MMIP/week5/quiz1/data/gallery/dog/00238.png,dog,0.692951
/home/emily/MMIP/week5/quiz1/data/query/dog/00005.png,dog,5,/home/emily/MMIP/week5/quiz1/data/gallery/dog/00708.png,dog,0.681223
/home/emily/MMIP/week5/quiz1/data/query/dog/00006.png,dog,1,/home/emily/MMIP/week5/quiz1/data/gallery/dog/00267.png,dog,0.838212
/home/emily/MMIP/week5/quiz1/data/query/dog/00006.png,dog,2,/home/emily/MMIP/week5/quiz1/data/gallery/dog/00620.png,dog,0.813244
/home/emily/MMIP/week5/quiz1/data/query/dog/00006.png,dog,3,/home/emily/MMIP/week5/quiz1/data/gallery/dog/00328.png,dog,0.804294
/home/emily/MMIP/week5/quiz1/data/query/dog/00006.png,dog,4,/home/emily/MMIP/week5/quiz1/data/gallery/dog/00492.png,dog,0.799508
/home/emily/MMIP/week5/quiz1/data/query/dog/00006.png,dog,5,/home/emily/MMIP/week5/quiz1/data/gallery/dog/00292.png,dog,0.797970
/home/emily/MMIP/week5/quiz1/data/query/dog/00007.png,dog,1,/home/emily/MMIP/week5/quiz1/data/gallery/horse/00017.png,horse,0.549701
/home/emily/MMIP/week5/quiz1/data/query/dog/00007.png,dog,2,/home/emily/MMIP/week5/quiz1/data/gallery/horse/00267.png,horse,0.548830
/home/emily/MMIP/week5/quiz1/data/query/dog/00007.png,dog,3,/home/emily/MMIP/week5/quiz1/data/gallery/dog/00208.png,dog,0.501861
/home/emily/MMIP/week5/quiz1/data/query/dog/00007.png,dog,4,/home/emily/MMIP/week5/quiz1/data/gallery/dog/00029.png,dog,0.476804
/home/emily/MMIP/week5/quiz1/data/query/dog/00007.png,dog,5,/home/emily/MMIP/week5/quiz1/data/gallery/horse/00125.png,horse,0.461320
/home/emily/MMIP/week5/quiz1/data/query/dog/00008.png,dog,1,/home/emily/MMIP/week5/quiz1/data/gallery/dog/00809.png,dog,0.692305
/home/emily/MMIP/week5/quiz1/data/query/dog/00008.png,dog,2,/home/emily/MMIP/week5/quiz1/data/gallery/dog/00405.png,dog,0.623452
/home/emily/MMIP/week5/quiz1/data/query/dog/00008.png,dog,3,/home/emily/MMIP/week5/quiz1/data/gallery/dog/00459.png,dog,0.619138
/home/emily/MMIP/week5/quiz1/data/query/dog/00008.png,dog,4,/home/emily/MMIP/week5/quiz1/data/gallery/dog/00896.png,dog,0.572406
/home/emily/MMIP/week5/quiz1/data/query/dog/00008.png,dog,5,/home/emily/MMIP/week5/quiz1/data/gallery/dog/00847.png,dog,0.553596
/home/emily/MMIP/week5/quiz1/data/query/dog/00009.png,dog,1,/home/emily/MMIP/week5/quiz1/data/gallery/dog/00368.png,dog,0.662318
/home/emily/MMIP/week5/quiz1/data/query/dog/00009.png,dog,2,/home/emily/MMIP/week5/quiz1/data/gallery/dog/00600.png,dog,0.636185
/home/emily/MMIP/week5/quiz1/data/query/dog/00009.png,dog,3,/home/emily/MMIP/week5/quiz1/data/gallery/dog/00280.png,dog,0.623078
/home/emily/MMIP/week5/quiz1/data/query/dog/00009.png,dog,4,/home/emily/MMIP/week5/quiz1/data/gallery/dog/00298.png,dog,0.592923
/home/emily/MMIP/week5/quiz1/data/query/dog/00009.png,dog,5,/home/emily/MMIP/week5/quiz1/data/gallery/dog/00352.png,dog,0.584188
/home/emily/MMIP/week5/quiz1/data/query/dog/00010.png,dog,1,/home/emily/MMIP/week5/quiz1/data/gallery/dog/00959.png,dog,0.844498
/home/emily/MMIP/week5/quiz1/data/query/dog/00010.png,dog,2,/home/emily/MMIP/week5/quiz1/data/gallery/dog/00666.png,dog,0.840160
/home/emily/MMIP/week5/quiz1/data/query/dog/00010.png,dog,3,/home/emily/MMIP/week5/quiz1/data/gallery/dog/00929.png,dog,0.822166
/home/emily/MMIP/week5/quiz1/data/query/dog/00010.png,dog,4,/home/emily/MMIP/week5/quiz1/data/gallery/dog/00620.png,dog,0.817428
/home/emily/MMIP/week5/quiz1/data/query/dog/00010.png,dog,5,/home/emily/MMIP/week5/quiz1/data/gallery/dog/00752.png,dog,0.812883
/home/emily/MMIP/week5/quiz1/data/query/dog/00011.png,dog,1,/home/emily/MMIP/week5/quiz1/data/gallery/dog/00798.png,dog,0.556518
/home/emily/MMIP/week5/quiz1/data/query/dog/00011.png,dog,2,/home/emily/MMIP/week5/quiz1/data/gallery/dog/00602.png,dog,0.548377
/home/emily/MMIP/week5/quiz1/data/query/dog/00011.png,dog,3,/home/emily/MMIP/week5/quiz1/data/gallery/cat/00820.png,cat,0.533618
/home/emily/MMIP/week5/quiz1/data/query/dog/00011.png,dog,4,/home/emily/MMIP/week5/quiz1/data/gallery/dog/00088.png,dog,0.531994
/home/emily/MMIP/week5/quiz1/data/query/dog/00011.png,dog,5,/home/emily/MMIP/week5/quiz1/data/gallery/horse/00502.png,horse,0.529056
/home/emily/MMIP/week5/quiz1/data/query/dog/00012.png,dog,1,/home/emily/MMIP/week5/quiz1/data/gallery/dog/00733.png,dog,0.621933
/home/emily/MMIP/week5/quiz1/data/query/dog/00012.png,dog,2,/home/emily/MMIP/week5/quiz1/data/gallery/dog/00446.png,dog,0.606620
/home/emily/MMIP/week5/quiz1/data/query/dog/00012.png,dog,3,/home/emily/MMIP/week5/quiz1/data/gallery/dog/00161.png,dog,0.586491
/home/emily/MMIP/week5/quiz1/data/query/dog/00012.png,dog,4,/home/emily/MMIP/week5/quiz1/data/gallery/dog/00257.png,dog,0.568645
/home/emily/MMIP/week5/quiz1/data/query/dog/00012.png,dog,5,/home/emily/MMIP/week5/quiz1/data/gallery/dog/00262.png,dog,0.565272
/home/emily/MMIP/week5/quiz1/data/query/dog/00013.png,dog,1,/home/emily/MMIP/week5/quiz1/data/gallery/dog/00405.png,dog,0.591911
/home/emily/MMIP/week5/quiz1/data/query/dog/00013.png,dog,2,/home/emily/MMIP/week5/quiz1/data/gallery/dog/00555.png,dog,0.583768
/home/emily/MMIP/week5/quiz1/data/query/dog/00013.png,dog,3,/home/emily/MMIP/week5/quiz1/data/gallery/dog/00809.png,dog,0.576015
/home/emily/MMIP/week5/quiz1/data/query/dog/00013.png,dog,4,/home/emily/MMIP/week5/quiz1/data/gallery/dog/00487.png,dog,0.570835
/home/emily/MMIP/week5/quiz1/data/query/dog/00013.png,dog,5,/home/emily/MMIP/week5/quiz1/data/gallery/dog/00984.png,dog,0.569846
/home/emily/MMIP/week5/quiz1/data/query/dog/00014.png,dog,1,/home/emily/MMIP/week5/quiz1/data/gallery/dog/00369.png,dog,0.675224
/home/emily/MMIP/week5/quiz1/data/query/dog/00014.png,dog,2,/home/emily/MMIP/week5/quiz1/data/gallery/dog/00713.png,dog,0.649988
/home/emily/MMIP/week5/quiz1/data/query/dog/00014.png,dog,3,/home/emily/MMIP/week5/quiz1/data/gallery/dog/00765.png,dog,0.615650
/home/emily/MMIP/week5/quiz1/data/query/dog/00014.png,dog,4,/home/emily/MMIP/week5/quiz1/data/gallery/dog/00756.png,dog,0.611256
/home/emily/MMIP/week5/quiz1/data/query/dog/00014.png,dog,5,/home/emily/MMIP/week5/quiz1/data/gallery/dog/00717.png,dog,0.610284
/home/emily/MMIP/week5/quiz1/data/query/dog/00015.png,dog,1,/home/emily/MMIP/week5/quiz1/data/gallery/cat/00381.png,cat,0.638452
/home/emily/MMIP/week5/quiz1/data/query/dog/00015.png,dog,2,/home/emily/MMIP/week5/quiz1/data/gallery/dog/00182.png,dog,0.628232
/home/emily/MMIP/week5/quiz1/data/query/dog/00015.png,dog,3,/home/emily/MMIP/week5/quiz1/data/gallery/dog/00832.png,dog,0.621124
/home/emily/MMIP/week5/quiz1/data/query/dog/00015.png,dog,4,/home/emily/MMIP/week5/quiz1/data/gallery/cat/00196.png,cat,0.611301
/home/emily/MMIP/week5/quiz1/data/query/dog/00015.png,dog,5,/home/emily/MMIP/week5/quiz1/data/gallery/dog/00801.png,dog,0.609727
/home/emily/MMIP/week5/quiz1/data/query/dog/00016.png,dog,1,/home/emily/MMIP/week5/quiz1/data/gallery/dog/00277.png,dog,0.900704
/home/emily/MMIP/week5/quiz1/data/query/dog/00016.png,dog,2,/home/emily/MMIP/week5/quiz1/data/gallery/dog/00379.png,dog,0.886566
/home/emily/MMIP/week5/quiz1/data/query/dog/00016.png,dog,3,/home/emily/MMIP/week5/quiz1/data/gallery/dog/00797.png,dog,0.862992
/home/emily/MMIP/week5/quiz1/data/query/dog/00016.png,dog,4,/home/emily/MMIP/week5/quiz1/data/gallery/dog/00292.png,dog,0.855504
/home/emily/MMIP/week5/quiz1/data/query/dog/00016.png,dog,5,/home/emily/MMIP/week5/quiz1/data/gallery/dog/00859.png,dog,0.852170
/home/emily/MMIP/week5/quiz1/data/query/dog/00017.png,dog,1,/home/emily/MMIP/week5/quiz1/data/gallery/dog/00907.png,dog,0.649126
/home/emily/MMIP/week5/quiz1/data/query/dog/00017.png,dog,2,/home/emily/MMIP/week5/quiz1/data/gallery/dog/00690.png,dog,0.623244
/home/emily/MMIP/week5/quiz1/data/query/dog/00017.png,dog,3,/home/emily/MMIP/week5/quiz1/data/gallery/dog/00354.png,dog,0.618266
/home/emily/MMIP/week5/quiz1/data/query/dog/00017.png,dog,4,/home/emily/MMIP/week5/quiz1/data/gallery/dog/00346.png,dog,0.608073
/home/emily/MMIP/week5/quiz1/data/query/dog/00017.png,dog,5,/home/emily/MMIP/week5/quiz1/data/gallery/dog/00763.png,dog,0.603220
/home/emily/MMIP/week5/quiz1/data/query/dog/00018.png,dog,1,/home/emily/MMIP/week5/quiz1/data/gallery/dog/00169.png,dog,0.699632
/home/emily/MMIP/week5/quiz1/data/query/dog/00018.png,dog,2,/home/emily/MMIP/week5/quiz1/data/gallery/dog/00914.png,dog,0.670330
/home/emily/MMIP/week5/quiz1/data/query/dog/00018.png,dog,3,/home/emily/MMIP/week5/quiz1/data/gallery/dog/00839.png,dog,0.611004
/home/emily/MMIP/week5/quiz1/data/query/dog/00018.png,dog,4,/home/emily/MMIP/week5/quiz1/data/gallery/dog/00767.png,dog,0.610711
/home/emily/MMIP/week5/quiz1/data/query/dog/00018.png,dog,5,/home/emily/MMIP/week5/quiz1/data/gallery/dog/00951.png,dog,0.608396
/home/emily/MMIP/week5/quiz1/data/query/dog/00019.png,dog,1,/home/emily/MMIP/week5/quiz1/data/gallery/dog/00273.png,dog,0.665795
/home/emily/MMIP/week5/quiz1/data/query/dog/00019.png,dog,2,/home/emily/MMIP/week5/quiz1/data/gallery/dog/00196.png,dog,0.664513
/home/emily/MMIP/week5/quiz1/data/query/dog/00019.png,dog,3,/home/emily/MMIP/week5/quiz1/data/gallery/dog/00951.png,dog,0.645939
/home/emily/MMIP/week5/quiz1/data/query/dog/00019.png,dog,4,/home/emily/MMIP/week5/quiz1/data/gallery/dog/00543.png,dog,0.625925
/home/emily/MMIP/week5/quiz1/data/query/dog/00019.png,dog,5,/home/emily/MMIP/week5/quiz1/data/gallery/dog/00628.png,dog,0.622269
/home/emily/MMIP/week5/quiz1/data/query/dog/00020.png,dog,1,/home/emily/MMIP/week5/quiz1/data/gallery/dog/00065.png,dog,0.852134
/home/emily/MMIP/week5/quiz1/data/query/dog/00020.png,dog,2,/home/emily/MMIP/week5/quiz1/data/gallery/dog/00424.png,dog,0.829877
/home/emily/MMIP/week5/quiz1/data/query/dog/00020.png,dog,3,/home/emily/MMIP/week5/quiz1/data/gallery/dog/00267.png,dog,0.825918
/home/emily/MMIP/week5/quiz1/data/query/dog/00020.png,dog,4,/home/emily/MMIP/week5/quiz1/data/gallery/dog/00328.png,dog,0.822566
/home/emily/MMIP/week5/quiz1/data/query/dog/00020.png,dog,5,/home/emily/MMIP/week5/quiz1/data/gallery/dog/00752.png,dog,0.821238
/home/emily/MMIP/week5/quiz1/data/query/dog/00021.png,dog,1,/home/emily/MMIP/week5/quiz1/data/gallery/dog/00258.png,dog,0.704543
/home/emily/MMIP/week5/quiz1/data/query/dog/00021.png,dog,2,/home/emily/MMIP/week5/quiz1/data/gallery/dog/00467.png,dog,0.684703
/home/emily/MMIP/week5/quiz1/data/query/dog/00021.png,dog,3,/home/emily/MMIP/week5/quiz1/data/gallery/dog/00402.png,dog,0.653072
/home/emily/MMIP/week5/quiz1/data/query/dog/00021.png,dog,4,/home/emily/MMIP/week5/quiz1/data/gallery/dog/00107.png,dog,0.641033
/home/emily/MMIP/week5/quiz1/data/query/dog/00021.png,dog,5,/home/emily/MMIP/week5/quiz1/data/gallery/dog/00557.png,dog,0.635498
/home/emily/MMIP/week5/quiz1/data/query/dog/00022.png,dog,1,/home/emily/MMIP/week5/quiz1/data/gallery/dog/00798.png,dog,0.439502
/home/emily/MMIP/week5/quiz1/data/query/dog/00022.png,dog,2,/home/emily/MMIP/week5/quiz1/data/gallery/cat/00194.png,cat,0.435957
/home/emily/MMIP/week5/quiz1/data/query/dog/00022.png,dog,3,/home/emily/MMIP/week5/quiz1/data/gallery/cat/00024.png,cat,0.416249
/home/emily/MMIP/week5/quiz1/data/query/dog/00022.png,dog,4,/home/emily/MMIP/week5/quiz1/data/gallery/dog/00266.png,dog,0.412492
/home/emily/MMIP/week5/quiz1/data/query/dog/00022.png,dog,5,/home/emily/MMIP/week5/quiz1/data/gallery/cat/00990.png,cat,0.409929
/home/emily/MMIP/week5/quiz1/data/query/dog/00023.png,dog,1,/home/emily/MMIP/week5/quiz1/data/gallery/dog/00348.png,dog,0.620507
/home/emily/MMIP/week5/quiz1/data/query/dog/00023.png,dog,2,/home/emily/MMIP/week5/quiz1/data/gallery/dog/00427.png,dog,0.528304
/home/emily/MMIP/week5/quiz1/data/query/dog/00023.png,dog,3,/home/emily/MMIP/week5/quiz1/data/gallery/cat/00984.png,cat,0.526567
/home/emily/MMIP/week5/quiz1/data/query/dog/00023.png,dog,4,/home/emily/MMIP/week5/quiz1/data/gallery/dog/00378.png,dog,0.525970
/home/emily/MMIP/week5/quiz1/data/query/dog/00023.png,dog,5,/home/emily/MMIP/week5/quiz1/data/gallery/dog/00539.png,dog,0.522017
/home/emily/MMIP/week5/quiz1/data/query/dog/00024.png,dog,1,/home/emily/MMIP/week5/quiz1/data/gallery/dog/00093.png,dog,0.724164
/home/emily/MMIP/week5/quiz1/data/query/dog/00024.png,dog,2,/home/emily/MMIP/week5/quiz1/data/gallery/dog/00823.png,dog,0.722744
/home/emily/MMIP/week5/quiz1/data/query/dog/00024.png,dog,3,/home/emily/MMIP/week5/quiz1/data/gallery/deer/00095.png,deer,0.637153
/home/emily/MMIP/week5/quiz1/data/query/dog/00024.png,dog,4,/home/emily/MMIP/week5/quiz1/data/gallery/dog/00256.png,dog,0.614880
/home/emily/MMIP/week5/quiz1/data/query/dog/00024.png,dog,5,/home/emily/MMIP/week5/quiz1/data/gallery/horse/00074.png,horse,0.597444
/home/emily/MMIP/week5/quiz1/data/query/dog/00025.png,dog,1,/home/emily/MMIP/week5/quiz1/data/gallery/dog/00973.png,dog,0.839799
/home/emily/MMIP/week5/quiz1/data/query/dog/00025.png,dog,2,/home/emily/MMIP/week5/quiz1/data/gallery/dog/00233.png,dog,0.792078
/home/emily/MMIP/week5/quiz1/data/query/dog/00025.png,dog,3,/home/emily/MMIP/week5/quiz1/data/gallery/dog/00863.png,dog,0.767331
/home/emily/MMIP/week5/quiz1/data/query/dog/00025.png,dog,4,/home/emily/MMIP/week5/quiz1/data/gallery/dog/00504.png,dog,0.749068
/home/emily/MMIP/week5/quiz1/data/query/dog/00025.png,dog,5,/home/emily/MMIP/week5/quiz1/data/gallery/dog/00081.png,dog,0.723361
/home/emily/MMIP/week5/quiz1/data/query/dog/00026.png,dog,1,/home/emily/MMIP/week5/quiz1/data/gallery/dog/00548.png,dog,0.635186
/home/emily/MMIP/week5/quiz1/data/query/dog/00026.png,dog,2,/home/emily/MMIP/week5/quiz1/data/gallery/dog/00171.png,dog,0.618725
/home/emily/MMIP/week5/quiz1/data/query/dog/00026.png,dog,3,/home/emily/MMIP/week5/quiz1/data/gallery/dog/00029.png,dog,0.587282
/home/emily/MMIP/week5/quiz1/data/query/dog/00026.png,dog,4,/home/emily/MMIP/week5/quiz1/data/gallery/dog/00923.png,dog,0.583133
/home/emily/MMIP/week5/quiz1/data/query/dog/00026.png,dog,5,/home/emily/MMIP/week5/quiz1/data/gallery/dog/00675.png,dog,0.578756
/home/emily/MMIP/week5/quiz1/data/query/dog/00027.png,dog,1,/home/emily/MMIP/week5/quiz1/data/gallery/cat/00044.png,cat,0.638643
/home/emily/MMIP/week5/quiz1/data/query/dog/00027.png,dog,2,/home/emily/MMIP/week5/quiz1/data/gallery/dog/00941.png,dog,0.609060
/home/emily/MMIP/week5/quiz1/data/query/dog/00027.png,dog,3,/home/emily/MMIP/week5/quiz1/data/gallery/dog/00958.png,dog,0.608728
/home/emily/MMIP/week5/quiz1/data/query/dog/00027.png,dog,4,/home/emily/MMIP/week5/quiz1/data/gallery/dog/00596.png,dog,0.604730
/home/emily/MMIP/week5/quiz1/data/query/dog/00027.png,dog,5,/home/emily/MMIP/week5/quiz1/data/gallery/dog/00520.png,dog,0.576565
/home/emily/MMIP/week5/quiz1/data/query/dog/00028.png,dog,1,/home/emily/MMIP/week5/quiz1/data/gallery/dog/00205.png,dog,0.577817
/home/emily/MMIP/week5/quiz1/data/query/dog/00028.png,dog,2,/home/emily/MMIP/week5/quiz1/data/gallery/dog/00530.png,dog,0.528032
/home/emily/MMIP/week5/quiz1/data/query/dog/00028.png,dog,3,/home/emily/MMIP/week5/quiz1/data/gallery/dog/00330.png,dog,0.521050
/home/emily/MMIP/week5/quiz1/data/query/dog/00028.png,dog,4,/home/emily/MMIP/week5/quiz1/data/gallery/frog/00971.png,frog,0.503726
/home/emily/MMIP/week5/quiz1/data/query/dog/00028.png,dog,5,/home/emily/MMIP/week5/quiz1/data/gallery/bird/00527.png,bird,0.496568
/home/emily/MMIP/week5/quiz1/data/query/dog/00029.png,dog,1,/home/emily/MMIP/week5/quiz1/data/gallery/dog/00469.png,dog,0.690696
/home/emily/MMIP/week5/quiz1/data/query/dog/00029.png,dog,2,/home/emily/MMIP/week5/quiz1/data/gallery/dog/00445.png,dog,0.663402
/home/emily/MMIP/week5/quiz1/data/query/dog/00029.png,dog,3,/home/emily/MMIP/week5/quiz1/data/gallery/dog/00466.png,dog,0.660769
/home/emily/MMIP/week5/quiz1/data/query/dog/00029.png,dog,4,/home/emily/MMIP/week5/quiz1/data/gallery/dog/00612.png,dog,0.649037
/home/emily/MMIP/week5/quiz1/data/query/dog/00029.png,dog,5,/home/emily/MMIP/week5/quiz1/data/gallery/dog/00347.png,dog,0.637776
/home/emily/MMIP/week5/quiz1/data/query/dog/00030.png,dog,1,/home/emily/MMIP/week5/quiz1/data/gallery/dog/00790.png,dog,0.749692
/home/emily/MMIP/week5/quiz1/data/query/dog/00030.png,dog,2,/home/emily/MMIP/week5/quiz1/data/gallery/dog/00957.png,dog,0.714629
/home/emily/MMIP/week5/quiz1/data/query/dog/00030.png,dog,3,/home/emily/MMIP/week5/quiz1/data/gallery/dog/00511.png,dog,0.688400
/home/emily/MMIP/week5/quiz1/data/query/dog/00030.png,dog,4,/home/emily/MMIP/week5/quiz1/data/gallery/dog/00069.png,dog,0.681867
/home/emily/MMIP/week5/quiz1/data/query/dog/00030.png,dog,5,/home/emily/MMIP/week5/quiz1/data/gallery/dog/00431.png,dog,0.671636
/home/emily/MMIP/week5/quiz1/data/query/dog/00031.png,dog,1,/home/emily/MMIP/week5/quiz1/data/gallery/dog/00151.png,dog,0.718171
/home/emily/MMIP/week5/quiz1/data/query/dog/00031.png,dog,2,/home/emily/MMIP/week5/quiz1/data/gallery/dog/00114.png,dog,0.666461
/home/emily/MMIP/week5/quiz1/data/query/dog/00031.png,dog,3,/home/emily/MMIP/week5/quiz1/data/gallery/dog/00817.png,dog,0.606470
/home/emily/MMIP/week5/quiz1/data/query/dog/00031.png,dog,4,/home/emily/MMIP/week5/quiz1/data/gallery/dog/00454.png,dog,0.600420
/home/emily/MMIP/week5/quiz1/data/query/dog/00031.png,dog,5,/home/emily/MMIP/week5/quiz1/data/gallery/dog/00002.png,dog,0.589627
/home/emily/MMIP/week5/quiz1/data/query/dog/00032.png,dog,1,/home/emily/MMIP/week5/quiz1/data/gallery/dog/00170.png,dog,0.761523
/home/emily/MMIP/week5/quiz1/data/query/dog/00032.png,dog,2,/home/emily/MMIP/week5/quiz1/data/gallery/dog/00128.png,dog,0.737380
/home/emily/MMIP/week5/quiz1/data/query/dog/00032.png,dog,3,/home/emily/MMIP/week5/quiz1/data/gallery/dog/00566.png,dog,0.735793
/home/emily/MMIP/week5/quiz1/data/query/dog/00032.png,dog,4,/home/emily/MMIP/week5/quiz1/data/gallery/dog/00633.png,dog,0.721192
/home/emily/MMIP/week5/quiz1/data/query/dog/00032.png,dog,5,/home/emily/MMIP/week5/quiz1/data/gallery/dog/00332.png,dog,0.708077
/home/emily/MMIP/week5/quiz1/data/query/dog/00033.png,dog,1,/home/emily/MMIP/week5/quiz1/data/gallery/dog/00683.png,dog,0.519055
/home/emily/MMIP/week5/quiz1/data/query/dog/00033.png,dog,2,/home/emily/MMIP/week5/quiz1/data/gallery/dog/00018.png,dog,0.507600
/home/emily/MMIP/week5/quiz1/data/query/dog/00033.png,dog,3,/home/emily/MMIP/week5/quiz1/data/gallery/dog/00585.png,dog,0.479331
/home/emily/MMIP/week5/quiz1/data/query/dog/00033.png,dog,4,/home/emily/MMIP/week5/quiz1/data/gallery/dog/00550.png,dog,0.474305
/home/emily/MMIP/week5/quiz1/data/query/dog/00033.png,dog,5,/home/emily/MMIP/week5/quiz1/data/gallery/cat/00733.png,cat,0.462441
/home/emily/MMIP/week5/quiz1/data/query/dog/00034.png,dog,1,/home/emily/MMIP/week5/quiz1/data/gallery/dog/00135.png,dog,0.553171
/home/emily/MMIP/week5/quiz1/data/query/dog/00034.png,dog,2,/home/emily/MMIP/week5/quiz1/data/gallery/dog/00472.png,dog,0.524480
/home/emily/MMIP/week5/quiz1/data/query/dog/00034.png,dog,3,/home/emily/MMIP/week5/quiz1/data/gallery/dog/00123.png,dog,0.515667
/home/emily/MMIP/week5/quiz1/data/query/dog/00034.png,dog,4,/home/emily/MMIP/week5/quiz1/data/gallery/dog/00883.png,dog,0.514499
/home/emily/MMIP/week5/quiz1/data/query/dog/00034.png,dog,5,/home/emily/MMIP/week5/quiz1/data/gallery/dog/00775.png,dog,0.500972
/home/emily/MMIP/week5/quiz1/data/query/dog/00035.png,dog,1,/home/emily/MMIP/week5/quiz1/data/gallery/dog/00783.png,dog,0.741632
/home/emily/MMIP/week5/quiz1/data/query/dog/00035.png,dog,2,/home/emily/MMIP/week5/quiz1/data/gallery/dog/00543.png,dog,0.724195
/home/emily/MMIP/week5/quiz1/data/query/dog/00035.png,dog,3,/home/emily/MMIP/week5/quiz1/data/gallery/dog/00486.png,dog,0.701893
/home/emily/MMIP/week5/quiz1/data/query/dog/00035.png,dog,4,/home/emily/MMIP/week5/quiz1/data/gallery/dog/00351.png,dog,0.664042
/home/emily/MMIP/week5/quiz1/data/query/dog/00035.png,dog,5,/home/emily/MMIP/week5/quiz1/data/gallery/dog/00447.png,dog,0.643109
/home/emily/MMIP/week5/quiz1/data/query/dog/00036.png,dog,1,/home/emily/MMIP/week5/quiz1/data/gallery/dog/00063.png,dog,0.631745
/home/emily/MMIP/week5/quiz1/data/query/dog/00036.png,dog,2,/home/emily/MMIP/week5/quiz1/data/gallery/dog/00348.png,dog,0.624167
/home/emily/MMIP/week5/quiz1/data/query/dog/00036.png,dog,3,/home/emily/MMIP/week5/quiz1/data/gallery/dog/00915.png,dog,0.582053
/home/emily/MMIP/week5/quiz1/data/query/dog/00036.png,dog,4,/home/emily/MMIP/week5/quiz1/data/gallery/dog/00079.png,dog,0.576957
/home/emily/MMIP/week5/quiz1/data/query/dog/00036.png,dog,5,/home/emily/MMIP/week5/quiz1/data/gallery/dog/00069.png,dog,0.565680
/home/emily/MMIP/week5/quiz1/data/query/dog/00037.png,dog,1,/home/emily/MMIP/week5/quiz1/data/gallery/dog/00307.png,dog,0.746137
/home/emily/MMIP/week5/quiz1/data/query/dog/00037.png,dog,2,/home/emily/MMIP/week5/quiz1/data/gallery/dog/00747.png,dog,0.744300
/home/emily/MMIP/week5/quiz1/data/query/dog/00037.png,dog,3,/home/emily/MMIP/week5/quiz1/data/gallery/dog/00564.png,dog,0.727174
/home/emily/MMIP/week5/quiz1/data/query/dog/00037.png,dog,4,/home/emily/MMIP/week5/quiz1/data/gallery/dog/00737.png,dog,0.725420
/home/emily/MMIP/week5/quiz1/data/query/dog/00037.png,dog,5,/home/emily/MMIP/week5/quiz1/data/gallery/dog/00502.png,dog,0.713042
/home/emily/MMIP/week5/quiz1/data/query/dog/00038.png,dog,1,/home/emily/MMIP/week5/quiz1/data/gallery/dog/00938.png,dog,0.651627
/home/emily/MMIP/week5/quiz1/data/query/dog/00038.png,dog,2,/home/emily/MMIP/week5/quiz1/data/gallery/dog/00378.png,dog,0.647246
/home/emily/MMIP/week5/quiz1/data/query/dog/00038.png,dog,3,/home/emily/MMIP/week5/quiz1/data/gallery/dog/00887.png,dog,0.549188
/home/emily/MMIP/week5/quiz1/data/query/dog/00038.png,dog,4,/home/emily/MMIP/week5/quiz1/data/gallery/dog/00993.png,dog,0.494437
/home/emily/MMIP/week5/quiz1/data/query/dog/00038.png,dog,5,/home/emily/MMIP/week5/quiz1/data/gallery/dog/00539.png,dog,0.490977
/home/emily/MMIP/week5/quiz1/data/query/dog/00039.png,dog,1,/home/emily/MMIP/week5/quiz1/data/gallery/dog/00406.png,dog,0.622018
/home/emily/MMIP/week5/quiz1/data/query/dog/00039.png,dog,2,/home/emily/MMIP/week5/quiz1/data/gallery/dog/00105.png,dog,0.604846
/home/emily/MMIP/week5/quiz1/data/query/dog/00039.png,dog,3,/home/emily/MMIP/week5/quiz1/data/gallery/dog/00041.png,dog,0.559274
/home/emily/MMIP/week5/quiz1/data/query/dog/00039.png,dog,4,/home/emily/MMIP/week5/quiz1/data/gallery/dog/00342.png,dog,0.534790
/home/emily/MMIP/week5/quiz1/data/query/dog/00039.png,dog,5,/home/emily/MMIP/week5/quiz1/data/gallery/dog/00843.png,dog,0.534539
/home/emily/MMIP/week5/quiz1/data/query/dog/00040.png,dog,1,/home/emily/MMIP/week5/quiz1/data/gallery/dog/00694.png,dog,0.589194
/home/emily/MMIP/week5/quiz1/data/query/dog/00040.png,dog,2,/home/emily/MMIP/week5/quiz1/data/gallery/dog/00539.png,dog,0.558908
/home/emily/MMIP/week5/quiz1/data/query/dog/00040.png,dog,3,/home/emily/MMIP/week5/quiz1/data/gallery/dog/00465.png,dog,0.535197
/home/emily/MMIP/week5/quiz1/data/query/dog/00040.png,dog,4,/home/emily/MMIP/week5/quiz1/data/gallery/dog/00102.png,dog,0.530730
/home/emily/MMIP/week5/quiz1/data/query/dog/00040.png,dog,5,/home/emily/MMIP/week5/quiz1/data/gallery/dog/00948.png,dog,0.520732
/home/emily/MMIP/week5/quiz1/data/query/dog/00041.png,dog,1,/home/emily/MMIP/week5/quiz1/data/gallery/dog/00829.png,dog,0.861119
/home/emily/MMIP/week5/quiz1/data/query/dog/00041.png,dog,2,/home/emily/MMIP/week5/quiz1/data/gallery/dog/00899.png,dog,0.857883
/home/emily/MMIP/week5/quiz1/data/query/dog/00041.png,dog,3,/home/emily/MMIP/week5/quiz1/data/gallery/dog/00094.png,dog,0.847060
/home/emily/MMIP/week5/quiz1/data/query/dog/00041.png,dog,4,/home/emily/MMIP/week5/quiz1/data/gallery/dog/00295.png,dog,0.845385
/home/emily/MMIP/week5/quiz1/data/query/dog/00041.png,dog,5,/home/emily/MMIP/week5/quiz1/data/gallery/dog/00991.png,dog,0.842560
/home/emily/MMIP/week5/quiz1/data/query/dog/00042.png,dog,1,/home/emily/MMIP/week5/quiz1/data/gallery/dog/00129.png,dog,0.823893
/home/emily/MMIP/week5/quiz1/data/query/dog/00042.png,dog,2,/home/emily/MMIP/week5/quiz1/data/gallery/dog/00949.png,dog,0.812337
/home/emily/MMIP/week5/quiz1/data/query/dog/00042.png,dog,3,/home/emily/MMIP/week5/quiz1/data/gallery/dog/00814.png,dog,0.786647
/home/emily/MMIP/week5/quiz1/data/query/dog/00042.png,dog,4,/home/emily/MMIP/week5/quiz1/data/gallery/dog/00634.png,dog,0.785411
/home/emily/MMIP/week5/quiz1/data/query/dog/00042.png,dog,5,/home/emily/MMIP/week5/quiz1/data/gallery/dog/00149.png,dog,0.780843
/home/emily/MMIP/week5/quiz1/data/query/dog/00043.png,dog,1,/home/emily/MMIP/week5/quiz1/data/gallery/dog/00003.png,dog,0.572514
/home/emily/MMIP/week5/quiz1/data/query/dog/00043.png,dog,2,/home/emily/MMIP/week5/quiz1/data/gallery/horse/00716.png,horse,0.543006
/home/emily/MMIP/week5/quiz1/data/query/dog/00043.png,dog,3,/home/emily/MMIP/week5/quiz1/data/gallery/dog/00597.png,dog,0.541319
/home/emily/MMIP/week5/quiz1/data/query/dog/00043.png,dog,4,/home/emily/MMIP/week5/quiz1/data/gallery/dog/00240.png,dog,0.527428
/home/emily/MMIP/week5/quiz1/data/query/dog/00043.png,dog,5,/home/emily/MMIP/week5/quiz1/data/gallery/dog/00144.png,dog,0.525081
/home/emily/MMIP/week5/quiz1/data/query/dog/00044.png,dog,1,/home/emily/MMIP/week5/quiz1/data/gallery/dog/00998.png,dog,0.556269
/home/emily/MMIP/week5/quiz1/data/query/dog/00044.png,dog,2,/home/emily/MMIP/week5/quiz1/data/gallery/cat/00577.png,cat,0.542088
/home/emily/MMIP/week5/quiz1/data/query/dog/00044.png,dog,3,/home/emily/MMIP/week5/quiz1/data/gallery/dog/00637.png,dog,0.507654
/home/emily/MMIP/week5/quiz1/data/query/dog/00044.png,dog,4,/home/emily/MMIP/week5/quiz1/data/gallery/dog/00414.png,dog,0.497276
/home/emily/MMIP/week5/quiz1/data/query/dog/00044.png,dog,5,/home/emily/MMIP/week5/quiz1/data/gallery/cat/00772.png,cat,0.496632
/home/emily/MMIP/week5/quiz1/data/query/dog/00045.png,dog,1,/home/emily/MMIP/week5/quiz1/data/gallery/dog/00700.png,dog,0.414449
/home/emily/MMIP/week5/quiz1/data/query/dog/00045.png,dog,2,/home/emily/MMIP/week5/quiz1/data/gallery/cat/00181.png,cat,0.411025
/home/emily/MMIP/week5/quiz1/data/query/dog/00045.png,dog,3,/home/emily/MMIP/week5/quiz1/data/gallery/cat/00386.png,cat,0.410633
/home/emily/MMIP/week5/quiz1/data/query/dog/00045.png,dog,4,/home/emily/MMIP/week5/quiz1/data/gallery/dog/00905.png,dog,0.405642
/home/emily/MMIP/week5/quiz1/data/query/dog/00045.png,dog,5,/home/emily/MMIP/week5/quiz1/data/gallery/dog/00598.png,dog,0.386355
/home/emily/MMIP/week5/quiz1/data/query/dog/00046.png,dog,1,/home/emily/MMIP/week5/quiz1/data/gallery/dog/00629.png,dog,0.766544
/home/emily/MMIP/week5/quiz1/data/query/dog/00046.png,dog,2,/home/emily/MMIP/week5/quiz1/data/gallery/dog/00572.png,dog,0.765972
/home/emily/MMIP/week5/quiz1/data/query/dog/00046.png,dog,3,/home/emily/MMIP/week5/quiz1/data/gallery/dog/00265.png,dog,0.762181
/home/emily/MMIP/week5/quiz1/data/query/dog/00046.png,dog,4,/home/emily/MMIP/week5/quiz1/data/gallery/dog/00765.png,dog,0.760367
/home/emily/MMIP/week5/quiz1/data/query/dog/00046.png,dog,5,/home/emily/MMIP/week5/quiz1/data/gallery/dog/00722.png,dog,0.740139
/home/emily/MMIP/week5/quiz1/data/query/dog/00047.png,dog,1,/home/emily/MMIP/week5/quiz1/data/gallery/dog/00431.png,dog,0.615868
/home/emily/MMIP/week5/quiz1/data/query/dog/00047.png,dog,2,/home/emily/MMIP/week5/quiz1/data/gallery/dog/00455.png,dog,0.614167
/home/emily/MMIP/week5/quiz1/data/query/dog/00047.png,dog,3,/home/emily/MMIP/week5/quiz1/data/gallery/deer/00327.png,deer,0.602455
/home/emily/MMIP/week5/quiz1/data/query/dog/00047.png,dog,4,/home/emily/MMIP/week5/quiz1/data/gallery/dog/00647.png,dog,0.601494
/home/emily/MMIP/week5/quiz1/data/query/dog/00047.png,dog,5,/home/emily/MMIP/week5/quiz1/data/gallery/cat/00486.png,cat,0.590470
/home/emily/MMIP/week5/quiz1/data/query/dog/00048.png,dog,1,/home/emily/MMIP/week5/quiz1/data/gallery/dog/00914.png,dog,0.662174
/home/emily/MMIP/week5/quiz1/data/query/dog/00048.png,dog,2,/home/emily/MMIP/week5/quiz1/data/gallery/dog/00302.png,dog,0.645962
/home/emily/MMIP/week5/quiz1/data/query/dog/00048.png,dog,3,/home/emily/MMIP/week5/quiz1/data/gallery/dog/00839.png,dog,0.618682
/home/emily/MMIP/week5/quiz1/data/query/dog/00048.png,dog,4,/home/emily/MMIP/week5/quiz1/data/gallery/dog/00168.png,dog,0.616874
/home/emily/MMIP/week5/quiz1/data/query/dog/00048.png,dog,5,/home/emily/MMIP/week5/quiz1/data/gallery/dog/00908.png,dog,0.616165
/home/emily/MMIP/week5/quiz1/data/query/dog/00049.png,dog,1,/home/emily/MMIP/week5/quiz1/data/gallery/dog/00997.png,dog,0.816568
/home/emily/MMIP/week5/quiz1/data/query/dog/00049.png,dog,2,/home/emily/MMIP/week5/quiz1/data/gallery/dog/00580.png,dog,0.803497
/home/emily/MMIP/week5/quiz1/data/query/dog/00049.png,dog,3,/home/emily/MMIP/week5/quiz1/data/gallery/dog/00384.png,dog,0.800894
/home/emily/MMIP/week5/quiz1/data/query/dog/00049.png,dog,4,/home/emily/MMIP/week5/quiz1/data/gallery/dog/00306.png,dog,0.793488
/home/emily/MMIP/week5/quiz1/data/query/dog/00049.png,dog,5,/home/emily/MMIP/week5/quiz1/data/gallery/dog/00719.png,dog,0.781385
/home/emily/MMIP/week5/quiz1/data/query/dog/00050.png,dog,1,/home/emily/MMIP/week5/quiz1/data/gallery/dog/00528.png,dog,0.755710
/home/emily/MMIP/week5/quiz1/data/query/dog/00050.png,dog,2,/home/emily/MMIP/week5/quiz1/data/gallery/dog/00658.png,dog,0.720351
/home/emily/MMIP/week5/quiz1/data/query/dog/00050.png,dog,3,/home/emily/MMIP/week5/quiz1/data/gallery/dog/00328.png,dog,0.716949
/home/emily/MMIP/week5/quiz1/data/query/dog/00050.png,dog,4,/home/emily/MMIP/week5/quiz1/data/gallery/dog/00362.png,dog,0.706174
/home/emily/MMIP/week5/quiz1/data/query/dog/00050.png,dog,5,/home/emily/MMIP/week5/quiz1/data/gallery/dog/00424.png,dog,0.699357
/home/emily/MMIP/week5/quiz1/data/query/dog/00051.png,dog,1,/home/emily/MMIP/week5/quiz1/data/gallery/dog/00257.png,dog,0.656243
/home/emily/MMIP/week5/quiz1/data/query/dog/00051.png,dog,2,/home/emily/MMIP/week5/quiz1/data/gallery/horse/00517.png,horse,0.556431
/home/emily/MMIP/week5/quiz1/data/query/dog/00051.png,dog,3,/home/emily/MMIP/week5/quiz1/data/gallery/dog/00161.png,dog,0.552269
/home/emily/MMIP/week5/quiz1/data/query/dog/00051.png,dog,4,/home/emily/MMIP/week5/quiz1/data/gallery/dog/00015.png,dog,0.531478
/home/emily/MMIP/week5/quiz1/data/query/dog/00051.png,dog,5,/home/emily/MMIP/week5/quiz1/data/gallery/horse/00062.png,horse,0.527422
/home/emily/MMIP/week5/quiz1/data/query/dog/00052.png,dog,1,/home/emily/MMIP/week5/quiz1/data/gallery/dog/00285.png,dog,0.599128
/home/emily/MMIP/week5/quiz1/data/query/dog/00052.png,dog,2,/home/emily/MMIP/week5/quiz1/data/gallery/dog/00616.png,dog,0.552926
/home/emily/MMIP/week5/quiz1/data/query/dog/00052.png,dog,3,/home/emily/MMIP/week5/quiz1/data/gallery/dog/00601.png,dog,0.551158
/home/emily/MMIP/week5/quiz1/data/query/dog/00052.png,dog,4,/home/emily/MMIP/week5/quiz1/data/gallery/dog/00237.png,dog,0.549798
/home/emily/MMIP/week5/quiz1/data/query/dog/00052.png,dog,5,/home/emily/MMIP/week5/quiz1/data/gallery/dog/00354.png,dog,0.542410
/home/emily/MMIP/week5/quiz1/data/query/dog/00053.png,dog,1,/home/emily/MMIP/week5/quiz1/data/gallery/cat/00095.png,cat,0.619439
/home/emily/MMIP/week5/quiz1/data/query/dog/00053.png,dog,2,/home/emily/MMIP/week5/quiz1/data/gallery/dog/00112.png,dog,0.619262
/home/emily/MMIP/week5/quiz1/data/query/dog/00053.png,dog,3,/home/emily/MMIP/week5/quiz1/data/gallery/dog/00100.png,dog,0.598406
/home/emily/MMIP/week5/quiz1/data/query/dog/00053.png,dog,4,/home/emily/MMIP/week5/quiz1/data/gallery/dog/00098.png,dog,0.595949
/home/emily/MMIP/week5/quiz1/data/query/dog/00053.png,dog,5,/home/emily/MMIP/week5/quiz1/data/gallery/dog/00150.png,dog,0.593329
/home/emily/MMIP/week5/quiz1/data/query/dog/00054.png,dog,1,/home/emily/MMIP/week5/quiz1/data/gallery/dog/00566.png,dog,0.789429
/home/emily/MMIP/week5/quiz1/data/query/dog/00054.png,dog,2,/home/emily/MMIP/week5/quiz1/data/gallery/dog/00922.png,dog,0.752451
/home/emily/MMIP/week5/quiz1/data/query/dog/00054.png,dog,3,/home/emily/MMIP/week5/quiz1/data/gallery/dog/00886.png,dog,0.748150
/home/emily/MMIP/week5/quiz1/data/query/dog/00054.png,dog,4,/home/emily/MMIP/week5/quiz1/data/gallery/dog/00306.png,dog,0.729913
/home/emily/MMIP/week5/quiz1/data/query/dog/00054.png,dog,5,/home/emily/MMIP/week5/quiz1/data/gallery/dog/00812.png,dog,0.723768
/home/emily/MMIP/week5/quiz1/data/query/dog/00055.png,dog,1,/home/emily/MMIP/week5/quiz1/data/gallery/dog/00580.png,dog,0.832115
/home/emily/MMIP/week5/quiz1/data/query/dog/00055.png,dog,2,/home/emily/MMIP/week5/quiz1/data/gallery/dog/00933.png,dog,0.831921
/home/emily/MMIP/week5/quiz1/data/query/dog/00055.png,dog,3,/home/emily/MMIP/week5/quiz1/data/gallery/dog/00429.png,dog,0.829581
/home/emily/MMIP/week5/quiz1/data/query/dog/00055.png,dog,4,/home/emily/MMIP/week5/quiz1/data/gallery/dog/00868.png,dog,0.826854
/home/emily/MMIP/week5/quiz1/data/query/dog/00055.png,dog,5,/home/emily/MMIP/week5/quiz1/data/gallery/dog/00140.png,dog,0.802784
/home/emily/MMIP/week5/quiz1/data/query/dog/00056.png,dog,1,/home/emily/MMIP/week5/quiz1/data/gallery/dog/00299.png,dog,0.849975
/home/emily/MMIP/week5/quiz1/data/query/dog/00056.png,dog,2,/home/emily/MMIP/week5/quiz1/data/gallery/dog/00977.png,dog,0.813344
/home/emily/MMIP/week5/quiz1/data/query/dog/00056.png,dog,3,/home/emily/MMIP/week5/quiz1/data/gallery/dog/00085.png,dog,0.806375
/home/emily/MMIP/week5/quiz1/data/query/dog/00056.png,dog,4,/home/emily/MMIP/week5/quiz1/data/gallery/dog/00546.png,dog,0.779920
/home/emily/MMIP/week5/quiz1/data/query/dog/00056.png,dog,5,/home/emily/MMIP/week5/quiz1/data/gallery/dog/00900.png,dog,0.758752
/home/emily/MMIP/week5/quiz1/data/query/dog/00057.png,dog,1,/home/emily/MMIP/week5/quiz1/data/gallery/dog/00264.png,dog,0.542924
/home/emily/MMIP/week5/quiz1/data/query/dog/00057.png,dog,2,/home/emily/MMIP/week5/quiz1/data/gallery/dog/00532.png,dog,0.542896
/home/emily/MMIP/week5/quiz1/data/query/dog/00057.png,dog,3,/home/emily/MMIP/week5/quiz1/data/gallery/dog/00893.png,dog,0.531400
/home/emily/MMIP/week5/quiz1/data/query/dog/00057.png,dog,4,/home/emily/MMIP/week5/quiz1/data/gallery/deer/00986.png,deer,0.526244
/home/emily/MMIP/week5/quiz1/data/query/dog/00057.png,dog,5,/home/emily/MMIP/week5/quiz1/data/gallery/deer/00642.png,deer,0.521178
/home/emily/MMIP/week5/quiz1/data/query/dog/00058.png,dog,1,/home/emily/MMIP/week5/quiz1/data/gallery/dog/00704.png,dog,0.693503
/home/emily/MMIP/week5/quiz1/data/query/dog/00058.png,dog,2,/home/emily/MMIP/week5/quiz1/data/gallery/cat/00804.png,cat,0.561628
/home/emily/MMIP/week5/quiz1/data/query/dog/00058.png,dog,3,/home/emily/MMIP/week5/quiz1/data/gallery/cat/00131.png,cat,0.535215
/home/emily/MMIP/week5/quiz1/data/query/dog/00058.png,dog,4,/home/emily/MMIP/week5/quiz1/data/gallery/cat/00844.png,cat,0.533058
/home/emily/MMIP/week5/quiz1/data/query/dog/00058.png,dog,5,/home/emily/MMIP/week5/quiz1/data/gallery/cat/00628.png,cat,0.530464
/home/emily/MMIP/week5/quiz1/data/query/dog/00059.png,dog,1,/home/emily/MMIP/week5/quiz1/data/gallery/dog/00002.png,dog,0.649881
/home/emily/MMIP/week5/quiz1/data/query/dog/00059.png,dog,2,/home/emily/MMIP/week5/quiz1/data/gallery/dog/00777.png,dog,0.629744
/home/emily/MMIP/week5/quiz1/data/query/dog/00059.png,dog,3,/home/emily/MMIP/week5/quiz1/data/gallery/dog/00660.png,dog,0.629604
/home/emily/MMIP/week5/quiz1/data/query/dog/00059.png,dog,4,/home/emily/MMIP/week5/quiz1/data/gallery/dog/00693.png,dog,0.625115
/home/emily/MMIP/week5/quiz1/data/query/dog/00059.png,dog,5,/home/emily/MMIP/week5/quiz1/data/gallery/dog/00256.png,dog,0.621307
/home/emily/MMIP/week5/quiz1/data/query/dog/00060.png,dog,1,/home/emily/MMIP/week5/quiz1/data/gallery/dog/00925.png,dog,0.595166
/home/emily/MMIP/week5/quiz1/data/query/dog/00060.png,dog,2,/home/emily/MMIP/week5/quiz1/data/gallery/dog/00785.png,dog,0.559141
/home/emily/MMIP/week5/quiz1/data/query/dog/00060.png,dog,3,/home/emily/MMIP/week5/quiz1/data/gallery/dog/00354.png,dog,0.550144
/home/emily/MMIP/week5/quiz1/data/query/dog/00060.png,dog,4,/home/emily/MMIP/week5/quiz1/data/gallery/dog/00746.png,dog,0.547626
/home/emily/MMIP/week5/quiz1/data/query/dog/00060.png,dog,5,/home/emily/MMIP/week5/quiz1/data/gallery/dog/00917.png,dog,0.546671
/home/emily/MMIP/week5/quiz1/data/query/dog/00061.png,dog,1,/home/emily/MMIP/week5/quiz1/data/gallery/cat/00239.png,cat,0.620840
/home/emily/MMIP/week5/quiz1/data/query/dog/00061.png,dog,2,/home/emily/MMIP/week5/quiz1/data/gallery/cat/00957.png,cat,0.577242
/home/emily/MMIP/week5/quiz1/data/query/dog/00061.png,dog,3,/home/emily/MMIP/week5/quiz1/data/gallery/dog/00401.png,dog,0.544773
/home/emily/MMIP/week5/quiz1/data/query/dog/00061.png,dog,4,/home/emily/MMIP/week5/quiz1/data/gallery/dog/00984.png,dog,0.543865
/home/emily/MMIP/week5/quiz1/data/query/dog/00061.png,dog,5,/home/emily/MMIP/week5/quiz1/data/gallery/cat/00082.png,cat,0.538172
/home/emily/MMIP/week5/quiz1/data/query/dog/00062.png,dog,1,/home/emily/MMIP/week5/quiz1/data/gallery/dog/00384.png,dog,0.725750
/home/emily/MMIP/week5/quiz1/data/query/dog/00062.png,dog,2,/home/emily/MMIP/week5/quiz1/data/gallery/dog/00803.png,dog,0.710882
/home/emily/MMIP/week5/quiz1/data/query/dog/00062.png,dog,3,/home/emily/MMIP/week5/quiz1/data/gallery/dog/00237.png,dog,0.683566
/home/emily/MMIP/week5/quiz1/data/query/dog/00062.png,dog,4,/home/emily/MMIP/week5/quiz1/data/gallery/dog/00157.png,dog,0.682485
/home/emily/MMIP/week5/quiz1/data/query/dog/00062.png,dog,5,/home/emily/MMIP/week5/quiz1/data/gallery/dog/00937.png,dog,0.672539
/home/emily/MMIP/week5/quiz1/data/query/dog/00063.png,dog,1,/home/emily/MMIP/week5/quiz1/data/gallery/dog/00418.png,dog,0.861391
/home/emily/MMIP/week5/quiz1/data/query/dog/00063.png,dog,2,/home/emily/MMIP/week5/quiz1/data/gallery/dog/00572.png,dog,0.848924
/home/emily/MMIP/week5/quiz1/data/query/dog/00063.png,dog,3,/home/emily/MMIP/week5/quiz1/data/gallery/dog/00128.png,dog,0.846262
/home/emily/MMIP/week5/quiz1/data/query/dog/00063.png,dog,4,/home/emily/MMIP/week5/quiz1/data/gallery/dog/00170.png,dog,0.830695
/home/emily/MMIP/week5/quiz1/data/query/dog/00063.png,dog,5,/home/emily/MMIP/week5/quiz1/data/gallery/dog/00629.png,dog,0.830181
/home/emily/MMIP/week5/quiz1/data/query/dog/00064.png,dog,1,/home/emily/MMIP/week5/quiz1/data/gallery/dog/00810.png,dog,0.609914
/home/emily/MMIP/week5/quiz1/data/query/dog/00064.png,dog,2,/home/emily/MMIP/week5/quiz1/data/gallery/dog/00727.png,dog,0.608248
/home/emily/MMIP/week5/quiz1/data/query/dog/00064.png,dog,3,/home/emily/MMIP/week5/quiz1/data/gallery/horse/00226.png,horse,0.606471
/home/emily/MMIP/week5/quiz1/data/query/dog/00064.png,dog,4,/home/emily/MMIP/week5/quiz1/data/gallery/dog/00032.png,dog,0.584841
/home/emily/MMIP/week5/quiz1/data/query/dog/00064.png,dog,5,/home/emily/MMIP/week5/quiz1/data/gallery/bird/00328.png,bird,0.579200
/home/emily/MMIP/week5/quiz1/data/query/dog/00065.png,dog,1,/home/emily/MMIP/week5/quiz1/data/gallery/dog/00056.png,dog,0.748857
/home/emily/MMIP/week5/quiz1/data/query/dog/00065.png,dog,2,/home/emily/MMIP/week5/quiz1/data/gallery/cat/00791.png,cat,0.743024
/home/emily/MMIP/week5/quiz1/data/query/dog/00065.png,dog,3,/home/emily/MMIP/week5/quiz1/data/gallery/dog/00442.png,dog,0.680765
/home/emily/MMIP/week5/quiz1/data/query/dog/00065.png,dog,4,/home/emily/MMIP/week5/quiz1/data/gallery/dog/00035.png,dog,0.680615
/home/emily/MMIP/week5/quiz1/data/query/dog/00065.png,dog,5,/home/emily/MMIP/week5/quiz1/data/gallery/dog/00326.png,dog,0.656032
/home/emily/MMIP/week5/quiz1/data/query/dog/00066.png,dog,1,/home/emily/MMIP/week5/quiz1/data/gallery/dog/00994.png,dog,0.607740
/home/emily/MMIP/week5/quiz1/data/query/dog/00066.png,dog,2,/home/emily/MMIP/week5/quiz1/data/gallery/cat/00678.png,cat,0.540516
/home/emily/MMIP/week5/quiz1/data/query/dog/00066.png,dog,3,/home/emily/MMIP/week5/quiz1/data/gallery/horse/00778.png,horse,0.538275
/home/emily/MMIP/week5/quiz1/data/query/dog/00066.png,dog,4,/home/emily/MMIP/week5/quiz1/data/gallery/cat/00421.png,cat,0.529213
/home/emily/MMIP/week5/quiz1/data/query/dog/00066.png,dog,5,/home/emily/MMIP/week5/quiz1/data/gallery/cat/00638.png,cat,0.528059
/home/emily/MMIP/week5/quiz1/data/query/dog/00067.png,dog,1,/home/emily/MMIP/week5/quiz1/data/gallery/dog/00090.png,dog,0.880431
/home/emily/MMIP/week5/quiz1/data/query/dog/00067.png,dog,2,/home/emily/MMIP/week5/quiz1/data/gallery/dog/00924.png,dog,0.862243
/home/emily/MMIP/week5/quiz1/data/query/dog/00067.png,dog,3,/home/emily/MMIP/week5/quiz1/data/gallery/dog/00424.png,dog,0.818746
/home/emily/MMIP/week5/quiz1/data/query/dog/00067.png,dog,4,/home/emily/MMIP/week5/quiz1/data/gallery/dog/00107.png,dog,0.774281
/home/emily/MMIP/week5/quiz1/data/query/dog/00067.png,dog,5,/home/emily/MMIP/week5/quiz1/data/gallery/dog/00959.png,dog,0.770067
/home/emily/MMIP/week5/quiz1/data/query/dog/00068.png,dog,1,/home/emily/MMIP/week5/quiz1/data/gallery/dog/00352.png,dog,0.639404
/home/emily/MMIP/week5/quiz1/data/query/dog/00068.png,dog,2,/home/emily/MMIP/week5/quiz1/data/gallery/dog/00235.png,dog,0.622959
/home/emily/MMIP/week5/quiz1/data/query/dog/00068.png,dog,3,/home/emily/MMIP/week5/quiz1/data/gallery/dog/00677.png,dog,0.600330
/home/emily/MMIP/week5/quiz1/data/query/dog/00068.png,dog,4,/home/emily/MMIP/week5/quiz1/data/gallery/dog/00200.png,dog,0.600096
/home/emily/MMIP/week5/quiz1/data/query/dog/00068.png,dog,5,/home/emily/MMIP/week5/quiz1/data/gallery/dog/00600.png,dog,0.572935
/home/emily/MMIP/week5/quiz1/data/query/dog/00069.png,dog,1,/home/emily/MMIP/week5/quiz1/data/gallery/dog/00322.png,dog,0.555455
/home/emily/MMIP/week5/quiz1/data/query/dog/00069.png,dog,2,/home/emily/MMIP/week5/quiz1/data/gallery/dog/00350.png,dog,0.506130
/home/emily/MMIP/week5/quiz1/data/query/dog/00069.png,dog,3,/home/emily/MMIP/week5/quiz1/data/gallery/dog/00731.png,dog,0.486782
/home/emily/MMIP/week5/quiz1/data/query/dog/00069.png,dog,4,/home/emily/MMIP/week5/quiz1/data/gallery/dog/00715.png,dog,0.481434
/home/emily/MMIP/week5/quiz1/data/query/dog/00069.png,dog,5,/home/emily/MMIP/week5/quiz1/data/gallery/dog/00779.png,dog,0.480039
/home/emily/MMIP/week5/quiz1/data/query/dog/00070.png,dog,1,/home/emily/MMIP/week5/quiz1/data/gallery/dog/00294.png,dog,0.694938
/home/emily/MMIP/week5/quiz1/data/query/dog/00070.png,dog,2,/home/emily/MMIP/week5/quiz1/data/gallery/dog/00631.png,dog,0.638940
/home/emily/MMIP/week5/quiz1/data/query/dog/00070.png,dog,3,/home/emily/MMIP/week5/quiz1/data/gallery/dog/00876.png,dog,0.624487
/home/emily/MMIP/week5/quiz1/data/query/dog/00070.png,dog,4,/home/emily/MMIP/week5/quiz1/data/gallery/dog/00153.png,dog,0.606559
/home/emily/MMIP/week5/quiz1/data/query/dog/00070.png,dog,5,/home/emily/MMIP/week5/quiz1/data/gallery/dog/00999.png,dog,0.604887
/home/emily/MMIP/week5/quiz1/data/query/dog/00071.png,dog,1,/home/emily/MMIP/week5/quiz1/data/gallery/dog/00265.png,dog,0.776377
/home/emily/MMIP/week5/quiz1/data/query/dog/00071.png,dog,2,/home/emily/MMIP/week5/quiz1/data/gallery/dog/00572.png,dog,0.754904
/home/emily/MMIP/week5/quiz1/data/query/dog/00071.png,dog,3,/home/emily/MMIP/week5/quiz1/data/gallery/dog/00722.png,dog,0.751348
/home/emily/MMIP/week5/quiz1/data/query/dog/00071.png,dog,4,/home/emily/MMIP/week5/quiz1/data/gallery/dog/00629.png,dog,0.750910
/home/emily/MMIP/week5/quiz1/data/query/dog/00071.png,dog,5,/home/emily/MMIP/week5/quiz1/data/gallery/dog/00073.png,dog,0.728621
/home/emily/MMIP/week5/quiz1/data/query/dog/00072.png,dog,1,/home/emily/MMIP/week5/quiz1/data/gallery/dog/00414.png,dog,0.671396
/home/emily/MMIP/week5/quiz1/data/query/dog/00072.png,dog,2,/home/emily/MMIP/week5/quiz1/data/gallery/dog/00079.png,dog,0.632586
/home/emily/MMIP/week5/quiz1/data/query/dog/00072.png,dog,3,/home/emily/MMIP/week5/quiz1/data/gallery/dog/00281.png,dog,0.621741
/home/emily/MMIP/week5/quiz1/data/query/dog/00072.png,dog,4,/home/emily/MMIP/week5/quiz1/data/gallery/dog/00455.png,dog,0.614767
/home/emily/MMIP/week5/quiz1/data/query/dog/00072.png,dog,5,/home/emily/MMIP/week5/quiz1/data/gallery/cat/00174.png,cat,0.602463
/home/emily/MMIP/week5/quiz1/data/query/dog/00073.png,dog,1,/home/emily/MMIP/week5/quiz1/data/gallery/frog/00846.png,frog,0.543041
/home/emily/MMIP/week5/quiz1/data/query/dog/00073.png,dog,2,/home/emily/MMIP/week5/quiz1/data/gallery/cat/00126.png,cat,0.533017
/home/emily/MMIP/week5/quiz1/data/query/dog/00073.png,dog,3,/home/emily/MMIP/week5/quiz1/data/gallery/frog/00934.png,frog,0.515559
/home/emily/MMIP/week5/quiz1/data/query/dog/00073.png,dog,4,/home/emily/MMIP/week5/quiz1/data/gallery/dog/00337.png,dog,0.503302
/home/emily/MMIP/week5/quiz1/data/query/dog/00073.png,dog,5,/home/emily/MMIP/week5/quiz1/data/gallery/bird/00730.png,bird,0.502216
/home/emily/MMIP/week5/quiz1/data/query/dog/00074.png,dog,1,/home/emily/MMIP/week5/quiz1/data/gallery/frog/00499.png,frog,0.644079
/home/emily/MMIP/week5/quiz1/data/query/dog/00074.png,dog,2,/home/emily/MMIP/week5/quiz1/data/gallery/dog/00827.png,dog,0.630004
/home/emily/MMIP/week5/quiz1/data/query/dog/00074.png,dog,3,/home/emily/MMIP/week5/quiz1/data/gallery/cat/00612.png,cat,0.627053
/home/emily/MMIP/week5/quiz1/data/query/dog/00074.png,dog,4,/home/emily/MMIP/week5/quiz1/data/gallery/dog/00511.png,dog,0.619990
/home/emily/MMIP/week5/quiz1/data/query/dog/00074.png,dog,5,/home/emily/MMIP/week5/quiz1/data/gallery/dog/00957.png,dog,0.617301
/home/emily/MMIP/week5/quiz1/data/query/dog/00075.png,dog,1,/home/emily/MMIP/week5/quiz1/data/gallery/cat/00923.png,cat,0.474643
/home/emily/MMIP/week5/quiz1/data/query/dog/00075.png,dog,2,/home/emily/MMIP/week5/quiz1/data/gallery/frog/00065.png,frog,0.471143
/home/emily/MMIP/week5/quiz1/data/query/dog/00075.png,dog,3,/home/emily/MMIP/week5/quiz1/data/gallery/frog/00471.png,frog,0.459169
/home/emily/MMIP/week5/quiz1/data/query/dog/00075.png,dog,4,/home/emily/MMIP/week5/quiz1/data/gallery/dog/00201.png,dog,0.454123
/home/emily/MMIP/week5/quiz1/data/query/dog/00075.png,dog,5,/home/emily/MMIP/week5/quiz1/data/gallery/cat/00755.png,cat,0.445594
/home/emily/MMIP/week5/quiz1/data/query/dog/00076.png,dog,1,/home/emily/MMIP/week5/quiz1/data/gallery/dog/00295.png,dog,0.837141
/home/emily/MMIP/week5/quiz1/data/query/dog/00076.png,dog,2,/home/emily/MMIP/week5/quiz1/data/gallery/dog/00614.png,dog,0.821932
/home/emily/MMIP/week5/quiz1/data/query/dog/00076.png,dog,3,/home/emily/MMIP/week5/quiz1/data/gallery/dog/00142.png,dog,0.819704
/home/emily/MMIP/week5/quiz1/data/query/dog/00076.png,dog,4,/home/emily/MMIP/week5/quiz1/data/gallery/dog/00516.png,dog,0.816771
/home/emily/MMIP/week5/quiz1/data/query/dog/00076.png,dog,5,/home/emily/MMIP/week5/quiz1/data/gallery/dog/00617.png,dog,0.816431
/home/emily/MMIP/week5/quiz1/data/query/dog/00077.png,dog,1,/home/emily/MMIP/week5/quiz1/data/gallery/dog/00823.png,dog,0.664490
/home/emily/MMIP/week5/quiz1/data/query/dog/00077.png,dog,2,/home/emily/MMIP/week5/quiz1/data/gallery/dog/00511.png,dog,0.647970
/home/emily/MMIP/week5/quiz1/data/query/dog/00077.png,dog,3,/home/emily/MMIP/week5/quiz1/data/gallery/deer/00801.png,deer,0.607867
/home/emily/MMIP/week5/quiz1/data/query/dog/00077.png,dog,4,/home/emily/MMIP/week5/quiz1/data/gallery/dog/00510.png,dog,0.602574
/home/emily/MMIP/week5/quiz1/data/query/dog/00077.png,dog,5,/home/emily/MMIP/week5/quiz1/data/gallery/dog/00957.png,dog,0.601651
/home/emily/MMIP/week5/quiz1/data/query/dog/00078.png,dog,1,/home/emily/MMIP/week5/quiz1/data/gallery/dog/00810.png,dog,0.701355
/home/emily/MMIP/week5/quiz1/data/query/dog/00078.png,dog,2,/home/emily/MMIP/week5/quiz1/data/gallery/dog/00173.png,dog,0.588736
/home/emily/MMIP/week5/quiz1/data/query/dog/00078.png,dog,3,/home/emily/MMIP/week5/quiz1/data/gallery/dog/00727.png,dog,0.565474
/home/emily/MMIP/week5/quiz1/data/query/dog/00078.png,dog,4,/home/emily/MMIP/week5/quiz1/data/gallery/dog/00480.png,dog,0.564666
/home/emily/MMIP/week5/quiz1/data/query/dog/00078.png,dog,5,/home/emily/MMIP/week5/quiz1/data/gallery/dog/00598.png,dog,0.563792
/home/emily/MMIP/week5/quiz1/data/query/dog/00079.png,dog,1,/home/emily/MMIP/week5/quiz1/data/gallery/dog/00278.png,dog,0.692963
/home/emily/MMIP/week5/quiz1/data/query/dog/00079.png,dog,2,/home/emily/MMIP/week5/quiz1/data/gallery/dog/00344.png,dog,0.672589
/home/emily/MMIP/week5/quiz1/data/query/dog/00079.png,dog,3,/home/emily/MMIP/week5/quiz1/data/gallery/dog/00962.png,dog,0.672485
/home/emily/MMIP/week5/quiz1/data/query/dog/00079.png,dog,4,/home/emily/MMIP/week5/quiz1/data/gallery/dog/00666.png,dog,0.661542
/home/emily/MMIP/week5/quiz1/data/query/dog/00079.png,dog,5,/home/emily/MMIP/week5/quiz1/data/gallery/dog/00797.png,dog,0.642154
/home/emily/MMIP/week5/quiz1/data/query/dog/00080.png,dog,1,/home/emily/MMIP/week5/quiz1/data/gallery/dog/00172.png,dog,0.744058
/home/emily/MMIP/week5/quiz1/data/query/dog/00080.png,dog,2,/home/emily/MMIP/week5/quiz1/data/gallery/dog/00788.png,dog,0.722400
/home/emily/MMIP/week5/quiz1/data/query/dog/00080.png,dog,3,/home/emily/MMIP/week5/quiz1/data/gallery/dog/00907.png,dog,0.719012
/home/emily/MMIP/week5/quiz1/data/query/dog/00080.png,dog,4,/home/emily/MMIP/week5/quiz1/data/gallery/dog/00437.png,dog,0.706297
/home/emily/MMIP/week5/quiz1/data/query/dog/00080.png,dog,5,/home/emily/MMIP/week5/quiz1/data/gallery/dog/00758.png,dog,0.694845
/home/emily/MMIP/week5/quiz1/data/query/dog/00081.png,dog,1,/home/emily/MMIP/week5/quiz1/data/gallery/dog/00053.png,dog,0.698162
/home/emily/MMIP/week5/quiz1/data/query/dog/00081.png,dog,2,/home/emily/MMIP/week5/quiz1/data/gallery/dog/00086.png,dog,0.672169
/home/emily/MMIP/week5/quiz1/data/query/dog/00081.png,dog,3,/home/emily/MMIP/week5/quiz1/data/gallery/dog/00908.png,dog,0.654668
/home/emily/MMIP/week5/quiz1/data/query/dog/00081.png,dog,4,/home/emily/MMIP/week5/quiz1/data/gallery/dog/00470.png,dog,0.642326
/home/emily/MMIP/week5/quiz1/data/query/dog/00081.png,dog,5,/home/emily/MMIP/week5/quiz1/data/gallery/dog/00852.png,dog,0.626052
/home/emily/MMIP/week5/quiz1/data/query/dog/00082.png,dog,1,/home/emily/MMIP/week5/quiz1/data/gallery/dog/00919.png,dog,0.493717
/home/emily/MMIP/week5/quiz1/data/query/dog/00082.png,dog,2,/home/emily/MMIP/week5/quiz1/data/gallery/dog/00703.png,dog,0.483386
/home/emily/MMIP/week5/quiz1/data/query/dog/00082.png,dog,3,/home/emily/MMIP/week5/quiz1/data/gallery/dog/00409.png,dog,0.481198
/home/emily/MMIP/week5/quiz1/data/query/dog/00082.png,dog,4,/home/emily/MMIP/week5/quiz1/data/gallery/cat/00804.png,cat,0.478673
/home/emily/MMIP/week5/quiz1/data/query/dog/00082.png,dog,5,/home/emily/MMIP/week5/quiz1/data/gallery/cat/00694.png,cat,0.460866
/home/emily/MMIP/week5/quiz1/data/query/dog/00083.png,dog,1,/home/emily/MMIP/week5/quiz1/data/gallery/cat/00766.png,cat,0.614983
/home/emily/MMIP/week5/quiz1/data/query/dog/00083.png,dog,2,/home/emily/MMIP/week5/quiz1/data/gallery/cat/00014.png,cat,0.589373
/home/emily/MMIP/week5/quiz1/data/query/dog/00083.png,dog,3,/home/emily/MMIP/week5/quiz1/data/gallery/dog/00612.png,dog,0.586538
/home/emily/MMIP/week5/quiz1/data/query/dog/00083.png,dog,4,/home/emily/MMIP/week5/quiz1/data/gallery/dog/00079.png,dog,0.578652
/home/emily/MMIP/week5/quiz1/data/query/dog/00083.png,dog,5,/home/emily/MMIP/week5/quiz1/data/gallery/cat/00434.png,cat,0.578108
/home/emily/MMIP/week5/quiz1/data/query/dog/00084.png,dog,1,/home/emily/MMIP/week5/quiz1/data/gallery/dog/00688.png,dog,0.565544
/home/emily/MMIP/week5/quiz1/data/query/dog/00084.png,dog,2,/home/emily/MMIP/week5/quiz1/data/gallery/dog/00792.png,dog,0.557458
/home/emily/MMIP/week5/quiz1/data/query/dog/00084.png,dog,3,/home/emily/MMIP/week5/quiz1/data/gallery/dog/00810.png,dog,0.544344
/home/emily/MMIP/week5/quiz1/data/query/dog/00084.png,dog,4,/home/emily/MMIP/week5/quiz1/data/gallery/dog/00979.png,dog,0.541867
/home/emily/MMIP/week5/quiz1/data/query/dog/00084.png,dog,5,/home/emily/MMIP/week5/quiz1/data/gallery/dog/00033.png,dog,0.534732
/home/emily/MMIP/week5/quiz1/data/query/dog/00085.png,dog,1,/home/emily/MMIP/week5/quiz1/data/gallery/dog/00926.png,dog,0.566211
/home/emily/MMIP/week5/quiz1/data/query/dog/00085.png,dog,2,/home/emily/MMIP/week5/quiz1/data/gallery/cat/00160.png,cat,0.554911
/home/emily/MMIP/week5/quiz1/data/query/dog/00085.png,dog,3,/home/emily/MMIP/week5/quiz1/data/gallery/dog/00918.png,dog,0.529209
/home/emily/MMIP/week5/quiz1/data/query/dog/00085.png,dog,4,/home/emily/MMIP/week5/quiz1/data/gallery/cat/00914.png,cat,0.527236
/home/emily/MMIP/week5/quiz1/data/query/dog/00085.png,dog,5,/home/emily/MMIP/week5/quiz1/data/gallery/dog/00816.png,dog,0.522201
/home/emily/MMIP/week5/quiz1/data/query/dog/00086.png,dog,1,/home/emily/MMIP/week5/quiz1/data/gallery/dog/00186.png,dog,0.753223
/home/emily/MMIP/week5/quiz1/data/query/dog/00086.png,dog,2,/home/emily/MMIP/week5/quiz1/data/gallery/dog/00933.png,dog,0.753154
/home/emily/MMIP/week5/quiz1/data/query/dog/00086.png,dog,3,/home/emily/MMIP/week5/quiz1/data/gallery/dog/00766.png,dog,0.752600
/home/emily/MMIP/week5/quiz1/data/query/dog/00086.png,dog,4,/home/emily/MMIP/week5/quiz1/data/gallery/dog/00140.png,dog,0.751379
/home/emily/MMIP/week5/quiz1/data/query/dog/00086.png,dog,5,/home/emily/MMIP/week5/quiz1/data/gallery/dog/00580.png,dog,0.731166
/home/emily/MMIP/week5/quiz1/data/query/dog/00087.png,dog,1,/home/emily/MMIP/week5/quiz1/data/gallery/dog/00210.png,dog,0.632278
/home/emily/MMIP/week5/quiz1/data/query/dog/00087.png,dog,2,/home/emily/MMIP/week5/quiz1/data/gallery/dog/00966.png,dog,0.619931
/home/emily/MMIP/week5/quiz1/data/query/dog/00087.png,dog,3,/home/emily/MMIP/week5/quiz1/data/gallery/dog/00506.png,dog,0.609804
/home/emily/MMIP/week5/quiz1/data/query/dog/00087.png,dog,4,/home/emily/MMIP/week5/quiz1/data/gallery/dog/00856.png,dog,0.595883
/home/emily/MMIP/week5/quiz1/data/query/dog/00087.png,dog,5,/home/emily/MMIP/week5/quiz1/data/gallery/dog/00717.png,dog,0.584046
/home/emily/MMIP/week5/quiz1/data/query/dog/00088.png,dog,1,/home/emily/MMIP/week5/quiz1/data/gallery/dog/00666.png,dog,0.823303
/home/emily/MMIP/week5/quiz1/data/query/dog/00088.png,dog,2,/home/emily/MMIP/week5/quiz1/data/gallery/dog/00211.png,dog,0.819872
/home/emily/MMIP/week5/quiz1/data/query/dog/00088.png,dog,3,/home/emily/MMIP/week5/quiz1/data/gallery/dog/00421.png,dog,0.813855
/home/emily/MMIP/week5/quiz1/data/query/dog/00088.png,dog,4,/home/emily/MMIP/week5/quiz1/data/gallery/dog/00959.png,dog,0.809520
/home/emily/MMIP/week5/quiz1/data/query/dog/00088.png,dog,5,/home/emily/MMIP/week5/quiz1/data/gallery/dog/00808.png,dog,0.801210
/home/emily/MMIP/week5/quiz1/data/query/dog/00089.png,dog,1,/home/emily/MMIP/week5/quiz1/data/gallery/dog/00962.png,dog,0.768359
/home/emily/MMIP/week5/quiz1/data/query/dog/00089.png,dog,2,/home/emily/MMIP/week5/quiz1/data/gallery/dog/00569.png,dog,0.754518
/home/emily/MMIP/week5/quiz1/data/query/dog/00089.png,dog,3,/home/emily/MMIP/week5/quiz1/data/gallery/dog/00992.png,dog,0.748316
/home/emily/MMIP/week5/quiz1/data/query/dog/00089.png,dog,4,/home/emily/MMIP/week5/quiz1/data/gallery/dog/00278.png,dog,0.743234
/home/emily/MMIP/week5/quiz1/data/query/dog/00089.png,dog,5,/home/emily/MMIP/week5/quiz1/data/gallery/dog/00797.png,dog,0.720413
/home/emily/MMIP/week5/quiz1/data/query/dog/00090.png,dog,1,/home/emily/MMIP/week5/quiz1/data/gallery/dog/00658.png,dog,0.706875
/home/emily/MMIP/week5/quiz1/data/query/dog/00090.png,dog,2,/home/emily/MMIP/week5/quiz1/data/gallery/dog/00234.png,dog,0.671811
/home/emily/MMIP/week5/quiz1/data/query/dog/00090.png,dog,3,/home/emily/MMIP/week5/quiz1/data/gallery/dog/00029.png,dog,0.670428
/home/emily/MMIP/week5/quiz1/data/query/dog/00090.png,dog,4,/home/emily/MMIP/week5/quiz1/data/gallery/dog/00078.png,dog,0.657642
/home/emily/MMIP/week5/quiz1/data/query/dog/00090.png,dog,5,/home/emily/MMIP/week5/quiz1/data/gallery/dog/00810.png,dog,0.651955
/home/emily/MMIP/week5/quiz1/data/query/dog/00091.png,dog,1,/home/emily/MMIP/week5/quiz1/data/gallery/dog/00257.png,dog,0.815501
/home/emily/MMIP/week5/quiz1/data/query/dog/00091.png,dog,2,/home/emily/MMIP/week5/quiz1/data/gallery/dog/00113.png,dog,0.788834
/home/emily/MMIP/week5/quiz1/data/query/dog/00091.png,dog,3,/home/emily/MMIP/week5/quiz1/data/gallery/dog/00015.png,dog,0.682614
/home/emily/MMIP/week5/quiz1/data/query/dog/00091.png,dog,4,/home/emily/MMIP/week5/quiz1/data/gallery/dog/00446.png,dog,0.673325
/home/emily/MMIP/week5/quiz1/data/query/dog/00091.png,dog,5,/home/emily/MMIP/week5/quiz1/data/gallery/dog/00733.png,dog,0.659233
/home/emily/MMIP/week5/quiz1/data/query/dog/00092.png,dog,1,/home/emily/MMIP/week5/quiz1/data/gallery/dog/00252.png,dog,0.803557
/home/emily/MMIP/week5/quiz1/data/query/dog/00092.png,dog,2,/home/emily/MMIP/week5/quiz1/data/gallery/dog/00838.png,dog,0.798211
/home/emily/MMIP/week5/quiz1/data/query/dog/00092.png,dog,3,/home/emily/MMIP/week5/quiz1/data/gallery/dog/00294.png,dog,0.759931
/home/emily/MMIP/week5/quiz1/data/query/dog/00092.png,dog,4,/home/emily/MMIP/week5/quiz1/data/gallery/dog/00122.png,dog,0.721709
/home/emily/MMIP/week5/quiz1/data/query/dog/00092.png,dog,5,/home/emily/MMIP/week5/quiz1/data/gallery/dog/00333.png,dog,0.690353
/home/emily/MMIP/week5/quiz1/data/query/dog/00093.png,dog,1,/home/emily/MMIP/week5/quiz1/data/gallery/dog/00623.png,dog,0.685743
/home/emily/MMIP/week5/quiz1/data/query/dog/00093.png,dog,2,/home/emily/MMIP/week5/quiz1/data/gallery/dog/00045.png,dog,0.643218
/home/emily/MMIP/week5/quiz1/data/query/dog/00093.png,dog,3,/home/emily/MMIP/week5/quiz1/data/gallery/dog/00937.png,dog,0.617952
/home/emily/MMIP/week5/quiz1/data/query/dog/00093.png,dog,4,/home/emily/MMIP/week5/quiz1/data/gallery/dog/00684.png,dog,0.603638
/home/emily/MMIP/week5/quiz1/data/query/dog/00093.png,dog,5,/home/emily/MMIP/week5/quiz1/data/gallery/dog/00354.png,dog,0.587986
/home/emily/MMIP/week5/quiz1/data/query/dog/00094.png,dog,1,/home/emily/MMIP/week5/quiz1/data/gallery/dog/00907.png,dog,0.621535
/home/emily/MMIP/week5/quiz1/data/query/dog/00094.png,dog,2,/home/emily/MMIP/week5/quiz1/data/gallery/dog/00937.png,dog,0.596380
/home/emily/MMIP/week5/quiz1/data/query/dog/00094.png,dog,3,/home/emily/MMIP/week5/quiz1/data/gallery/dog/00111.png,dog,0.586251
/home/emily/MMIP/week5/quiz1/data/query/dog/00094.png,dog,4,/home/emily/MMIP/week5/quiz1/data/gallery/dog/00763.png,dog,0.571274
/home/emily/MMIP/week5/quiz1/data/query/dog/00094.png,dog,5,/home/emily/MMIP/week5/quiz1/data/gallery/dog/00346.png,dog,0.565944
/home/emily/MMIP/week5/quiz1/data/query/dog/00095.png,dog,1,/home/emily/MMIP/week5/quiz1/data/gallery/dog/00304.png,dog,0.658941
/home/emily/MMIP/week5/quiz1/data/query/dog/00095.png,dog,2,/home/emily/MMIP/week5/quiz1/data/gallery/dog/00020.png,dog,0.644789
/home/emily/MMIP/week5/quiz1/data/query/dog/00095.png,dog,3,/home/emily/MMIP/week5/quiz1/data/gallery/dog/00437.png,dog,0.632437
/home/emily/MMIP/week5/quiz1/data/query/dog/00095.png,dog,4,/home/emily/MMIP/week5/quiz1/data/gallery/dog/00071.png,dog,0.613214
/home/emily/MMIP/week5/quiz1/data/query/dog/00095.png,dog,5,/home/emily/MMIP/week5/quiz1/data/gallery/dog/00765.png,dog,0.609653
/home/emily/MMIP/week5/quiz1/data/query/dog/00096.png,dog,1,/home/emily/MMIP/week5/quiz1/data/gallery/dog/00346.png,dog,0.677950
/home/emily/MMIP/week5/quiz1/data/query/dog/00096.png,dog,2,/home/emily/MMIP/week5/quiz1/data/gallery/dog/00067.png,dog,0.673406
/home/emily/MMIP/week5/quiz1/data/query/dog/00096.png,dog,3,/home/emily/MMIP/week5/quiz1/data/gallery/dog/00803.png,dog,0.655866
/home/emily/MMIP/week5/quiz1/data/query/dog/00096.png,dog,4,/home/emily/MMIP/week5/quiz1/data/gallery/dog/00437.png,dog,0.647254
/home/emily/MMIP/week5/quiz1/data/query/dog/00096.png,dog,5,/home/emily/MMIP/week5/quiz1/data/gallery/dog/00883.png,dog,0.645650
/home/emily/MMIP/week5/quiz1/data/query/dog/00097.png,dog,1,/home/emily/MMIP/week5/quiz1/data/gallery/dog/00539.png,dog,0.547971
/home/emily/MMIP/week5/quiz1/data/query/dog/00097.png,dog,2,/home/emily/MMIP/week5/quiz1/data/gallery/bird/00141.png,bird,0.532430
/home/emily/MMIP/week5/quiz1/data/query/dog/00097.png,dog,3,/home/emily/MMIP/week5/quiz1/data/gallery/horse/00429.png,horse,0.496479
/home/emily/MMIP/week5/quiz1/data/query/dog/00097.png,dog,4,/home/emily/MMIP/week5/quiz1/data/gallery/dog/00558.png,dog,0.476130
/home/emily/MMIP/week5/quiz1/data/query/dog/00097.png,dog,5,/home/emily/MMIP/week5/quiz1/data/gallery/dog/00720.png,dog,0.475375
/home/emily/MMIP/week5/quiz1/data/query/dog/00098.png,dog,1,/home/emily/MMIP/week5/quiz1/data/gallery/cat/00765.png,cat,0.621483
/home/emily/MMIP/week5/quiz1/data/query/dog/00098.png,dog,2,/home/emily/MMIP/week5/quiz1/data/gallery/deer/00738.png,deer,0.616456
/home/emily/MMIP/week5/quiz1/data/query/dog/00098.png,dog,3,/home/emily/MMIP/week5/quiz1/data/gallery/dog/00999.png,dog,0.613741
/home/emily/MMIP/week5/quiz1/data/query/dog/00098.png,dog,4,/home/emily/MMIP/week5/quiz1/data/gallery/dog/00178.png,dog,0.609344
/home/emily/MMIP/week5/quiz1/data/query/dog/00098.png,dog,5,/home/emily/MMIP/week5/quiz1/data/gallery/dog/00287.png,dog,0.607255
/home/emily/MMIP/week5/quiz1/data/query/dog/00099.png,dog,1,/home/emily/MMIP/week5/quiz1/data/gallery/dog/00463.png,dog,0.558551
/home/emily/MMIP/week5/quiz1/data/query/dog/00099.png,dog,2,/home/emily/MMIP/week5/quiz1/data/gallery/dog/00388.png,dog,0.544412
/home/emily/MMIP/week5/quiz1/data/query/dog/00099.png,dog,3,/home/emily/MMIP/week5/quiz1/data/gallery/dog/00669.png,dog,0.543571
/home/emily/MMIP/week5/quiz1/data/query/dog/00099.png,dog,4,/home/emily/MMIP/week5/quiz1/data/gallery/dog/00221.png,dog,0.534386
/home/emily/MMIP/week5/quiz1/data/query/dog/00099.png,dog,5,/home/emily/MMIP/week5/quiz1/data/gallery/dog/00525.png,dog,0.534280
/home/emily/MMIP/week5/quiz1/data/query/frog/00000.png,frog,1,/home/emily/MMIP/week5/quiz1/data/gallery/frog/00088.png,frog,0.786684
/home/emily/MMIP/week5/quiz1/data/query/frog/00000.png,frog,2,/home/emily/MMIP/week5/quiz1/data/gallery/frog/00693.png,frog,0.786238
/home/emily/MMIP/week5/quiz1/data/query/frog/00000.png,frog,3,/home/emily/MMIP/week5/quiz1/data/gallery/frog/00667.png,frog,0.758726
/home/emily/MMIP/week5/quiz1/data/query/frog/00000.png,frog,4,/home/emily/MMIP/week5/quiz1/data/gallery/frog/00627.png,frog,0.758532
/home/emily/MMIP/week5/quiz1/data/query/frog/00000.png,frog,5,/home/emily/MMIP/week5/quiz1/data/gallery/frog/00202.png,frog,0.754485
/home/emily/MMIP/week5/quiz1/data/query/frog/00001.png,frog,1,/home/emily/MMIP/week5/quiz1/data/gallery/cat/00506.png,cat,0.651217
/home/emily/MMIP/week5/quiz1/data/query/frog/00001.png,frog,2,/home/emily/MMIP/week5/quiz1/data/gallery/frog/00245.png,frog,0.647590
/home/emily/MMIP/week5/quiz1/data/query/frog/00001.png,frog,3,/home/emily/MMIP/week5/quiz1/data/gallery/frog/00755.png,frog,0.619480
/home/emily/MMIP/week5/quiz1/data/query/frog/00001.png,frog,4,/home/emily/MMIP/week5/quiz1/data/gallery/frog/00743.png,frog,0.610702
/home/emily/MMIP/week5/quiz1/data/query/frog/00001.png,frog,5,/home/emily/MMIP/week5/quiz1/data/gallery/frog/00455.png,frog,0.603899
/home/emily/MMIP/week5/quiz1/data/query/frog/00002.png,frog,1,/home/emily/MMIP/week5/quiz1/data/gallery/frog/00399.png,frog,0.705447
/home/emily/MMIP/week5/quiz1/data/query/frog/00002.png,frog,2,/home/emily/MMIP/week5/quiz1/data/gallery/frog/00443.png,frog,0.699876
/home/emily/MMIP/week5/quiz1/data/query/frog/00002.png,frog,3,/home/emily/MMIP/week5/quiz1/data/gallery/frog/00785.png,frog,0.667352
/home/emily/MMIP/week5/quiz1/data/query/frog/00002.png,frog,4,/home/emily/MMIP/week5/quiz1/data/gallery/frog/00804.png,frog,0.656916
/home/emily/MMIP/week5/quiz1/data/query/frog/00002.png,frog,5,/home/emily/MMIP/week5/quiz1/data/gallery/frog/00238.png,frog,0.644207
/home/emily/MMIP/week5/quiz1/data/query/frog/00003.png,frog,1,/home/emily/MMIP/week5/quiz1/data/gallery/frog/00667.png,frog,0.745099
/home/emily/MMIP/week5/quiz1/data/query/frog/00003.png,frog,2,/home/emily/MMIP/week5/quiz1/data/gallery/frog/00853.png,frog,0.743061
/home/emily/MMIP/week5/quiz1/data/query/frog/00003.png,frog,3,/home/emily/MMIP/week5/quiz1/data/gallery/frog/00134.png,frog,0.722473
/home/emily/MMIP/week5/quiz1/data/query/frog/00003.png,frog,4,/home/emily/MMIP/week5/quiz1/data/gallery/frog/00693.png,frog,0.720488
/home/emily/MMIP/week5/quiz1/data/query/frog/00003.png,frog,5,/home/emily/MMIP/week5/quiz1/data/gallery/frog/00495.png,frog,0.717588
/home/emily/MMIP/week5/quiz1/data/query/frog/00004.png,frog,1,/home/emily/MMIP/week5/quiz1/data/gallery/frog/00300.png,frog,0.763506
/home/emily/MMIP/week5/quiz1/data/query/frog/00004.png,frog,2,/home/emily/MMIP/week5/quiz1/data/gallery/frog/00295.png,frog,0.707028
/home/emily/MMIP/week5/quiz1/data/query/frog/00004.png,frog,3,/home/emily/MMIP/week5/quiz1/data/gallery/frog/00233.png,frog,0.657047
/home/emily/MMIP/week5/quiz1/data/query/frog/00004.png,frog,4,/home/emily/MMIP/week5/quiz1/data/gallery/frog/00858.png,frog,0.649153
/home/emily/MMIP/week5/quiz1/data/query/frog/00004.png,frog,5,/home/emily/MMIP/week5/quiz1/data/gallery/frog/00778.png,frog,0.641061
/home/emily/MMIP/week5/quiz1/data/query/frog/00005.png,frog,1,/home/emily/MMIP/week5/quiz1/data/gallery/frog/00818.png,frog,0.620586
/home/emily/MMIP/week5/quiz1/data/query/frog/00005.png,frog,2,/home/emily/MMIP/week5/quiz1/data/gallery/frog/00996.png,frog,0.614543
/home/emily/MMIP/week5/quiz1/data/query/frog/00005.png,frog,3,/home/emily/MMIP/week5/quiz1/data/gallery/frog/00928.png,frog,0.613322
/home/emily/MMIP/week5/quiz1/data/query/frog/00005.png,frog,4,/home/emily/MMIP/week5/quiz1/data/gallery/frog/00210.png,frog,0.592922
/home/emily/MMIP/week5/quiz1/data/query/frog/00005.png,frog,5,/home/emily/MMIP/week5/quiz1/data/gallery/frog/00591.png,frog,0.591772
/home/emily/MMIP/week5/quiz1/data/query/frog/00006.png,frog,1,/home/emily/MMIP/week5/quiz1/data/gallery/frog/00692.png,frog,0.655847
/home/emily/MMIP/week5/quiz1/data/query/frog/00006.png,frog,2,/home/emily/MMIP/week5/quiz1/data/gallery/frog/00696.png,frog,0.636292
/home/emily/MMIP/week5/quiz1/data/query/frog/00006.png,frog,3,/home/emily/MMIP/week5/quiz1/data/gallery/frog/00758.png,frog,0.633933
/home/emily/MMIP/week5/quiz1/data/query/frog/00006.png,frog,4,/home/emily/MMIP/week5/quiz1/data/gallery/frog/00523.png,frog,0.627913
/home/emily/MMIP/week5/quiz1/data/query/frog/00006.png,frog,5,/home/emily/MMIP/week5/quiz1/data/gallery/frog/00067.png,frog,0.624599
/home/emily/MMIP/week5/quiz1/data/query/frog/00007.png,frog,1,/home/emily/MMIP/week5/quiz1/data/gallery/frog/00650.png,frog,0.689220
/home/emily/MMIP/week5/quiz1/data/query/frog/00007.png,frog,2,/home/emily/MMIP/week5/quiz1/data/gallery/frog/00367.png,frog,0.686761
/home/emily/MMIP/week5/quiz1/data/query/frog/00007.png,frog,3,/home/emily/MMIP/week5/quiz1/data/gallery/frog/00147.png,frog,0.678817
/home/emily/MMIP/week5/quiz1/data/query/frog/00007.png,frog,4,/home/emily/MMIP/week5/quiz1/data/gallery/frog/00520.png,frog,0.666041
/home/emily/MMIP/week5/quiz1/data/query/frog/00007.png,frog,5,/home/emily/MMIP/week5/quiz1/data/gallery/frog/00838.png,frog,0.660255
/home/emily/MMIP/week5/quiz1/data/query/frog/00008.png,frog,1,/home/emily/MMIP/week5/quiz1/data/gallery/frog/00860.png,frog,0.651569
/home/emily/MMIP/week5/quiz1/data/query/frog/00008.png,frog,2,/home/emily/MMIP/week5/quiz1/data/gallery/frog/00167.png,frog,0.628364
/home/emily/MMIP/week5/quiz1/data/query/frog/00008.png,frog,3,/home/emily/MMIP/week5/quiz1/data/gallery/frog/00842.png,frog,0.624499
/home/emily/MMIP/week5/quiz1/data/query/frog/00008.png,frog,4,/home/emily/MMIP/week5/quiz1/data/gallery/frog/00972.png,frog,0.621663
/home/emily/MMIP/week5/quiz1/data/query/frog/00008.png,frog,5,/home/emily/MMIP/week5/quiz1/data/gallery/frog/00325.png,frog,0.619622
/home/emily/MMIP/week5/quiz1/data/query/frog/00009.png,frog,1,/home/emily/MMIP/week5/quiz1/data/gallery/cat/00139.png,cat,0.488001
/home/emily/MMIP/week5/quiz1/data/query/frog/00009.png,frog,2,/home/emily/MMIP/week5/quiz1/data/gallery/cat/00694.png,cat,0.485109
/home/emily/MMIP/week5/quiz1/data/query/frog/00009.png,frog,3,/home/emily/MMIP/week5/quiz1/data/gallery/dog/00712.png,dog,0.482392
/home/emily/MMIP/week5/quiz1/data/query/frog/00009.png,frog,4,/home/emily/MMIP/week5/quiz1/data/gallery/cat/00687.png,cat,0.465992
/home/emily/MMIP/week5/quiz1/data/query/frog/00009.png,frog,5,/home/emily/MMIP/week5/quiz1/data/gallery/cat/00134.png,cat,0.464796
/home/emily/MMIP/week5/quiz1/data/query/frog/00010.png,frog,1,/home/emily/MMIP/week5/quiz1/data/gallery/frog/00232.png,frog,0.581298
/home/emily/MMIP/week5/quiz1/data/query/frog/00010.png,frog,2,/home/emily/MMIP/week5/quiz1/data/gallery/frog/00063.png,frog,0.558004
/home/emily/MMIP/week5/quiz1/data/query/frog/00010.png,frog,3,/home/emily/MMIP/week5/quiz1/data/gallery/bird/00806.png,bird,0.537745
/home/emily/MMIP/week5/quiz1/data/query/frog/00010.png,frog,4,/home/emily/MMIP/week5/quiz1/data/gallery/frog/00110.png,frog,0.527751
/home/emily/MMIP/week5/quiz1/data/query/frog/00010.png,frog,5,/home/emily/MMIP/week5/quiz1/data/gallery/dog/00517.png,dog,0.524068
/home/emily/MMIP/week5/quiz1/data/query/frog/00011.png,frog,1,/home/emily/MMIP/week5/quiz1/data/gallery/frog/00674.png,frog,0.690188
/home/emily/MMIP/week5/quiz1/data/query/frog/00011.png,frog,2,/home/emily/MMIP/week5/quiz1/data/gallery/frog/00704.png,frog,0.685663
/home/emily/MMIP/week5/quiz1/data/query/frog/00011.png,frog,3,/home/emily/MMIP/week5/quiz1/data/gallery/frog/00906.png,frog,0.677251
/home/emily/MMIP/week5/quiz1/data/query/frog/00011.png,frog,4,/home/emily/MMIP/week5/quiz1/data/gallery/frog/00662.png,frog,0.661079
/home/emily/MMIP/week5/quiz1/data/query/frog/00011.png,frog,5,/home/emily/MMIP/week5/quiz1/data/gallery/frog/00002.png,frog,0.656619
/home/emily/MMIP/week5/quiz1/data/query/frog/00012.png,frog,1,/home/emily/MMIP/week5/quiz1/data/gallery/frog/00772.png,frog,0.660116
/home/emily/MMIP/week5/quiz1/data/query/frog/00012.png,frog,2,/home/emily/MMIP/week5/quiz1/data/gallery/frog/00137.png,frog,0.653381
/home/emily/MMIP/week5/quiz1/data/query/frog/00012.png,frog,3,/home/emily/MMIP/week5/quiz1/data/gallery/frog/00306.png,frog,0.652848
/home/emily/MMIP/week5/quiz1/data/query/frog/00012.png,frog,4,/home/emily/MMIP/week5/quiz1/data/gallery/frog/00729.png,frog,0.646393
/home/emily/MMIP/week5/quiz1/data/query/frog/00012.png,frog,5,/home/emily/MMIP/week5/quiz1/data/gallery/frog/00936.png,frog,0.645576
/home/emily/MMIP/week5/quiz1/data/query/frog/00013.png,frog,1,/home/emily/MMIP/week5/quiz1/data/gallery/frog/00290.png,frog,0.689816
/home/emily/MMIP/week5/quiz1/data/query/frog/00013.png,frog,2,/home/emily/MMIP/week5/quiz1/data/gallery/frog/00505.png,frog,0.683088
/home/emily/MMIP/week5/quiz1/data/query/frog/00013.png,frog,3,/home/emily/MMIP/week5/quiz1/data/gallery/frog/00856.png,frog,0.678386
/home/emily/MMIP/week5/quiz1/data/query/frog/00013.png,frog,4,/home/emily/MMIP/week5/quiz1/data/gallery/frog/00195.png,frog,0.672327
/home/emily/MMIP/week5/quiz1/data/query/frog/00013.png,frog,5,/home/emily/MMIP/week5/quiz1/data/gallery/frog/00502.png,frog,0.671080
/home/emily/MMIP/week5/quiz1/data/query/frog/00014.png,frog,1,/home/emily/MMIP/week5/quiz1/data/gallery/frog/00339.png,frog,0.575957
/home/emily/MMIP/week5/quiz1/data/query/frog/00014.png,frog,2,/home/emily/MMIP/week5/quiz1/data/gallery/frog/00754.png,frog,0.574658
/home/emily/MMIP/week5/quiz1/data/query/frog/00014.png,frog,3,/home/emily/MMIP/week5/quiz1/data/gallery/frog/00587.png,frog,0.573605
/home/emily/MMIP/week5/quiz1/data/query/frog/00014.png,frog,4,/home/emily/MMIP/week5/quiz1/data/gallery/frog/00199.png,frog,0.567130
/home/emily/MMIP/week5/quiz1/data/query/frog/00014.png,frog,5,/home/emily/MMIP/week5/quiz1/data/gallery/frog/00937.png,frog,0.555148
/home/emily/MMIP/week5/quiz1/data/query/frog/00015.png,frog,1,/home/emily/MMIP/week5/quiz1/data/gallery/frog/00002.png,frog,0.678252
/home/emily/MMIP/week5/quiz1/data/query/frog/00015.png,frog,2,/home/emily/MMIP/week5/quiz1/data/gallery/frog/00089.png,frog,0.677821
/home/emily/MMIP/week5/quiz1/data/query/frog/00015.png,frog,3,/home/emily/MMIP/week5/quiz1/data/gallery/frog/00307.png,frog,0.667874
/home/emily/MMIP/week5/quiz1/data/query/frog/00015.png,frog,4,/home/emily/MMIP/week5/quiz1/data/gallery/frog/00088.png,frog,0.665486
/home/emily/MMIP/week5/quiz1/data/query/frog/00015.png,frog,5,/home/emily/MMIP/week5/quiz1/data/gallery/frog/00565.png,frog,0.661834
/home/emily/MMIP/week5/quiz1/data/query/frog/00016.png,frog,1,/home/emily/MMIP/week5/quiz1/data/gallery/frog/00187.png,frog,0.777940
/home/emily/MMIP/week5/quiz1/data/query/frog/00016.png,frog,2,/home/emily/MMIP/week5/quiz1/data/gallery/frog/00238.png,frog,0.747331
/home/emily/MMIP/week5/quiz1/data/query/frog/00016.png,frog,3,/home/emily/MMIP/week5/quiz1/data/gallery/frog/00807.png,frog,0.714320
/home/emily/MMIP/week5/quiz1/data/query/frog/00016.png,frog,4,/home/emily/MMIP/week5/quiz1/data/gallery/frog/00140.png,frog,0.709995
/home/emily/MMIP/week5/quiz1/data/query/frog/00016.png,frog,5,/home/emily/MMIP/week5/quiz1/data/gallery/frog/00919.png,frog,0.703854
/home/emily/MMIP/week5/quiz1/data/query/frog/00017.png,frog,1,/home/emily/MMIP/week5/quiz1/data/gallery/frog/00788.png,frog,0.716142
/home/emily/MMIP/week5/quiz1/data/query/frog/00017.png,frog,2,/home/emily/MMIP/week5/quiz1/data/gallery/frog/00188.png,frog,0.661262
/home/emily/MMIP/week5/quiz1/data/query/frog/00017.png,frog,3,/home/emily/MMIP/week5/quiz1/data/gallery/frog/00287.png,frog,0.655334
/home/emily/MMIP/week5/quiz1/data/query/frog/00017.png,frog,4,/home/emily/MMIP/week5/quiz1/data/gallery/frog/00257.png,frog,0.648129
/home/emily/MMIP/week5/quiz1/data/query/frog/00017.png,frog,5,/home/emily/MMIP/week5/quiz1/data/gallery/frog/00770.png,frog,0.642110
/home/emily/MMIP/week5/quiz1/data/query/frog/00018.png,frog,1,/home/emily/MMIP/week5/quiz1/data/gallery/frog/00732.png,frog,0.734230
/home/emily/MMIP/week5/quiz1/data/query/frog/00018.png,frog,2,/home/emily/MMIP/week5/quiz1/data/gallery/frog/00684.png,frog,0.705379
/home/emily/MMIP/week5/quiz1/data/query/frog/00018.png,frog,3,/home/emily/MMIP/week5/quiz1/data/gallery/frog/00206.png,frog,0.700571
/home/emily/MMIP/week5/quiz1/data/query/frog/00018.png,frog,4,/home/emily/MMIP/week5/quiz1/data/gallery/frog/00899.png,frog,0.678240
/home/emily/MMIP/week5/quiz1/data/query/frog/00018.png,frog,5,/home/emily/MMIP/week5/quiz1/data/gallery/frog/00672.png,frog,0.650574
/home/emily/MMIP/week5/quiz1/data/query/frog/00019.png,frog,1,/home/emily/MMIP/week5/quiz1/data/gallery/frog/00733.png,frog,0.673120
/home/emily/MMIP/week5/quiz1/data/query/frog/00019.png,frog,2,/home/emily/MMIP/week5/quiz1/data/gallery/frog/00138.png,frog,0.643450
/home/emily/MMIP/week5/quiz1/data/query/frog/00019.png,frog,3,/home/emily/MMIP/week5/quiz1/data/gallery/frog/00921.png,frog,0.641063
/home/emily/MMIP/week5/quiz1/data/query/frog/00019.png,frog,4,/home/emily/MMIP/week5/quiz1/data/gallery/frog/00509.png,frog,0.634992
/home/emily/MMIP/week5/quiz1/data/query/frog/00019.png,frog,5,/home/emily/MMIP/week5/quiz1/data/gallery/frog/00393.png,frog,0.628995
/home/emily/MMIP/week5/quiz1/data/query/frog/00020.png,frog,1,/home/emily/MMIP/week5/quiz1/data/gallery/frog/00713.png,frog,0.681732
/home/emily/MMIP/week5/quiz1/data/query/frog/00020.png,frog,2,/home/emily/MMIP/week5/quiz1/data/gallery/frog/00037.png,frog,0.645752
/home/emily/MMIP/week5/quiz1/data/query/frog/00020.png,frog,3,/home/emily/MMIP/week5/quiz1/data/gallery/frog/00741.png,frog,0.645019
/home/emily/MMIP/week5/quiz1/data/query/frog/00020.png,frog,4,/home/emily/MMIP/week5/quiz1/data/gallery/frog/00324.png,frog,0.621307
/home/emily/MMIP/week5/quiz1/data/query/frog/00020.png,frog,5,/home/emily/MMIP/week5/quiz1/data/gallery/frog/00486.png,frog,0.618906
/home/emily/MMIP/week5/quiz1/data/query/frog/00021.png,frog,1,/home/emily/MMIP/week5/quiz1/data/gallery/frog/00828.png,frog,0.672511
/home/emily/MMIP/week5/quiz1/data/query/frog/00021.png,frog,2,/home/emily/MMIP/week5/quiz1/data/gallery/frog/00275.png,frog,0.666795
/home/emily/MMIP/week5/quiz1/data/query/frog/00021.png,frog,3,/home/emily/MMIP/week5/quiz1/data/gallery/frog/00815.png,frog,0.666616
/home/emily/MMIP/week5/quiz1/data/query/frog/00021.png,frog,4,/home/emily/MMIP/week5/quiz1/data/gallery/frog/00416.png,frog,0.640318
/home/emily/MMIP/week5/quiz1/data/query/frog/00021.png,frog,5,/home/emily/MMIP/week5/quiz1/data/gallery/frog/00248.png,frog,0.627898
/home/emily/MMIP/week5/quiz1/data/query/frog/00022.png,frog,1,/home/emily/MMIP/week5/quiz1/data/gallery/frog/00721.png,frog,0.671218
/home/emily/MMIP/week5/quiz1/data/query/frog/00022.png,frog,2,/home/emily/MMIP/week5/quiz1/data/gallery/frog/00981.png,frog,0.603055
/home/emily/MMIP/week5/quiz1/data/query/frog/00022.png,frog,3,/home/emily/MMIP/week5/quiz1/data/gallery/frog/00726.png,frog,0.598245
/home/emily/MMIP/week5/quiz1/data/query/frog/00022.png,frog,4,/home/emily/MMIP/week5/quiz1/data/gallery/frog/00321.png,frog,0.589040
/home/emily/MMIP/week5/quiz1/data/query/frog/00022.png,frog,5,/home/emily/MMIP/week5/quiz1/data/gallery/frog/00392.png,frog,0.581779
/home/emily/MMIP/week5/quiz1/data/query/frog/00023.png,frog,1,/home/emily/MMIP/week5/quiz1/data/gallery/frog/00873.png,frog,0.514635
/home/emily/MMIP/week5/quiz1/data/query/frog/00023.png,frog,2,/home/emily/MMIP/week5/quiz1/data/gallery/dog/00926.png,dog,0.493149
/home/emily/MMIP/week5/quiz1/data/query/frog/00023.png,frog,3,/home/emily/MMIP/week5/quiz1/data/gallery/cat/00134.png,cat,0.492608
/home/emily/MMIP/week5/quiz1/data/query/frog/00023.png,frog,4,/home/emily/MMIP/week5/quiz1/data/gallery/dog/00777.png,dog,0.488371
/home/emily/MMIP/week5/quiz1/data/query/frog/00023.png,frog,5,/home/emily/MMIP/week5/quiz1/data/gallery/bird/00369.png,bird,0.481694
/home/emily/MMIP/week5/quiz1/data/query/frog/00024.png,frog,1,/home/emily/MMIP/week5/quiz1/data/gallery/frog/00972.png,frog,0.714718
/home/emily/MMIP/week5/quiz1/data/query/frog/00024.png,frog,2,/home/emily/MMIP/week5/quiz1/data/gallery/frog/00682.png,frog,0.713665
/home/emily/MMIP/week5/quiz1/data/query/frog/00024.png,frog,3,/home/emily/MMIP/week5/quiz1/data/gallery/frog/00203.png,frog,0.700059
/home/emily/MMIP/week5/quiz1/data/query/frog/00024.png,frog,4,/home/emily/MMIP/week5/quiz1/data/gallery/frog/00842.png,frog,0.698150
/home/emily/MMIP/week5/quiz1/data/query/frog/00024.png,frog,5,/home/emily/MMIP/week5/quiz1/data/gallery/frog/00302.png,frog,0.691439
/home/emily/MMIP/week5/quiz1/data/query/frog/00025.png,frog,1,/home/emily/MMIP/week5/quiz1/data/gallery/frog/00275.png,frog,0.671877
/home/emily/MMIP/week5/quiz1/data/query/frog/00025.png,frog,2,/home/emily/MMIP/week5/quiz1/data/gallery/frog/00270.png,frog,0.641416
/home/emily/MMIP/week5/quiz1/data/query/frog/00025.png,frog,3,/home/emily/MMIP/week5/quiz1/data/gallery/frog/00662.png,frog,0.630126
/home/emily/MMIP/week5/quiz1/data/query/frog/00025.png,frog,4,/home/emily/MMIP/week5/quiz1/data/gallery/frog/00256.png,frog,0.629815
/home/emily/MMIP/week5/quiz1/data/query/frog/00025.png,frog,5,/home/emily/MMIP/week5/quiz1/data/gallery/frog/00523.png,frog,0.629398
/home/emily/MMIP/week5/quiz1/data/query/frog/00026.png,frog,1,/home/emily/MMIP/week5/quiz1/data/gallery/frog/00527.png,frog,0.744302
/home/emily/MMIP/week5/quiz1/data/query/frog/00026.png,frog,2,/home/emily/MMIP/week5/quiz1/data/gallery/frog/00350.png,frog,0.744188
/home/emily/MMIP/week5/quiz1/data/query/frog/00026.png,frog,3,/home/emily/MMIP/week5/quiz1/data/gallery/frog/00453.png,frog,0.735911
/home/emily/MMIP/week5/quiz1/data/query/frog/00026.png,frog,4,/home/emily/MMIP/week5/quiz1/data/gallery/frog/00202.png,frog,0.704667
/home/emily/MMIP/week5/quiz1/data/query/frog/00026.png,frog,5,/home/emily/MMIP/week5/quiz1/data/gallery/frog/00585.png,frog,0.704448
/home/emily/MMIP/week5/quiz1/data/query/frog/00027.png,frog,1,/home/emily/MMIP/week5/quiz1/data/gallery/airplane/00797.png,airplane,0.465102
/home/emily/MMIP/week5/quiz1/data/query/frog/00027.png,frog,2,/home/emily/MMIP/week5/quiz1/data/gallery/cat/00334.png,cat,0.443174
/home/emily/MMIP/week5/quiz1/data/query/frog/00027.png,frog,3,/home/emily/MMIP/week5/quiz1/data/gallery/horse/00264.png,horse,0.432478
/home/emily/MMIP/week5/quiz1/data/query/frog/00027.png,frog,4,/home/emily/MMIP/week5/quiz1/data/gallery/airplane/00700.png,airplane,0.423595
/home/emily/MMIP/week5/quiz1/data/query/frog/00027.png,frog,5,/home/emily/MMIP/week5/quiz1/data/gallery/airplane/00787.png,airplane,0.405467
/home/emily/MMIP/week5/quiz1/data/query/frog/00028.png,frog,1,/home/emily/MMIP/week5/quiz1/data/gallery/frog/00991.png,frog,0.716208
/home/emily/MMIP/week5/quiz1/data/query/frog/00028.png,frog,2,/home/emily/MMIP/week5/quiz1/data/gallery/frog/00678.png,frog,0.704331
/home/emily/MMIP/week5/quiz1/data/query/frog/00028.png,frog,3,/home/emily/MMIP/week5/quiz1/data/gallery/frog/00514.png,frog,0.688485
/home/emily/MMIP/week5/quiz1/data/query/frog/00028.png,frog,4,/home/emily/MMIP/week5/quiz1/data/gallery/frog/00526.png,frog,0.663253
/home/emily/MMIP/week5/quiz1/data/query/frog/00028.png,frog,5,/home/emily/MMIP/week5/quiz1/data/gallery/frog/00664.png,frog,0.661544
/home/emily/MMIP/week5/quiz1/data/query/frog/00029.png,frog,1,/home/emily/MMIP/week5/quiz1/data/gallery/frog/00253.png,frog,0.545003
/home/emily/MMIP/week5/quiz1/data/query/frog/00029.png,frog,2,/home/emily/MMIP/week5/quiz1/data/gallery/frog/00641.png,frog,0.544334
/home/emily/MMIP/week5/quiz1/data/query/frog/00029.png,frog,3,/home/emily/MMIP/week5/quiz1/data/gallery/frog/00023.png,frog,0.528123
/home/emily/MMIP/week5/quiz1/data/query/frog/00029.png,frog,4,/home/emily/MMIP/week5/quiz1/data/gallery/frog/00560.png,frog,0.525067
/home/emily/MMIP/week5/quiz1/data/query/frog/00029.png,frog,5,/home/emily/MMIP/week5/quiz1/data/gallery/frog/00889.png,frog,0.523807
/home/emily/MMIP/week5/quiz1/data/query/frog/00030.png,frog,1,/home/emily/MMIP/week5/quiz1/data/gallery/frog/00856.png,frog,0.660683
/home/emily/MMIP/week5/quiz1/data/query/frog/00030.png,frog,2,/home/emily/MMIP/week5/quiz1/data/gallery/frog/00236.png,frog,0.650479
/home/emily/MMIP/week5/quiz1/data/query/frog/00030.png,frog,3,/home/emily/MMIP/week5/quiz1/data/gallery/frog/00137.png,frog,0.640751
/home/emily/MMIP/week5/quiz1/data/query/frog/00030.png,frog,4,/home/emily/MMIP/week5/quiz1/data/gallery/frog/00961.png,frog,0.640009
/home/emily/MMIP/week5/quiz1/data/query/frog/00030.png,frog,5,/home/emily/MMIP/week5/quiz1/data/gallery/frog/00620.png,frog,0.639026
/home/emily/MMIP/week5/quiz1/data/query/frog/00031.png,frog,1,/home/emily/MMIP/week5/quiz1/data/gallery/frog/00743.png,frog,0.713422
/home/emily/MMIP/week5/quiz1/data/query/frog/00031.png,frog,2,/home/emily/MMIP/week5/quiz1/data/gallery/frog/00369.png,frog,0.705040
/home/emily/MMIP/week5/quiz1/data/query/frog/00031.png,frog,3,/home/emily/MMIP/week5/quiz1/data/gallery/frog/00342.png,frog,0.683884
/home/emily/MMIP/week5/quiz1/data/query/frog/00031.png,frog,4,/home/emily/MMIP/week5/quiz1/data/gallery/frog/00056.png,frog,0.679460
/home/emily/MMIP/week5/quiz1/data/query/frog/00031.png,frog,5,/home/emily/MMIP/week5/quiz1/data/gallery/frog/00245.png,frog,0.678333
/home/emily/MMIP/week5/quiz1/data/query/frog/00032.png,frog,1,/home/emily/MMIP/week5/quiz1/data/gallery/frog/00678.png,frog,0.734493
/home/emily/MMIP/week5/quiz1/data/query/frog/00032.png,frog,2,/home/emily/MMIP/week5/quiz1/data/gallery/frog/00852.png,frog,0.732836
/home/emily/MMIP/week5/quiz1/data/query/frog/00032.png,frog,3,/home/emily/MMIP/week5/quiz1/data/gallery/frog/00718.png,frog,0.720656
/home/emily/MMIP/week5/quiz1/data/query/frog/00032.png,frog,4,/home/emily/MMIP/week5/quiz1/data/gallery/frog/00002.png,frog,0.720505
/home/emily/MMIP/week5/quiz1/data/query/frog/00032.png,frog,5,/home/emily/MMIP/week5/quiz1/data/gallery/frog/00626.png,frog,0.720207
/home/emily/MMIP/week5/quiz1/data/query/frog/00033.png,frog,1,/home/emily/MMIP/week5/quiz1/data/gallery/frog/00856.png,frog,0.762083
/home/emily/MMIP/week5/quiz1/data/query/frog/00033.png,frog,2,/home/emily/MMIP/week5/quiz1/data/gallery/frog/00620.png,frog,0.718091
/home/emily/MMIP/week5/quiz1/data/query/frog/00033.png,frog,3,/home/emily/MMIP/week5/quiz1/data/gallery/frog/00704.png,frog,0.715323
/home/emily/MMIP/week5/quiz1/data/query/frog/00033.png,frog,4,/home/emily/MMIP/week5/quiz1/data/gallery/frog/00002.png,frog,0.698003
/home/emily/MMIP/week5/quiz1/data/query/frog/00033.png,frog,5,/home/emily/MMIP/week5/quiz1/data/gallery/frog/00678.png,frog,0.679835
/home/emily/MMIP/week5/quiz1/data/query/frog/00034.png,frog,1,/home/emily/MMIP/week5/quiz1/data/gallery/frog/00415.png,frog,0.725944
/home/emily/MMIP/week5/quiz1/data/query/frog/00034.png,frog,2,/home/emily/MMIP/week5/quiz1/data/gallery/frog/00257.png,frog,0.710328
/home/emily/MMIP/week5/quiz1/data/query/frog/00034.png,frog,3,/home/emily/MMIP/week5/quiz1/data/gallery/frog/00287.png,frog,0.709758
/home/emily/MMIP/week5/quiz1/data/query/frog/00034.png,frog,4,/home/emily/MMIP/week5/quiz1/data/gallery/frog/00917.png,frog,0.700711
/home/emily/MMIP/week5/quiz1/data/query/frog/00034.png,frog,5,/home/emily/MMIP/week5/quiz1/data/gallery/frog/00380.png,frog,0.699200
/home/emily/MMIP/week5/quiz1/data/query/frog/00035.png,frog,1,/home/emily/MMIP/week5/quiz1/data/gallery/frog/00916.png,frog,0.686804
/home/emily/MMIP/week5/quiz1/data/query/frog/00035.png,frog,2,/home/emily/MMIP/week5/quiz1/data/gallery/frog/00367.png,frog,0.672834
/home/emily/MMIP/week5/quiz1/data/query/frog/00035.png,frog,3,/home/emily/MMIP/week5/quiz1/data/gallery/frog/00400.png,frog,0.670535
/home/emily/MMIP/week5/quiz1/data/query/frog/00035.png,frog,4,/home/emily/MMIP/week5/quiz1/data/gallery/frog/00184.png,frog,0.664147
/home/emily/MMIP/week5/quiz1/data/query/frog/00035.png,frog,5,/home/emily/MMIP/week5/quiz1/data/gallery/frog/00714.png,frog,0.660283
/home/emily/MMIP/week5/quiz1/data/query/frog/00036.png,frog,1,/home/emily/MMIP/week5/quiz1/data/gallery/frog/00772.png,frog,0.727104
/home/emily/MMIP/week5/quiz1/data/query/frog/00036.png,frog,2,/home/emily/MMIP/week5/quiz1/data/gallery/frog/00393.png,frog,0.692192
/home/emily/MMIP/week5/quiz1/data/query/frog/00036.png,frog,3,/home/emily/MMIP/week5/quiz1/data/gallery/frog/00983.png,frog,0.685760
/home/emily/MMIP/week5/quiz1/data/query/frog/00036.png,frog,4,/home/emily/MMIP/week5/quiz1/data/gallery/frog/00176.png,frog,0.685362
/home/emily/MMIP/week5/quiz1/data/query/frog/00036.png,frog,5,/home/emily/MMIP/week5/quiz1/data/gallery/frog/00542.png,frog,0.684032
/home/emily/MMIP/week5/quiz1/data/query/frog/00037.png,frog,1,/home/emily/MMIP/week5/quiz1/data/gallery/airplane/00872.png,airplane,0.611174
/home/emily/MMIP/week5/quiz1/data/query/frog/00037.png,frog,2,/home/emily/MMIP/week5/quiz1/data/gallery/frog/00028.png,frog,0.578859
/home/emily/MMIP/week5/quiz1/data/query/frog/00037.png,frog,3,/home/emily/MMIP/week5/quiz1/data/gallery/frog/00188.png,frog,0.571197
/home/emily/MMIP/week5/quiz1/data/query/frog/00037.png,frog,4,/home/emily/MMIP/week5/quiz1/data/gallery/frog/00560.png,frog,0.550525
/home/emily/MMIP/week5/quiz1/data/query/frog/00037.png,frog,5,/home/emily/MMIP/week5/quiz1/data/gallery/frog/00366.png,frog,0.548603
/home/emily/MMIP/week5/quiz1/data/query/frog/00038.png,frog,1,/home/emily/MMIP/week5/quiz1/data/gallery/frog/00678.png,frog,0.783087
/home/emily/MMIP/week5/quiz1/data/query/frog/00038.png,frog,2,/home/emily/MMIP/week5/quiz1/data/gallery/frog/00520.png,frog,0.774919
/home/emily/MMIP/week5/quiz1/data/query/frog/00038.png,frog,3,/home/emily/MMIP/week5/quiz1/data/gallery/frog/00852.png,frog,0.772067
/home/emily/MMIP/week5/quiz1/data/query/frog/00038.png,frog,4,/home/emily/MMIP/week5/quiz1/data/gallery/frog/00620.png,frog,0.766224
/home/emily/MMIP/week5/quiz1/data/query/frog/00038.png,frog,5,/home/emily/MMIP/week5/quiz1/data/gallery/frog/00565.png,frog,0.760364
/home/emily/MMIP/week5/quiz1/data/query/frog/00039.png,frog,1,/home/emily/MMIP/week5/quiz1/data/gallery/frog/00797.png,frog,0.773916
/home/emily/MMIP/week5/quiz1/data/query/frog/00039.png,frog,2,/home/emily/MMIP/week5/quiz1/data/gallery/frog/00880.png,frog,0.737296
/home/emily/MMIP/week5/quiz1/data/query/frog/00039.png,frog,3,/home/emily/MMIP/week5/quiz1/data/gallery/frog/00436.png,frog,0.734960
/home/emily/MMIP/week5/quiz1/data/query/frog/00039.png,frog,4,/home/emily/MMIP/week5/quiz1/data/gallery/frog/00852.png,frog,0.733307
/home/emily/MMIP/week5/quiz1/data/query/frog/00039.png,frog,5,/home/emily/MMIP/week5/quiz1/data/gallery/frog/00210.png,frog,0.703108
/home/emily/MMIP/week5/quiz1/data/query/frog/00040.png,frog,1,/home/emily/MMIP/week5/quiz1/data/gallery/frog/00693.png,frog,0.756138
/home/emily/MMIP/week5/quiz1/data/query/frog/00040.png,frog,2,/home/emily/MMIP/week5/quiz1/data/gallery/frog/00670.png,frog,0.747322
/home/emily/MMIP/week5/quiz1/data/query/frog/00040.png,frog,3,/home/emily/MMIP/week5/quiz1/data/gallery/frog/00924.png,frog,0.745329
/home/emily/MMIP/week5/quiz1/data/query/frog/00040.png,frog,4,/home/emily/MMIP/week5/quiz1/data/gallery/frog/00885.png,frog,0.736599
/home/emily/MMIP/week5/quiz1/data/query/frog/00040.png,frog,5,/home/emily/MMIP/week5/quiz1/data/gallery/frog/00682.png,frog,0.731630
/home/emily/MMIP/week5/quiz1/data/query/frog/00041.png,frog,1,/home/emily/MMIP/week5/quiz1/data/gallery/frog/00936.png,frog,0.727642
/home/emily/MMIP/week5/quiz1/data/query/frog/00041.png,frog,2,/home/emily/MMIP/week5/quiz1/data/gallery/frog/00493.png,frog,0.698144
/home/emily/MMIP/week5/quiz1/data/query/frog/00041.png,frog,3,/home/emily/MMIP/week5/quiz1/data/gallery/frog/00729.png,frog,0.694538
/home/emily/MMIP/week5/quiz1/data/query/frog/00041.png,frog,4,/home/emily/MMIP/week5/quiz1/data/gallery/frog/00615.png,frog,0.690518
/home/emily/MMIP/week5/quiz1/data/query/frog/00041.png,frog,5,/home/emily/MMIP/week5/quiz1/data/gallery/frog/00961.png,frog,0.673691
/home/emily/MMIP/week5/quiz1/data/query/frog/00042.png,frog,1,/home/emily/MMIP/week5/quiz1/data/gallery/frog/00928.png,frog,0.665493
/home/emily/MMIP/week5/quiz1/data/query/frog/00042.png,frog,2,/home/emily/MMIP/week5/quiz1/data/gallery/frog/00888.png,frog,0.623327
/home/emily/MMIP/week5/quiz1/data/query/frog/00042.png,frog,3,/home/emily/MMIP/week5/quiz1/data/gallery/frog/00384.png,frog,0.588619
/home/emily/MMIP/week5/quiz1/data/query/frog/00042.png,frog,4,/home/emily/MMIP/week5/quiz1/data/gallery/frog/00625.png,frog,0.586110
/home/emily/MMIP/week5/quiz1/data/query/frog/00042.png,frog,5,/home/emily/MMIP/week5/quiz1/data/gallery/frog/00244.png,frog,0.575382
/home/emily/MMIP/week5/quiz1/data/query/frog/00043.png,frog,1,/home/emily/MMIP/week5/quiz1/data/gallery/frog/00036.png,frog,0.765004
/home/emily/MMIP/week5/quiz1/data/query/frog/00043.png,frog,2,/home/emily/MMIP/week5/quiz1/data/gallery/frog/00678.png,frog,0.729012
/home/emily/MMIP/week5/quiz1/data/query/frog/00043.png,frog,3,/home/emily/MMIP/week5/quiz1/data/gallery/frog/00626.png,frog,0.693113
/home/emily/MMIP/week5/quiz1/data/query/frog/00043.png,frog,4,/home/emily/MMIP/week5/quiz1/data/gallery/frog/00438.png,frog,0.672946
/home/emily/MMIP/week5/quiz1/data/query/frog/00043.png,frog,5,/home/emily/MMIP/week5/quiz1/data/gallery/frog/00852.png,frog,0.672198
/home/emily/MMIP/week5/quiz1/data/query/frog/00044.png,frog,1,/home/emily/MMIP/week5/quiz1/data/gallery/frog/00885.png,frog,0.832988
/home/emily/MMIP/week5/quiz1/data/query/frog/00044.png,frog,2,/home/emily/MMIP/week5/quiz1/data/gallery/frog/00350.png,frog,0.815430
/home/emily/MMIP/week5/quiz1/data/query/frog/00044.png,frog,3,/home/emily/MMIP/week5/quiz1/data/gallery/frog/00202.png,frog,0.813507
/home/emily/MMIP/week5/quiz1/data/query/frog/00044.png,frog,4,/home/emily/MMIP/week5/quiz1/data/gallery/frog/00415.png,frog,0.794034
/home/emily/MMIP/week5/quiz1/data/query/frog/00044.png,frog,5,/home/emily/MMIP/week5/quiz1/data/gallery/frog/00526.png,frog,0.791816
/home/emily/MMIP/week5/quiz1/data/query/frog/00045.png,frog,1,/home/emily/MMIP/week5/quiz1/data/gallery/frog/00695.png,frog,0.753989
/home/emily/MMIP/week5/quiz1/data/query/frog/00045.png,frog,2,/home/emily/MMIP/week5/quiz1/data/gallery/frog/00547.png,frog,0.732163
/home/emily/MMIP/week5/quiz1/data/query/frog/00045.png,frog,3,/home/emily/MMIP/week5/quiz1/data/gallery/frog/00185.png,frog,0.720862
/home/emily/MMIP/week5/quiz1/data/query/frog/00045.png,frog,4,/home/emily/MMIP/week5/quiz1/data/gallery/frog/00945.png,frog,0.707710
/home/emily/MMIP/week5/quiz1/data/query/frog/00045.png,frog,5,/home/emily/MMIP/week5/quiz1/data/gallery/bird/00773.png,bird,0.688685
/home/emily/MMIP/week5/quiz1/data/query/frog/00046.png,frog,1,/home/emily/MMIP/week5/quiz1/data/gallery/frog/00663.png,frog,0.790502
/home/emily/MMIP/week5/quiz1/data/query/frog/00046.png,frog,2,/home/emily/MMIP/week5/quiz1/data/gallery/frog/00518.png,frog,0.785760
/home/emily/MMIP/week5/quiz1/data/query/frog/00046.png,frog,3,/home/emily/MMIP/week5/quiz1/data/gallery/frog/00212.png,frog,0.785261
/home/emily/MMIP/week5/quiz1/data/query/frog/00046.png,frog,4,/home/emily/MMIP/week5/quiz1/data/gallery/frog/00977.png,frog,0.784647
/home/emily/MMIP/week5/quiz1/data/query/frog/00046.png,frog,5,/home/emily/MMIP/week5/quiz1/data/gallery/frog/00609.png,frog,0.781464
/home/emily/MMIP/week5/quiz1/data/query/frog/00047.png,frog,1,/home/emily/MMIP/week5/quiz1/data/gallery/frog/00068.png,frog,0.779990
/home/emily/MMIP/week5/quiz1/data/query/frog/00047.png,frog,2,/home/emily/MMIP/week5/quiz1/data/gallery/frog/00550.png,frog,0.713721
/home/emily/MMIP/week5/quiz1/data/query/frog/00047.png,frog,3,/home/emily/MMIP/week5/quiz1/data/gallery/frog/00856.png,frog,0.698239
/home/emily/MMIP/week5/quiz1/data/query/frog/00047.png,frog,4,/home/emily/MMIP/week5/quiz1/data/gallery/frog/00691.png,frog,0.692663
/home/emily/MMIP/week5/quiz1/data/query/frog/00047.png,frog,5,/home/emily/MMIP/week5/quiz1/data/gallery/frog/00257.png,frog,0.690708
/home/emily/MMIP/week5/quiz1/data/query/frog/00048.png,frog,1,/home/emily/MMIP/week5/quiz1/data/gallery/frog/00166.png,frog,0.720465
/home/emily/MMIP/week5/quiz1/data/query/frog/00048.png,frog,2,/home/emily/MMIP/week5/quiz1/data/gallery/frog/00916.png,frog,0.688504
/home/emily/MMIP/week5/quiz1/data/query/frog/00048.png,frog,3,/home/emily/MMIP/week5/quiz1/data/gallery/frog/00140.png,frog,0.684363
/home/emily/MMIP/week5/quiz1/data/query/frog/00048.png,frog,4,/home/emily/MMIP/week5/quiz1/data/gallery/frog/00939.png,frog,0.681212
/home/emily/MMIP/week5/quiz1/data/query/frog/00048.png,frog,5,/home/emily/MMIP/week5/quiz1/data/gallery/frog/00296.png,frog,0.679603
/home/emily/MMIP/week5/quiz1/data/query/frog/00049.png,frog,1,/home/emily/MMIP/week5/quiz1/data/gallery/frog/00069.png,frog,0.669893
/home/emily/MMIP/week5/quiz1/data/query/frog/00049.png,frog,2,/home/emily/MMIP/week5/quiz1/data/gallery/frog/00592.png,frog,0.630639
/home/emily/MMIP/week5/quiz1/data/query/frog/00049.png,frog,3,/home/emily/MMIP/week5/quiz1/data/gallery/frog/00800.png,frog,0.624782
/home/emily/MMIP/week5/quiz1/data/query/frog/00049.png,frog,4,/home/emily/MMIP/week5/quiz1/data/gallery/frog/00481.png,frog,0.605778
/home/emily/MMIP/week5/quiz1/data/query/frog/00049.png,frog,5,/home/emily/MMIP/week5/quiz1/data/gallery/frog/00395.png,frog,0.587655
/home/emily/MMIP/week5/quiz1/data/query/frog/00050.png,frog,1,/home/emily/MMIP/week5/quiz1/data/gallery/frog/00693.png,frog,0.681228
/home/emily/MMIP/week5/quiz1/data/query/frog/00050.png,frog,2,/home/emily/MMIP/week5/quiz1/data/gallery/frog/00292.png,frog,0.679169
/home/emily/MMIP/week5/quiz1/data/query/frog/00050.png,frog,3,/home/emily/MMIP/week5/quiz1/data/gallery/frog/00566.png,frog,0.678683
/home/emily/MMIP/week5/quiz1/data/query/frog/00050.png,frog,4,/home/emily/MMIP/week5/quiz1/data/gallery/frog/00453.png,frog,0.668512
/home/emily/MMIP/week5/quiz1/data/query/frog/00050.png,frog,5,/home/emily/MMIP/week5/quiz1/data/gallery/frog/00484.png,frog,0.667801
/home/emily/MMIP/week5/quiz1/data/query/frog/00051.png,frog,1,/home/emily/MMIP/week5/quiz1/data/gallery/frog/00210.png,frog,0.673390
/home/emily/MMIP/week5/quiz1/data/query/frog/00051.png,frog,2,/home/emily/MMIP/week5/quiz1/data/gallery/frog/00739.png,frog,0.655890
/home/emily/MMIP/week5/quiz1/data/query/frog/00051.png,frog,3,/home/emily/MMIP/week5/quiz1/data/gallery/frog/00201.png,frog,0.652046
/home/emily/MMIP/week5/quiz1/data/query/frog/00051.png,frog,4,/home/emily/MMIP/week5/quiz1/data/gallery/frog/00584.png,frog,0.647101
/home/emily/MMIP/week5/quiz1/data/query/frog/00051.png,frog,5,/home/emily/MMIP/week5/quiz1/data/gallery/frog/00941.png,frog,0.630280
/home/emily/MMIP/week5/quiz1/data/query/frog/00052.png,frog,1,/home/emily/MMIP/week5/quiz1/data/gallery/frog/00220.png,frog,0.701482
/home/emily/MMIP/week5/quiz1/data/query/frog/00052.png,frog,2,/home/emily/MMIP/week5/quiz1/data/gallery/frog/00828.png,frog,0.660764
/home/emily/MMIP/week5/quiz1/data/query/frog/00052.png,frog,3,/home/emily/MMIP/week5/quiz1/data/gallery/frog/00447.png,frog,0.660653
/home/emily/MMIP/week5/quiz1/data/query/frog/00052.png,frog,4,/home/emily/MMIP/week5/quiz1/data/gallery/frog/00857.png,frog,0.604019
/home/emily/MMIP/week5/quiz1/data/query/frog/00052.png,frog,5,/home/emily/MMIP/week5/quiz1/data/gallery/frog/00603.png,frog,0.602018
/home/emily/MMIP/week5/quiz1/data/query/frog/00053.png,frog,1,/home/emily/MMIP/week5/quiz1/data/gallery/frog/00885.png,frog,0.827471
/home/emily/MMIP/week5/quiz1/data/query/frog/00053.png,frog,2,/home/emily/MMIP/week5/quiz1/data/gallery/frog/00463.png,frog,0.778021
/home/emily/MMIP/week5/quiz1/data/query/frog/00053.png,frog,3,/home/emily/MMIP/week5/quiz1/data/gallery/frog/00349.png,frog,0.773405
/home/emily/MMIP/week5/quiz1/data/query/frog/00053.png,frog,4,/home/emily/MMIP/week5/quiz1/data/gallery/frog/00042.png,frog,0.758202
/home/emily/MMIP/week5/quiz1/data/query/frog/00053.png,frog,5,/home/emily/MMIP/week5/quiz1/data/gallery/frog/00350.png,frog,0.756213
/home/emily/MMIP/week5/quiz1/data/query/frog/00054.png,frog,1,/home/emily/MMIP/week5/quiz1/data/gallery/frog/00928.png,frog,0.738863
/home/emily/MMIP/week5/quiz1/data/query/frog/00054.png,frog,2,/home/emily/MMIP/week5/quiz1/data/gallery/frog/00408.png,frog,0.696144
/home/emily/MMIP/week5/quiz1/data/query/frog/00054.png,frog,3,/home/emily/MMIP/week5/quiz1/data/gallery/frog/00920.png,frog,0.695311
/home/emily/MMIP/week5/quiz1/data/query/frog/00054.png,frog,4,/home/emily/MMIP/week5/quiz1/data/gallery/frog/00131.png,frog,0.681018
/home/emily/MMIP/week5/quiz1/data/query/frog/00054.png,frog,5,/home/emily/MMIP/week5/quiz1/data/gallery/frog/00654.png,frog,0.680634
/home/emily/MMIP/week5/quiz1/data/query/frog/00055.png,frog,1,/home/emily/MMIP/week5/quiz1/data/gallery/frog/00797.png,frog,0.709287
/home/emily/MMIP/week5/quiz1/data/query/frog/00055.png,frog,2,/home/emily/MMIP/week5/quiz1/data/gallery/frog/00721.png,frog,0.688599
/home/emily/MMIP/week5/quiz1/data/query/frog/00055.png,frog,3,/home/emily/MMIP/week5/quiz1/data/gallery/frog/00381.png,frog,0.682230
/home/emily/MMIP/week5/quiz1/data/query/frog/00055.png,frog,4,/home/emily/MMIP/week5/quiz1/data/gallery/frog/00802.png,frog,0.663220
/home/emily/MMIP/week5/quiz1/data/query/frog/00055.png,frog,5,/home/emily/MMIP/week5/quiz1/data/gallery/frog/00986.png,frog,0.662990
/home/emily/MMIP/week5/quiz1/data/query/frog/00056.png,frog,1,/home/emily/MMIP/week5/quiz1/data/gallery/frog/00021.png,frog,0.764544
/home/emily/MMIP/week5/quiz1/data/query/frog/00056.png,frog,2,/home/emily/MMIP/week5/quiz1/data/gallery/frog/00678.png,frog,0.743043
/home/emily/MMIP/week5/quiz1/data/query/frog/00056.png,frog,3,/home/emily/MMIP/week5/quiz1/data/gallery/frog/00550.png,frog,0.725965
/home/emily/MMIP/week5/quiz1/data/query/frog/00056.png,frog,4,/home/emily/MMIP/week5/quiz1/data/gallery/frog/00565.png,frog,0.724896
/home/emily/MMIP/week5/quiz1/data/query/frog/00056.png,frog,5,/home/emily/MMIP/week5/quiz1/data/gallery/frog/00579.png,frog,0.724345
/home/emily/MMIP/week5/quiz1/data/query/frog/00057.png,frog,1,/home/emily/MMIP/week5/quiz1/data/gallery/frog/00659.png,frog,0.650463
/home/emily/MMIP/week5/quiz1/data/query/frog/00057.png,frog,2,/home/emily/MMIP/week5/quiz1/data/gallery/frog/00233.png,frog,0.637069
/home/emily/MMIP/week5/quiz1/data/query/frog/00057.png,frog,3,/home/emily/MMIP/week5/quiz1/data/gallery/frog/00239.png,frog,0.623860
/home/emily/MMIP/week5/quiz1/data/query/frog/00057.png,frog,4,/home/emily/MMIP/week5/quiz1/data/gallery/frog/00774.png,frog,0.614697
/home/emily/MMIP/week5/quiz1/data/query/frog/00057.png,frog,5,/home/emily/MMIP/week5/quiz1/data/gallery/frog/00573.png,frog,0.610806
/home/emily/MMIP/week5/quiz1/data/query/frog/00058.png,frog,1,/home/emily/MMIP/week5/quiz1/data/gallery/frog/00432.png,frog,0.728088
/home/emily/MMIP/week5/quiz1/data/query/frog/00058.png,frog,2,/home/emily/MMIP/week5/quiz1/data/gallery/frog/00786.png,frog,0.710541
/home/emily/MMIP/week5/quiz1/data/query/frog/00058.png,frog,3,/home/emily/MMIP/week5/quiz1/data/gallery/frog/00408.png,frog,0.702688
/home/emily/MMIP/week5/quiz1/data/query/frog/00058.png,frog,4,/home/emily/MMIP/week5/quiz1/data/gallery/frog/00695.png,frog,0.684930
/home/emily/MMIP/week5/quiz1/data/query/frog/00058.png,frog,5,/home/emily/MMIP/week5/quiz1/data/gallery/frog/00054.png,frog,0.678620
/home/emily/MMIP/week5/quiz1/data/query/frog/00059.png,frog,1,/home/emily/MMIP/week5/quiz1/data/gallery/frog/00463.png,frog,0.767669
/home/emily/MMIP/week5/quiz1/data/query/frog/00059.png,frog,2,/home/emily/MMIP/week5/quiz1/data/gallery/frog/00924.png,frog,0.746222
/home/emily/MMIP/week5/quiz1/data/query/frog/00059.png,frog,3,/home/emily/MMIP/week5/quiz1/data/gallery/frog/00495.png,frog,0.733910
/home/emily/MMIP/week5/quiz1/data/query/frog/00059.png,frog,4,/home/emily/MMIP/week5/quiz1/data/gallery/frog/00216.png,frog,0.729109
/home/emily/MMIP/week5/quiz1/data/query/frog/00059.png,frog,5,/home/emily/MMIP/week5/quiz1/data/gallery/frog/00325.png,frog,0.715304
/home/emily/MMIP/week5/quiz1/data/query/frog/00060.png,frog,1,/home/emily/MMIP/week5/quiz1/data/gallery/frog/00407.png,frog,0.684242
/home/emily/MMIP/week5/quiz1/data/query/frog/00060.png,frog,2,/home/emily/MMIP/week5/quiz1/data/gallery/frog/00972.png,frog,0.660703
/home/emily/MMIP/week5/quiz1/data/query/frog/00060.png,frog,3,/home/emily/MMIP/week5/quiz1/data/gallery/frog/00213.png,frog,0.659026
/home/emily/MMIP/week5/quiz1/data/query/frog/00060.png,frog,4,/home/emily/MMIP/week5/quiz1/data/gallery/frog/00186.png,frog,0.657586
/home/emily/MMIP/week5/quiz1/data/query/frog/00060.png,frog,5,/home/emily/MMIP/week5/quiz1/data/gallery/frog/00682.png,frog,0.655991
/home/emily/MMIP/week5/quiz1/data/query/frog/00061.png,frog,1,/home/emily/MMIP/week5/quiz1/data/gallery/frog/00682.png,frog,0.700640
/home/emily/MMIP/week5/quiz1/data/query/frog/00061.png,frog,2,/home/emily/MMIP/week5/quiz1/data/gallery/frog/00972.png,frog,0.686828
/home/emily/MMIP/week5/quiz1/data/query/frog/00061.png,frog,3,/home/emily/MMIP/week5/quiz1/data/gallery/frog/00146.png,frog,0.668914
/home/emily/MMIP/week5/quiz1/data/query/frog/00061.png,frog,4,/home/emily/MMIP/week5/quiz1/data/gallery/frog/00553.png,frog,0.659230
/home/emily/MMIP/week5/quiz1/data/query/frog/00061.png,frog,5,/home/emily/MMIP/week5/quiz1/data/gallery/frog/00407.png,frog,0.639335
/home/emily/MMIP/week5/quiz1/data/query/frog/00062.png,frog,1,/home/emily/MMIP/week5/quiz1/data/gallery/frog/00660.png,frog,0.687643
/home/emily/MMIP/week5/quiz1/data/query/frog/00062.png,frog,2,/home/emily/MMIP/week5/quiz1/data/gallery/frog/00786.png,frog,0.676622
/home/emily/MMIP/week5/quiz1/data/query/frog/00062.png,frog,3,/home/emily/MMIP/week5/quiz1/data/gallery/frog/00666.png,frog,0.669411
/home/emily/MMIP/week5/quiz1/data/query/frog/00062.png,frog,4,/home/emily/MMIP/week5/quiz1/data/gallery/frog/00625.png,frog,0.655814
/home/emily/MMIP/week5/quiz1/data/query/frog/00062.png,frog,5,/home/emily/MMIP/week5/quiz1/data/gallery/frog/00654.png,frog,0.655168
/home/emily/MMIP/week5/quiz1/data/query/frog/00063.png,frog,1,/home/emily/MMIP/week5/quiz1/data/gallery/frog/00368.png,frog,0.518356
/home/emily/MMIP/week5/quiz1/data/query/frog/00063.png,frog,2,/home/emily/MMIP/week5/quiz1/data/gallery/frog/00268.png,frog,0.497493
/home/emily/MMIP/week5/quiz1/data/query/frog/00063.png,frog,3,/home/emily/MMIP/week5/quiz1/data/gallery/frog/00145.png,frog,0.483931
/home/emily/MMIP/week5/quiz1/data/query/frog/00063.png,frog,4,/home/emily/MMIP/week5/quiz1/data/gallery/frog/00320.png,frog,0.466522
/home/emily/MMIP/week5/quiz1/data/query/frog/00063.png,frog,5,/home/emily/MMIP/week5/quiz1/data/gallery/frog/00604.png,frog,0.465898
/home/emily/MMIP/week5/quiz1/data/query/frog/00064.png,frog,1,/home/emily/MMIP/week5/quiz1/data/gallery/frog/00526.png,frog,0.710305
/home/emily/MMIP/week5/quiz1/data/query/frog/00064.png,frog,2,/home/emily/MMIP/week5/quiz1/data/gallery/frog/00740.png,frog,0.688215
/home/emily/MMIP/week5/quiz1/data/query/frog/00064.png,frog,3,/home/emily/MMIP/week5/quiz1/data/gallery/frog/00010.png,frog,0.687339
/home/emily/MMIP/week5/quiz1/data/query/frog/00064.png,frog,4,/home/emily/MMIP/week5/quiz1/data/gallery/frog/00269.png,frog,0.687075
/home/emily/MMIP/week5/quiz1/data/query/frog/00064.png,frog,5,/home/emily/MMIP/week5/quiz1/data/gallery/frog/00438.png,frog,0.684724
/home/emily/MMIP/week5/quiz1/data/query/frog/00065.png,frog,1,/home/emily/MMIP/week5/quiz1/data/gallery/frog/00142.png,frog,0.679656
/home/emily/MMIP/week5/quiz1/data/query/frog/00065.png,frog,2,/home/emily/MMIP/week5/quiz1/data/gallery/frog/00983.png,frog,0.677718
/home/emily/MMIP/week5/quiz1/data/query/frog/00065.png,frog,3,/home/emily/MMIP/week5/quiz1/data/gallery/frog/00720.png,frog,0.639169
/home/emily/MMIP/week5/quiz1/data/query/frog/00065.png,frog,4,/home/emily/MMIP/week5/quiz1/data/gallery/frog/00859.png,frog,0.633310
/home/emily/MMIP/week5/quiz1/data/query/frog/00065.png,frog,5,/home/emily/MMIP/week5/quiz1/data/gallery/frog/00751.png,frog,0.617880
/home/emily/MMIP/week5/quiz1/data/query/frog/00066.png,frog,1,/home/emily/MMIP/week5/quiz1/data/gallery/frog/00288.png,frog,0.693141
/home/emily/MMIP/week5/quiz1/data/query/frog/00066.png,frog,2,/home/emily/MMIP/week5/quiz1/data/gallery/frog/00037.png,frog,0.669434
/home/emily/MMIP/week5/quiz1/data/query/frog/00066.png,frog,3,/home/emily/MMIP/week5/quiz1/data/gallery/frog/00665.png,frog,0.654657
/home/emily/MMIP/week5/quiz1/data/query/frog/00066.png,frog,4,/home/emily/MMIP/week5/quiz1/data/gallery/frog/00265.png,frog,0.648577
/home/emily/MMIP/week5/quiz1/data/query/frog/00066.png,frog,5,/home/emily/MMIP/week5/quiz1/data/gallery/frog/00102.png,frog,0.640302
/home/emily/MMIP/week5/quiz1/data/query/frog/00067.png,frog,1,/home/emily/MMIP/week5/quiz1/data/gallery/frog/00370.png,frog,0.722436
/home/emily/MMIP/week5/quiz1/data/query/frog/00067.png,frog,2,/home/emily/MMIP/week5/quiz1/data/gallery/frog/00196.png,frog,0.704411
/home/emily/MMIP/week5/quiz1/data/query/frog/00067.png,frog,3,/home/emily/MMIP/week5/quiz1/data/gallery/frog/00070.png,frog,0.702044
/home/emily/MMIP/week5/quiz1/data/query/frog/00067.png,frog,4,/home/emily/MMIP/week5/quiz1/data/gallery/frog/00856.png,frog,0.701288
/home/emily/MMIP/week5/quiz1/data/query/frog/00067.png,frog,5,/home/emily/MMIP/week5/quiz1/data/gallery/frog/00529.png,frog,0.700616
/home/emily/MMIP/week5/quiz1/data/query/frog/00068.png,frog,1,/home/emily/MMIP/week5/quiz1/data/gallery/frog/00959.png,frog,0.790085
/home/emily/MMIP/week5/quiz1/data/query/frog/00068.png,frog,2,/home/emily/MMIP/week5/quiz1/data/gallery/frog/00438.png,frog,0.768966
/home/emily/MMIP/week5/quiz1/data/query/frog/00068.png,frog,3,/home/emily/MMIP/week5/quiz1/data/gallery/frog/00931.png,frog,0.748297
/home/emily/MMIP/week5/quiz1/data/query/frog/00068.png,frog,4,/home/emily/MMIP/week5/quiz1/data/gallery/frog/00165.png,frog,0.740948
/home/emily/MMIP/week5/quiz1/data/query/frog/00068.png,frog,5,/home/emily/MMIP/week5/quiz1/data/gallery/frog/00202.png,frog,0.724751
/home/emily/MMIP/week5/quiz1/data/query/frog/00069.png,frog,1,/home/emily/MMIP/week5/quiz1/data/gallery/frog/00499.png,frog,0.690320
/home/emily/MMIP/week5/quiz1/data/query/frog/00069.png,frog,2,/home/emily/MMIP/week5/quiz1/data/gallery/frog/00209.png,frog,0.648872
/home/emily/MMIP/week5/quiz1/data/query/frog/00069.png,frog,3,/home/emily/MMIP/week5/quiz1/data/gallery/frog/00638.png,frog,0.634698
/home/emily/MMIP/week5/quiz1/data/query/frog/00069.png,frog,4,/home/emily/MMIP/week5/quiz1/data/gallery/frog/00242.png,frog,0.625905
/home/emily/MMIP/week5/quiz1/data/query/frog/00069.png,frog,5,/home/emily/MMIP/week5/quiz1/data/gallery/frog/00239.png,frog,0.619884
/home/emily/MMIP/week5/quiz1/data/query/frog/00070.png,frog,1,/home/emily/MMIP/week5/quiz1/data/gallery/frog/00324.png,frog,0.623492
/home/emily/MMIP/week5/quiz1/data/query/frog/00070.png,frog,2,/home/emily/MMIP/week5/quiz1/data/gallery/frog/00261.png,frog,0.596917
/home/emily/MMIP/week5/quiz1/data/query/frog/00070.png,frog,3,/home/emily/MMIP/week5/quiz1/data/gallery/frog/00365.png,frog,0.589364
/home/emily/MMIP/week5/quiz1/data/query/frog/00070.png,frog,4,/home/emily/MMIP/week5/quiz1/data/gallery/frog/00713.png,frog,0.565439
/home/emily/MMIP/week5/quiz1/data/query/frog/00070.png,frog,5,/home/emily/MMIP/week5/quiz1/data/gallery/frog/00069.png,frog,0.557946
/home/emily/MMIP/week5/quiz1/data/query/frog/00071.png,frog,1,/home/emily/MMIP/week5/quiz1/data/gallery/frog/00295.png,frog,0.730777
/home/emily/MMIP/week5/quiz1/data/query/frog/00071.png,frog,2,/home/emily/MMIP/week5/quiz1/data/gallery/frog/00396.png,frog,0.713323
/home/emily/MMIP/week5/quiz1/data/query/frog/00071.png,frog,3,/home/emily/MMIP/week5/quiz1/data/gallery/frog/00203.png,frog,0.712063
/home/emily/MMIP/week5/quiz1/data/query/frog/00071.png,frog,4,/home/emily/MMIP/week5/quiz1/data/gallery/frog/00778.png,frog,0.706652
/home/emily/MMIP/week5/quiz1/data/query/frog/00071.png,frog,5,/home/emily/MMIP/week5/quiz1/data/gallery/frog/00808.png,frog,0.695321
/home/emily/MMIP/week5/quiz1/data/query/frog/00072.png,frog,1,/home/emily/MMIP/week5/quiz1/data/gallery/frog/00110.png,frog,0.692670
/home/emily/MMIP/week5/quiz1/data/query/frog/00072.png,frog,2,/home/emily/MMIP/week5/quiz1/data/gallery/frog/00188.png,frog,0.692238
/home/emily/MMIP/week5/quiz1/data/query/frog/00072.png,frog,3,/home/emily/MMIP/week5/quiz1/data/gallery/frog/00854.png,frog,0.647416
/home/emily/MMIP/week5/quiz1/data/query/frog/00072.png,frog,4,/home/emily/MMIP/week5/quiz1/data/gallery/frog/00163.png,frog,0.646706
/home/emily/MMIP/week5/quiz1/data/query/frog/00072.png,frog,5,/home/emily/MMIP/week5/quiz1/data/gallery/frog/00405.png,frog,0.627965
/home/emily/MMIP/week5/quiz1/data/query/frog/00073.png,frog,1,/home/emily/MMIP/week5/quiz1/data/gallery/cat/00598.png,cat,0.545271
/home/emily/MMIP/week5/quiz1/data/query/frog/00073.png,frog,2,/home/emily/MMIP/week5/quiz1/data/gallery/frog/00938.png,frog,0.512832
/home/emily/MMIP/week5/quiz1/data/query/frog/00073.png,frog,3,/home/emily/MMIP/week5/quiz1/data/gallery/deer/00919.png,deer,0.511505
/home/emily/MMIP/week5/quiz1/data/query/frog/00073.png,frog,4,/home/emily/MMIP/week5/quiz1/data/gallery/frog/00784.png,frog,0.495676
/home/emily/MMIP/week5/quiz1/data/query/frog/00073.png,frog,5,/home/emily/MMIP/week5/quiz1/data/gallery/frog/00320.png,frog,0.487894
/home/emily/MMIP/week5/quiz1/data/query/frog/00074.png,frog,1,/home/emily/MMIP/week5/quiz1/data/gallery/frog/00558.png,frog,0.580776
/home/emily/MMIP/week5/quiz1/data/query/frog/00074.png,frog,2,/home/emily/MMIP/week5/quiz1/data/gallery/frog/00179.png,frog,0.574419
/home/emily/MMIP/week5/quiz1/data/query/frog/00074.png,frog,3,/home/emily/MMIP/week5/quiz1/data/gallery/frog/00784.png,frog,0.573626
/home/emily/MMIP/week5/quiz1/data/query/frog/00074.png,frog,4,/home/emily/MMIP/week5/quiz1/data/gallery/frog/00318.png,frog,0.541082
/home/emily/MMIP/week5/quiz1/data/query/frog/00074.png,frog,5,/home/emily/MMIP/week5/quiz1/data/gallery/dog/00919.png,dog,0.535624
/home/emily/MMIP/week5/quiz1/data/query/frog/00075.png,frog,1,/home/emily/MMIP/week5/quiz1/data/gallery/frog/00165.png,frog,0.682573
/home/emily/MMIP/week5/quiz1/data/query/frog/00075.png,frog,2,/home/emily/MMIP/week5/quiz1/data/gallery/frog/00240.png,frog,0.670803
/home/emily/MMIP/week5/quiz1/data/query/frog/00075.png,frog,3,/home/emily/MMIP/week5/quiz1/data/gallery/frog/00740.png,frog,0.667896
/home/emily/MMIP/week5/quiz1/data/query/frog/00075.png,frog,4,/home/emily/MMIP/week5/quiz1/data/gallery/frog/00763.png,frog,0.662692
/home/emily/MMIP/week5/quiz1/data/query/frog/00075.png,frog,5,/home/emily/MMIP/week5/quiz1/data/gallery/frog/00839.png,frog,0.635658
/home/emily/MMIP/week5/quiz1/data/query/frog/00076.png,frog,1,/home/emily/MMIP/week5/quiz1/data/gallery/frog/00697.png,frog,0.755007
/home/emily/MMIP/week5/quiz1/data/query/frog/00076.png,frog,2,/home/emily/MMIP/week5/quiz1/data/gallery/frog/00764.png,frog,0.731016
/home/emily/MMIP/week5/quiz1/data/query/frog/00076.png,frog,3,/home/emily/MMIP/week5/quiz1/data/gallery/frog/00162.png,frog,0.709992
/home/emily/MMIP/week5/quiz1/data/query/frog/00076.png,frog,4,/home/emily/MMIP/week5/quiz1/data/gallery/frog/00682.png,frog,0.698721
/home/emily/MMIP/week5/quiz1/data/query/frog/00076.png,frog,5,/home/emily/MMIP/week5/quiz1/data/gallery/frog/00973.png,frog,0.697169
/home/emily/MMIP/week5/quiz1/data/query/frog/00077.png,frog,1,/home/emily/MMIP/week5/quiz1/data/gallery/frog/00239.png,frog,0.731489
/home/emily/MMIP/week5/quiz1/data/query/frog/00077.png,frog,2,/home/emily/MMIP/week5/quiz1/data/gallery/frog/00252.png,frog,0.680761
/home/emily/MMIP/week5/quiz1/data/query/frog/00077.png,frog,3,/home/emily/MMIP/week5/quiz1/data/gallery/frog/00658.png,frog,0.676673
/home/emily/MMIP/week5/quiz1/data/query/frog/00077.png,frog,4,/home/emily/MMIP/week5/quiz1/data/gallery/frog/00934.png,frog,0.635109
/home/emily/MMIP/week5/quiz1/data/query/frog/00077.png,frog,5,/home/emily/MMIP/week5/quiz1/data/gallery/cat/00506.png,cat,0.631218
/home/emily/MMIP/week5/quiz1/data/query/frog/00078.png,frog,1,/home/emily/MMIP/week5/quiz1/data/gallery/frog/00678.png,frog,0.735092
/home/emily/MMIP/week5/quiz1/data/query/frog/00078.png,frog,2,/home/emily/MMIP/week5/quiz1/data/gallery/frog/00520.png,frog,0.732703
/home/emily/MMIP/week5/quiz1/data/query/frog/00078.png,frog,3,/home/emily/MMIP/week5/quiz1/data/gallery/frog/00769.png,frog,0.721987
/home/emily/MMIP/week5/quiz1/data/query/frog/00078.png,frog,4,/home/emily/MMIP/week5/quiz1/data/gallery/frog/00020.png,frog,0.712697
/home/emily/MMIP/week5/quiz1/data/query/frog/00078.png,frog,5,/home/emily/MMIP/week5/quiz1/data/gallery/frog/00036.png,frog,0.707326
/home/emily/MMIP/week5/quiz1/data/query/frog/00079.png,frog,1,/home/emily/MMIP/week5/quiz1/data/gallery/frog/00039.png,frog,0.587891
/home/emily/MMIP/week5/quiz1/data/query/frog/00079.png,frog,2,/home/emily/MMIP/week5/quiz1/data/gallery/frog/00007.png,frog,0.556002
/home/emily/MMIP/week5/quiz1/data/query/frog/00079.png,frog,3,/home/emily/MMIP/week5/quiz1/data/gallery/frog/00952.png,frog,0.541903
/home/emily/MMIP/week5/quiz1/data/query/frog/00079.png,frog,4,/home/emily/MMIP/week5/quiz1/data/gallery/frog/00339.png,frog,0.541809
/home/emily/MMIP/week5/quiz1/data/query/frog/00079.png,frog,5,/home/emily/MMIP/week5/quiz1/data/gallery/frog/00937.png,frog,0.537693
/home/emily/MMIP/week5/quiz1/data/query/frog/00080.png,frog,1,/home/emily/MMIP/week5/quiz1/data/gallery/frog/00511.png,frog,0.793265
/home/emily/MMIP/week5/quiz1/data/query/frog/00080.png,frog,2,/home/emily/MMIP/week5/quiz1/data/gallery/frog/00415.png,frog,0.764510
/home/emily/MMIP/week5/quiz1/data/query/frog/00080.png,frog,3,/home/emily/MMIP/week5/quiz1/data/gallery/frog/00342.png,frog,0.735126
/home/emily/MMIP/week5/quiz1/data/query/frog/00080.png,frog,4,/home/emily/MMIP/week5/quiz1/data/gallery/frog/00856.png,frog,0.733367
/home/emily/MMIP/week5/quiz1/data/query/frog/00080.png,frog,5,/home/emily/MMIP/week5/quiz1/data/gallery/frog/00176.png,frog,0.724810
/home/emily/MMIP/week5/quiz1/data/query/frog/00081.png,frog,1,/home/emily/MMIP/week5/quiz1/data/gallery/frog/00828.png,frog,0.649698
/home/emily/MMIP/week5/quiz1/data/query/frog/00081.png,frog,2,/home/emily/MMIP/week5/quiz1/data/gallery/frog/00226.png,frog,0.625614
/home/emily/MMIP/week5/quiz1/data/query/frog/00081.png,frog,3,/home/emily/MMIP/week5/quiz1/data/gallery/frog/00045.png,frog,0.614898
/home/emily/MMIP/week5/quiz1/data/query/frog/00081.png,frog,4,/home/emily/MMIP/week5/quiz1/data/gallery/frog/00797.png,frog,0.605408
/home/emily/MMIP/week5/quiz1/data/query/frog/00081.png,frog,5,/home/emily/MMIP/week5/quiz1/data/gallery/frog/00080.png,frog,0.592478
/home/emily/MMIP/week5/quiz1/data/query/frog/00082.png,frog,1,/home/emily/MMIP/week5/quiz1/data/gallery/frog/00558.png,frog,0.554601
/home/emily/MMIP/week5/quiz1/data/query/frog/00082.png,frog,2,/home/emily/MMIP/week5/quiz1/data/gallery/frog/00594.png,frog,0.533667
/home/emily/MMIP/week5/quiz1/data/query/frog/00082.png,frog,3,/home/emily/MMIP/week5/quiz1/data/gallery/frog/00461.png,frog,0.525274
/home/emily/MMIP/week5/quiz1/data/query/frog/00082.png,frog,4,/home/emily/MMIP/week5/quiz1/data/gallery/frog/00591.png,frog,0.518121
/home/emily/MMIP/week5/quiz1/data/query/frog/00082.png,frog,5,/home/emily/MMIP/week5/quiz1/data/gallery/frog/00142.png,frog,0.517771
/home/emily/MMIP/week5/quiz1/data/query/frog/00083.png,frog,1,/home/emily/MMIP/week5/quiz1/data/gallery/frog/00454.png,frog,0.687255
/home/emily/MMIP/week5/quiz1/data/query/frog/00083.png,frog,2,/home/emily/MMIP/week5/quiz1/data/gallery/frog/00190.png,frog,0.649188
/home/emily/MMIP/week5/quiz1/data/query/frog/00083.png,frog,3,/home/emily/MMIP/week5/quiz1/data/gallery/frog/00243.png,frog,0.630822
/home/emily/MMIP/week5/quiz1/data/query/frog/00083.png,frog,4,/home/emily/MMIP/week5/quiz1/data/gallery/frog/00469.png,frog,0.625858
/home/emily/MMIP/week5/quiz1/data/query/frog/00083.png,frog,5,/home/emily/MMIP/week5/quiz1/data/gallery/frog/00936.png,frog,0.625601
/home/emily/MMIP/week5/quiz1/data/query/frog/00084.png,frog,1,/home/emily/MMIP/week5/quiz1/data/gallery/deer/00452.png,deer,0.548794
/home/emily/MMIP/week5/quiz1/data/query/frog/00084.png,frog,2,/home/emily/MMIP/week5/quiz1/data/gallery/deer/00064.png,deer,0.518904
/home/emily/MMIP/week5/quiz1/data/query/frog/00084.png,frog,3,/home/emily/MMIP/week5/quiz1/data/gallery/frog/00332.png,frog,0.493094
/home/emily/MMIP/week5/quiz1/data/query/frog/00084.png,frog,4,/home/emily/MMIP/week5/quiz1/data/gallery/deer/00587.png,deer,0.492846
/home/emily/MMIP/week5/quiz1/data/query/frog/00084.png,frog,5,/home/emily/MMIP/week5/quiz1/data/gallery/frog/00955.png,frog,0.488390
/home/emily/MMIP/week5/quiz1/data/query/frog/00085.png,frog,1,/home/emily/MMIP/week5/quiz1/data/gallery/dog/00279.png,dog,0.545331
/home/emily/MMIP/week5/quiz1/data/query/frog/00085.png,frog,2,/home/emily/MMIP/week5/quiz1/data/gallery/frog/00447.png,frog,0.543337
/home/emily/MMIP/week5/quiz1/data/query/frog/00085.png,frog,3,/home/emily/MMIP/week5/quiz1/data/gallery/frog/00557.png,frog,0.538481
/home/emily/MMIP/week5/quiz1/data/query/frog/00085.png,frog,4,/home/emily/MMIP/week5/quiz1/data/gallery/deer/00245.png,deer,0.530831
/home/emily/MMIP/week5/quiz1/data/query/frog/00085.png,frog,5,/home/emily/MMIP/week5/quiz1/data/gallery/bird/00600.png,bird,0.518610
/home/emily/MMIP/week5/quiz1/data/query/frog/00086.png,frog,1,/home/emily/MMIP/week5/quiz1/data/gallery/frog/00404.png,frog,0.771249
/home/emily/MMIP/week5/quiz1/data/query/frog/00086.png,frog,2,/home/emily/MMIP/week5/quiz1/data/gallery/frog/00111.png,frog,0.762846
/home/emily/MMIP/week5/quiz1/data/query/frog/00086.png,frog,3,/home/emily/MMIP/week5/quiz1/data/gallery/frog/00098.png,frog,0.722249
/home/emily/MMIP/week5/quiz1/data/query/frog/00086.png,frog,4,/home/emily/MMIP/week5/quiz1/data/gallery/frog/00315.png,frog,0.692250
/home/emily/MMIP/week5/quiz1/data/query/frog/00086.png,frog,5,/home/emily/MMIP/week5/quiz1/data/gallery/frog/00963.png,frog,0.691851
/home/emily/MMIP/week5/quiz1/data/query/frog/00087.png,frog,1,/home/emily/MMIP/week5/quiz1/data/gallery/frog/00717.png,frog,0.618323
/home/emily/MMIP/week5/quiz1/data/query/frog/00087.png,frog,2,/home/emily/MMIP/week5/quiz1/data/gallery/frog/00506.png,frog,0.599301
/home/emily/MMIP/week5/quiz1/data/query/frog/00087.png,frog,3,/home/emily/MMIP/week5/quiz1/data/gallery/frog/00156.png,frog,0.598794
/home/emily/MMIP/week5/quiz1/data/query/frog/00087.png,frog,4,/home/emily/MMIP/week5/quiz1/data/gallery/frog/00054.png,frog,0.585587
/home/emily/MMIP/week5/quiz1/data/query/frog/00087.png,frog,5,/home/emily/MMIP/week5/quiz1/data/gallery/frog/00432.png,frog,0.581607
/home/emily/MMIP/week5/quiz1/data/query/frog/00088.png,frog,1,/home/emily/MMIP/week5/quiz1/data/gallery/frog/00882.png,frog,0.578182
/home/emily/MMIP/week5/quiz1/data/query/frog/00088.png,frog,2,/home/emily/MMIP/week5/quiz1/data/gallery/frog/00860.png,frog,0.572045
/home/emily/MMIP/week5/quiz1/data/query/frog/00088.png,frog,3,/home/emily/MMIP/week5/quiz1/data/gallery/frog/00446.png,frog,0.571379
/home/emily/MMIP/week5/quiz1/data/query/frog/00088.png,frog,4,/home/emily/MMIP/week5/quiz1/data/gallery/frog/00141.png,frog,0.566860
/home/emily/MMIP/week5/quiz1/data/query/frog/00088.png,frog,5,/home/emily/MMIP/week5/quiz1/data/gallery/frog/00978.png,frog,0.553885
/home/emily/MMIP/week5/quiz1/data/query/frog/00089.png,frog,1,/home/emily/MMIP/week5/quiz1/data/gallery/frog/00336.png,frog,0.608567
/home/emily/MMIP/week5/quiz1/data/query/frog/00089.png,frog,2,/home/emily/MMIP/week5/quiz1/data/gallery/frog/00126.png,frog,0.599529
/home/emily/MMIP/week5/quiz1/data/query/frog/00089.png,frog,3,/home/emily/MMIP/week5/quiz1/data/gallery/frog/00080.png,frog,0.595228
/home/emily/MMIP/week5/quiz1/data/query/frog/00089.png,frog,4,/home/emily/MMIP/week5/quiz1/data/gallery/frog/00220.png,frog,0.591894
/home/emily/MMIP/week5/quiz1/data/query/frog/00089.png,frog,5,/home/emily/MMIP/week5/quiz1/data/gallery/frog/00070.png,frog,0.564774
/home/emily/MMIP/week5/quiz1/data/query/frog/00090.png,frog,1,/home/emily/MMIP/week5/quiz1/data/gallery/frog/00756.png,frog,0.601620
/home/emily/MMIP/week5/quiz1/data/query/frog/00090.png,frog,2,/home/emily/MMIP/week5/quiz1/data/gallery/airplane/00198.png,airplane,0.566774
/home/emily/MMIP/week5/quiz1/data/query/frog/00090.png,frog,3,/home/emily/MMIP/week5/quiz1/data/gallery/frog/00644.png,frog,0.563488
/home/emily/MMIP/week5/quiz1/data/query/frog/00090.png,frog,4,/home/emily/MMIP/week5/quiz1/data/gallery/frog/00427.png,frog,0.562416
/home/emily/MMIP/week5/quiz1/data/query/frog/00090.png,frog,5,/home/emily/MMIP/week5/quiz1/data/gallery/airplane/00553.png,airplane,0.539889
/home/emily/MMIP/week5/quiz1/data/query/frog/00091.png,frog,1,/home/emily/MMIP/week5/quiz1/data/gallery/frog/00366.png,frog,0.601577
/home/emily/MMIP/week5/quiz1/data/query/frog/00091.png,frog,2,/home/emily/MMIP/week5/quiz1/data/gallery/frog/00501.png,frog,0.593335
/home/emily/MMIP/week5/quiz1/data/query/frog/00091.png,frog,3,/home/emily/MMIP/week5/quiz1/data/gallery/frog/00994.png,frog,0.582756
/home/emily/MMIP/week5/quiz1/data/query/frog/00091.png,frog,4,/home/emily/MMIP/week5/quiz1/data/gallery/frog/00681.png,frog,0.577487
/home/emily/MMIP/week5/quiz1/data/query/frog/00091.png,frog,5,/home/emily/MMIP/week5/quiz1/data/gallery/frog/00948.png,frog,0.575495
/home/emily/MMIP/week5/quiz1/data/query/frog/00092.png,frog,1,/home/emily/MMIP/week5/quiz1/data/gallery/frog/00620.png,frog,0.751142
/home/emily/MMIP/week5/quiz1/data/query/frog/00092.png,frog,2,/home/emily/MMIP/week5/quiz1/data/gallery/frog/00002.png,frog,0.720360
/home/emily/MMIP/week5/quiz1/data/query/frog/00092.png,frog,3,/home/emily/MMIP/week5/quiz1/data/gallery/frog/00856.png,frog,0.712802
/home/emily/MMIP/week5/quiz1/data/query/frog/00092.png,frog,4,/home/emily/MMIP/week5/quiz1/data/gallery/frog/00853.png,frog,0.702628
/home/emily/MMIP/week5/quiz1/data/query/frog/00092.png,frog,5,/home/emily/MMIP/week5/quiz1/data/gallery/frog/00928.png,frog,0.697899
/home/emily/MMIP/week5/quiz1/data/query/frog/00093.png,frog,1,/home/emily/MMIP/week5/quiz1/data/gallery/frog/00234.png,frog,0.718788
/home/emily/MMIP/week5/quiz1/data/query/frog/00093.png,frog,2,/home/emily/MMIP/week5/quiz1/data/gallery/frog/00165.png,frog,0.700616
/home/emily/MMIP/week5/quiz1/data/query/frog/00093.png,frog,3,/home/emily/MMIP/week5/quiz1/data/gallery/frog/00740.png,frog,0.685926
/home/emily/MMIP/week5/quiz1/data/query/frog/00093.png,frog,4,/home/emily/MMIP/week5/quiz1/data/gallery/frog/00520.png,frog,0.676255
/home/emily/MMIP/week5/quiz1/data/query/frog/00093.png,frog,5,/home/emily/MMIP/week5/quiz1/data/gallery/frog/00024.png,frog,0.669924
/home/emily/MMIP/week5/quiz1/data/query/frog/00094.png,frog,1,/home/emily/MMIP/week5/quiz1/data/gallery/frog/00240.png,frog,0.691416
/home/emily/MMIP/week5/quiz1/data/query/frog/00094.png,frog,2,/home/emily/MMIP/week5/quiz1/data/gallery/frog/00750.png,frog,0.673176
/home/emily/MMIP/week5/quiz1/data/query/frog/00094.png,frog,3,/home/emily/MMIP/week5/quiz1/data/gallery/frog/00995.png,frog,0.668324
/home/emily/MMIP/week5/quiz1/data/query/frog/00094.png,frog,4,/home/emily/MMIP/week5/quiz1/data/gallery/frog/00449.png,frog,0.653105
/home/emily/MMIP/week5/quiz1/data/query/frog/00094.png,frog,5,/home/emily/MMIP/week5/quiz1/data/gallery/frog/00678.png,frog,0.651585
/home/emily/MMIP/week5/quiz1/data/query/frog/00095.png,frog,1,/home/emily/MMIP/week5/quiz1/data/gallery/cat/00009.png,cat,0.651749
/home/emily/MMIP/week5/quiz1/data/query/frog/00095.png,frog,2,/home/emily/MMIP/week5/quiz1/data/gallery/frog/00971.png,frog,0.629481
/home/emily/MMIP/week5/quiz1/data/query/frog/00095.png,frog,3,/home/emily/MMIP/week5/quiz1/data/gallery/frog/00142.png,frog,0.617410
/home/emily/MMIP/week5/quiz1/data/query/frog/00095.png,frog,4,/home/emily/MMIP/week5/quiz1/data/gallery/frog/00751.png,frog,0.609402
/home/emily/MMIP/week5/quiz1/data/query/frog/00095.png,frog,5,/home/emily/MMIP/week5/quiz1/data/gallery/frog/00193.png,frog,0.602890
/home/emily/MMIP/week5/quiz1/data/query/frog/00096.png,frog,1,/home/emily/MMIP/week5/quiz1/data/gallery/frog/00731.png,frog,0.634514
/home/emily/MMIP/week5/quiz1/data/query/frog/00096.png,frog,2,/home/emily/MMIP/week5/quiz1/data/gallery/frog/00786.png,frog,0.630720
/home/emily/MMIP/week5/quiz1/data/query/frog/00096.png,frog,3,/home/emily/MMIP/week5/quiz1/data/gallery/frog/00928.png,frog,0.624672
/home/emily/MMIP/week5/quiz1/data/query/frog/00096.png,frog,4,/home/emily/MMIP/week5/quiz1/data/gallery/frog/00276.png,frog,0.600084
/home/emily/MMIP/week5/quiz1/data/query/frog/00096.png,frog,5,/home/emily/MMIP/week5/quiz1/data/gallery/frog/00106.png,frog,0.599065
/home/emily/MMIP/week5/quiz1/data/query/frog/00097.png,frog,1,/home/emily/MMIP/week5/quiz1/data/gallery/frog/00879.png,frog,0.703346
/home/emily/MMIP/week5/quiz1/data/query/frog/00097.png,frog,2,/home/emily/MMIP/week5/quiz1/data/gallery/frog/00945.png,frog,0.702297
/home/emily/MMIP/week5/quiz1/data/query/frog/00097.png,frog,3,/home/emily/MMIP/week5/quiz1/data/gallery/frog/00185.png,frog,0.689538
/home/emily/MMIP/week5/quiz1/data/query/frog/00097.png,frog,4,/home/emily/MMIP/week5/quiz1/data/gallery/frog/00209.png,frog,0.675270
/home/emily/MMIP/week5/quiz1/data/query/frog/00097.png,frog,5,/home/emily/MMIP/week5/quiz1/data/gallery/frog/00547.png,frog,0.640151
/home/emily/MMIP/week5/quiz1/data/query/frog/00098.png,frog,1,/home/emily/MMIP/week5/quiz1/data/gallery/frog/00565.png,frog,0.798390
/home/emily/MMIP/week5/quiz1/data/query/frog/00098.png,frog,2,/home/emily/MMIP/week5/quiz1/data/gallery/frog/00789.png,frog,0.741585
/home/emily/MMIP/week5/quiz1/data/query/frog/00098.png,frog,3,/home/emily/MMIP/week5/quiz1/data/gallery/frog/00062.png,frog,0.739954
/home/emily/MMIP/week5/quiz1/data/query/frog/00098.png,frog,4,/home/emily/MMIP/week5/quiz1/data/gallery/frog/00849.png,frog,0.722538
/home/emily/MMIP/week5/quiz1/data/query/frog/00098.png,frog,5,/home/emily/MMIP/week5/quiz1/data/gallery/frog/00667.png,frog,0.721640
/home/emily/MMIP/week5/quiz1/data/query/frog/00099.png,frog,1,/home/emily/MMIP/week5/quiz1/data/gallery/frog/00372.png,frog,0.662540
/home/emily/MMIP/week5/quiz1/data/query/frog/00099.png,frog,2,/home/emily/MMIP/week5/quiz1/data/gallery/frog/00909.png,frog,0.598441
/home/emily/MMIP/week5/quiz1/data/query/frog/00099.png,frog,3,/home/emily/MMIP/week5/quiz1/data/gallery/frog/00836.png,frog,0.572056
/home/emily/MMIP/week5/quiz1/data/query/frog/00099.png,frog,4,/home/emily/MMIP/week5/quiz1/data/gallery/frog/00685.png,frog,0.563708
/home/emily/MMIP/week5/quiz1/data/query/frog/00099.png,frog,5,/home/emily/MMIP/week5/quiz1/data/gallery/frog/00765.png,frog,0.561545
/home/emily/MMIP/week5/quiz1/data/query/horse/00000.png,horse,1,/home/emily/MMIP/week5/quiz1/data/gallery/horse/00554.png,horse,0.622896
/home/emily/MMIP/week5/quiz1/data/query/horse/00000.png,horse,2,/home/emily/MMIP/week5/quiz1/data/gallery/horse/00374.png,horse,0.615195
/home/emily/MMIP/week5/quiz1/data/query/horse/00000.png,horse,3,/home/emily/MMIP/week5/quiz1/data/gallery/horse/00139.png,horse,0.581220
/home/emily/MMIP/week5/quiz1/data/query/horse/00000.png,horse,4,/home/emily/MMIP/week5/quiz1/data/gallery/horse/00548.png,horse,0.546127
/home/emily/MMIP/week5/quiz1/data/query/horse/00000.png,horse,5,/home/emily/MMIP/week5/quiz1/data/gallery/horse/00941.png,horse,0.545965
/home/emily/MMIP/week5/quiz1/data/query/horse/00001.png,horse,1,/home/emily/MMIP/week5/quiz1/data/gallery/horse/00458.png,horse,0.841605
/home/emily/MMIP/week5/quiz1/data/query/horse/00001.png,horse,2,/home/emily/MMIP/week5/quiz1/data/gallery/horse/00798.png,horse,0.831013
/home/emily/MMIP/week5/quiz1/data/query/horse/00001.png,horse,3,/home/emily/MMIP/week5/quiz1/data/gallery/horse/00826.png,horse,0.829898
/home/emily/MMIP/week5/quiz1/data/query/horse/00001.png,horse,4,/home/emily/MMIP/week5/quiz1/data/gallery/horse/00302.png,horse,0.828075
/home/emily/MMIP/week5/quiz1/data/query/horse/00001.png,horse,5,/home/emily/MMIP/week5/quiz1/data/gallery/horse/00761.png,horse,0.815793
/home/emily/MMIP/week5/quiz1/data/query/horse/00002.png,horse,1,/home/emily/MMIP/week5/quiz1/data/gallery/horse/00988.png,horse,0.600222
/home/emily/MMIP/week5/quiz1/data/query/horse/00002.png,horse,2,/home/emily/MMIP/week5/quiz1/data/gallery/horse/00526.png,horse,0.580152
/home/emily/MMIP/week5/quiz1/data/query/horse/00002.png,horse,3,/home/emily/MMIP/week5/quiz1/data/gallery/horse/00508.png,horse,0.577947
/home/emily/MMIP/week5/quiz1/data/query/horse/00002.png,horse,4,/home/emily/MMIP/week5/quiz1/data/gallery/horse/00577.png,horse,0.569772
/home/emily/MMIP/week5/quiz1/data/query/horse/00002.png,horse,5,/home/emily/MMIP/week5/quiz1/data/gallery/horse/00474.png,horse,0.565701
/home/emily/MMIP/week5/quiz1/data/query/horse/00003.png,horse,1,/home/emily/MMIP/week5/quiz1/data/gallery/horse/00243.png,horse,0.934406
/home/emily/MMIP/week5/quiz1/data/query/horse/00003.png,horse,2,/home/emily/MMIP/week5/quiz1/data/gallery/horse/00838.png,horse,0.932100
/home/emily/MMIP/week5/quiz1/data/query/horse/00003.png,horse,3,/home/emily/MMIP/week5/quiz1/data/gallery/horse/00734.png,horse,0.928926
/home/emily/MMIP/week5/quiz1/data/query/horse/00003.png,horse,4,/home/emily/MMIP/week5/quiz1/data/gallery/horse/00184.png,horse,0.927865
/home/emily/MMIP/week5/quiz1/data/query/horse/00003.png,horse,5,/home/emily/MMIP/week5/quiz1/data/gallery/horse/00336.png,horse,0.925909
/home/emily/MMIP/week5/quiz1/data/query/horse/00004.png,horse,1,/home/emily/MMIP/week5/quiz1/data/gallery/horse/00567.png,horse,0.624405
/home/emily/MMIP/week5/quiz1/data/query/horse/00004.png,horse,2,/home/emily/MMIP/week5/quiz1/data/gallery/horse/00222.png,horse,0.613896
/home/emily/MMIP/week5/quiz1/data/query/horse/00004.png,horse,3,/home/emily/MMIP/week5/quiz1/data/gallery/horse/00577.png,horse,0.608998
/home/emily/MMIP/week5/quiz1/data/query/horse/00004.png,horse,4,/home/emily/MMIP/week5/quiz1/data/gallery/horse/00935.png,horse,0.606046
/home/emily/MMIP/week5/quiz1/data/query/horse/00004.png,horse,5,/home/emily/MMIP/week5/quiz1/data/gallery/horse/00676.png,horse,0.600411
/home/emily/MMIP/week5/quiz1/data/query/horse/00005.png,horse,1,/home/emily/MMIP/week5/quiz1/data/gallery/cat/00785.png,cat,0.591127
/home/emily/MMIP/week5/quiz1/data/query/horse/00005.png,horse,2,/home/emily/MMIP/week5/quiz1/data/gallery/cat/00362.png,cat,0.588614
/home/emily/MMIP/week5/quiz1/data/query/horse/00005.png,horse,3,/home/emily/MMIP/week5/quiz1/data/gallery/cat/00202.png,cat,0.536444
/home/emily/MMIP/week5/quiz1/data/query/horse/00005.png,horse,4,/home/emily/MMIP/week5/quiz1/data/gallery/cat/00111.png,cat,0.534396
/home/emily/MMIP/week5/quiz1/data/query/horse/00005.png,horse,5,/home/emily/MMIP/week5/quiz1/data/gallery/cat/00303.png,cat,0.529943
/home/emily/MMIP/week5/quiz1/data/query/horse/00006.png,horse,1,/home/emily/MMIP/week5/quiz1/data/gallery/horse/00195.png,horse,0.868196
/home/emily/MMIP/week5/quiz1/data/query/horse/00006.png,horse,2,/home/emily/MMIP/week5/quiz1/data/gallery/horse/00628.png,horse,0.836889
/home/emily/MMIP/week5/quiz1/data/query/horse/00006.png,horse,3,/home/emily/MMIP/week5/quiz1/data/gallery/horse/00751.png,horse,0.830833
/home/emily/MMIP/week5/quiz1/data/query/horse/00006.png,horse,4,/home/emily/MMIP/week5/quiz1/data/gallery/horse/00000.png,horse,0.823576
/home/emily/MMIP/week5/quiz1/data/query/horse/00006.png,horse,5,/home/emily/MMIP/week5/quiz1/data/gallery/horse/00757.png,horse,0.818990
/home/emily/MMIP/week5/quiz1/data/query/horse/00007.png,horse,1,/home/emily/MMIP/week5/quiz1/data/gallery/horse/00805.png,horse,0.728572
/home/emily/MMIP/week5/quiz1/data/query/horse/00007.png,horse,2,/home/emily/MMIP/week5/quiz1/data/gallery/horse/00015.png,horse,0.728175
/home/emily/MMIP/week5/quiz1/data/query/horse/00007.png,horse,3,/home/emily/MMIP/week5/quiz1/data/gallery/horse/00472.png,horse,0.696240
/home/emily/MMIP/week5/quiz1/data/query/horse/00007.png,horse,4,/home/emily/MMIP/week5/quiz1/data/gallery/horse/00435.png,horse,0.691672
/home/emily/MMIP/week5/quiz1/data/query/horse/00007.png,horse,5,/home/emily/MMIP/week5/quiz1/data/gallery/horse/00862.png,horse,0.690158
/home/emily/MMIP/week5/quiz1/data/query/horse/00008.png,horse,1,/home/emily/MMIP/week5/quiz1/data/gallery/horse/00090.png,horse,0.678032
/home/emily/MMIP/week5/quiz1/data/query/horse/00008.png,horse,2,/home/emily/MMIP/week5/quiz1/data/gallery/deer/00432.png,deer,0.651670
/home/emily/MMIP/week5/quiz1/data/query/horse/00008.png,horse,3,/home/emily/MMIP/week5/quiz1/data/gallery/horse/00762.png,horse,0.617590
/home/emily/MMIP/week5/quiz1/data/query/horse/00008.png,horse,4,/home/emily/MMIP/week5/quiz1/data/gallery/horse/00483.png,horse,0.593670
/home/emily/MMIP/week5/quiz1/data/query/horse/00008.png,horse,5,/home/emily/MMIP/week5/quiz1/data/gallery/horse/00739.png,horse,0.586233
/home/emily/MMIP/week5/quiz1/data/query/horse/00009.png,horse,1,/home/emily/MMIP/week5/quiz1/data/gallery/horse/00899.png,horse,0.602857
/home/emily/MMIP/week5/quiz1/data/query/horse/00009.png,horse,2,/home/emily/MMIP/week5/quiz1/data/gallery/horse/00690.png,horse,0.598224
/home/emily/MMIP/week5/quiz1/data/query/horse/00009.png,horse,3,/home/emily/MMIP/week5/quiz1/data/gallery/horse/00106.png,horse,0.593914
/home/emily/MMIP/week5/quiz1/data/query/horse/00009.png,horse,4,/home/emily/MMIP/week5/quiz1/data/gallery/horse/00989.png,horse,0.592084
/home/emily/MMIP/week5/quiz1/data/query/horse/00009.png,horse,5,/home/emily/MMIP/week5/quiz1/data/gallery/horse/00315.png,horse,0.589359
/home/emily/MMIP/week5/quiz1/data/query/horse/00010.png,horse,1,/home/emily/MMIP/week5/quiz1/data/gallery/horse/00458.png,horse,0.808408
/home/emily/MMIP/week5/quiz1/data/query/horse/00010.png,horse,2,/home/emily/MMIP/week5/quiz1/data/gallery/horse/00798.png,horse,0.797331
/home/emily/MMIP/week5/quiz1/data/query/horse/00010.png,horse,3,/home/emily/MMIP/week5/quiz1/data/gallery/horse/00099.png,horse,0.788554
/home/emily/MMIP/week5/quiz1/data/query/horse/00010.png,horse,4,/home/emily/MMIP/week5/quiz1/data/gallery/horse/00711.png,horse,0.783643
/home/emily/MMIP/week5/quiz1/data/query/horse/00010.png,horse,5,/home/emily/MMIP/week5/quiz1/data/gallery/horse/00785.png,horse,0.762515
/home/emily/MMIP/week5/quiz1/data/query/horse/00011.png,horse,1,/home/emily/MMIP/week5/quiz1/data/gallery/horse/00191.png,horse,0.712153
/home/emily/MMIP/week5/quiz1/data/query/horse/00011.png,horse,2,/home/emily/MMIP/week5/quiz1/data/gallery/horse/00305.png,horse,0.705828
/home/emily/MMIP/week5/quiz1/data/query/horse/00011.png,horse,3,/home/emily/MMIP/week5/quiz1/data/gallery/dog/00059.png,dog,0.667119
/home/emily/MMIP/week5/quiz1/data/query/horse/00011.png,horse,4,/home/emily/MMIP/week5/quiz1/data/gallery/horse/00157.png,horse,0.651716
/home/emily/MMIP/week5/quiz1/data/query/horse/00011.png,horse,5,/home/emily/MMIP/week5/quiz1/data/gallery/dog/00175.png,dog,0.594906
/home/emily/MMIP/week5/quiz1/data/query/horse/00012.png,horse,1,/home/emily/MMIP/week5/quiz1/data/gallery/horse/00312.png,horse,0.632322
/home/emily/MMIP/week5/quiz1/data/query/horse/00012.png,horse,2,/home/emily/MMIP/week5/quiz1/data/gallery/horse/00231.png,horse,0.619699
/home/emily/MMIP/week5/quiz1/data/query/horse/00012.png,horse,3,/home/emily/MMIP/week5/quiz1/data/gallery/horse/00797.png,horse,0.573263
/home/emily/MMIP/week5/quiz1/data/query/horse/00012.png,horse,4,/home/emily/MMIP/week5/quiz1/data/gallery/horse/00482.png,horse,0.571144
/home/emily/MMIP/week5/quiz1/data/query/horse/00012.png,horse,5,/home/emily/MMIP/week5/quiz1/data/gallery/horse/00758.png,horse,0.568953
/home/emily/MMIP/week5/quiz1/data/query/horse/00013.png,horse,1,/home/emily/MMIP/week5/quiz1/data/gallery/horse/00028.png,horse,0.662890
/home/emily/MMIP/week5/quiz1/data/query/horse/00013.png,horse,2,/home/emily/MMIP/week5/quiz1/data/gallery/horse/00318.png,horse,0.583241
/home/emily/MMIP/week5/quiz1/data/query/horse/00013.png,horse,3,/home/emily/MMIP/week5/quiz1/data/gallery/horse/00333.png,horse,0.570823
/home/emily/MMIP/week5/quiz1/data/query/horse/00013.png,horse,4,/home/emily/MMIP/week5/quiz1/data/gallery/horse/00804.png,horse,0.567488
/home/emily/MMIP/week5/quiz1/data/query/horse/00013.png,horse,5,/home/emily/MMIP/week5/quiz1/data/gallery/horse/00346.png,horse,0.566095
/home/emily/MMIP/week5/quiz1/data/query/horse/00014.png,horse,1,/home/emily/MMIP/week5/quiz1/data/gallery/horse/00469.png,horse,0.518274
/home/emily/MMIP/week5/quiz1/data/query/horse/00014.png,horse,2,/home/emily/MMIP/week5/quiz1/data/gallery/horse/00746.png,horse,0.498912
/home/emily/MMIP/week5/quiz1/data/query/horse/00014.png,horse,3,/home/emily/MMIP/week5/quiz1/data/gallery/horse/00350.png,horse,0.487282
/home/emily/MMIP/week5/quiz1/data/query/horse/00014.png,horse,4,/home/emily/MMIP/week5/quiz1/data/gallery/horse/00490.png,horse,0.482908
/home/emily/MMIP/week5/quiz1/data/query/horse/00014.png,horse,5,/home/emily/MMIP/week5/quiz1/data/gallery/bird/00482.png,bird,0.478186
/home/emily/MMIP/week5/quiz1/data/query/horse/00015.png,horse,1,/home/emily/MMIP/week5/quiz1/data/gallery/horse/00322.png,horse,0.747034
/home/emily/MMIP/week5/quiz1/data/query/horse/00015.png,horse,2,/home/emily/MMIP/week5/quiz1/data/gallery/horse/00281.png,horse,0.743777
/home/emily/MMIP/week5/quiz1/data/query/horse/00015.png,horse,3,/home/emily/MMIP/week5/quiz1/data/gallery/horse/00199.png,horse,0.741691
/home/emily/MMIP/week5/quiz1/data/query/horse/00015.png,horse,4,/home/emily/MMIP/week5/quiz1/data/gallery/horse/00161.png,horse,0.726783
/home/emily/MMIP/week5/quiz1/data/query/horse/00015.png,horse,5,/home/emily/MMIP/week5/quiz1/data/gallery/horse/00972.png,horse,0.723082
/home/emily/MMIP/week5/quiz1/data/query/horse/00016.png,horse,1,/home/emily/MMIP/week5/quiz1/data/gallery/horse/00140.png,horse,0.581907
/home/emily/MMIP/week5/quiz1/data/query/horse/00016.png,horse,2,/home/emily/MMIP/week5/quiz1/data/gallery/horse/00115.png,horse,0.579690
/home/emily/MMIP/week5/quiz1/data/query/horse/00016.png,horse,3,/home/emily/MMIP/week5/quiz1/data/gallery/horse/00744.png,horse,0.555456
/home/emily/MMIP/week5/quiz1/data/query/horse/00016.png,horse,4,/home/emily/MMIP/week5/quiz1/data/gallery/horse/00073.png,horse,0.536138
/home/emily/MMIP/week5/quiz1/data/query/horse/00016.png,horse,5,/home/emily/MMIP/week5/quiz1/data/gallery/horse/00089.png,horse,0.529420
/home/emily/MMIP/week5/quiz1/data/query/horse/00017.png,horse,1,/home/emily/MMIP/week5/quiz1/data/gallery/horse/00808.png,horse,0.630067
/home/emily/MMIP/week5/quiz1/data/query/horse/00017.png,horse,2,/home/emily/MMIP/week5/quiz1/data/gallery/horse/00293.png,horse,0.623896
/home/emily/MMIP/week5/quiz1/data/query/horse/00017.png,horse,3,/home/emily/MMIP/week5/quiz1/data/gallery/horse/00248.png,horse,0.611074
/home/emily/MMIP/week5/quiz1/data/query/horse/00017.png,horse,4,/home/emily/MMIP/week5/quiz1/data/gallery/horse/00534.png,horse,0.581226
/home/emily/MMIP/week5/quiz1/data/query/horse/00017.png,horse,5,/home/emily/MMIP/week5/quiz1/data/gallery/horse/00038.png,horse,0.579753
/home/emily/MMIP/week5/quiz1/data/query/horse/00018.png,horse,1,/home/emily/MMIP/week5/quiz1/data/gallery/horse/00688.png,horse,0.607700
/home/emily/MMIP/week5/quiz1/data/query/horse/00018.png,horse,2,/home/emily/MMIP/week5/quiz1/data/gallery/horse/00136.png,horse,0.575829
/home/emily/MMIP/week5/quiz1/data/query/horse/00018.png,horse,3,/home/emily/MMIP/week5/quiz1/data/gallery/horse/00644.png,horse,0.574802
/home/emily/MMIP/week5/quiz1/data/query/horse/00018.png,horse,4,/home/emily/MMIP/week5/quiz1/data/gallery/horse/00077.png,horse,0.521351
/home/emily/MMIP/week5/quiz1/data/query/horse/00018.png,horse,5,/home/emily/MMIP/week5/quiz1/data/gallery/horse/00939.png,horse,0.516216
/home/emily/MMIP/week5/quiz1/data/query/horse/00019.png,horse,1,/home/emily/MMIP/week5/quiz1/data/gallery/horse/00902.png,horse,0.853084
/home/emily/MMIP/week5/quiz1/data/query/horse/00019.png,horse,2,/home/emily/MMIP/week5/quiz1/data/gallery/horse/00824.png,horse,0.844362
/home/emily/MMIP/week5/quiz1/data/query/horse/00019.png,horse,3,/home/emily/MMIP/week5/quiz1/data/gallery/horse/00392.png,horse,0.843013
/home/emily/MMIP/week5/quiz1/data/query/horse/00019.png,horse,4,/home/emily/MMIP/week5/quiz1/data/gallery/horse/00634.png,horse,0.839410
/home/emily/MMIP/week5/quiz1/data/query/horse/00019.png,horse,5,/home/emily/MMIP/week5/quiz1/data/gallery/horse/00699.png,horse,0.835004
/home/emily/MMIP/week5/quiz1/data/query/horse/00020.png,horse,1,/home/emily/MMIP/week5/quiz1/data/gallery/cat/00751.png,cat,0.624479
/home/emily/MMIP/week5/quiz1/data/query/horse/00020.png,horse,2,/home/emily/MMIP/week5/quiz1/data/gallery/deer/00926.png,deer,0.612307
/home/emily/MMIP/week5/quiz1/data/query/horse/00020.png,horse,3,/home/emily/MMIP/week5/quiz1/data/gallery/horse/00892.png,horse,0.590341
/home/emily/MMIP/week5/quiz1/data/query/horse/00020.png,horse,4,/home/emily/MMIP/week5/quiz1/data/gallery/deer/00366.png,deer,0.579615
/home/emily/MMIP/week5/quiz1/data/query/horse/00020.png,horse,5,/home/emily/MMIP/week5/quiz1/data/gallery/dog/00777.png,dog,0.578186
/home/emily/MMIP/week5/quiz1/data/query/horse/00021.png,horse,1,/home/emily/MMIP/week5/quiz1/data/gallery/horse/00745.png,horse,0.779263
/home/emily/MMIP/week5/quiz1/data/query/horse/00021.png,horse,2,/home/emily/MMIP/week5/quiz1/data/gallery/horse/00669.png,horse,0.768550
/home/emily/MMIP/week5/quiz1/data/query/horse/00021.png,horse,3,/home/emily/MMIP/week5/quiz1/data/gallery/horse/00063.png,horse,0.760455
/home/emily/MMIP/week5/quiz1/data/query/horse/00021.png,horse,4,/home/emily/MMIP/week5/quiz1/data/gallery/horse/00685.png,horse,0.742771
/home/emily/MMIP/week5/quiz1/data/query/horse/00021.png,horse,5,/home/emily/MMIP/week5/quiz1/data/gallery/horse/00858.png,horse,0.732301
/home/emily/MMIP/week5/quiz1/data/query/horse/00022.png,horse,1,/home/emily/MMIP/week5/quiz1/data/gallery/horse/00162.png,horse,0.730271
/home/emily/MMIP/week5/quiz1/data/query/horse/00022.png,horse,2,/home/emily/MMIP/week5/quiz1/data/gallery/horse/00802.png,horse,0.727387
/home/emily/MMIP/week5/quiz1/data/query/horse/00022.png,horse,3,/home/emily/MMIP/week5/quiz1/data/gallery/horse/00208.png,horse,0.714893
/home/emily/MMIP/week5/quiz1/data/query/horse/00022.png,horse,4,/home/emily/MMIP/week5/quiz1/data/gallery/horse/00475.png,horse,0.710745
/home/emily/MMIP/week5/quiz1/data/query/horse/00022.png,horse,5,/home/emily/MMIP/week5/quiz1/data/gallery/horse/00706.png,horse,0.709179
/home/emily/MMIP/week5/quiz1/data/query/horse/00023.png,horse,1,/home/emily/MMIP/week5/quiz1/data/gallery/horse/00731.png,horse,0.597522
/home/emily/MMIP/week5/quiz1/data/query/horse/00023.png,horse,2,/home/emily/MMIP/week5/quiz1/data/gallery/horse/00441.png,horse,0.564109
/home/emily/MMIP/week5/quiz1/data/query/horse/00023.png,horse,3,/home/emily/MMIP/week5/quiz1/data/gallery/horse/00969.png,horse,0.559094
/home/emily/MMIP/week5/quiz1/data/query/horse/00023.png,horse,4,/home/emily/MMIP/week5/quiz1/data/gallery/horse/00447.png,horse,0.558219
/home/emily/MMIP/week5/quiz1/data/query/horse/00023.png,horse,5,/home/emily/MMIP/week5/quiz1/data/gallery/horse/00214.png,horse,0.554278
/home/emily/MMIP/week5/quiz1/data/query/horse/00024.png,horse,1,/home/emily/MMIP/week5/quiz1/data/gallery/bird/00291.png,bird,0.597205
/home/emily/MMIP/week5/quiz1/data/query/horse/00024.png,horse,2,/home/emily/MMIP/week5/quiz1/data/gallery/horse/00420.png,horse,0.588977
/home/emily/MMIP/week5/quiz1/data/query/horse/00024.png,horse,3,/home/emily/MMIP/week5/quiz1/data/gallery/horse/00712.png,horse,0.576720
/home/emily/MMIP/week5/quiz1/data/query/horse/00024.png,horse,4,/home/emily/MMIP/week5/quiz1/data/gallery/bird/00275.png,bird,0.561186
/home/emily/MMIP/week5/quiz1/data/query/horse/00024.png,horse,5,/home/emily/MMIP/week5/quiz1/data/gallery/dog/00903.png,dog,0.552059
/home/emily/MMIP/week5/quiz1/data/query/horse/00025.png,horse,1,/home/emily/MMIP/week5/quiz1/data/gallery/horse/00487.png,horse,0.833558
/home/emily/MMIP/week5/quiz1/data/query/horse/00025.png,horse,2,/home/emily/MMIP/week5/quiz1/data/gallery/horse/00176.png,horse,0.823698
/home/emily/MMIP/week5/quiz1/data/query/horse/00025.png,horse,3,/home/emily/MMIP/week5/quiz1/data/gallery/horse/00219.png,horse,0.818675
/home/emily/MMIP/week5/quiz1/data/query/horse/00025.png,horse,4,/home/emily/MMIP/week5/quiz1/data/gallery/horse/00530.png,horse,0.814664
/home/emily/MMIP/week5/quiz1/data/query/horse/00025.png,horse,5,/home/emily/MMIP/week5/quiz1/data/gallery/horse/00634.png,horse,0.813520
/home/emily/MMIP/week5/quiz1/data/query/horse/00026.png,horse,1,/home/emily/MMIP/week5/quiz1/data/gallery/horse/00269.png,horse,0.701939
/home/emily/MMIP/week5/quiz1/data/query/horse/00026.png,horse,2,/home/emily/MMIP/week5/quiz1/data/gallery/horse/00665.png,horse,0.639331
/home/emily/MMIP/week5/quiz1/data/query/horse/00026.png,horse,3,/home/emily/MMIP/week5/quiz1/data/gallery/horse/00483.png,horse,0.621759
/home/emily/MMIP/week5/quiz1/data/query/horse/00026.png,horse,4,/home/emily/MMIP/week5/quiz1/data/gallery/horse/00347.png,horse,0.615695
/home/emily/MMIP/week5/quiz1/data/query/horse/00026.png,horse,5,/home/emily/MMIP/week5/quiz1/data/gallery/horse/00535.png,horse,0.604629
/home/emily/MMIP/week5/quiz1/data/query/horse/00027.png,horse,1,/home/emily/MMIP/week5/quiz1/data/gallery/deer/00525.png,deer,0.712630
/home/emily/MMIP/week5/quiz1/data/query/horse/00027.png,horse,2,/home/emily/MMIP/week5/quiz1/data/gallery/horse/00800.png,horse,0.708369
/home/emily/MMIP/week5/quiz1/data/query/horse/00027.png,horse,3,/home/emily/MMIP/week5/quiz1/data/gallery/horse/00865.png,horse,0.676304
/home/emily/MMIP/week5/quiz1/data/query/horse/00027.png,horse,4,/home/emily/MMIP/week5/quiz1/data/gallery/horse/00656.png,horse,0.653973
/home/emily/MMIP/week5/quiz1/data/query/horse/00027.png,horse,5,/home/emily/MMIP/week5/quiz1/data/gallery/horse/00018.png,horse,0.637730
/home/emily/MMIP/week5/quiz1/data/query/horse/00028.png,horse,1,/home/emily/MMIP/week5/quiz1/data/gallery/horse/00705.png,horse,0.805948
/home/emily/MMIP/week5/quiz1/data/query/horse/00028.png,horse,2,/home/emily/MMIP/week5/quiz1/data/gallery/horse/00068.png,horse,0.761684
/home/emily/MMIP/week5/quiz1/data/query/horse/00028.png,horse,3,/home/emily/MMIP/week5/quiz1/data/gallery/horse/00669.png,horse,0.720064
/home/emily/MMIP/week5/quiz1/data/query/horse/00028.png,horse,4,/home/emily/MMIP/week5/quiz1/data/gallery/horse/00175.png,horse,0.711860
/home/emily/MMIP/week5/quiz1/data/query/horse/00028.png,horse,5,/home/emily/MMIP/week5/quiz1/data/gallery/horse/00912.png,horse,0.710191
/home/emily/MMIP/week5/quiz1/data/query/horse/00029.png,horse,1,/home/emily/MMIP/week5/quiz1/data/gallery/horse/00685.png,horse,0.765355
/home/emily/MMIP/week5/quiz1/data/query/horse/00029.png,horse,2,/home/emily/MMIP/week5/quiz1/data/gallery/horse/00766.png,horse,0.703115
/home/emily/MMIP/week5/quiz1/data/query/horse/00029.png,horse,3,/home/emily/MMIP/week5/quiz1/data/gallery/horse/00641.png,horse,0.690933
/home/emily/MMIP/week5/quiz1/data/query/horse/00029.png,horse,4,/home/emily/MMIP/week5/quiz1/data/gallery/horse/00323.png,horse,0.690049
/home/emily/MMIP/week5/quiz1/data/query/horse/00029.png,horse,5,/home/emily/MMIP/week5/quiz1/data/gallery/horse/00781.png,horse,0.685089
/home/emily/MMIP/week5/quiz1/data/query/horse/00030.png,horse,1,/home/emily/MMIP/week5/quiz1/data/gallery/horse/00609.png,horse,0.562555
/home/emily/MMIP/week5/quiz1/data/query/horse/00030.png,horse,2,/home/emily/MMIP/week5/quiz1/data/gallery/horse/00482.png,horse,0.536170
/home/emily/MMIP/week5/quiz1/data/query/horse/00030.png,horse,3,/home/emily/MMIP/week5/quiz1/data/gallery/horse/00374.png,horse,0.532527
/home/emily/MMIP/week5/quiz1/data/query/horse/00030.png,horse,4,/home/emily/MMIP/week5/quiz1/data/gallery/horse/00417.png,horse,0.527300
/home/emily/MMIP/week5/quiz1/data/query/horse/00030.png,horse,5,/home/emily/MMIP/week5/quiz1/data/gallery/deer/00721.png,deer,0.518153
/home/emily/MMIP/week5/quiz1/data/query/horse/00031.png,horse,1,/home/emily/MMIP/week5/quiz1/data/gallery/horse/00104.png,horse,0.541186
/home/emily/MMIP/week5/quiz1/data/query/horse/00031.png,horse,2,/home/emily/MMIP/week5/quiz1/data/gallery/deer/00641.png,deer,0.535241
/home/emily/MMIP/week5/quiz1/data/query/horse/00031.png,horse,3,/home/emily/MMIP/week5/quiz1/data/gallery/horse/00503.png,horse,0.523299
/home/emily/MMIP/week5/quiz1/data/query/horse/00031.png,horse,4,/home/emily/MMIP/week5/quiz1/data/gallery/horse/00363.png,horse,0.523289
/home/emily/MMIP/week5/quiz1/data/query/horse/00031.png,horse,5,/home/emily/MMIP/week5/quiz1/data/gallery/horse/00242.png,horse,0.518990
/home/emily/MMIP/week5/quiz1/data/query/horse/00032.png,horse,1,/home/emily/MMIP/week5/quiz1/data/gallery/horse/00664.png,horse,0.747052
/home/emily/MMIP/week5/quiz1/data/query/horse/00032.png,horse,2,/home/emily/MMIP/week5/quiz1/data/gallery/horse/00454.png,horse,0.745177
/home/emily/MMIP/week5/quiz1/data/query/horse/00032.png,horse,3,/home/emily/MMIP/week5/quiz1/data/gallery/horse/00984.png,horse,0.742888
/home/emily/MMIP/week5/quiz1/data/query/horse/00032.png,horse,4,/home/emily/MMIP/week5/quiz1/data/gallery/horse/00087.png,horse,0.724318
/home/emily/MMIP/week5/quiz1/data/query/horse/00032.png,horse,5,/home/emily/MMIP/week5/quiz1/data/gallery/horse/00613.png,horse,0.721554
/home/emily/MMIP/week5/quiz1/data/query/horse/00033.png,horse,1,/home/emily/MMIP/week5/quiz1/data/gallery/horse/00511.png,horse,0.745453
/home/emily/MMIP/week5/quiz1/data/query/horse/00033.png,horse,2,/home/emily/MMIP/week5/quiz1/data/gallery/horse/00778.png,horse,0.730657
/home/emily/MMIP/week5/quiz1/data/query/horse/00033.png,horse,3,/home/emily/MMIP/week5/quiz1/data/gallery/horse/00877.png,horse,0.704446
/home/emily/MMIP/week5/quiz1/data/query/horse/00033.png,horse,4,/home/emily/MMIP/week5/quiz1/data/gallery/horse/00167.png,horse,0.700190
/home/emily/MMIP/week5/quiz1/data/query/horse/00033.png,horse,5,/home/emily/MMIP/week5/quiz1/data/gallery/horse/00859.png,horse,0.694099
/home/emily/MMIP/week5/quiz1/data/query/horse/00034.png,horse,1,/home/emily/MMIP/week5/quiz1/data/gallery/horse/00226.png,horse,0.708879
/home/emily/MMIP/week5/quiz1/data/query/horse/00034.png,horse,2,/home/emily/MMIP/week5/quiz1/data/gallery/horse/00967.png,horse,0.647721
/home/emily/MMIP/week5/quiz1/data/query/horse/00034.png,horse,3,/home/emily/MMIP/week5/quiz1/data/gallery/horse/00494.png,horse,0.646656
/home/emily/MMIP/week5/quiz1/data/query/horse/00034.png,horse,4,/home/emily/MMIP/week5/quiz1/data/gallery/horse/00282.png,horse,0.646128
/home/emily/MMIP/week5/quiz1/data/query/horse/00034.png,horse,5,/home/emily/MMIP/week5/quiz1/data/gallery/horse/00127.png,horse,0.640276
/home/emily/MMIP/week5/quiz1/data/query/horse/00035.png,horse,1,/home/emily/MMIP/week5/quiz1/data/gallery/horse/00172.png,horse,0.753374
/home/emily/MMIP/week5/quiz1/data/query/horse/00035.png,horse,2,/home/emily/MMIP/week5/quiz1/data/gallery/horse/00487.png,horse,0.742069
/home/emily/MMIP/week5/quiz1/data/query/horse/00035.png,horse,3,/home/emily/MMIP/week5/quiz1/data/gallery/horse/00787.png,horse,0.741597
/home/emily/MMIP/week5/quiz1/data/query/horse/00035.png,horse,4,/home/emily/MMIP/week5/quiz1/data/gallery/horse/00702.png,horse,0.740481
/home/emily/MMIP/week5/quiz1/data/query/horse/00035.png,horse,5,/home/emily/MMIP/week5/quiz1/data/gallery/horse/00297.png,horse,0.717203
/home/emily/MMIP/week5/quiz1/data/query/horse/00036.png,horse,1,/home/emily/MMIP/week5/quiz1/data/gallery/horse/00494.png,horse,0.667387
/home/emily/MMIP/week5/quiz1/data/query/horse/00036.png,horse,2,/home/emily/MMIP/week5/quiz1/data/gallery/horse/00967.png,horse,0.636198
/home/emily/MMIP/week5/quiz1/data/query/horse/00036.png,horse,3,/home/emily/MMIP/week5/quiz1/data/gallery/horse/00945.png,horse,0.636022
/home/emily/MMIP/week5/quiz1/data/query/horse/00036.png,horse,4,/home/emily/MMIP/week5/quiz1/data/gallery/horse/00329.png,horse,0.626733
/home/emily/MMIP/week5/quiz1/data/query/horse/00036.png,horse,5,/home/emily/MMIP/week5/quiz1/data/gallery/horse/00197.png,horse,0.623248
/home/emily/MMIP/week5/quiz1/data/query/horse/00037.png,horse,1,/home/emily/MMIP/week5/quiz1/data/gallery/horse/00858.png,horse,0.790372
/home/emily/MMIP/week5/quiz1/data/query/horse/00037.png,horse,2,/home/emily/MMIP/week5/quiz1/data/gallery/horse/00669.png,horse,0.783058
/home/emily/MMIP/week5/quiz1/data/query/horse/00037.png,horse,3,/home/emily/MMIP/week5/quiz1/data/gallery/horse/00199.png,horse,0.777701
/home/emily/MMIP/week5/quiz1/data/query/horse/00037.png,horse,4,/home/emily/MMIP/week5/quiz1/data/gallery/horse/00659.png,horse,0.768492
/home/emily/MMIP/week5/quiz1/data/query/horse/00037.png,horse,5,/home/emily/MMIP/week5/quiz1/data/gallery/horse/00878.png,horse,0.764566
/home/emily/MMIP/week5/quiz1/data/query/horse/00038.png,horse,1,/home/emily/MMIP/week5/quiz1/data/gallery/horse/00924.png,horse,0.663927
/home/emily/MMIP/week5/quiz1/data/query/horse/00038.png,horse,2,/home/emily/MMIP/week5/quiz1/data/gallery/horse/00045.png,horse,0.655958
/home/emily/MMIP/week5/quiz1/data/query/horse/00038.png,horse,3,/home/emily/MMIP/week5/quiz1/data/gallery/horse/00315.png,horse,0.647833
/home/emily/MMIP/week5/quiz1/data/query/horse/00038.png,horse,4,/home/emily/MMIP/week5/quiz1/data/gallery/horse/00690.png,horse,0.607507
/home/emily/MMIP/week5/quiz1/data/query/horse/00038.png,horse,5,/home/emily/MMIP/week5/quiz1/data/gallery/horse/00627.png,horse,0.605970
/home/emily/MMIP/week5/quiz1/data/query/horse/00039.png,horse,1,/home/emily/MMIP/week5/quiz1/data/gallery/horse/00524.png,horse,0.613397
/home/emily/MMIP/week5/quiz1/data/query/horse/00039.png,horse,2,/home/emily/MMIP/week5/quiz1/data/gallery/horse/00116.png,horse,0.574414
/home/emily/MMIP/week5/quiz1/data/query/horse/00039.png,horse,3,/home/emily/MMIP/week5/quiz1/data/gallery/dog/00175.png,dog,0.556449
/home/emily/MMIP/week5/quiz1/data/query/horse/00039.png,horse,4,/home/emily/MMIP/week5/quiz1/data/gallery/horse/00305.png,horse,0.556372
/home/emily/MMIP/week5/quiz1/data/query/horse/00039.png,horse,5,/home/emily/MMIP/week5/quiz1/data/gallery/horse/00591.png,horse,0.554463
/home/emily/MMIP/week5/quiz1/data/query/horse/00040.png,horse,1,/home/emily/MMIP/week5/quiz1/data/gallery/deer/00018.png,deer,0.606806
/home/emily/MMIP/week5/quiz1/data/query/horse/00040.png,horse,2,/home/emily/MMIP/week5/quiz1/data/gallery/deer/00259.png,deer,0.589404
/home/emily/MMIP/week5/quiz1/data/query/horse/00040.png,horse,3,/home/emily/MMIP/week5/quiz1/data/gallery/deer/00223.png,deer,0.587033
/home/emily/MMIP/week5/quiz1/data/query/horse/00040.png,horse,4,/home/emily/MMIP/week5/quiz1/data/gallery/deer/00238.png,deer,0.579239
/home/emily/MMIP/week5/quiz1/data/query/horse/00040.png,horse,5,/home/emily/MMIP/week5/quiz1/data/gallery/deer/00142.png,deer,0.560471
/home/emily/MMIP/week5/quiz1/data/query/horse/00041.png,horse,1,/home/emily/MMIP/week5/quiz1/data/gallery/horse/00967.png,horse,0.642015
/home/emily/MMIP/week5/quiz1/data/query/horse/00041.png,horse,2,/home/emily/MMIP/week5/quiz1/data/gallery/horse/00120.png,horse,0.634598
/home/emily/MMIP/week5/quiz1/data/query/horse/00041.png,horse,3,/home/emily/MMIP/week5/quiz1/data/gallery/horse/00086.png,horse,0.632574
/home/emily/MMIP/week5/quiz1/data/query/horse/00041.png,horse,4,/home/emily/MMIP/week5/quiz1/data/gallery/horse/00509.png,horse,0.628041
/home/emily/MMIP/week5/quiz1/data/query/horse/00041.png,horse,5,/home/emily/MMIP/week5/quiz1/data/gallery/horse/00511.png,horse,0.621055
/home/emily/MMIP/week5/quiz1/data/query/horse/00042.png,horse,1,/home/emily/MMIP/week5/quiz1/data/gallery/horse/00902.png,horse,0.802890
/home/emily/MMIP/week5/quiz1/data/query/horse/00042.png,horse,2,/home/emily/MMIP/week5/quiz1/data/gallery/horse/00099.png,horse,0.800244
/home/emily/MMIP/week5/quiz1/data/query/horse/00042.png,horse,3,/home/emily/MMIP/week5/quiz1/data/gallery/horse/00698.png,horse,0.791853
/home/emily/MMIP/week5/quiz1/data/query/horse/00042.png,horse,4,/home/emily/MMIP/week5/quiz1/data/gallery/horse/00065.png,horse,0.790815
/home/emily/MMIP/week5/quiz1/data/query/horse/00042.png,horse,5,/home/emily/MMIP/week5/quiz1/data/gallery/horse/00188.png,horse,0.788584
/home/emily/MMIP/week5/quiz1/data/query/horse/00043.png,horse,1,/home/emily/MMIP/week5/quiz1/data/gallery/horse/00922.png,horse,0.682429
/home/emily/MMIP/week5/quiz1/data/query/horse/00043.png,horse,2,/home/emily/MMIP/week5/quiz1/data/gallery/horse/00899.png,horse,0.649938
/home/emily/MMIP/week5/quiz1/data/query/horse/00043.png,horse,3,/home/emily/MMIP/week5/quiz1/data/gallery/horse/00910.png,horse,0.614110
/home/emily/MMIP/week5/quiz1/data/query/horse/00043.png,horse,4,/home/emily/MMIP/week5/quiz1/data/gallery/horse/00739.png,horse,0.614006
/home/emily/MMIP/week5/quiz1/data/query/horse/00043.png,horse,5,/home/emily/MMIP/week5/quiz1/data/gallery/horse/00050.png,horse,0.608066
/home/emily/MMIP/week5/quiz1/data/query/horse/00044.png,horse,1,/home/emily/MMIP/week5/quiz1/data/gallery/deer/00114.png,deer,0.573279
/home/emily/MMIP/week5/quiz1/data/query/horse/00044.png,horse,2,/home/emily/MMIP/week5/quiz1/data/gallery/frog/00846.png,frog,0.548392
/home/emily/MMIP/week5/quiz1/data/query/horse/00044.png,horse,3,/home/emily/MMIP/week5/quiz1/data/gallery/bird/00527.png,bird,0.532845
/home/emily/MMIP/week5/quiz1/data/query/horse/00044.png,horse,4,/home/emily/MMIP/week5/quiz1/data/gallery/deer/00199.png,deer,0.529276
/home/emily/MMIP/week5/quiz1/data/query/horse/00044.png,horse,5,/home/emily/MMIP/week5/quiz1/data/gallery/frog/00077.png,frog,0.526176
/home/emily/MMIP/week5/quiz1/data/query/horse/00045.png,horse,1,/home/emily/MMIP/week5/quiz1/data/gallery/horse/00693.png,horse,0.663499
/home/emily/MMIP/week5/quiz1/data/query/horse/00045.png,horse,2,/home/emily/MMIP/week5/quiz1/data/gallery/horse/00096.png,horse,0.663189
/home/emily/MMIP/week5/quiz1/data/query/horse/00045.png,horse,3,/home/emily/MMIP/week5/quiz1/data/gallery/horse/00052.png,horse,0.658720
/home/emily/MMIP/week5/quiz1/data/query/horse/00045.png,horse,4,/home/emily/MMIP/week5/quiz1/data/gallery/horse/00282.png,horse,0.657620
/home/emily/MMIP/week5/quiz1/data/query/horse/00045.png,horse,5,/home/emily/MMIP/week5/quiz1/data/gallery/dog/00319.png,dog,0.653744
/home/emily/MMIP/week5/quiz1/data/query/horse/00046.png,horse,1,/home/emily/MMIP/week5/quiz1/data/gallery/horse/00250.png,horse,0.733119
/home/emily/MMIP/week5/quiz1/data/query/horse/00046.png,horse,2,/home/emily/MMIP/week5/quiz1/data/gallery/horse/00740.png,horse,0.702751
/home/emily/MMIP/week5/quiz1/data/query/horse/00046.png,horse,3,/home/emily/MMIP/week5/quiz1/data/gallery/horse/00304.png,horse,0.690576
/home/emily/MMIP/week5/quiz1/data/query/horse/00046.png,horse,4,/home/emily/MMIP/week5/quiz1/data/gallery/horse/00722.png,horse,0.685864
/home/emily/MMIP/week5/quiz1/data/query/horse/00046.png,horse,5,/home/emily/MMIP/week5/quiz1/data/gallery/horse/00696.png,horse,0.671935
/home/emily/MMIP/week5/quiz1/data/query/horse/00047.png,horse,1,/home/emily/MMIP/week5/quiz1/data/gallery/horse/00514.png,horse,0.803553
/home/emily/MMIP/week5/quiz1/data/query/horse/00047.png,horse,2,/home/emily/MMIP/week5/quiz1/data/gallery/horse/00099.png,horse,0.787333
/home/emily/MMIP/week5/quiz1/data/query/horse/00047.png,horse,3,/home/emily/MMIP/week5/quiz1/data/gallery/horse/00531.png,horse,0.784416
/home/emily/MMIP/week5/quiz1/data/query/horse/00047.png,horse,4,/home/emily/MMIP/week5/quiz1/data/gallery/horse/00324.png,horse,0.779740
/home/emily/MMIP/week5/quiz1/data/query/horse/00047.png,horse,5,/home/emily/MMIP/week5/quiz1/data/gallery/horse/00178.png,horse,0.777046
/home/emily/MMIP/week5/quiz1/data/query/horse/00048.png,horse,1,/home/emily/MMIP/week5/quiz1/data/gallery/horse/00172.png,horse,0.735681
/home/emily/MMIP/week5/quiz1/data/query/horse/00048.png,horse,2,/home/emily/MMIP/week5/quiz1/data/gallery/horse/00272.png,horse,0.732240
/home/emily/MMIP/week5/quiz1/data/query/horse/00048.png,horse,3,/home/emily/MMIP/week5/quiz1/data/gallery/horse/00787.png,horse,0.728601
/home/emily/MMIP/week5/quiz1/data/query/horse/00048.png,horse,4,/home/emily/MMIP/week5/quiz1/data/gallery/horse/00297.png,horse,0.715753
/home/emily/MMIP/week5/quiz1/data/query/horse/00048.png,horse,5,/home/emily/MMIP/week5/quiz1/data/gallery/horse/00907.png,horse,0.712275
/home/emily/MMIP/week5/quiz1/data/query/horse/00049.png,horse,1,/home/emily/MMIP/week5/quiz1/data/gallery/horse/00724.png,horse,0.722413
/home/emily/MMIP/week5/quiz1/data/query/horse/00049.png,horse,2,/home/emily/MMIP/week5/quiz1/data/gallery/horse/00961.png,horse,0.697523
/home/emily/MMIP/week5/quiz1/data/query/horse/00049.png,horse,3,/home/emily/MMIP/week5/quiz1/data/gallery/horse/00403.png,horse,0.691556
/home/emily/MMIP/week5/quiz1/data/query/horse/00049.png,horse,4,/home/emily/MMIP/week5/quiz1/data/gallery/horse/00722.png,horse,0.691292
/home/emily/MMIP/week5/quiz1/data/query/horse/00049.png,horse,5,/home/emily/MMIP/week5/quiz1/data/gallery/horse/00176.png,horse,0.677816
/home/emily/MMIP/week5/quiz1/data/query/horse/00050.png,horse,1,/home/emily/MMIP/week5/quiz1/data/gallery/horse/00531.png,horse,0.821782
/home/emily/MMIP/week5/quiz1/data/query/horse/00050.png,horse,2,/home/emily/MMIP/week5/quiz1/data/gallery/horse/00004.png,horse,0.809258
/home/emily/MMIP/week5/quiz1/data/query/horse/00050.png,horse,3,/home/emily/MMIP/week5/quiz1/data/gallery/horse/00065.png,horse,0.804835
/home/emily/MMIP/week5/quiz1/data/query/horse/00050.png,horse,4,/home/emily/MMIP/week5/quiz1/data/gallery/horse/00294.png,horse,0.804738
/home/emily/MMIP/week5/quiz1/data/query/horse/00050.png,horse,5,/home/emily/MMIP/week5/quiz1/data/gallery/horse/00302.png,horse,0.801236
/home/emily/MMIP/week5/quiz1/data/query/horse/00051.png,horse,1,/home/emily/MMIP/week5/quiz1/data/gallery/horse/00820.png,horse,0.830637
/home/emily/MMIP/week5/quiz1/data/query/horse/00051.png,horse,2,/home/emily/MMIP/week5/quiz1/data/gallery/horse/00199.png,horse,0.827615
/home/emily/MMIP/week5/quiz1/data/query/horse/00051.png,horse,3,/home/emily/MMIP/week5/quiz1/data/gallery/horse/00735.png,horse,0.827585
/home/emily/MMIP/week5/quiz1/data/query/horse/00051.png,horse,4,/home/emily/MMIP/week5/quiz1/data/gallery/horse/00530.png,horse,0.825594
/home/emily/MMIP/week5/quiz1/data/query/horse/00051.png,horse,5,/home/emily/MMIP/week5/quiz1/data/gallery/horse/00117.png,horse,0.820561
/home/emily/MMIP/week5/quiz1/data/query/horse/00052.png,horse,1,/home/emily/MMIP/week5/quiz1/data/gallery/horse/00610.png,horse,0.929005
/home/emily/MMIP/week5/quiz1/data/query/horse/00052.png,horse,2,/home/emily/MMIP/week5/quiz1/data/gallery/horse/00968.png,horse,0.882526
/home/emily/MMIP/week5/quiz1/data/query/horse/00052.png,horse,3,/home/emily/MMIP/week5/quiz1/data/gallery/horse/00184.png,horse,0.801810
/home/emily/MMIP/week5/quiz1/data/query/horse/00052.png,horse,4,/home/emily/MMIP/week5/quiz1/data/gallery/horse/00828.png,horse,0.795784
/home/emily/MMIP/week5/quiz1/data/query/horse/00052.png,horse,5,/home/emily/MMIP/week5/quiz1/data/gallery/horse/00255.png,horse,0.787785
/home/emily/MMIP/week5/quiz1/data/query/horse/00053.png,horse,1,/home/emily/MMIP/week5/quiz1/data/gallery/horse/00473.png,horse,0.800835
/home/emily/MMIP/week5/quiz1/data/query/horse/00053.png,horse,2,/home/emily/MMIP/week5/quiz1/data/gallery/horse/00776.png,horse,0.798650
/home/emily/MMIP/week5/quiz1/data/query/horse/00053.png,horse,3,/home/emily/MMIP/week5/quiz1/data/gallery/horse/00594.png,horse,0.797147
/home/emily/MMIP/week5/quiz1/data/query/horse/00053.png,horse,4,/home/emily/MMIP/week5/quiz1/data/gallery/horse/00531.png,horse,0.793923
/home/emily/MMIP/week5/quiz1/data/query/horse/00053.png,horse,5,/home/emily/MMIP/week5/quiz1/data/gallery/horse/00498.png,horse,0.787565
/home/emily/MMIP/week5/quiz1/data/query/horse/00054.png,horse,1,/home/emily/MMIP/week5/quiz1/data/gallery/horse/00875.png,horse,0.792643
/home/emily/MMIP/week5/quiz1/data/query/horse/00054.png,horse,2,/home/emily/MMIP/week5/quiz1/data/gallery/horse/00414.png,horse,0.767335
/home/emily/MMIP/week5/quiz1/data/query/horse/00054.png,horse,3,/home/emily/MMIP/week5/quiz1/data/gallery/horse/00812.png,horse,0.757897
/home/emily/MMIP/week5/quiz1/data/query/horse/00054.png,horse,4,/home/emily/MMIP/week5/quiz1/data/gallery/horse/00423.png,horse,0.752910
/home/emily/MMIP/week5/quiz1/data/query/horse/00054.png,horse,5,/home/emily/MMIP/week5/quiz1/data/gallery/horse/00651.png,horse,0.749325
/home/emily/MMIP/week5/quiz1/data/query/horse/00055.png,horse,1,/home/emily/MMIP/week5/quiz1/data/gallery/horse/00624.png,horse,0.687158
/home/emily/MMIP/week5/quiz1/data/query/horse/00055.png,horse,2,/home/emily/MMIP/week5/quiz1/data/gallery/horse/00240.png,horse,0.683991
/home/emily/MMIP/week5/quiz1/data/query/horse/00055.png,horse,3,/home/emily/MMIP/week5/quiz1/data/gallery/horse/00577.png,horse,0.664899
/home/emily/MMIP/week5/quiz1/data/query/horse/00055.png,horse,4,/home/emily/MMIP/week5/quiz1/data/gallery/horse/00100.png,horse,0.624444
/home/emily/MMIP/week5/quiz1/data/query/horse/00055.png,horse,5,/home/emily/MMIP/week5/quiz1/data/gallery/horse/00639.png,horse,0.614933
/home/emily/MMIP/week5/quiz1/data/query/horse/00056.png,horse,1,/home/emily/MMIP/week5/quiz1/data/gallery/horse/00704.png,horse,0.779909
/home/emily/MMIP/week5/quiz1/data/query/horse/00056.png,horse,2,/home/emily/MMIP/week5/quiz1/data/gallery/horse/00277.png,horse,0.770788
/home/emily/MMIP/week5/quiz1/data/query/horse/00056.png,horse,3,/home/emily/MMIP/week5/quiz1/data/gallery/horse/00975.png,horse,0.733730
/home/emily/MMIP/week5/quiz1/data/query/horse/00056.png,horse,4,/home/emily/MMIP/week5/quiz1/data/gallery/horse/00178.png,horse,0.701931
/home/emily/MMIP/week5/quiz1/data/query/horse/00056.png,horse,5,/home/emily/MMIP/week5/quiz1/data/gallery/horse/00218.png,horse,0.688932
/home/emily/MMIP/week5/quiz1/data/query/horse/00057.png,horse,1,/home/emily/MMIP/week5/quiz1/data/gallery/horse/00798.png,horse,0.858730
/home/emily/MMIP/week5/quiz1/data/query/horse/00057.png,horse,2,/home/emily/MMIP/week5/quiz1/data/gallery/horse/00184.png,horse,0.855856
/home/emily/MMIP/week5/quiz1/data/query/horse/00057.png,horse,3,/home/emily/MMIP/week5/quiz1/data/gallery/horse/00761.png,horse,0.855311
/home/emily/MMIP/week5/quiz1/data/query/horse/00057.png,horse,4,/home/emily/MMIP/week5/quiz1/data/gallery/horse/00302.png,horse,0.849660
/home/emily/MMIP/week5/quiz1/data/query/horse/00057.png,horse,5,/home/emily/MMIP/week5/quiz1/data/gallery/horse/00099.png,horse,0.846610
/home/emily/MMIP/week5/quiz1/data/query/horse/00058.png,horse,1,/home/emily/MMIP/week5/quiz1/data/gallery/horse/00460.png,horse,0.585644
/home/emily/MMIP/week5/quiz1/data/query/horse/00058.png,horse,2,/home/emily/MMIP/week5/quiz1/data/gallery/horse/00284.png,horse,0.575943
/home/emily/MMIP/week5/quiz1/data/query/horse/00058.png,horse,3,/home/emily/MMIP/week5/quiz1/data/gallery/horse/00533.png,horse,0.565815
/home/emily/MMIP/week5/quiz1/data/query/horse/00058.png,horse,4,/home/emily/MMIP/week5/quiz1/data/gallery/horse/00341.png,horse,0.562986
/home/emily/MMIP/week5/quiz1/data/query/horse/00058.png,horse,5,/home/emily/MMIP/week5/quiz1/data/gallery/horse/00120.png,horse,0.551356
/home/emily/MMIP/week5/quiz1/data/query/horse/00059.png,horse,1,/home/emily/MMIP/week5/quiz1/data/gallery/horse/00347.png,horse,0.721597
/home/emily/MMIP/week5/quiz1/data/query/horse/00059.png,horse,2,/home/emily/MMIP/week5/quiz1/data/gallery/horse/00316.png,horse,0.674403
/home/emily/MMIP/week5/quiz1/data/query/horse/00059.png,horse,3,/home/emily/MMIP/week5/quiz1/data/gallery/horse/00982.png,horse,0.674320
/home/emily/MMIP/week5/quiz1/data/query/horse/00059.png,horse,4,/home/emily/MMIP/week5/quiz1/data/gallery/horse/00480.png,horse,0.671402
/home/emily/MMIP/week5/quiz1/data/query/horse/00059.png,horse,5,/home/emily/MMIP/week5/quiz1/data/gallery/horse/00665.png,horse,0.660082
/home/emily/MMIP/week5/quiz1/data/query/horse/00060.png,horse,1,/home/emily/MMIP/week5/quiz1/data/gallery/horse/00332.png,horse,0.818376
/home/emily/MMIP/week5/quiz1/data/query/horse/00060.png,horse,2,/home/emily/MMIP/week5/quiz1/data/gallery/horse/00143.png,horse,0.804996
/home/emily/MMIP/week5/quiz1/data/query/horse/00060.png,horse,3,/home/emily/MMIP/week5/quiz1/data/gallery/horse/00000.png,horse,0.800804
/home/emily/MMIP/week5/quiz1/data/query/horse/00060.png,horse,4,/home/emily/MMIP/week5/quiz1/data/gallery/horse/00382.png,horse,0.792747
/home/emily/MMIP/week5/quiz1/data/query/horse/00060.png,horse,5,/home/emily/MMIP/week5/quiz1/data/gallery/horse/00883.png,horse,0.786605
/home/emily/MMIP/week5/quiz1/data/query/horse/00061.png,horse,1,/home/emily/MMIP/week5/quiz1/data/gallery/horse/00986.png,horse,0.806415
/home/emily/MMIP/week5/quiz1/data/query/horse/00061.png,horse,2,/home/emily/MMIP/week5/quiz1/data/gallery/horse/00933.png,horse,0.786699
/home/emily/MMIP/week5/quiz1/data/query/horse/00061.png,horse,3,/home/emily/MMIP/week5/quiz1/data/gallery/horse/00576.png,horse,0.785958
/home/emily/MMIP/week5/quiz1/data/query/horse/00061.png,horse,4,/home/emily/MMIP/week5/quiz1/data/gallery/horse/00530.png,horse,0.785871
/home/emily/MMIP/week5/quiz1/data/query/horse/00061.png,horse,5,/home/emily/MMIP/week5/quiz1/data/gallery/horse/00734.png,horse,0.785764
/home/emily/MMIP/week5/quiz1/data/query/horse/00062.png,horse,1,/home/emily/MMIP/week5/quiz1/data/gallery/horse/00812.png,horse,0.763818
/home/emily/MMIP/week5/quiz1/data/query/horse/00062.png,horse,2,/home/emily/MMIP/week5/quiz1/data/gallery/horse/00471.png,horse,0.757586
/home/emily/MMIP/week5/quiz1/data/query/horse/00062.png,horse,3,/home/emily/MMIP/week5/quiz1/data/gallery/horse/00162.png,horse,0.749358
/home/emily/MMIP/week5/quiz1/data/query/horse/00062.png,horse,4,/home/emily/MMIP/week5/quiz1/data/gallery/horse/00208.png,horse,0.741418
/home/emily/MMIP/week5/quiz1/data/query/horse/00062.png,horse,5,/home/emily/MMIP/week5/quiz1/data/gallery/horse/00707.png,horse,0.725508
/home/emily/MMIP/week5/quiz1/data/query/horse/00063.png,horse,1,/home/emily/MMIP/week5/quiz1/data/gallery/horse/00641.png,horse,0.815538
/home/emily/MMIP/week5/quiz1/data/query/horse/00063.png,horse,2,/home/emily/MMIP/week5/quiz1/data/gallery/horse/00461.png,horse,0.800823
/home/emily/MMIP/week5/quiz1/data/query/horse/00063.png,horse,3,/home/emily/MMIP/week5/quiz1/data/gallery/horse/00824.png,horse,0.799574
/home/emily/MMIP/week5/quiz1/data/query/horse/00063.png,horse,4,/home/emily/MMIP/week5/quiz1/data/gallery/horse/00643.png,horse,0.796971
/home/emily/MMIP/week5/quiz1/data/query/horse/00063.png,horse,5,/home/emily/MMIP/week5/quiz1/data/gallery/horse/00630.png,horse,0.795396
/home/emily/MMIP/week5/quiz1/data/query/horse/00064.png,horse,1,/home/emily/MMIP/week5/quiz1/data/gallery/horse/00757.png,horse,0.873166
/home/emily/MMIP/week5/quiz1/data/query/horse/00064.png,horse,2,/home/emily/MMIP/week5/quiz1/data/gallery/horse/00560.png,horse,0.871296
/home/emily/MMIP/week5/quiz1/data/query/horse/00064.png,horse,3,/home/emily/MMIP/week5/quiz1/data/gallery/horse/00166.png,horse,0.859070
/home/emily/MMIP/week5/quiz1/data/query/horse/00064.png,horse,4,/home/emily/MMIP/week5/quiz1/data/gallery/horse/00487.png,horse,0.807272
/home/emily/MMIP/week5/quiz1/data/query/horse/00064.png,horse,5,/home/emily/MMIP/week5/quiz1/data/gallery/horse/00751.png,horse,0.806742
/home/emily/MMIP/week5/quiz1/data/query/horse/00065.png,horse,1,/home/emily/MMIP/week5/quiz1/data/gallery/horse/00396.png,horse,0.796879
/home/emily/MMIP/week5/quiz1/data/query/horse/00065.png,horse,2,/home/emily/MMIP/week5/quiz1/data/gallery/horse/00830.png,horse,0.782642
/home/emily/MMIP/week5/quiz1/data/query/horse/00065.png,horse,3,/home/emily/MMIP/week5/quiz1/data/gallery/horse/00938.png,horse,0.778033
/home/emily/MMIP/week5/quiz1/data/query/horse/00065.png,horse,4,/home/emily/MMIP/week5/quiz1/data/gallery/horse/00634.png,horse,0.774167
/home/emily/MMIP/week5/quiz1/data/query/horse/00065.png,horse,5,/home/emily/MMIP/week5/quiz1/data/gallery/horse/00757.png,horse,0.769939
/home/emily/MMIP/week5/quiz1/data/query/horse/00066.png,horse,1,/home/emily/MMIP/week5/quiz1/data/gallery/horse/00380.png,horse,0.698727
/home/emily/MMIP/week5/quiz1/data/query/horse/00066.png,horse,2,/home/emily/MMIP/week5/quiz1/data/gallery/horse/00859.png,horse,0.680693
/home/emily/MMIP/week5/quiz1/data/query/horse/00066.png,horse,3,/home/emily/MMIP/week5/quiz1/data/gallery/horse/00945.png,horse,0.662882
/home/emily/MMIP/week5/quiz1/data/query/horse/00066.png,horse,4,/home/emily/MMIP/week5/quiz1/data/gallery/horse/00067.png,horse,0.660969
/home/emily/MMIP/week5/quiz1/data/query/horse/00066.png,horse,5,/home/emily/MMIP/week5/quiz1/data/gallery/horse/00967.png,horse,0.658754
/home/emily/MMIP/week5/quiz1/data/query/horse/00067.png,horse,1,/home/emily/MMIP/week5/quiz1/data/gallery/horse/00065.png,horse,0.739135
/home/emily/MMIP/week5/quiz1/data/query/horse/00067.png,horse,2,/home/emily/MMIP/week5/quiz1/data/gallery/horse/00146.png,horse,0.736255
/home/emily/MMIP/week5/quiz1/data/query/horse/00067.png,horse,3,/home/emily/MMIP/week5/quiz1/data/gallery/horse/00044.png,horse,0.724781
/home/emily/MMIP/week5/quiz1/data/query/horse/00067.png,horse,4,/home/emily/MMIP/week5/quiz1/data/gallery/horse/00170.png,horse,0.722350
/home/emily/MMIP/week5/quiz1/data/query/horse/00067.png,horse,5,/home/emily/MMIP/week5/quiz1/data/gallery/horse/00798.png,horse,0.715462
/home/emily/MMIP/week5/quiz1/data/query/horse/00068.png,horse,1,/home/emily/MMIP/week5/quiz1/data/gallery/horse/00397.png,horse,0.891248
/home/emily/MMIP/week5/quiz1/data/query/horse/00068.png,horse,2,/home/emily/MMIP/week5/quiz1/data/gallery/horse/00634.png,horse,0.882118
/home/emily/MMIP/week5/quiz1/data/query/horse/00068.png,horse,3,/home/emily/MMIP/week5/quiz1/data/gallery/horse/00113.png,horse,0.882112
/home/emily/MMIP/week5/quiz1/data/query/horse/00068.png,horse,4,/home/emily/MMIP/week5/quiz1/data/gallery/horse/00504.png,horse,0.880829
/home/emily/MMIP/week5/quiz1/data/query/horse/00068.png,horse,5,/home/emily/MMIP/week5/quiz1/data/gallery/horse/00645.png,horse,0.879669
/home/emily/MMIP/week5/quiz1/data/query/horse/00069.png,horse,1,/home/emily/MMIP/week5/quiz1/data/gallery/horse/00212.png,horse,0.831299
/home/emily/MMIP/week5/quiz1/data/query/horse/00069.png,horse,2,/home/emily/MMIP/week5/quiz1/data/gallery/horse/00552.png,horse,0.805575
/home/emily/MMIP/week5/quiz1/data/query/horse/00069.png,horse,3,/home/emily/MMIP/week5/quiz1/data/gallery/horse/00449.png,horse,0.788547
/home/emily/MMIP/week5/quiz1/data/query/horse/00069.png,horse,4,/home/emily/MMIP/week5/quiz1/data/gallery/horse/00671.png,horse,0.781404
/home/emily/MMIP/week5/quiz1/data/query/horse/00069.png,horse,5,/home/emily/MMIP/week5/quiz1/data/gallery/horse/00156.png,horse,0.757334
/home/emily/MMIP/week5/quiz1/data/query/horse/00070.png,horse,1,/home/emily/MMIP/week5/quiz1/data/gallery/horse/00663.png,horse,0.659227
/home/emily/MMIP/week5/quiz1/data/query/horse/00070.png,horse,2,/home/emily/MMIP/week5/quiz1/data/gallery/horse/00410.png,horse,0.634566
/home/emily/MMIP/week5/quiz1/data/query/horse/00070.png,horse,3,/home/emily/MMIP/week5/quiz1/data/gallery/horse/00722.png,horse,0.606595
/home/emily/MMIP/week5/quiz1/data/query/horse/00070.png,horse,4,/home/emily/MMIP/week5/quiz1/data/gallery/horse/00362.png,horse,0.605934
/home/emily/MMIP/week5/quiz1/data/query/horse/00070.png,horse,5,/home/emily/MMIP/week5/quiz1/data/gallery/horse/00961.png,horse,0.603847
/home/emily/MMIP/week5/quiz1/data/query/horse/00071.png,horse,1,/home/emily/MMIP/week5/quiz1/data/gallery/horse/00068.png,horse,0.725984
/home/emily/MMIP/week5/quiz1/data/query/horse/00071.png,horse,2,/home/emily/MMIP/week5/quiz1/data/gallery/horse/00608.png,horse,0.719381
/home/emily/MMIP/week5/quiz1/data/query/horse/00071.png,horse,3,/home/emily/MMIP/week5/quiz1/data/gallery/horse/00890.png,horse,0.711987
/home/emily/MMIP/week5/quiz1/data/query/horse/00071.png,horse,4,/home/emily/MMIP/week5/quiz1/data/gallery/horse/00589.png,horse,0.709439
/home/emily/MMIP/week5/quiz1/data/query/horse/00071.png,horse,5,/home/emily/MMIP/week5/quiz1/data/gallery/horse/00512.png,horse,0.696776
/home/emily/MMIP/week5/quiz1/data/query/horse/00072.png,horse,1,/home/emily/MMIP/week5/quiz1/data/gallery/horse/00893.png,horse,0.658626
/home/emily/MMIP/week5/quiz1/data/query/horse/00072.png,horse,2,/home/emily/MMIP/week5/quiz1/data/gallery/deer/00357.png,deer,0.613564
/home/emily/MMIP/week5/quiz1/data/query/horse/00072.png,horse,3,/home/emily/MMIP/week5/quiz1/data/gallery/deer/00688.png,deer,0.609797
/home/emily/MMIP/week5/quiz1/data/query/horse/00072.png,horse,4,/home/emily/MMIP/week5/quiz1/data/gallery/horse/00416.png,horse,0.602521
/home/emily/MMIP/week5/quiz1/data/query/horse/00072.png,horse,5,/home/emily/MMIP/week5/quiz1/data/gallery/horse/00684.png,horse,0.595653
/home/emily/MMIP/week5/quiz1/data/query/horse/00073.png,horse,1,/home/emily/MMIP/week5/quiz1/data/gallery/horse/00289.png,horse,0.634920
/home/emily/MMIP/week5/quiz1/data/query/horse/00073.png,horse,2,/home/emily/MMIP/week5/quiz1/data/gallery/horse/00134.png,horse,0.634076
/home/emily/MMIP/week5/quiz1/data/query/horse/00073.png,horse,3,/home/emily/MMIP/week5/quiz1/data/gallery/horse/00967.png,horse,0.621350
/home/emily/MMIP/week5/quiz1/data/query/horse/00073.png,horse,4,/home/emily/MMIP/week5/quiz1/data/gallery/horse/00877.png,horse,0.616951
/home/emily/MMIP/week5/quiz1/data/query/horse/00073.png,horse,5,/home/emily/MMIP/week5/quiz1/data/gallery/horse/00167.png,horse,0.615749
/home/emily/MMIP/week5/quiz1/data/query/horse/00074.png,horse,1,/home/emily/MMIP/week5/quiz1/data/gallery/horse/00063.png,horse,0.854281
/home/emily/MMIP/week5/quiz1/data/query/horse/00074.png,horse,2,/home/emily/MMIP/week5/quiz1/data/gallery/horse/00247.png,horse,0.828623
/home/emily/MMIP/week5/quiz1/data/query/horse/00074.png,horse,3,/home/emily/MMIP/week5/quiz1/data/gallery/horse/00830.png,horse,0.828086
/home/emily/MMIP/week5/quiz1/data/query/horse/00074.png,horse,4,/home/emily/MMIP/week5/quiz1/data/gallery/horse/00902.png,horse,0.827781
/home/emily/MMIP/week5/quiz1/data/query/horse/00074.png,horse,5,/home/emily/MMIP/week5/quiz1/data/gallery/horse/00000.png,horse,0.825950
/home/emily/MMIP/week5/quiz1/data/query/horse/00075.png,horse,1,/home/emily/MMIP/week5/quiz1/data/gallery/horse/00159.png,horse,0.691667
/home/emily/MMIP/week5/quiz1/data/query/horse/00075.png,horse,2,/home/emily/MMIP/week5/quiz1/data/gallery/deer/00093.png,deer,0.653968
/home/emily/MMIP/week5/quiz1/data/query/horse/00075.png,horse,3,/home/emily/MMIP/week5/quiz1/data/gallery/horse/00371.png,horse,0.611770
/home/emily/MMIP/week5/quiz1/data/query/horse/00075.png,horse,4,/home/emily/MMIP/week5/quiz1/data/gallery/horse/00510.png,horse,0.602638
/home/emily/MMIP/week5/quiz1/data/query/horse/00075.png,horse,5,/home/emily/MMIP/week5/quiz1/data/gallery/horse/00549.png,horse,0.599091
/home/emily/MMIP/week5/quiz1/data/query/horse/00076.png,horse,1,/home/emily/MMIP/week5/quiz1/data/gallery/horse/00544.png,horse,0.779293
/home/emily/MMIP/week5/quiz1/data/query/horse/00076.png,horse,2,/home/emily/MMIP/week5/quiz1/data/gallery/horse/00576.png,horse,0.766690
/home/emily/MMIP/week5/quiz1/data/query/horse/00076.png,horse,3,/home/emily/MMIP/week5/quiz1/data/gallery/horse/00004.png,horse,0.755746
/home/emily/MMIP/week5/quiz1/data/query/horse/00076.png,horse,4,/home/emily/MMIP/week5/quiz1/data/gallery/horse/00685.png,horse,0.750521
/home/emily/MMIP/week5/quiz1/data/query/horse/00076.png,horse,5,/home/emily/MMIP/week5/quiz1/data/gallery/horse/00718.png,horse,0.749513
/home/emily/MMIP/week5/quiz1/data/query/horse/00077.png,horse,1,/home/emily/MMIP/week5/quiz1/data/gallery/deer/00703.png,deer,0.617897
/home/emily/MMIP/week5/quiz1/data/query/horse/00077.png,horse,2,/home/emily/MMIP/week5/quiz1/data/gallery/cat/00739.png,cat,0.606388
/home/emily/MMIP/week5/quiz1/data/query/horse/00077.png,horse,3,/home/emily/MMIP/week5/quiz1/data/gallery/deer/00811.png,deer,0.586737
/home/emily/MMIP/week5/quiz1/data/query/horse/00077.png,horse,4,/home/emily/MMIP/week5/quiz1/data/gallery/horse/00253.png,horse,0.575566
/home/emily/MMIP/week5/quiz1/data/query/horse/00077.png,horse,5,/home/emily/MMIP/week5/quiz1/data/gallery/deer/00135.png,deer,0.568975
/home/emily/MMIP/week5/quiz1/data/query/horse/00078.png,horse,1,/home/emily/MMIP/week5/quiz1/data/gallery/horse/00634.png,horse,0.902557
/home/emily/MMIP/week5/quiz1/data/query/horse/00078.png,horse,2,/home/emily/MMIP/week5/quiz1/data/gallery/horse/00734.png,horse,0.899928
/home/emily/MMIP/week5/quiz1/data/query/horse/00078.png,horse,3,/home/emily/MMIP/week5/quiz1/data/gallery/horse/00397.png,horse,0.898726
/home/emily/MMIP/week5/quiz1/data/query/horse/00078.png,horse,4,/home/emily/MMIP/week5/quiz1/data/gallery/horse/00902.png,horse,0.890552
/home/emily/MMIP/week5/quiz1/data/query/horse/00078.png,horse,5,/home/emily/MMIP/week5/quiz1/data/gallery/horse/00819.png,horse,0.889722
/home/emily/MMIP/week5/quiz1/data/query/horse/00079.png,horse,1,/home/emily/MMIP/week5/quiz1/data/gallery/horse/00820.png,horse,0.746712
/home/emily/MMIP/week5/quiz1/data/query/horse/00079.png,horse,2,/home/emily/MMIP/week5/quiz1/data/gallery/horse/00521.png,horse,0.745836
/home/emily/MMIP/week5/quiz1/data/query/horse/00079.png,horse,3,/home/emily/MMIP/week5/quiz1/data/gallery/horse/00867.png,horse,0.742018
/home/emily/MMIP/week5/quiz1/data/query/horse/00079.png,horse,4,/home/emily/MMIP/week5/quiz1/data/gallery/horse/00818.png,horse,0.742003
/home/emily/MMIP/week5/quiz1/data/query/horse/00079.png,horse,5,/home/emily/MMIP/week5/quiz1/data/gallery/horse/00366.png,horse,0.741835
/home/emily/MMIP/week5/quiz1/data/query/horse/00080.png,horse,1,/home/emily/MMIP/week5/quiz1/data/gallery/horse/00762.png,horse,0.627126
/home/emily/MMIP/week5/quiz1/data/query/horse/00080.png,horse,2,/home/emily/MMIP/week5/quiz1/data/gallery/horse/00548.png,horse,0.575401
/home/emily/MMIP/week5/quiz1/data/query/horse/00080.png,horse,3,/home/emily/MMIP/week5/quiz1/data/gallery/horse/00349.png,horse,0.571463
/home/emily/MMIP/week5/quiz1/data/query/horse/00080.png,horse,4,/home/emily/MMIP/week5/quiz1/data/gallery/horse/00993.png,horse,0.571235
/home/emily/MMIP/week5/quiz1/data/query/horse/00080.png,horse,5,/home/emily/MMIP/week5/quiz1/data/gallery/horse/00814.png,horse,0.562873
/home/emily/MMIP/week5/quiz1/data/query/horse/00081.png,horse,1,/home/emily/MMIP/week5/quiz1/data/gallery/horse/00110.png,horse,0.549378
/home/emily/MMIP/week5/quiz1/data/query/horse/00081.png,horse,2,/home/emily/MMIP/week5/quiz1/data/gallery/horse/00981.png,horse,0.546851
/home/emily/MMIP/week5/quiz1/data/query/horse/00081.png,horse,3,/home/emily/MMIP/week5/quiz1/data/gallery/horse/00958.png,horse,0.536470
/home/emily/MMIP/week5/quiz1/data/query/horse/00081.png,horse,4,/home/emily/MMIP/week5/quiz1/data/gallery/horse/00895.png,horse,0.507393
/home/emily/MMIP/week5/quiz1/data/query/horse/00081.png,horse,5,/home/emily/MMIP/week5/quiz1/data/gallery/horse/00591.png,horse,0.505818
/home/emily/MMIP/week5/quiz1/data/query/horse/00082.png,horse,1,/home/emily/MMIP/week5/quiz1/data/gallery/horse/00929.png,horse,0.752519
/home/emily/MMIP/week5/quiz1/data/query/horse/00082.png,horse,2,/home/emily/MMIP/week5/quiz1/data/gallery/horse/00875.png,horse,0.733596
/home/emily/MMIP/week5/quiz1/data/query/horse/00082.png,horse,3,/home/emily/MMIP/week5/quiz1/data/gallery/horse/00103.png,horse,0.727785
/home/emily/MMIP/week5/quiz1/data/query/horse/00082.png,horse,4,/home/emily/MMIP/week5/quiz1/data/gallery/horse/00545.png,horse,0.720489
/home/emily/MMIP/week5/quiz1/data/query/horse/00082.png,horse,5,/home/emily/MMIP/week5/quiz1/data/gallery/horse/00829.png,horse,0.720072
/home/emily/MMIP/week5/quiz1/data/query/horse/00083.png,horse,1,/home/emily/MMIP/week5/quiz1/data/gallery/horse/00199.png,horse,0.843113
/home/emily/MMIP/week5/quiz1/data/query/horse/00083.png,horse,2,/home/emily/MMIP/week5/quiz1/data/gallery/horse/00040.png,horse,0.833630
/home/emily/MMIP/week5/quiz1/data/query/horse/00083.png,horse,3,/home/emily/MMIP/week5/quiz1/data/gallery/horse/00820.png,horse,0.832258
/home/emily/MMIP/week5/quiz1/data/query/horse/00083.png,horse,4,/home/emily/MMIP/week5/quiz1/data/gallery/horse/00669.png,horse,0.822497
/home/emily/MMIP/week5/quiz1/data/query/horse/00083.png,horse,5,/home/emily/MMIP/week5/quiz1/data/gallery/horse/00148.png,horse,0.816506
/home/emily/MMIP/week5/quiz1/data/query/horse/00084.png,horse,1,/home/emily/MMIP/week5/quiz1/data/gallery/horse/00460.png,horse,0.855830
/home/emily/MMIP/week5/quiz1/data/query/horse/00084.png,horse,2,/home/emily/MMIP/week5/quiz1/data/gallery/horse/00886.png,horse,0.716275
/home/emily/MMIP/week5/quiz1/data/query/horse/00084.png,horse,3,/home/emily/MMIP/week5/quiz1/data/gallery/horse/00300.png,horse,0.656354
/home/emily/MMIP/week5/quiz1/data/query/horse/00084.png,horse,4,/home/emily/MMIP/week5/quiz1/data/gallery/horse/00152.png,horse,0.638052
/home/emily/MMIP/week5/quiz1/data/query/horse/00084.png,horse,5,/home/emily/MMIP/week5/quiz1/data/gallery/horse/00275.png,horse,0.621369
/home/emily/MMIP/week5/quiz1/data/query/horse/00085.png,horse,1,/home/emily/MMIP/week5/quiz1/data/gallery/horse/00540.png,horse,0.814856
/home/emily/MMIP/week5/quiz1/data/query/horse/00085.png,horse,2,/home/emily/MMIP/week5/quiz1/data/gallery/horse/00874.png,horse,0.789366
/home/emily/MMIP/week5/quiz1/data/query/horse/00085.png,horse,3,/home/emily/MMIP/week5/quiz1/data/gallery/horse/00645.png,horse,0.788529
/home/emily/MMIP/week5/quiz1/data/query/horse/00085.png,horse,4,/home/emily/MMIP/week5/quiz1/data/gallery/horse/00457.png,horse,0.787578
/home/emily/MMIP/week5/quiz1/data/query/horse/00085.png,horse,5,/home/emily/MMIP/week5/quiz1/data/gallery/horse/00973.png,horse,0.779926
/home/emily/MMIP/week5/quiz1/data/query/horse/00086.png,horse,1,/home/emily/MMIP/week5/quiz1/data/gallery/horse/00936.png,horse,0.710747
/home/emily/MMIP/week5/quiz1/data/query/horse/00086.png,horse,2,/home/emily/MMIP/week5/quiz1/data/gallery/horse/00165.png,horse,0.703937
/home/emily/MMIP/week5/quiz1/data/query/horse/00086.png,horse,3,/home/emily/MMIP/week5/quiz1/data/gallery/horse/00290.png,horse,0.700776
/home/emily/MMIP/week5/quiz1/data/query/horse/00086.png,horse,4,/home/emily/MMIP/week5/quiz1/data/gallery/horse/00651.png,horse,0.699629
/home/emily/MMIP/week5/quiz1/data/query/horse/00086.png,horse,5,/home/emily/MMIP/week5/quiz1/data/gallery/horse/00551.png,horse,0.697704
/home/emily/MMIP/week5/quiz1/data/query/horse/00087.png,horse,1,/home/emily/MMIP/week5/quiz1/data/gallery/dog/00406.png,dog,0.588200
/home/emily/MMIP/week5/quiz1/data/query/horse/00087.png,horse,2,/home/emily/MMIP/week5/quiz1/data/gallery/horse/00524.png,horse,0.571863
/home/emily/MMIP/week5/quiz1/data/query/horse/00087.png,horse,3,/home/emily/MMIP/week5/quiz1/data/gallery/horse/00305.png,horse,0.537701
/home/emily/MMIP/week5/quiz1/data/query/horse/00087.png,horse,4,/home/emily/MMIP/week5/quiz1/data/gallery/horse/00431.png,horse,0.525116
/home/emily/MMIP/week5/quiz1/data/query/horse/00087.png,horse,5,/home/emily/MMIP/week5/quiz1/data/gallery/dog/00213.png,dog,0.513611
/home/emily/MMIP/week5/quiz1/data/query/horse/00088.png,horse,1,/home/emily/MMIP/week5/quiz1/data/gallery/horse/00657.png,horse,0.714996
/home/emily/MMIP/week5/quiz1/data/query/horse/00088.png,horse,2,/home/emily/MMIP/week5/quiz1/data/gallery/horse/00109.png,horse,0.711998
/home/emily/MMIP/week5/quiz1/data/query/horse/00088.png,horse,3,/home/emily/MMIP/week5/quiz1/data/gallery/horse/00363.png,horse,0.682005
/home/emily/MMIP/week5/quiz1/data/query/horse/00088.png,horse,4,/home/emily/MMIP/week5/quiz1/data/gallery/horse/00463.png,horse,0.656326
/home/emily/MMIP/week5/quiz1/data/query/horse/00088.png,horse,5,/home/emily/MMIP/week5/quiz1/data/gallery/horse/00742.png,horse,0.644454
/home/emily/MMIP/week5/quiz1/data/query/horse/00089.png,horse,1,/home/emily/MMIP/week5/quiz1/data/gallery/horse/00338.png,horse,0.922699
/home/emily/MMIP/week5/quiz1/data/query/horse/00089.png,horse,2,/home/emily/MMIP/week5/quiz1/data/gallery/horse/00739.png,horse,0.622842
/home/emily/MMIP/week5/quiz1/data/query/horse/00089.png,horse,3,/home/emily/MMIP/week5/quiz1/data/gallery/horse/00800.png,horse,0.588720
/home/emily/MMIP/week5/quiz1/data/query/horse/00089.png,horse,4,/home/emily/MMIP/week5/quiz1/data/gallery/horse/00736.png,horse,0.582203
/home/emily/MMIP/week5/quiz1/data/query/horse/00089.png,horse,5,/home/emily/MMIP/week5/quiz1/data/gallery/deer/00419.png,deer,0.576247
/home/emily/MMIP/week5/quiz1/data/query/horse/00090.png,horse,1,/home/emily/MMIP/week5/quiz1/data/gallery/horse/00875.png,horse,0.808768
/home/emily/MMIP/week5/quiz1/data/query/horse/00090.png,horse,2,/home/emily/MMIP/week5/quiz1/data/gallery/horse/00414.png,horse,0.780028
/home/emily/MMIP/week5/quiz1/data/query/horse/00090.png,horse,3,/home/emily/MMIP/week5/quiz1/data/gallery/horse/00613.png,horse,0.775909
/home/emily/MMIP/week5/quiz1/data/query/horse/00090.png,horse,4,/home/emily/MMIP/week5/quiz1/data/gallery/horse/00812.png,horse,0.772353
/home/emily/MMIP/week5/quiz1/data/query/horse/00090.png,horse,5,/home/emily/MMIP/week5/quiz1/data/gallery/horse/00423.png,horse,0.763735
/home/emily/MMIP/week5/quiz1/data/query/horse/00091.png,horse,1,/home/emily/MMIP/week5/quiz1/data/gallery/horse/00705.png,horse,0.740207
/home/emily/MMIP/week5/quiz1/data/query/horse/00091.png,horse,2,/home/emily/MMIP/week5/quiz1/data/gallery/horse/00215.png,horse,0.734447
/home/emily/MMIP/week5/quiz1/data/query/horse/00091.png,horse,3,/home/emily/MMIP/week5/quiz1/data/gallery/horse/00549.png,horse,0.727740
/home/emily/MMIP/week5/quiz1/data/query/horse/00091.png,horse,4,/home/emily/MMIP/week5/quiz1/data/gallery/horse/00037.png,horse,0.720862
/home/emily/MMIP/week5/quiz1/data/query/horse/00091.png,horse,5,/home/emily/MMIP/week5/quiz1/data/gallery/horse/00544.png,horse,0.710867
/home/emily/MMIP/week5/quiz1/data/query/horse/00092.png,horse,1,/home/emily/MMIP/week5/quiz1/data/gallery/horse/00781.png,horse,0.731465
/home/emily/MMIP/week5/quiz1/data/query/horse/00092.png,horse,2,/home/emily/MMIP/week5/quiz1/data/gallery/horse/00875.png,horse,0.716817
/home/emily/MMIP/week5/quiz1/data/query/horse/00092.png,horse,3,/home/emily/MMIP/week5/quiz1/data/gallery/horse/00985.png,horse,0.708687
/home/emily/MMIP/week5/quiz1/data/query/horse/00092.png,horse,4,/home/emily/MMIP/week5/quiz1/data/gallery/horse/00867.png,horse,0.704927
/home/emily/MMIP/week5/quiz1/data/query/horse/00092.png,horse,5,/home/emily/MMIP/week5/quiz1/data/gallery/horse/00381.png,horse,0.693913
/home/emily/MMIP/week5/quiz1/data/query/horse/00093.png,horse,1,/home/emily/MMIP/week5/quiz1/data/gallery/horse/00836.png,horse,0.626016
/home/emily/MMIP/week5/quiz1/data/query/horse/00093.png,horse,2,/home/emily/MMIP/week5/quiz1/data/gallery/horse/00753.png,horse,0.625893
/home/emily/MMIP/week5/quiz1/data/query/horse/00093.png,horse,3,/home/emily/MMIP/week5/quiz1/data/gallery/horse/00371.png,horse,0.615782
/home/emily/MMIP/week5/quiz1/data/query/horse/00093.png,horse,4,/home/emily/MMIP/week5/quiz1/data/gallery/horse/00052.png,horse,0.588321
/home/emily/MMIP/week5/quiz1/data/query/horse/00093.png,horse,5,/home/emily/MMIP/week5/quiz1/data/gallery/horse/00601.png,horse,0.586377
/home/emily/MMIP/week5/quiz1/data/query/horse/00094.png,horse,1,/home/emily/MMIP/week5/quiz1/data/gallery/horse/00585.png,horse,0.858007
/home/emily/MMIP/week5/quiz1/data/query/horse/00094.png,horse,2,/home/emily/MMIP/week5/quiz1/data/gallery/horse/00000.png,horse,0.857180
/home/emily/MMIP/week5/quiz1/data/query/horse/00094.png,horse,3,/home/emily/MMIP/week5/quiz1/data/gallery/horse/00143.png,horse,0.852666
/home/emily/MMIP/week5/quiz1/data/query/horse/00094.png,horse,4,/home/emily/MMIP/week5/quiz1/data/gallery/horse/00634.png,horse,0.838024
/home/emily/MMIP/week5/quiz1/data/query/horse/00094.png,horse,5,/home/emily/MMIP/week5/quiz1/data/gallery/horse/00195.png,horse,0.837578
/home/emily/MMIP/week5/quiz1/data/query/horse/00095.png,horse,1,/home/emily/MMIP/week5/quiz1/data/gallery/horse/00043.png,horse,0.630966
/home/emily/MMIP/week5/quiz1/data/query/horse/00095.png,horse,2,/home/emily/MMIP/week5/quiz1/data/gallery/horse/00692.png,horse,0.541728
/home/emily/MMIP/week5/quiz1/data/query/horse/00095.png,horse,3,/home/emily/MMIP/week5/quiz1/data/gallery/horse/00857.png,horse,0.533501
/home/emily/MMIP/week5/quiz1/data/query/horse/00095.png,horse,4,/home/emily/MMIP/week5/quiz1/data/gallery/horse/00422.png,horse,0.518162
/home/emily/MMIP/week5/quiz1/data/query/horse/00095.png,horse,5,/home/emily/MMIP/week5/quiz1/data/gallery/horse/00746.png,horse,0.513878
/home/emily/MMIP/week5/quiz1/data/query/horse/00096.png,horse,1,/home/emily/MMIP/week5/quiz1/data/gallery/horse/00552.png,horse,0.732239
/home/emily/MMIP/week5/quiz1/data/query/horse/00096.png,horse,2,/home/emily/MMIP/week5/quiz1/data/gallery/horse/00724.png,horse,0.707812
/home/emily/MMIP/week5/quiz1/data/query/horse/00096.png,horse,3,/home/emily/MMIP/week5/quiz1/data/gallery/horse/00240.png,horse,0.704037
/home/emily/MMIP/week5/quiz1/data/query/horse/00096.png,horse,4,/home/emily/MMIP/week5/quiz1/data/gallery/horse/00272.png,horse,0.692443
/home/emily/MMIP/week5/quiz1/data/query/horse/00096.png,horse,5,/home/emily/MMIP/week5/quiz1/data/gallery/horse/00156.png,horse,0.689649
/home/emily/MMIP/week5/quiz1/data/query/horse/00097.png,horse,1,/home/emily/MMIP/week5/quiz1/data/gallery/horse/00454.png,horse,0.672936
/home/emily/MMIP/week5/quiz1/data/query/horse/00097.png,horse,2,/home/emily/MMIP/week5/quiz1/data/gallery/horse/00244.png,horse,0.623385
/home/emily/MMIP/week5/quiz1/data/query/horse/00097.png,horse,3,/home/emily/MMIP/week5/quiz1/data/gallery/horse/00003.png,horse,0.612198
/home/emily/MMIP/week5/quiz1/data/query/horse/00097.png,horse,4,/home/emily/MMIP/week5/quiz1/data/gallery/horse/00070.png,horse,0.609856
/home/emily/MMIP/week5/quiz1/data/query/horse/00097.png,horse,5,/home/emily/MMIP/week5/quiz1/data/gallery/horse/00031.png,horse,0.603601
/home/emily/MMIP/week5/quiz1/data/query/horse/00098.png,horse,1,/home/emily/MMIP/week5/quiz1/data/gallery/horse/00628.png,horse,0.846480
/home/emily/MMIP/week5/quiz1/data/query/horse/00098.png,horse,2,/home/emily/MMIP/week5/quiz1/data/gallery/horse/00902.png,horse,0.840133
/home/emily/MMIP/week5/quiz1/data/query/horse/00098.png,horse,3,/home/emily/MMIP/week5/quiz1/data/gallery/horse/00634.png,horse,0.838671
/home/emily/MMIP/week5/quiz1/data/query/horse/00098.png,horse,4,/home/emily/MMIP/week5/quiz1/data/gallery/horse/00819.png,horse,0.831609
/home/emily/MMIP/week5/quiz1/data/query/horse/00098.png,horse,5,/home/emily/MMIP/week5/quiz1/data/gallery/horse/00207.png,horse,0.828374
/home/emily/MMIP/week5/quiz1/data/query/horse/00099.png,horse,1,/home/emily/MMIP/week5/quiz1/data/gallery/horse/00593.png,horse,0.713034
/home/emily/MMIP/week5/quiz1/data/query/horse/00099.png,horse,2,/home/emily/MMIP/week5/quiz1/data/gallery/horse/00365.png,horse,0.709454
/home/emily/MMIP/week5/quiz1/data/query/horse/00099.png,horse,3,/home/emily/MMIP/week5/quiz1/data/gallery/horse/00213.png,horse,0.707067
/home/emily/MMIP/week5/quiz1/data/query/horse/00099.png,horse,4,/home/emily/MMIP/week5/quiz1/data/gallery/horse/00971.png,horse,0.683044
/home/emily/MMIP/week5/quiz1/data/query/horse/00099.png,horse,5,/home/emily/MMIP/week5/quiz1/data/gallery/horse/00606.png,horse,0.680457
/home/emily/MMIP/week5/quiz1/data/query/ship/00000.png,ship,1,/home/emily/MMIP/week5/quiz1/data/gallery/ship/00848.png,ship,0.673069
/home/emily/MMIP/week5/quiz1/data/query/ship/00000.png,ship,2,/home/emily/MMIP/week5/quiz1/data/gallery/ship/00702.png,ship,0.622431
/home/emily/MMIP/week5/quiz1/data/query/ship/00000.png,ship,3,/home/emily/MMIP/week5/quiz1/data/gallery/ship/00507.png,ship,0.609672
/home/emily/MMIP/week5/quiz1/data/query/ship/00000.png,ship,4,/home/emily/MMIP/week5/quiz1/data/gallery/ship/00238.png,ship,0.608319
/home/emily/MMIP/week5/quiz1/data/query/ship/00000.png,ship,5,/home/emily/MMIP/week5/quiz1/data/gallery/ship/00098.png,ship,0.604159
/home/emily/MMIP/week5/quiz1/data/query/ship/00001.png,ship,1,/home/emily/MMIP/week5/quiz1/data/gallery/ship/00545.png,ship,0.703589
/home/emily/MMIP/week5/quiz1/data/query/ship/00001.png,ship,2,/home/emily/MMIP/week5/quiz1/data/gallery/ship/00692.png,ship,0.655661
/home/emily/MMIP/week5/quiz1/data/query/ship/00001.png,ship,3,/home/emily/MMIP/week5/quiz1/data/gallery/ship/00015.png,ship,0.642666
/home/emily/MMIP/week5/quiz1/data/query/ship/00001.png,ship,4,/home/emily/MMIP/week5/quiz1/data/gallery/ship/00810.png,ship,0.640227
/home/emily/MMIP/week5/quiz1/data/query/ship/00001.png,ship,5,/home/emily/MMIP/week5/quiz1/data/gallery/ship/00135.png,ship,0.639314
/home/emily/MMIP/week5/quiz1/data/query/ship/00002.png,ship,1,/home/emily/MMIP/week5/quiz1/data/gallery/ship/00819.png,ship,0.570316
/home/emily/MMIP/week5/quiz1/data/query/ship/00002.png,ship,2,/home/emily/MMIP/week5/quiz1/data/gallery/ship/00001.png,ship,0.542497
/home/emily/MMIP/week5/quiz1/data/query/ship/00002.png,ship,3,/home/emily/MMIP/week5/quiz1/data/gallery/ship/00147.png,ship,0.539866
/home/emily/MMIP/week5/quiz1/data/query/ship/00002.png,ship,4,/home/emily/MMIP/week5/quiz1/data/gallery/ship/00468.png,ship,0.537543
/home/emily/MMIP/week5/quiz1/data/query/ship/00002.png,ship,5,/home/emily/MMIP/week5/quiz1/data/gallery/ship/00998.png,ship,0.531034
/home/emily/MMIP/week5/quiz1/data/query/ship/00003.png,ship,1,/home/emily/MMIP/week5/quiz1/data/gallery/ship/00293.png,ship,0.743326
/home/emily/MMIP/week5/quiz1/data/query/ship/00003.png,ship,2,/home/emily/MMIP/week5/quiz1/data/gallery/ship/00340.png,ship,0.727959
/home/emily/MMIP/week5/quiz1/data/query/ship/00003.png,ship,3,/home/emily/MMIP/week5/quiz1/data/gallery/ship/00992.png,ship,0.675943
/home/emily/MMIP/week5/quiz1/data/query/ship/00003.png,ship,4,/home/emily/MMIP/week5/quiz1/data/gallery/ship/00212.png,ship,0.667608
/home/emily/MMIP/week5/quiz1/data/query/ship/00003.png,ship,5,/home/emily/MMIP/week5/quiz1/data/gallery/ship/00885.png,ship,0.662305
/home/emily/MMIP/week5/quiz1/data/query/ship/00004.png,ship,1,/home/emily/MMIP/week5/quiz1/data/gallery/ship/00554.png,ship,0.720441
/home/emily/MMIP/week5/quiz1/data/query/ship/00004.png,ship,2,/home/emily/MMIP/week5/quiz1/data/gallery/ship/00181.png,ship,0.708989
/home/emily/MMIP/week5/quiz1/data/query/ship/00004.png,ship,3,/home/emily/MMIP/week5/quiz1/data/gallery/ship/00693.png,ship,0.701574
/home/emily/MMIP/week5/quiz1/data/query/ship/00004.png,ship,4,/home/emily/MMIP/week5/quiz1/data/gallery/ship/00465.png,ship,0.697902
/home/emily/MMIP/week5/quiz1/data/query/ship/00004.png,ship,5,/home/emily/MMIP/week5/quiz1/data/gallery/ship/00815.png,ship,0.683571
/home/emily/MMIP/week5/quiz1/data/query/ship/00005.png,ship,1,/home/emily/MMIP/week5/quiz1/data/gallery/ship/00933.png,ship,0.807655
/home/emily/MMIP/week5/quiz1/data/query/ship/00005.png,ship,2,/home/emily/MMIP/week5/quiz1/data/gallery/ship/00459.png,ship,0.757749
/home/emily/MMIP/week5/quiz1/data/query/ship/00005.png,ship,3,/home/emily/MMIP/week5/quiz1/data/gallery/ship/00099.png,ship,0.750377
/home/emily/MMIP/week5/quiz1/data/query/ship/00005.png,ship,4,/home/emily/MMIP/week5/quiz1/data/gallery/ship/00517.png,ship,0.749617
/home/emily/MMIP/week5/quiz1/data/query/ship/00005.png,ship,5,/home/emily/MMIP/week5/quiz1/data/gallery/ship/00114.png,ship,0.745103
/home/emily/MMIP/week5/quiz1/data/query/ship/00006.png,ship,1,/home/emily/MMIP/week5/quiz1/data/gallery/ship/00602.png,ship,0.776860
/home/emily/MMIP/week5/quiz1/data/query/ship/00006.png,ship,2,/home/emily/MMIP/week5/quiz1/data/gallery/ship/00873.png,ship,0.747133
/home/emily/MMIP/week5/quiz1/data/query/ship/00006.png,ship,3,/home/emily/MMIP/week5/quiz1/data/gallery/ship/00431.png,ship,0.740218
/home/emily/MMIP/week5/quiz1/data/query/ship/00006.png,ship,4,/home/emily/MMIP/week5/quiz1/data/gallery/ship/00129.png,ship,0.719670
/home/emily/MMIP/week5/quiz1/data/query/ship/00006.png,ship,5,/home/emily/MMIP/week5/quiz1/data/gallery/ship/00379.png,ship,0.711217
/home/emily/MMIP/week5/quiz1/data/query/ship/00007.png,ship,1,/home/emily/MMIP/week5/quiz1/data/gallery/ship/00489.png,ship,0.661775
/home/emily/MMIP/week5/quiz1/data/query/ship/00007.png,ship,2,/home/emily/MMIP/week5/quiz1/data/gallery/ship/00744.png,ship,0.643168
/home/emily/MMIP/week5/quiz1/data/query/ship/00007.png,ship,3,/home/emily/MMIP/week5/quiz1/data/gallery/ship/00291.png,ship,0.636119
/home/emily/MMIP/week5/quiz1/data/query/ship/00007.png,ship,4,/home/emily/MMIP/week5/quiz1/data/gallery/ship/00428.png,ship,0.634005
/home/emily/MMIP/week5/quiz1/data/query/ship/00007.png,ship,5,/home/emily/MMIP/week5/quiz1/data/gallery/ship/00390.png,ship,0.619199
/home/emily/MMIP/week5/quiz1/data/query/ship/00008.png,ship,1,/home/emily/MMIP/week5/quiz1/data/gallery/ship/00344.png,ship,0.707259
/home/emily/MMIP/week5/quiz1/data/query/ship/00008.png,ship,2,/home/emily/MMIP/week5/quiz1/data/gallery/ship/00970.png,ship,0.706740
/home/emily/MMIP/week5/quiz1/data/query/ship/00008.png,ship,3,/home/emily/MMIP/week5/quiz1/data/gallery/ship/00862.png,ship,0.704115
/home/emily/MMIP/week5/quiz1/data/query/ship/00008.png,ship,4,/home/emily/MMIP/week5/quiz1/data/gallery/ship/00213.png,ship,0.702049
/home/emily/MMIP/week5/quiz1/data/query/ship/00008.png,ship,5,/home/emily/MMIP/week5/quiz1/data/gallery/airplane/00788.png,airplane,0.689145
/home/emily/MMIP/week5/quiz1/data/query/ship/00009.png,ship,1,/home/emily/MMIP/week5/quiz1/data/gallery/ship/00903.png,ship,0.726356
/home/emily/MMIP/week5/quiz1/data/query/ship/00009.png,ship,2,/home/emily/MMIP/week5/quiz1/data/gallery/ship/00645.png,ship,0.692964
/home/emily/MMIP/week5/quiz1/data/query/ship/00009.png,ship,3,/home/emily/MMIP/week5/quiz1/data/gallery/ship/00509.png,ship,0.681083
/home/emily/MMIP/week5/quiz1/data/query/ship/00009.png,ship,4,/home/emily/MMIP/week5/quiz1/data/gallery/ship/00192.png,ship,0.619853
/home/emily/MMIP/week5/quiz1/data/query/ship/00009.png,ship,5,/home/emily/MMIP/week5/quiz1/data/gallery/ship/00820.png,ship,0.619370
/home/emily/MMIP/week5/quiz1/data/query/ship/00010.png,ship,1,/home/emily/MMIP/week5/quiz1/data/gallery/ship/00462.png,ship,0.750490
/home/emily/MMIP/week5/quiz1/data/query/ship/00010.png,ship,2,/home/emily/MMIP/week5/quiz1/data/gallery/ship/00098.png,ship,0.735122
/home/emily/MMIP/week5/quiz1/data/query/ship/00010.png,ship,3,/home/emily/MMIP/week5/quiz1/data/gallery/ship/00114.png,ship,0.734101
/home/emily/MMIP/week5/quiz1/data/query/ship/00010.png,ship,4,/home/emily/MMIP/week5/quiz1/data/gallery/ship/00518.png,ship,0.734023
/home/emily/MMIP/week5/quiz1/data/query/ship/00010.png,ship,5,/home/emily/MMIP/week5/quiz1/data/gallery/ship/00416.png,ship,0.714754
/home/emily/MMIP/week5/quiz1/data/query/ship/00011.png,ship,1,/home/emily/MMIP/week5/quiz1/data/gallery/ship/00247.png,ship,0.693556
/home/emily/MMIP/week5/quiz1/data/query/ship/00011.png,ship,2,/home/emily/MMIP/week5/quiz1/data/gallery/ship/00828.png,ship,0.671792
/home/emily/MMIP/week5/quiz1/data/query/ship/00011.png,ship,3,/home/emily/MMIP/week5/quiz1/data/gallery/ship/00598.png,ship,0.648198
/home/emily/MMIP/week5/quiz1/data/query/ship/00011.png,ship,4,/home/emily/MMIP/week5/quiz1/data/gallery/ship/00632.png,ship,0.641519
/home/emily/MMIP/week5/quiz1/data/query/ship/00011.png,ship,5,/home/emily/MMIP/week5/quiz1/data/gallery/ship/00574.png,ship,0.637937
/home/emily/MMIP/week5/quiz1/data/query/ship/00012.png,ship,1,/home/emily/MMIP/week5/quiz1/data/gallery/ship/00573.png,ship,0.718189
/home/emily/MMIP/week5/quiz1/data/query/ship/00012.png,ship,2,/home/emily/MMIP/week5/quiz1/data/gallery/ship/00136.png,ship,0.715124
/home/emily/MMIP/week5/quiz1/data/query/ship/00012.png,ship,3,/home/emily/MMIP/week5/quiz1/data/gallery/ship/00767.png,ship,0.675111
/home/emily/MMIP/week5/quiz1/data/query/ship/00012.png,ship,4,/home/emily/MMIP/week5/quiz1/data/gallery/ship/00450.png,ship,0.655838
/home/emily/MMIP/week5/quiz1/data/query/ship/00012.png,ship,5,/home/emily/MMIP/week5/quiz1/data/gallery/ship/00684.png,ship,0.643902
/home/emily/MMIP/week5/quiz1/data/query/ship/00013.png,ship,1,/home/emily/MMIP/week5/quiz1/data/gallery/ship/00976.png,ship,0.546415
/home/emily/MMIP/week5/quiz1/data/query/ship/00013.png,ship,2,/home/emily/MMIP/week5/quiz1/data/gallery/ship/00724.png,ship,0.519027
/home/emily/MMIP/week5/quiz1/data/query/ship/00013.png,ship,3,/home/emily/MMIP/week5/quiz1/data/gallery/ship/00702.png,ship,0.495193
/home/emily/MMIP/week5/quiz1/data/query/ship/00013.png,ship,4,/home/emily/MMIP/week5/quiz1/data/gallery/ship/00112.png,ship,0.491773
/home/emily/MMIP/week5/quiz1/data/query/ship/00013.png,ship,5,/home/emily/MMIP/week5/quiz1/data/gallery/ship/00682.png,ship,0.488132
/home/emily/MMIP/week5/quiz1/data/query/ship/00014.png,ship,1,/home/emily/MMIP/week5/quiz1/data/gallery/ship/00008.png,ship,0.607147
/home/emily/MMIP/week5/quiz1/data/query/ship/00014.png,ship,2,/home/emily/MMIP/week5/quiz1/data/gallery/ship/00651.png,ship,0.598221
/home/emily/MMIP/week5/quiz1/data/query/ship/00014.png,ship,3,/home/emily/MMIP/week5/quiz1/data/gallery/ship/00479.png,ship,0.594671
/home/emily/MMIP/week5/quiz1/data/query/ship/00014.png,ship,4,/home/emily/MMIP/week5/quiz1/data/gallery/ship/00820.png,ship,0.575177
/home/emily/MMIP/week5/quiz1/data/query/ship/00014.png,ship,5,/home/emily/MMIP/week5/quiz1/data/gallery/ship/00291.png,ship,0.566872
/home/emily/MMIP/week5/quiz1/data/query/ship/00015.png,ship,1,/home/emily/MMIP/week5/quiz1/data/gallery/airplane/00753.png,airplane,0.682348
/home/emily/MMIP/week5/quiz1/data/query/ship/00015.png,ship,2,/home/emily/MMIP/week5/quiz1/data/gallery/ship/00679.png,ship,0.662584
/home/emily/MMIP/week5/quiz1/data/query/ship/00015.png,ship,3,/home/emily/MMIP/week5/quiz1/data/gallery/ship/00646.png,ship,0.661863
/home/emily/MMIP/week5/quiz1/data/query/ship/00015.png,ship,4,/home/emily/MMIP/week5/quiz1/data/gallery/ship/00862.png,ship,0.651195
/home/emily/MMIP/week5/quiz1/data/query/ship/00015.png,ship,5,/home/emily/MMIP/week5/quiz1/data/gallery/ship/00851.png,ship,0.647505
/home/emily/MMIP/week5/quiz1/data/query/ship/00016.png,ship,1,/home/emily/MMIP/week5/quiz1/data/gallery/ship/00334.png,ship,0.811931
/home/emily/MMIP/week5/quiz1/data/query/ship/00016.png,ship,2,/home/emily/MMIP/week5/quiz1/data/gallery/ship/00069.png,ship,0.806665
/home/emily/MMIP/week5/quiz1/data/query/ship/00016.png,ship,3,/home/emily/MMIP/week5/quiz1/data/gallery/ship/00866.png,ship,0.798334
/home/emily/MMIP/week5/quiz1/data/query/ship/00016.png,ship,4,/home/emily/MMIP/week5/quiz1/data/gallery/ship/00149.png,ship,0.790075
/home/emily/MMIP/week5/quiz1/data/query/ship/00016.png,ship,5,/home/emily/MMIP/week5/quiz1/data/gallery/ship/00476.png,ship,0.785666
/home/emily/MMIP/week5/quiz1/data/query/ship/00017.png,ship,1,/home/emily/MMIP/week5/quiz1/data/gallery/ship/00559.png,ship,0.695350
/home/emily/MMIP/week5/quiz1/data/query/ship/00017.png,ship,2,/home/emily/MMIP/week5/quiz1/data/gallery/ship/00937.png,ship,0.686445
/home/emily/MMIP/week5/quiz1/data/query/ship/00017.png,ship,3,/home/emily/MMIP/week5/quiz1/data/gallery/ship/00468.png,ship,0.686330
/home/emily/MMIP/week5/quiz1/data/query/ship/00017.png,ship,4,/home/emily/MMIP/week5/quiz1/data/gallery/ship/00291.png,ship,0.682497
/home/emily/MMIP/week5/quiz1/data/query/ship/00017.png,ship,5,/home/emily/MMIP/week5/quiz1/data/gallery/ship/00844.png,ship,0.682493
/home/emily/MMIP/week5/quiz1/data/query/ship/00018.png,ship,1,/home/emily/MMIP/week5/quiz1/data/gallery/ship/00227.png,ship,0.695599
/home/emily/MMIP/week5/quiz1/data/query/ship/00018.png,ship,2,/home/emily/MMIP/week5/quiz1/data/gallery/ship/00107.png,ship,0.695015
/home/emily/MMIP/week5/quiz1/data/query/ship/00018.png,ship,3,/home/emily/MMIP/week5/quiz1/data/gallery/ship/00197.png,ship,0.658758
/home/emily/MMIP/week5/quiz1/data/query/ship/00018.png,ship,4,/home/emily/MMIP/week5/quiz1/data/gallery/ship/00099.png,ship,0.656869
/home/emily/MMIP/week5/quiz1/data/query/ship/00018.png,ship,5,/home/emily/MMIP/week5/quiz1/data/gallery/ship/00725.png,ship,0.652999
/home/emily/MMIP/week5/quiz1/data/query/ship/00019.png,ship,1,/home/emily/MMIP/week5/quiz1/data/gallery/ship/00651.png,ship,0.625706
/home/emily/MMIP/week5/quiz1/data/query/ship/00019.png,ship,2,/home/emily/MMIP/week5/quiz1/data/gallery/ship/00614.png,ship,0.620795
/home/emily/MMIP/week5/quiz1/data/query/ship/00019.png,ship,3,/home/emily/MMIP/week5/quiz1/data/gallery/ship/00801.png,ship,0.602874
/home/emily/MMIP/week5/quiz1/data/query/ship/00019.png,ship,4,/home/emily/MMIP/week5/quiz1/data/gallery/ship/00457.png,ship,0.592947
/home/emily/MMIP/week5/quiz1/data/query/ship/00019.png,ship,5,/home/emily/MMIP/week5/quiz1/data/gallery/airplane/00041.png,airplane,0.592351
/home/emily/MMIP/week5/quiz1/data/query/ship/00020.png,ship,1,/home/emily/MMIP/week5/quiz1/data/gallery/ship/00580.png,ship,0.680893
/home/emily/MMIP/week5/quiz1/data/query/ship/00020.png,ship,2,/home/emily/MMIP/week5/quiz1/data/gallery/airplane/00542.png,airplane,0.640458
/home/emily/MMIP/week5/quiz1/data/query/ship/00020.png,ship,3,/home/emily/MMIP/week5/quiz1/data/gallery/airplane/00088.png,airplane,0.636777
/home/emily/MMIP/week5/quiz1/data/query/ship/00020.png,ship,4,/home/emily/MMIP/week5/quiz1/data/gallery/automobile/00630.png,automobile,0.621317
/home/emily/MMIP/week5/quiz1/data/query/ship/00020.png,ship,5,/home/emily/MMIP/week5/quiz1/data/gallery/airplane/00436.png,airplane,0.616018
/home/emily/MMIP/week5/quiz1/data/query/ship/00021.png,ship,1,/home/emily/MMIP/week5/quiz1/data/gallery/ship/00945.png,ship,0.765802
/home/emily/MMIP/week5/quiz1/data/query/ship/00021.png,ship,2,/home/emily/MMIP/week5/quiz1/data/gallery/ship/00589.png,ship,0.763201
/home/emily/MMIP/week5/quiz1/data/query/ship/00021.png,ship,3,/home/emily/MMIP/week5/quiz1/data/gallery/ship/00021.png,ship,0.755290
/home/emily/MMIP/week5/quiz1/data/query/ship/00021.png,ship,4,/home/emily/MMIP/week5/quiz1/data/gallery/ship/00084.png,ship,0.733998
/home/emily/MMIP/week5/quiz1/data/query/ship/00021.png,ship,5,/home/emily/MMIP/week5/quiz1/data/gallery/ship/00508.png,ship,0.713730
/home/emily/MMIP/week5/quiz1/data/query/ship/00022.png,ship,1,/home/emily/MMIP/week5/quiz1/data/gallery/ship/00973.png,ship,0.670359
/home/emily/MMIP/week5/quiz1/data/query/ship/00022.png,ship,2,/home/emily/MMIP/week5/quiz1/data/gallery/ship/00015.png,ship,0.641331
/home/emily/MMIP/week5/quiz1/data/query/ship/00022.png,ship,3,/home/emily/MMIP/week5/quiz1/data/gallery/ship/00396.png,ship,0.629038
/home/emily/MMIP/week5/quiz1/data/query/ship/00022.png,ship,4,/home/emily/MMIP/week5/quiz1/data/gallery/ship/00486.png,ship,0.623720
/home/emily/MMIP/week5/quiz1/data/query/ship/00022.png,ship,5,/home/emily/MMIP/week5/quiz1/data/gallery/ship/00635.png,ship,0.616104
/home/emily/MMIP/week5/quiz1/data/query/ship/00023.png,ship,1,/home/emily/MMIP/week5/quiz1/data/gallery/ship/00462.png,ship,0.738141
/home/emily/MMIP/week5/quiz1/data/query/ship/00023.png,ship,2,/home/emily/MMIP/week5/quiz1/data/gallery/ship/00970.png,ship,0.736052
/home/emily/MMIP/week5/quiz1/data/query/ship/00023.png,ship,3,/home/emily/MMIP/week5/quiz1/data/gallery/ship/00001.png,ship,0.724400
/home/emily/MMIP/week5/quiz1/data/query/ship/00023.png,ship,4,/home/emily/MMIP/week5/quiz1/data/gallery/ship/00482.png,ship,0.707041
/home/emily/MMIP/week5/quiz1/data/query/ship/00023.png,ship,5,/home/emily/MMIP/week5/quiz1/data/gallery/ship/00414.png,ship,0.704725
/home/emily/MMIP/week5/quiz1/data/query/ship/00024.png,ship,1,/home/emily/MMIP/week5/quiz1/data/gallery/ship/00419.png,ship,0.659663
/home/emily/MMIP/week5/quiz1/data/query/ship/00024.png,ship,2,/home/emily/MMIP/week5/quiz1/data/gallery/truck/00482.png,truck,0.649024
/home/emily/MMIP/week5/quiz1/data/query/ship/00024.png,ship,3,/home/emily/MMIP/week5/quiz1/data/gallery/ship/00301.png,ship,0.615483
/home/emily/MMIP/week5/quiz1/data/query/ship/00024.png,ship,4,/home/emily/MMIP/week5/quiz1/data/gallery/ship/00073.png,ship,0.607548
/home/emily/MMIP/week5/quiz1/data/query/ship/00024.png,ship,5,/home/emily/MMIP/week5/quiz1/data/gallery/ship/00375.png,ship,0.605978
/home/emily/MMIP/week5/quiz1/data/query/ship/00025.png,ship,1,/home/emily/MMIP/week5/quiz1/data/gallery/ship/00788.png,ship,0.692081
/home/emily/MMIP/week5/quiz1/data/query/ship/00025.png,ship,2,/home/emily/MMIP/week5/quiz1/data/gallery/ship/00416.png,ship,0.687626
/home/emily/MMIP/week5/quiz1/data/query/ship/00025.png,ship,3,/home/emily/MMIP/week5/quiz1/data/gallery/ship/00739.png,ship,0.677151
/home/emily/MMIP/week5/quiz1/data/query/ship/00025.png,ship,4,/home/emily/MMIP/week5/quiz1/data/gallery/ship/00073.png,ship,0.673788
/home/emily/MMIP/week5/quiz1/data/query/ship/00025.png,ship,5,/home/emily/MMIP/week5/quiz1/data/gallery/ship/00253.png,ship,0.668010
/home/emily/MMIP/week5/quiz1/data/query/ship/00026.png,ship,1,/home/emily/MMIP/week5/quiz1/data/gallery/ship/00358.png,ship,0.562182
/home/emily/MMIP/week5/quiz1/data/query/ship/00026.png,ship,2,/home/emily/MMIP/week5/quiz1/data/gallery/ship/00241.png,ship,0.482340
/home/emily/MMIP/week5/quiz1/data/query/ship/00026.png,ship,3,/home/emily/MMIP/week5/quiz1/data/gallery/airplane/00738.png,airplane,0.427789
/home/emily/MMIP/week5/quiz1/data/query/ship/00026.png,ship,4,/home/emily/MMIP/week5/quiz1/data/gallery/ship/00230.png,ship,0.426744
/home/emily/MMIP/week5/quiz1/data/query/ship/00026.png,ship,5,/home/emily/MMIP/week5/quiz1/data/gallery/ship/00535.png,ship,0.425073
/home/emily/MMIP/week5/quiz1/data/query/ship/00027.png,ship,1,/home/emily/MMIP/week5/quiz1/data/gallery/ship/00004.png,ship,0.673085
/home/emily/MMIP/week5/quiz1/data/query/ship/00027.png,ship,2,/home/emily/MMIP/week5/quiz1/data/gallery/ship/00938.png,ship,0.601212
/home/emily/MMIP/week5/quiz1/data/query/ship/00027.png,ship,3,/home/emily/MMIP/week5/quiz1/data/gallery/ship/00077.png,ship,0.592080
/home/emily/MMIP/week5/quiz1/data/query/ship/00027.png,ship,4,/home/emily/MMIP/week5/quiz1/data/gallery/ship/00263.png,ship,0.591562
/home/emily/MMIP/week5/quiz1/data/query/ship/00027.png,ship,5,/home/emily/MMIP/week5/quiz1/data/gallery/ship/00895.png,ship,0.585070
/home/emily/MMIP/week5/quiz1/data/query/ship/00028.png,ship,1,/home/emily/MMIP/week5/quiz1/data/gallery/ship/00069.png,ship,0.844085
/home/emily/MMIP/week5/quiz1/data/query/ship/00028.png,ship,2,/home/emily/MMIP/week5/quiz1/data/gallery/ship/00232.png,ship,0.820937
/home/emily/MMIP/week5/quiz1/data/query/ship/00028.png,ship,3,/home/emily/MMIP/week5/quiz1/data/gallery/ship/00347.png,ship,0.799752
/home/emily/MMIP/week5/quiz1/data/query/ship/00028.png,ship,4,/home/emily/MMIP/week5/quiz1/data/gallery/ship/00611.png,ship,0.798693
/home/emily/MMIP/week5/quiz1/data/query/ship/00028.png,ship,5,/home/emily/MMIP/week5/quiz1/data/gallery/ship/00647.png,ship,0.795300
/home/emily/MMIP/week5/quiz1/data/query/ship/00029.png,ship,1,/home/emily/MMIP/week5/quiz1/data/gallery/ship/00357.png,ship,0.479394
/home/emily/MMIP/week5/quiz1/data/query/ship/00029.png,ship,2,/home/emily/MMIP/week5/quiz1/data/gallery/bird/00084.png,bird,0.460571
/home/emily/MMIP/week5/quiz1/data/query/ship/00029.png,ship,3,/home/emily/MMIP/week5/quiz1/data/gallery/dog/00848.png,dog,0.459526
/home/emily/MMIP/week5/quiz1/data/query/ship/00029.png,ship,4,/home/emily/MMIP/week5/quiz1/data/gallery/cat/00034.png,cat,0.444336
/home/emily/MMIP/week5/quiz1/data/query/ship/00029.png,ship,5,/home/emily/MMIP/week5/quiz1/data/gallery/ship/00453.png,ship,0.441857
/home/emily/MMIP/week5/quiz1/data/query/ship/00030.png,ship,1,/home/emily/MMIP/week5/quiz1/data/gallery/ship/00738.png,ship,0.651537
/home/emily/MMIP/week5/quiz1/data/query/ship/00030.png,ship,2,/home/emily/MMIP/week5/quiz1/data/gallery/airplane/00507.png,airplane,0.584635
/home/emily/MMIP/week5/quiz1/data/query/ship/00030.png,ship,3,/home/emily/MMIP/week5/quiz1/data/gallery/airplane/00051.png,airplane,0.574093
/home/emily/MMIP/week5/quiz1/data/query/ship/00030.png,ship,4,/home/emily/MMIP/week5/quiz1/data/gallery/airplane/00964.png,airplane,0.561141
/home/emily/MMIP/week5/quiz1/data/query/ship/00030.png,ship,5,/home/emily/MMIP/week5/quiz1/data/gallery/airplane/00498.png,airplane,0.550425
/home/emily/MMIP/week5/quiz1/data/query/ship/00031.png,ship,1,/home/emily/MMIP/week5/quiz1/data/gallery/ship/00213.png,ship,0.731502
/home/emily/MMIP/week5/quiz1/data/query/ship/00031.png,ship,2,/home/emily/MMIP/week5/quiz1/data/gallery/ship/00319.png,ship,0.708139
/home/emily/MMIP/week5/quiz1/data/query/ship/00031.png,ship,3,/home/emily/MMIP/week5/quiz1/data/gallery/ship/00174.png,ship,0.705733
/home/emily/MMIP/week5/quiz1/data/query/ship/00031.png,ship,4,/home/emily/MMIP/week5/quiz1/data/gallery/ship/00823.png,ship,0.704703
/home/emily/MMIP/week5/quiz1/data/query/ship/00031.png,ship,5,/home/emily/MMIP/week5/quiz1/data/gallery/ship/00510.png,ship,0.701704
/home/emily/MMIP/week5/quiz1/data/query/ship/00032.png,ship,1,/home/emily/MMIP/week5/quiz1/data/gallery/ship/00008.png,ship,0.799322
/home/emily/MMIP/week5/quiz1/data/query/ship/00032.png,ship,2,/home/emily/MMIP/week5/quiz1/data/gallery/ship/00711.png,ship,0.677049
/home/emily/MMIP/week5/quiz1/data/query/ship/00032.png,ship,3,/home/emily/MMIP/week5/quiz1/data/gallery/ship/00161.png,ship,0.670770
/home/emily/MMIP/week5/quiz1/data/query/ship/00032.png,ship,4,/home/emily/MMIP/week5/quiz1/data/gallery/ship/00479.png,ship,0.660672
/home/emily/MMIP/week5/quiz1/data/query/ship/00032.png,ship,5,/home/emily/MMIP/week5/quiz1/data/gallery/ship/00158.png,ship,0.648624
/home/emily/MMIP/week5/quiz1/data/query/ship/00033.png,ship,1,/home/emily/MMIP/week5/quiz1/data/gallery/ship/00452.png,ship,0.518788
/home/emily/MMIP/week5/quiz1/data/query/ship/00033.png,ship,2,/home/emily/MMIP/week5/quiz1/data/gallery/airplane/00934.png,airplane,0.511716
/home/emily/MMIP/week5/quiz1/data/query/ship/00033.png,ship,3,/home/emily/MMIP/week5/quiz1/data/gallery/ship/00045.png,ship,0.501144
/home/emily/MMIP/week5/quiz1/data/query/ship/00033.png,ship,4,/home/emily/MMIP/week5/quiz1/data/gallery/ship/00980.png,ship,0.492993
/home/emily/MMIP/week5/quiz1/data/query/ship/00033.png,ship,5,/home/emily/MMIP/week5/quiz1/data/gallery/ship/00982.png,ship,0.489636
/home/emily/MMIP/week5/quiz1/data/query/ship/00034.png,ship,1,/home/emily/MMIP/week5/quiz1/data/gallery/ship/00073.png,ship,0.692464
/home/emily/MMIP/week5/quiz1/data/query/ship/00034.png,ship,2,/home/emily/MMIP/week5/quiz1/data/gallery/ship/00510.png,ship,0.688954
/home/emily/MMIP/week5/quiz1/data/query/ship/00034.png,ship,3,/home/emily/MMIP/week5/quiz1/data/gallery/ship/00971.png,ship,0.677076
/home/emily/MMIP/week5/quiz1/data/query/ship/00034.png,ship,4,/home/emily/MMIP/week5/quiz1/data/gallery/ship/00693.png,ship,0.673547
/home/emily/MMIP/week5/quiz1/data/query/ship/00034.png,ship,5,/home/emily/MMIP/week5/quiz1/data/gallery/ship/00416.png,ship,0.672373
/home/emily/MMIP/week5/quiz1/data/query/ship/00035.png,ship,1,/home/emily/MMIP/week5/quiz1/data/gallery/ship/00625.png,ship,0.582790
/home/emily/MMIP/week5/quiz1/data/query/ship/00035.png,ship,2,/home/emily/MMIP/week5/quiz1/data/gallery/ship/00381.png,ship,0.549379
/home/emily/MMIP/week5/quiz1/data/query/ship/00035.png,ship,3,/home/emily/MMIP/week5/quiz1/data/gallery/ship/00218.png,ship,0.537975
/home/emily/MMIP/week5/quiz1/data/query/ship/00035.png,ship,4,/home/emily/MMIP/week5/quiz1/data/gallery/ship/00967.png,ship,0.532843
/home/emily/MMIP/week5/quiz1/data/query/ship/00035.png,ship,5,/home/emily/MMIP/week5/quiz1/data/gallery/ship/00568.png,ship,0.532389
/home/emily/MMIP/week5/quiz1/data/query/ship/00036.png,ship,1,/home/emily/MMIP/week5/quiz1/data/gallery/ship/00375.png,ship,0.676875
/home/emily/MMIP/week5/quiz1/data/query/ship/00036.png,ship,2,/home/emily/MMIP/week5/quiz1/data/gallery/ship/00614.png,ship,0.646616
/home/emily/MMIP/week5/quiz1/data/query/ship/00036.png,ship,3,/home/emily/MMIP/week5/quiz1/data/gallery/ship/00008.png,ship,0.601471
/home/emily/MMIP/week5/quiz1/data/query/ship/00036.png,ship,4,/home/emily/MMIP/week5/quiz1/data/gallery/ship/00110.png,ship,0.590400
/home/emily/MMIP/week5/quiz1/data/query/ship/00036.png,ship,5,/home/emily/MMIP/week5/quiz1/data/gallery/ship/00486.png,ship,0.586180
/home/emily/MMIP/week5/quiz1/data/query/ship/00037.png,ship,1,/home/emily/MMIP/week5/quiz1/data/gallery/ship/00225.png,ship,0.727903
/home/emily/MMIP/week5/quiz1/data/query/ship/00037.png,ship,2,/home/emily/MMIP/week5/quiz1/data/gallery/ship/00985.png,ship,0.718045
/home/emily/MMIP/week5/quiz1/data/query/ship/00037.png,ship,3,/home/emily/MMIP/week5/quiz1/data/gallery/airplane/00548.png,airplane,0.692328
/home/emily/MMIP/week5/quiz1/data/query/ship/00037.png,ship,4,/home/emily/MMIP/week5/quiz1/data/gallery/truck/00772.png,truck,0.648519
/home/emily/MMIP/week5/quiz1/data/query/ship/00037.png,ship,5,/home/emily/MMIP/week5/quiz1/data/gallery/airplane/00119.png,airplane,0.646259
/home/emily/MMIP/week5/quiz1/data/query/ship/00038.png,ship,1,/home/emily/MMIP/week5/quiz1/data/gallery/ship/00867.png,ship,0.687151
/home/emily/MMIP/week5/quiz1/data/query/ship/00038.png,ship,2,/home/emily/MMIP/week5/quiz1/data/gallery/ship/00531.png,ship,0.677687
/home/emily/MMIP/week5/quiz1/data/query/ship/00038.png,ship,3,/home/emily/MMIP/week5/quiz1/data/gallery/ship/00467.png,ship,0.659520
/home/emily/MMIP/week5/quiz1/data/query/ship/00038.png,ship,4,/home/emily/MMIP/week5/quiz1/data/gallery/ship/00026.png,ship,0.650042
/home/emily/MMIP/week5/quiz1/data/query/ship/00038.png,ship,5,/home/emily/MMIP/week5/quiz1/data/gallery/ship/00438.png,ship,0.648772
/home/emily/MMIP/week5/quiz1/data/query/ship/00039.png,ship,1,/home/emily/MMIP/week5/quiz1/data/gallery/ship/00132.png,ship,0.700642
/home/emily/MMIP/week5/quiz1/data/query/ship/00039.png,ship,2,/home/emily/MMIP/week5/quiz1/data/gallery/ship/00743.png,ship,0.692529
/home/emily/MMIP/week5/quiz1/data/query/ship/00039.png,ship,3,/home/emily/MMIP/week5/quiz1/data/gallery/ship/00469.png,ship,0.675507
/home/emily/MMIP/week5/quiz1/data/query/ship/00039.png,ship,4,/home/emily/MMIP/week5/quiz1/data/gallery/ship/00079.png,ship,0.674498
/home/emily/MMIP/week5/quiz1/data/query/ship/00039.png,ship,5,/home/emily/MMIP/week5/quiz1/data/gallery/ship/00093.png,ship,0.665406
/home/emily/MMIP/week5/quiz1/data/query/ship/00040.png,ship,1,/home/emily/MMIP/week5/quiz1/data/gallery/ship/00291.png,ship,0.689655
/home/emily/MMIP/week5/quiz1/data/query/ship/00040.png,ship,2,/home/emily/MMIP/week5/quiz1/data/gallery/ship/00285.png,ship,0.688405
/home/emily/MMIP/week5/quiz1/data/query/ship/00040.png,ship,3,/home/emily/MMIP/week5/quiz1/data/gallery/ship/00918.png,ship,0.673464
/home/emily/MMIP/week5/quiz1/data/query/ship/00040.png,ship,4,/home/emily/MMIP/week5/quiz1/data/gallery/ship/00750.png,ship,0.666944
/home/emily/MMIP/week5/quiz1/data/query/ship/00040.png,ship,5,/home/emily/MMIP/week5/quiz1/data/gallery/ship/00152.png,ship,0.657028
/home/emily/MMIP/week5/quiz1/data/query/ship/00041.png,ship,1,/home/emily/MMIP/week5/quiz1/data/gallery/ship/00079.png,ship,0.644867
/home/emily/MMIP/week5/quiz1/data/query/ship/00041.png,ship,2,/home/emily/MMIP/week5/quiz1/data/gallery/ship/00943.png,ship,0.642476
/home/emily/MMIP/week5/quiz1/data/query/ship/00041.png,ship,3,/home/emily/MMIP/week5/quiz1/data/gallery/ship/00618.png,ship,0.631937
/home/emily/MMIP/week5/quiz1/data/query/ship/00041.png,ship,4,/home/emily/MMIP/week5/quiz1/data/gallery/ship/00526.png,ship,0.624344
/home/emily/MMIP/week5/quiz1/data/query/ship/00041.png,ship,5,/home/emily/MMIP/week5/quiz1/data/gallery/ship/00624.png,ship,0.624149
/home/emily/MMIP/week5/quiz1/data/query/ship/00042.png,ship,1,/home/emily/MMIP/week5/quiz1/data/gallery/ship/00086.png,ship,0.707258
/home/emily/MMIP/week5/quiz1/data/query/ship/00042.png,ship,2,/home/emily/MMIP/week5/quiz1/data/gallery/ship/00548.png,ship,0.638470
/home/emily/MMIP/week5/quiz1/data/query/ship/00042.png,ship,3,/home/emily/MMIP/week5/quiz1/data/gallery/ship/00430.png,ship,0.619239
/home/emily/MMIP/week5/quiz1/data/query/ship/00042.png,ship,4,/home/emily/MMIP/week5/quiz1/data/gallery/ship/00846.png,ship,0.603039
/home/emily/MMIP/week5/quiz1/data/query/ship/00042.png,ship,5,/home/emily/MMIP/week5/quiz1/data/gallery/ship/00099.png,ship,0.602687
/home/emily/MMIP/week5/quiz1/data/query/ship/00043.png,ship,1,/home/emily/MMIP/week5/quiz1/data/gallery/ship/00263.png,ship,0.631736
/home/emily/MMIP/week5/quiz1/data/query/ship/00043.png,ship,2,/home/emily/MMIP/week5/quiz1/data/gallery/ship/00282.png,ship,0.603839
/home/emily/MMIP/week5/quiz1/data/query/ship/00043.png,ship,3,/home/emily/MMIP/week5/quiz1/data/gallery/ship/00976.png,ship,0.589814
/home/emily/MMIP/week5/quiz1/data/query/ship/00043.png,ship,4,/home/emily/MMIP/week5/quiz1/data/gallery/ship/00736.png,ship,0.584134
/home/emily/MMIP/week5/quiz1/data/query/ship/00043.png,ship,5,/home/emily/MMIP/week5/quiz1/data/gallery/ship/00982.png,ship,0.580022
/home/emily/MMIP/week5/quiz1/data/query/ship/00044.png,ship,1,/home/emily/MMIP/week5/quiz1/data/gallery/ship/00213.png,ship,0.756235
/home/emily/MMIP/week5/quiz1/data/query/ship/00044.png,ship,2,/home/emily/MMIP/week5/quiz1/data/gallery/ship/00633.png,ship,0.752184
/home/emily/MMIP/week5/quiz1/data/query/ship/00044.png,ship,3,/home/emily/MMIP/week5/quiz1/data/gallery/ship/00174.png,ship,0.741567
/home/emily/MMIP/week5/quiz1/data/query/ship/00044.png,ship,4,/home/emily/MMIP/week5/quiz1/data/gallery/ship/00693.png,ship,0.740389
/home/emily/MMIP/week5/quiz1/data/query/ship/00044.png,ship,5,/home/emily/MMIP/week5/quiz1/data/gallery/ship/00001.png,ship,0.736610
/home/emily/MMIP/week5/quiz1/data/query/ship/00045.png,ship,1,/home/emily/MMIP/week5/quiz1/data/gallery/ship/00193.png,ship,0.563341
/home/emily/MMIP/week5/quiz1/data/query/ship/00045.png,ship,2,/home/emily/MMIP/week5/quiz1/data/gallery/ship/00770.png,ship,0.556983
/home/emily/MMIP/week5/quiz1/data/query/ship/00045.png,ship,3,/home/emily/MMIP/week5/quiz1/data/gallery/airplane/00739.png,airplane,0.473712
/home/emily/MMIP/week5/quiz1/data/query/ship/00045.png,ship,4,/home/emily/MMIP/week5/quiz1/data/gallery/ship/00978.png,ship,0.467968
/home/emily/MMIP/week5/quiz1/data/query/ship/00045.png,ship,5,/home/emily/MMIP/week5/quiz1/data/gallery/ship/00038.png,ship,0.465520
/home/emily/MMIP/week5/quiz1/data/query/ship/00046.png,ship,1,/home/emily/MMIP/week5/quiz1/data/gallery/ship/00138.png,ship,0.612540
/home/emily/MMIP/week5/quiz1/data/query/ship/00046.png,ship,2,/home/emily/MMIP/week5/quiz1/data/gallery/ship/00258.png,ship,0.583465
/home/emily/MMIP/week5/quiz1/data/query/ship/00046.png,ship,3,/home/emily/MMIP/week5/quiz1/data/gallery/ship/00976.png,ship,0.578675
/home/emily/MMIP/week5/quiz1/data/query/ship/00046.png,ship,4,/home/emily/MMIP/week5/quiz1/data/gallery/ship/00721.png,ship,0.557971
/home/emily/MMIP/week5/quiz1/data/query/ship/00046.png,ship,5,/home/emily/MMIP/week5/quiz1/data/gallery/ship/00671.png,ship,0.557108
/home/emily/MMIP/week5/quiz1/data/query/ship/00047.png,ship,1,/home/emily/MMIP/week5/quiz1/data/gallery/ship/00112.png,ship,0.557306
/home/emily/MMIP/week5/quiz1/data/query/ship/00047.png,ship,2,/home/emily/MMIP/week5/quiz1/data/gallery/ship/00423.png,ship,0.545794
/home/emily/MMIP/week5/quiz1/data/query/ship/00047.png,ship,3,/home/emily/MMIP/week5/quiz1/data/gallery/ship/00671.png,ship,0.543924
/home/emily/MMIP/week5/quiz1/data/query/ship/00047.png,ship,4,/home/emily/MMIP/week5/quiz1/data/gallery/ship/00883.png,ship,0.540307
/home/emily/MMIP/week5/quiz1/data/query/ship/00047.png,ship,5,/home/emily/MMIP/week5/quiz1/data/gallery/ship/00498.png,ship,0.526051
/home/emily/MMIP/week5/quiz1/data/query/ship/00048.png,ship,1,/home/emily/MMIP/week5/quiz1/data/gallery/ship/00475.png,ship,0.794217
/home/emily/MMIP/week5/quiz1/data/query/ship/00048.png,ship,2,/home/emily/MMIP/week5/quiz1/data/gallery/ship/00934.png,ship,0.760217
/home/emily/MMIP/week5/quiz1/data/query/ship/00048.png,ship,3,/home/emily/MMIP/week5/quiz1/data/gallery/ship/00853.png,ship,0.757472
/home/emily/MMIP/week5/quiz1/data/query/ship/00048.png,ship,4,/home/emily/MMIP/week5/quiz1/data/gallery/ship/00993.png,ship,0.756391
/home/emily/MMIP/week5/quiz1/data/query/ship/00048.png,ship,5,/home/emily/MMIP/week5/quiz1/data/gallery/ship/00255.png,ship,0.755504
/home/emily/MMIP/week5/quiz1/data/query/ship/00049.png,ship,1,/home/emily/MMIP/week5/quiz1/data/gallery/ship/00570.png,ship,0.741024
/home/emily/MMIP/week5/quiz1/data/query/ship/00049.png,ship,2,/home/emily/MMIP/week5/quiz1/data/gallery/ship/00340.png,ship,0.734983
/home/emily/MMIP/week5/quiz1/data/query/ship/00049.png,ship,3,/home/emily/MMIP/week5/quiz1/data/gallery/ship/00212.png,ship,0.727417
/home/emily/MMIP/week5/quiz1/data/query/ship/00049.png,ship,4,/home/emily/MMIP/week5/quiz1/data/gallery/ship/00465.png,ship,0.725525
/home/emily/MMIP/week5/quiz1/data/query/ship/00049.png,ship,5,/home/emily/MMIP/week5/quiz1/data/gallery/ship/00815.png,ship,0.714771
/home/emily/MMIP/week5/quiz1/data/query/ship/00050.png,ship,1,/home/emily/MMIP/week5/quiz1/data/gallery/ship/00112.png,ship,0.606342
/home/emily/MMIP/week5/quiz1/data/query/ship/00050.png,ship,2,/home/emily/MMIP/week5/quiz1/data/gallery/ship/00712.png,ship,0.530564
/home/emily/MMIP/week5/quiz1/data/query/ship/00050.png,ship,3,/home/emily/MMIP/week5/quiz1/data/gallery/ship/00403.png,ship,0.529849
/home/emily/MMIP/week5/quiz1/data/query/ship/00050.png,ship,4,/home/emily/MMIP/week5/quiz1/data/gallery/ship/00203.png,ship,0.524646
/home/emily/MMIP/week5/quiz1/data/query/ship/00050.png,ship,5,/home/emily/MMIP/week5/quiz1/data/gallery/ship/00468.png,ship,0.523910
/home/emily/MMIP/week5/quiz1/data/query/ship/00051.png,ship,1,/home/emily/MMIP/week5/quiz1/data/gallery/ship/00511.png,ship,0.827542
/home/emily/MMIP/week5/quiz1/data/query/ship/00051.png,ship,2,/home/emily/MMIP/week5/quiz1/data/gallery/ship/00420.png,ship,0.720374
/home/emily/MMIP/week5/quiz1/data/query/ship/00051.png,ship,3,/home/emily/MMIP/week5/quiz1/data/gallery/ship/00984.png,ship,0.710291
/home/emily/MMIP/week5/quiz1/data/query/ship/00051.png,ship,4,/home/emily/MMIP/week5/quiz1/data/gallery/ship/00045.png,ship,0.665877
/home/emily/MMIP/week5/quiz1/data/query/ship/00051.png,ship,5,/home/emily/MMIP/week5/quiz1/data/gallery/ship/00204.png,ship,0.655520
/home/emily/MMIP/week5/quiz1/data/query/ship/00052.png,ship,1,/home/emily/MMIP/week5/quiz1/data/gallery/ship/00099.png,ship,0.733500
/home/emily/MMIP/week5/quiz1/data/query/ship/00052.png,ship,2,/home/emily/MMIP/week5/quiz1/data/gallery/ship/00114.png,ship,0.730563
/home/emily/MMIP/week5/quiz1/data/query/ship/00052.png,ship,3,/home/emily/MMIP/week5/quiz1/data/gallery/ship/00875.png,ship,0.720539
/home/emily/MMIP/week5/quiz1/data/query/ship/00052.png,ship,4,/home/emily/MMIP/week5/quiz1/data/gallery/ship/00397.png,ship,0.710131
/home/emily/MMIP/week5/quiz1/data/query/ship/00052.png,ship,5,/home/emily/MMIP/week5/quiz1/data/gallery/ship/00823.png,ship,0.708384
/home/emily/MMIP/week5/quiz1/data/query/ship/00053.png,ship,1,/home/emily/MMIP/week5/quiz1/data/gallery/ship/00545.png,ship,0.624335
/home/emily/MMIP/week5/quiz1/data/query/ship/00053.png,ship,2,/home/emily/MMIP/week5/quiz1/data/gallery/ship/00878.png,ship,0.613400
/home/emily/MMIP/week5/quiz1/data/query/ship/00053.png,ship,3,/home/emily/MMIP/week5/quiz1/data/gallery/ship/00642.png,ship,0.613230
/home/emily/MMIP/week5/quiz1/data/query/ship/00053.png,ship,4,/home/emily/MMIP/week5/quiz1/data/gallery/ship/00522.png,ship,0.607468
/home/emily/MMIP/week5/quiz1/data/query/ship/00053.png,ship,5,/home/emily/MMIP/week5/quiz1/data/gallery/ship/00515.png,ship,0.604899
/home/emily/MMIP/week5/quiz1/data/query/ship/00054.png,ship,1,/home/emily/MMIP/week5/quiz1/data/gallery/ship/00432.png,ship,0.800281
/home/emily/MMIP/week5/quiz1/data/query/ship/00054.png,ship,2,/home/emily/MMIP/week5/quiz1/data/gallery/ship/00438.png,ship,0.763064
/home/emily/MMIP/week5/quiz1/data/query/ship/00054.png,ship,3,/home/emily/MMIP/week5/quiz1/data/gallery/ship/00743.png,ship,0.753976
/home/emily/MMIP/week5/quiz1/data/query/ship/00054.png,ship,4,/home/emily/MMIP/week5/quiz1/data/gallery/ship/00831.png,ship,0.750789
/home/emily/MMIP/week5/quiz1/data/query/ship/00054.png,ship,5,/home/emily/MMIP/week5/quiz1/data/gallery/ship/00496.png,ship,0.746124
/home/emily/MMIP/week5/quiz1/data/query/ship/00055.png,ship,1,/home/emily/MMIP/week5/quiz1/data/gallery/airplane/00760.png,airplane,0.742248
/home/emily/MMIP/week5/quiz1/data/query/ship/00055.png,ship,2,/home/emily/MMIP/week5/quiz1/data/gallery/ship/00531.png,ship,0.741876
/home/emily/MMIP/week5/quiz1/data/query/ship/00055.png,ship,3,/home/emily/MMIP/week5/quiz1/data/gallery/ship/00406.png,ship,0.735261
/home/emily/MMIP/week5/quiz1/data/query/ship/00055.png,ship,4,/home/emily/MMIP/week5/quiz1/data/gallery/ship/00438.png,ship,0.733631
/home/emily/MMIP/week5/quiz1/data/query/ship/00055.png,ship,5,/home/emily/MMIP/week5/quiz1/data/gallery/ship/00728.png,ship,0.718225
/home/emily/MMIP/week5/quiz1/data/query/ship/00056.png,ship,1,/home/emily/MMIP/week5/quiz1/data/gallery/ship/00852.png,ship,0.739197
/home/emily/MMIP/week5/quiz1/data/query/ship/00056.png,ship,2,/home/emily/MMIP/week5/quiz1/data/gallery/ship/00233.png,ship,0.732649
/home/emily/MMIP/week5/quiz1/data/query/ship/00056.png,ship,3,/home/emily/MMIP/week5/quiz1/data/gallery/ship/00285.png,ship,0.714502
/home/emily/MMIP/week5/quiz1/data/query/ship/00056.png,ship,4,/home/emily/MMIP/week5/quiz1/data/gallery/ship/00663.png,ship,0.711689
/home/emily/MMIP/week5/quiz1/data/query/ship/00056.png,ship,5,/home/emily/MMIP/week5/quiz1/data/gallery/ship/00460.png,ship,0.706928
/home/emily/MMIP/week5/quiz1/data/query/ship/00057.png,ship,1,/home/emily/MMIP/week5/quiz1/data/gallery/ship/00336.png,ship,0.743420
/home/emily/MMIP/week5/quiz1/data/query/ship/00057.png,ship,2,/home/emily/MMIP/week5/quiz1/data/gallery/ship/00422.png,ship,0.697070
/home/emily/MMIP/week5/quiz1/data/query/ship/00057.png,ship,3,/home/emily/MMIP/week5/quiz1/data/gallery/ship/00161.png,ship,0.682873
/home/emily/MMIP/week5/quiz1/data/query/ship/00057.png,ship,4,/home/emily/MMIP/week5/quiz1/data/gallery/ship/00459.png,ship,0.667935
/home/emily/MMIP/week5/quiz1/data/query/ship/00057.png,ship,5,/home/emily/MMIP/week5/quiz1/data/gallery/ship/00351.png,ship,0.667646
/home/emily/MMIP/week5/quiz1/data/query/ship/00058.png,ship,1,/home/emily/MMIP/week5/quiz1/data/gallery/ship/00092.png,ship,0.646636
/home/emily/MMIP/week5/quiz1/data/query/ship/00058.png,ship,2,/home/emily/MMIP/week5/quiz1/data/gallery/ship/00098.png,ship,0.640166
/home/emily/MMIP/week5/quiz1/data/query/ship/00058.png,ship,3,/home/emily/MMIP/week5/quiz1/data/gallery/ship/00853.png,ship,0.626356
/home/emily/MMIP/week5/quiz1/data/query/ship/00058.png,ship,4,/home/emily/MMIP/week5/quiz1/data/gallery/ship/00735.png,ship,0.617928
/home/emily/MMIP/week5/quiz1/data/query/ship/00058.png,ship,5,/home/emily/MMIP/week5/quiz1/data/gallery/ship/00496.png,ship,0.614292
/home/emily/MMIP/week5/quiz1/data/query/ship/00059.png,ship,1,/home/emily/MMIP/week5/quiz1/data/gallery/ship/00465.png,ship,0.778694
/home/emily/MMIP/week5/quiz1/data/query/ship/00059.png,ship,2,/home/emily/MMIP/week5/quiz1/data/gallery/ship/00181.png,ship,0.778497
/home/emily/MMIP/week5/quiz1/data/query/ship/00059.png,ship,3,/home/emily/MMIP/week5/quiz1/data/gallery/ship/00918.png,ship,0.758581
/home/emily/MMIP/week5/quiz1/data/query/ship/00059.png,ship,4,/home/emily/MMIP/week5/quiz1/data/gallery/ship/00764.png,ship,0.750484
/home/emily/MMIP/week5/quiz1/data/query/ship/00059.png,ship,5,/home/emily/MMIP/week5/quiz1/data/gallery/ship/00149.png,ship,0.749566
/home/emily/MMIP/week5/quiz1/data/query/ship/00060.png,ship,1,/home/emily/MMIP/week5/quiz1/data/gallery/ship/00971.png,ship,0.776816
/home/emily/MMIP/week5/quiz1/data/query/ship/00060.png,ship,2,/home/emily/MMIP/week5/quiz1/data/gallery/ship/00056.png,ship,0.737455
/home/emily/MMIP/week5/quiz1/data/query/ship/00060.png,ship,3,/home/emily/MMIP/week5/quiz1/data/gallery/ship/00935.png,ship,0.715090
/home/emily/MMIP/week5/quiz1/data/query/ship/00060.png,ship,4,/home/emily/MMIP/week5/quiz1/data/gallery/ship/00839.png,ship,0.703207
/home/emily/MMIP/week5/quiz1/data/query/ship/00060.png,ship,5,/home/emily/MMIP/week5/quiz1/data/gallery/ship/00669.png,ship,0.703202
/home/emily/MMIP/week5/quiz1/data/query/ship/00061.png,ship,1,/home/emily/MMIP/week5/quiz1/data/gallery/ship/00083.png,ship,0.768995
/home/emily/MMIP/week5/quiz1/data/query/ship/00061.png,ship,2,/home/emily/MMIP/week5/quiz1/data/gallery/ship/00253.png,ship,0.696566
/home/emily/MMIP/week5/quiz1/data/query/ship/00061.png,ship,3,/home/emily/MMIP/week5/quiz1/data/gallery/ship/00187.png,ship,0.687584
/home/emily/MMIP/week5/quiz1/data/query/ship/00061.png,ship,4,/home/emily/MMIP/week5/quiz1/data/gallery/ship/00407.png,ship,0.683888
/home/emily/MMIP/week5/quiz1/data/query/ship/00061.png,ship,5,/home/emily/MMIP/week5/quiz1/data/gallery/ship/00099.png,ship,0.681423
/home/emily/MMIP/week5/quiz1/data/query/ship/00062.png,ship,1,/home/emily/MMIP/week5/quiz1/data/gallery/ship/00465.png,ship,0.795904
/home/emily/MMIP/week5/quiz1/data/query/ship/00062.png,ship,2,/home/emily/MMIP/week5/quiz1/data/gallery/ship/00848.png,ship,0.784714
/home/emily/MMIP/week5/quiz1/data/query/ship/00062.png,ship,3,/home/emily/MMIP/week5/quiz1/data/gallery/ship/00623.png,ship,0.771619
/home/emily/MMIP/week5/quiz1/data/query/ship/00062.png,ship,4,/home/emily/MMIP/week5/quiz1/data/gallery/ship/00001.png,ship,0.768364
/home/emily/MMIP/week5/quiz1/data/query/ship/00062.png,ship,5,/home/emily/MMIP/week5/quiz1/data/gallery/ship/00213.png,ship,0.767361
/home/emily/MMIP/week5/quiz1/data/query/ship/00063.png,ship,1,/home/emily/MMIP/week5/quiz1/data/gallery/airplane/00710.png,airplane,0.621612
/home/emily/MMIP/week5/quiz1/data/query/ship/00063.png,ship,2,/home/emily/MMIP/week5/quiz1/data/gallery/ship/00639.png,ship,0.614255
/home/emily/MMIP/week5/quiz1/data/query/ship/00063.png,ship,3,/home/emily/MMIP/week5/quiz1/data/gallery/ship/00006.png,ship,0.592082
/home/emily/MMIP/week5/quiz1/data/query/ship/00063.png,ship,4,/home/emily/MMIP/week5/quiz1/data/gallery/ship/00786.png,ship,0.589424
/home/emily/MMIP/week5/quiz1/data/query/ship/00063.png,ship,5,/home/emily/MMIP/week5/quiz1/data/gallery/ship/00884.png,ship,0.564258
/home/emily/MMIP/week5/quiz1/data/query/ship/00064.png,ship,1,/home/emily/MMIP/week5/quiz1/data/gallery/ship/00033.png,ship,0.706019
/home/emily/MMIP/week5/quiz1/data/query/ship/00064.png,ship,2,/home/emily/MMIP/week5/quiz1/data/gallery/ship/00815.png,ship,0.663981
/home/emily/MMIP/week5/quiz1/data/query/ship/00064.png,ship,3,/home/emily/MMIP/week5/quiz1/data/gallery/ship/00573.png,ship,0.654867
/home/emily/MMIP/week5/quiz1/data/query/ship/00064.png,ship,4,/home/emily/MMIP/week5/quiz1/data/gallery/ship/00080.png,ship,0.631789
/home/emily/MMIP/week5/quiz1/data/query/ship/00064.png,ship,5,/home/emily/MMIP/week5/quiz1/data/gallery/ship/00559.png,ship,0.618793
/home/emily/MMIP/week5/quiz1/data/query/ship/00065.png,ship,1,/home/emily/MMIP/week5/quiz1/data/gallery/ship/00261.png,ship,0.726526
/home/emily/MMIP/week5/quiz1/data/query/ship/00065.png,ship,2,/home/emily/MMIP/week5/quiz1/data/gallery/ship/00414.png,ship,0.726049
/home/emily/MMIP/week5/quiz1/data/query/ship/00065.png,ship,3,/home/emily/MMIP/week5/quiz1/data/gallery/ship/00949.png,ship,0.724700
/home/emily/MMIP/week5/quiz1/data/query/ship/00065.png,ship,4,/home/emily/MMIP/week5/quiz1/data/gallery/ship/00839.png,ship,0.712222
/home/emily/MMIP/week5/quiz1/data/query/ship/00065.png,ship,5,/home/emily/MMIP/week5/quiz1/data/gallery/ship/00868.png,ship,0.700515
/home/emily/MMIP/week5/quiz1/data/query/ship/00066.png,ship,1,/home/emily/MMIP/week5/quiz1/data/gallery/ship/00806.png,ship,0.754383
/home/emily/MMIP/week5/quiz1/data/query/ship/00066.png,ship,2,/home/emily/MMIP/week5/quiz1/data/gallery/ship/00053.png,ship,0.740731
/home/emily/MMIP/week5/quiz1/data/query/ship/00066.png,ship,3,/home/emily/MMIP/week5/quiz1/data/gallery/ship/00520.png,ship,0.720487
/home/emily/MMIP/week5/quiz1/data/query/ship/00066.png,ship,4,/home/emily/MMIP/week5/quiz1/data/gallery/ship/00876.png,ship,0.718533
/home/emily/MMIP/week5/quiz1/data/query/ship/00066.png,ship,5,/home/emily/MMIP/week5/quiz1/data/gallery/ship/00075.png,ship,0.693867
/home/emily/MMIP/week5/quiz1/data/query/ship/00067.png,ship,1,/home/emily/MMIP/week5/quiz1/data/gallery/ship/00721.png,ship,0.760898
/home/emily/MMIP/week5/quiz1/data/query/ship/00067.png,ship,2,/home/emily/MMIP/week5/quiz1/data/gallery/ship/00138.png,ship,0.750848
/home/emily/MMIP/week5/quiz1/data/query/ship/00067.png,ship,3,/home/emily/MMIP/week5/quiz1/data/gallery/ship/00096.png,ship,0.730934
/home/emily/MMIP/week5/quiz1/data/query/ship/00067.png,ship,4,/home/emily/MMIP/week5/quiz1/data/gallery/ship/00725.png,ship,0.704687
/home/emily/MMIP/week5/quiz1/data/query/ship/00067.png,ship,5,/home/emily/MMIP/week5/quiz1/data/gallery/ship/00897.png,ship,0.686686
/home/emily/MMIP/week5/quiz1/data/query/ship/00068.png,ship,1,/home/emily/MMIP/week5/quiz1/data/gallery/ship/00181.png,ship,0.725446
/home/emily/MMIP/week5/quiz1/data/query/ship/00068.png,ship,2,/home/emily/MMIP/week5/quiz1/data/gallery/ship/00992.png,ship,0.724785
/home/emily/MMIP/week5/quiz1/data/query/ship/00068.png,ship,3,/home/emily/MMIP/week5/quiz1/data/gallery/ship/00852.png,ship,0.719006
/home/emily/MMIP/week5/quiz1/data/query/ship/00068.png,ship,4,/home/emily/MMIP/week5/quiz1/data/gallery/ship/00212.png,ship,0.717815
/home/emily/MMIP/week5/quiz1/data/query/ship/00068.png,ship,5,/home/emily/MMIP/week5/quiz1/data/gallery/ship/00465.png,ship,0.713955
/home/emily/MMIP/week5/quiz1/data/query/ship/00069.png,ship,1,/home/emily/MMIP/week5/quiz1/data/gallery/ship/00720.png,ship,0.667237
/home/emily/MMIP/week5/quiz1/data/query/ship/00069.png,ship,2,/home/emily/MMIP/week5/quiz1/data/gallery/ship/00483.png,ship,0.634759
/home/emily/MMIP/week5/quiz1/data/query/ship/00069.png,ship,3,/home/emily/MMIP/week5/quiz1/data/gallery/ship/00682.png,ship,0.634738
/home/emily/MMIP/week5/quiz1/data/query/ship/00069.png,ship,4,/home/emily/MMIP/week5/quiz1/data/gallery/ship/00474.png,ship,0.624875
/home/emily/MMIP/week5/quiz1/data/query/ship/00069.png,ship,5,/home/emily/MMIP/week5/quiz1/data/gallery/ship/00172.png,ship,0.617503
/home/emily/MMIP/week5/quiz1/data/query/ship/00070.png,ship,1,/home/emily/MMIP/week5/quiz1/data/gallery/ship/00135.png,ship,0.695799
/home/emily/MMIP/week5/quiz1/data/query/ship/00070.png,ship,2,/home/emily/MMIP/week5/quiz1/data/gallery/ship/00405.png,ship,0.681716
/home/emily/MMIP/week5/quiz1/data/query/ship/00070.png,ship,3,/home/emily/MMIP/week5/quiz1/data/gallery/ship/00332.png,ship,0.679293
/home/emily/MMIP/week5/quiz1/data/query/ship/00070.png,ship,4,/home/emily/MMIP/week5/quiz1/data/gallery/ship/00174.png,ship,0.672525
/home/emily/MMIP/week5/quiz1/data/query/ship/00070.png,ship,5,/home/emily/MMIP/week5/quiz1/data/gallery/ship/00198.png,ship,0.646197
/home/emily/MMIP/week5/quiz1/data/query/ship/00071.png,ship,1,/home/emily/MMIP/week5/quiz1/data/gallery/ship/00866.png,ship,0.813751
/home/emily/MMIP/week5/quiz1/data/query/ship/00071.png,ship,2,/home/emily/MMIP/week5/quiz1/data/gallery/ship/00232.png,ship,0.808262
/home/emily/MMIP/week5/quiz1/data/query/ship/00071.png,ship,3,/home/emily/MMIP/week5/quiz1/data/gallery/ship/00341.png,ship,0.805943
/home/emily/MMIP/week5/quiz1/data/query/ship/00071.png,ship,4,/home/emily/MMIP/week5/quiz1/data/gallery/ship/00255.png,ship,0.805242
/home/emily/MMIP/week5/quiz1/data/query/ship/00071.png,ship,5,/home/emily/MMIP/week5/quiz1/data/gallery/ship/00069.png,ship,0.804677
/home/emily/MMIP/week5/quiz1/data/query/ship/00072.png,ship,1,/home/emily/MMIP/week5/quiz1/data/gallery/ship/00711.png,ship,0.701711
/home/emily/MMIP/week5/quiz1/data/query/ship/00072.png,ship,2,/home/emily/MMIP/week5/quiz1/data/gallery/ship/00008.png,ship,0.667232
/home/emily/MMIP/week5/quiz1/data/query/ship/00072.png,ship,3,/home/emily/MMIP/week5/quiz1/data/gallery/ship/00158.png,ship,0.634285
/home/emily/MMIP/week5/quiz1/data/query/ship/00072.png,ship,4,/home/emily/MMIP/week5/quiz1/data/gallery/ship/00651.png,ship,0.621405
/home/emily/MMIP/week5/quiz1/data/query/ship/00072.png,ship,5,/home/emily/MMIP/week5/quiz1/data/gallery/ship/00957.png,ship,0.618862
/home/emily/MMIP/week5/quiz1/data/query/ship/00073.png,ship,1,/home/emily/MMIP/week5/quiz1/data/gallery/ship/00156.png,ship,0.626454
/home/emily/MMIP/week5/quiz1/data/query/ship/00073.png,ship,2,/home/emily/MMIP/week5/quiz1/data/gallery/ship/00547.png,ship,0.615213
/home/emily/MMIP/week5/quiz1/data/query/ship/00073.png,ship,3,/home/emily/MMIP/week5/quiz1/data/gallery/ship/00097.png,ship,0.612571
/home/emily/MMIP/week5/quiz1/data/query/ship/00073.png,ship,4,/home/emily/MMIP/week5/quiz1/data/gallery/truck/00738.png,truck,0.579459
/home/emily/MMIP/week5/quiz1/data/query/ship/00073.png,ship,5,/home/emily/MMIP/week5/quiz1/data/gallery/ship/00457.png,ship,0.578106
/home/emily/MMIP/week5/quiz1/data/query/ship/00074.png,ship,1,/home/emily/MMIP/week5/quiz1/data/gallery/ship/00316.png,ship,0.621685
/home/emily/MMIP/week5/quiz1/data/query/ship/00074.png,ship,2,/home/emily/MMIP/week5/quiz1/data/gallery/ship/00016.png,ship,0.529369
/home/emily/MMIP/week5/quiz1/data/query/ship/00074.png,ship,3,/home/emily/MMIP/week5/quiz1/data/gallery/ship/00322.png,ship,0.526448
/home/emily/MMIP/week5/quiz1/data/query/ship/00074.png,ship,4,/home/emily/MMIP/week5/quiz1/data/gallery/ship/00937.png,ship,0.523712
/home/emily/MMIP/week5/quiz1/data/query/ship/00074.png,ship,5,/home/emily/MMIP/week5/quiz1/data/gallery/truck/00506.png,truck,0.523134
/home/emily/MMIP/week5/quiz1/data/query/ship/00075.png,ship,1,/home/emily/MMIP/week5/quiz1/data/gallery/ship/00369.png,ship,0.666358
/home/emily/MMIP/week5/quiz1/data/query/ship/00075.png,ship,2,/home/emily/MMIP/week5/quiz1/data/gallery/ship/00218.png,ship,0.650095
/home/emily/MMIP/week5/quiz1/data/query/ship/00075.png,ship,3,/home/emily/MMIP/week5/quiz1/data/gallery/ship/00425.png,ship,0.636160
/home/emily/MMIP/week5/quiz1/data/query/ship/00075.png,ship,4,/home/emily/MMIP/week5/quiz1/data/gallery/ship/00261.png,ship,0.620760
/home/emily/MMIP/week5/quiz1/data/query/ship/00075.png,ship,5,/home/emily/MMIP/week5/quiz1/data/gallery/ship/00119.png,ship,0.619403
/home/emily/MMIP/week5/quiz1/data/query/ship/00076.png,ship,1,/home/emily/MMIP/week5/quiz1/data/gallery/ship/00602.png,ship,0.767272
/home/emily/MMIP/week5/quiz1/data/query/ship/00076.png,ship,2,/home/emily/MMIP/week5/quiz1/data/gallery/ship/00873.png,ship,0.756860
/home/emily/MMIP/week5/quiz1/data/query/ship/00076.png,ship,3,/home/emily/MMIP/week5/quiz1/data/gallery/ship/00379.png,ship,0.735124
/home/emily/MMIP/week5/quiz1/data/query/ship/00076.png,ship,4,/home/emily/MMIP/week5/quiz1/data/gallery/ship/00129.png,ship,0.734178
/home/emily/MMIP/week5/quiz1/data/query/ship/00076.png,ship,5,/home/emily/MMIP/week5/quiz1/data/gallery/ship/00687.png,ship,0.726326
/home/emily/MMIP/week5/quiz1/data/query/ship/00077.png,ship,1,/home/emily/MMIP/week5/quiz1/data/gallery/ship/00428.png,ship,0.682134
/home/emily/MMIP/week5/quiz1/data/query/ship/00077.png,ship,2,/home/emily/MMIP/week5/quiz1/data/gallery/ship/00291.png,ship,0.679522
/home/emily/MMIP/week5/quiz1/data/query/ship/00077.png,ship,3,/home/emily/MMIP/week5/quiz1/data/gallery/ship/00218.png,ship,0.676975
/home/emily/MMIP/week5/quiz1/data/query/ship/00077.png,ship,4,/home/emily/MMIP/week5/quiz1/data/gallery/ship/00663.png,ship,0.669481
/home/emily/MMIP/week5/quiz1/data/query/ship/00077.png,ship,5,/home/emily/MMIP/week5/quiz1/data/gallery/ship/00469.png,ship,0.669077
/home/emily/MMIP/week5/quiz1/data/query/ship/00078.png,ship,1,/home/emily/MMIP/week5/quiz1/data/gallery/ship/00345.png,ship,0.699641
/home/emily/MMIP/week5/quiz1/data/query/ship/00078.png,ship,2,/home/emily/MMIP/week5/quiz1/data/gallery/ship/00167.png,ship,0.691637
/home/emily/MMIP/week5/quiz1/data/query/ship/00078.png,ship,3,/home/emily/MMIP/week5/quiz1/data/gallery/ship/00770.png,ship,0.622176
/home/emily/MMIP/week5/quiz1/data/query/ship/00078.png,ship,4,/home/emily/MMIP/week5/quiz1/data/gallery/ship/00954.png,ship,0.612874
/home/emily/MMIP/week5/quiz1/data/query/ship/00078.png,ship,5,/home/emily/MMIP/week5/quiz1/data/gallery/ship/00891.png,ship,0.605494
/home/emily/MMIP/week5/quiz1/data/query/ship/00079.png,ship,1,/home/emily/MMIP/week5/quiz1/data/gallery/ship/00852.png,ship,0.637997
/home/emily/MMIP/week5/quiz1/data/query/ship/00079.png,ship,2,/home/emily/MMIP/week5/quiz1/data/gallery/ship/00499.png,ship,0.616767
/home/emily/MMIP/week5/quiz1/data/query/ship/00079.png,ship,3,/home/emily/MMIP/week5/quiz1/data/gallery/ship/00532.png,ship,0.616755
/home/emily/MMIP/week5/quiz1/data/query/ship/00079.png,ship,4,/home/emily/MMIP/week5/quiz1/data/gallery/ship/00056.png,ship,0.611810
/home/emily/MMIP/week5/quiz1/data/query/ship/00079.png,ship,5,/home/emily/MMIP/week5/quiz1/data/gallery/ship/00121.png,ship,0.598603
/home/emily/MMIP/week5/quiz1/data/query/ship/00080.png,ship,1,/home/emily/MMIP/week5/quiz1/data/gallery/ship/00633.png,ship,0.766335
/home/emily/MMIP/week5/quiz1/data/query/ship/00080.png,ship,2,/home/emily/MMIP/week5/quiz1/data/gallery/ship/00812.png,ship,0.764847
/home/emily/MMIP/week5/quiz1/data/query/ship/00080.png,ship,3,/home/emily/MMIP/week5/quiz1/data/gallery/ship/00632.png,ship,0.759395
/home/emily/MMIP/week5/quiz1/data/query/ship/00080.png,ship,4,/home/emily/MMIP/week5/quiz1/data/gallery/ship/00216.png,ship,0.757848
/home/emily/MMIP/week5/quiz1/data/query/ship/00080.png,ship,5,/home/emily/MMIP/week5/quiz1/data/gallery/ship/00914.png,ship,0.754987
/home/emily/MMIP/week5/quiz1/data/query/ship/00081.png,ship,1,/home/emily/MMIP/week5/quiz1/data/gallery/ship/00192.png,ship,0.908973
/home/emily/MMIP/week5/quiz1/data/query/ship/00081.png,ship,2,/home/emily/MMIP/week5/quiz1/data/gallery/ship/00574.png,ship,0.747552
/home/emily/MMIP/week5/quiz1/data/query/ship/00081.png,ship,3,/home/emily/MMIP/week5/quiz1/data/gallery/ship/00274.png,ship,0.741064
/home/emily/MMIP/week5/quiz1/data/query/ship/00081.png,ship,4,/home/emily/MMIP/week5/quiz1/data/gallery/ship/00036.png,ship,0.709382
/home/emily/MMIP/week5/quiz1/data/query/ship/00081.png,ship,5,/home/emily/MMIP/week5/quiz1/data/gallery/ship/00093.png,ship,0.707568
/home/emily/MMIP/week5/quiz1/data/query/ship/00082.png,ship,1,/home/emily/MMIP/week5/quiz1/data/gallery/ship/00141.png,ship,0.745680
/home/emily/MMIP/week5/quiz1/data/query/ship/00082.png,ship,2,/home/emily/MMIP/week5/quiz1/data/gallery/ship/00949.png,ship,0.731734
/home/emily/MMIP/week5/quiz1/data/query/ship/00082.png,ship,3,/home/emily/MMIP/week5/quiz1/data/gallery/ship/00964.png,ship,0.725258
/home/emily/MMIP/week5/quiz1/data/query/ship/00082.png,ship,4,/home/emily/MMIP/week5/quiz1/data/gallery/ship/00366.png,ship,0.706527
/home/emily/MMIP/week5/quiz1/data/query/ship/00082.png,ship,5,/home/emily/MMIP/week5/quiz1/data/gallery/ship/00119.png,ship,0.704045
/home/emily/MMIP/week5/quiz1/data/query/ship/00083.png,ship,1,/home/emily/MMIP/week5/quiz1/data/gallery/ship/00675.png,ship,0.653730
/home/emily/MMIP/week5/quiz1/data/query/ship/00083.png,ship,2,/home/emily/MMIP/week5/quiz1/data/gallery/ship/00698.png,ship,0.652133
/home/emily/MMIP/week5/quiz1/data/query/ship/00083.png,ship,3,/home/emily/MMIP/week5/quiz1/data/gallery/ship/00752.png,ship,0.651262
/home/emily/MMIP/week5/quiz1/data/query/ship/00083.png,ship,4,/home/emily/MMIP/week5/quiz1/data/gallery/ship/00295.png,ship,0.593062
/home/emily/MMIP/week5/quiz1/data/query/ship/00083.png,ship,5,/home/emily/MMIP/week5/quiz1/data/gallery/ship/00500.png,ship,0.576304
/home/emily/MMIP/week5/quiz1/data/query/ship/00084.png,ship,1,/home/emily/MMIP/week5/quiz1/data/gallery/ship/00069.png,ship,0.779953
/home/emily/MMIP/week5/quiz1/data/query/ship/00084.png,ship,2,/home/emily/MMIP/week5/quiz1/data/gallery/ship/00476.png,ship,0.772713
/home/emily/MMIP/week5/quiz1/data/query/ship/00084.png,ship,3,/home/emily/MMIP/week5/quiz1/data/gallery/ship/00139.png,ship,0.759396
/home/emily/MMIP/week5/quiz1/data/query/ship/00084.png,ship,4,/home/emily/MMIP/week5/quiz1/data/gallery/ship/00149.png,ship,0.754131
/home/emily/MMIP/week5/quiz1/data/query/ship/00084.png,ship,5,/home/emily/MMIP/week5/quiz1/data/gallery/ship/00211.png,ship,0.747462
/home/emily/MMIP/week5/quiz1/data/query/ship/00085.png,ship,1,/home/emily/MMIP/week5/quiz1/data/gallery/ship/00098.png,ship,0.669808
/home/emily/MMIP/week5/quiz1/data/query/ship/00085.png,ship,2,/home/emily/MMIP/week5/quiz1/data/gallery/ship/00862.png,ship,0.647311
/home/emily/MMIP/week5/quiz1/data/query/ship/00085.png,ship,3,/home/emily/MMIP/week5/quiz1/data/gallery/ship/00973.png,ship,0.646319
/home/emily/MMIP/week5/quiz1/data/query/ship/00085.png,ship,4,/home/emily/MMIP/week5/quiz1/data/gallery/ship/00416.png,ship,0.623730
/home/emily/MMIP/week5/quiz1/data/query/ship/00085.png,ship,5,/home/emily/MMIP/week5/quiz1/data/gallery/ship/00792.png,ship,0.618931
/home/emily/MMIP/week5/quiz1/data/query/ship/00086.png,ship,1,/home/emily/MMIP/week5/quiz1/data/gallery/ship/00926.png,ship,0.513243
/home/emily/MMIP/week5/quiz1/data/query/ship/00086.png,ship,2,/home/emily/MMIP/week5/quiz1/data/gallery/airplane/00086.png,airplane,0.509199
/home/emily/MMIP/week5/quiz1/data/query/ship/00086.png,ship,3,/home/emily/MMIP/week5/quiz1/data/gallery/truck/00482.png,truck,0.507677
/home/emily/MMIP/week5/quiz1/data/query/ship/00086.png,ship,4,/home/emily/MMIP/week5/quiz1/data/gallery/ship/00463.png,ship,0.504938
/home/emily/MMIP/week5/quiz1/data/query/ship/00086.png,ship,5,/home/emily/MMIP/week5/quiz1/data/gallery/ship/00883.png,ship,0.504184
/home/emily/MMIP/week5/quiz1/data/query/ship/00087.png,ship,1,/home/emily/MMIP/week5/quiz1/data/gallery/ship/00933.png,ship,0.764382
/home/emily/MMIP/week5/quiz1/data/query/ship/00087.png,ship,2,/home/emily/MMIP/week5/quiz1/data/gallery/ship/00866.png,ship,0.746218
/home/emily/MMIP/week5/quiz1/data/query/ship/00087.png,ship,3,/home/emily/MMIP/week5/quiz1/data/gallery/ship/00458.png,ship,0.741280
/home/emily/MMIP/week5/quiz1/data/query/ship/00087.png,ship,4,/home/emily/MMIP/week5/quiz1/data/gallery/ship/00576.png,ship,0.740147
/home/emily/MMIP/week5/quiz1/data/query/ship/00087.png,ship,5,/home/emily/MMIP/week5/quiz1/data/gallery/ship/00484.png,ship,0.730840
/home/emily/MMIP/week5/quiz1/data/query/ship/00088.png,ship,1,/home/emily/MMIP/week5/quiz1/data/gallery/ship/00010.png,ship,0.661582
/home/emily/MMIP/week5/quiz1/data/query/ship/00088.png,ship,2,/home/emily/MMIP/week5/quiz1/data/gallery/ship/00821.png,ship,0.655829
/home/emily/MMIP/week5/quiz1/data/query/ship/00088.png,ship,3,/home/emily/MMIP/week5/quiz1/data/gallery/ship/00386.png,ship,0.649479
/home/emily/MMIP/week5/quiz1/data/query/ship/00088.png,ship,4,/home/emily/MMIP/week5/quiz1/data/gallery/ship/00043.png,ship,0.631607
/home/emily/MMIP/week5/quiz1/data/query/ship/00088.png,ship,5,/home/emily/MMIP/week5/quiz1/data/gallery/ship/00589.png,ship,0.624401
/home/emily/MMIP/week5/quiz1/data/query/ship/00089.png,ship,1,/home/emily/MMIP/week5/quiz1/data/gallery/ship/00442.png,ship,0.641503
/home/emily/MMIP/week5/quiz1/data/query/ship/00089.png,ship,2,/home/emily/MMIP/week5/quiz1/data/gallery/ship/00089.png,ship,0.634957
/home/emily/MMIP/week5/quiz1/data/query/ship/00089.png,ship,3,/home/emily/MMIP/week5/quiz1/data/gallery/ship/00147.png,ship,0.585663
/home/emily/MMIP/week5/quiz1/data/query/ship/00089.png,ship,4,/home/emily/MMIP/week5/quiz1/data/gallery/ship/00617.png,ship,0.579223
/home/emily/MMIP/week5/quiz1/data/query/ship/00089.png,ship,5,/home/emily/MMIP/week5/quiz1/data/gallery/ship/00271.png,ship,0.575221
/home/emily/MMIP/week5/quiz1/data/query/ship/00090.png,ship,1,/home/emily/MMIP/week5/quiz1/data/gallery/ship/00896.png,ship,0.646696
/home/emily/MMIP/week5/quiz1/data/query/ship/00090.png,ship,2,/home/emily/MMIP/week5/quiz1/data/gallery/ship/00305.png,ship,0.641976
/home/emily/MMIP/week5/quiz1/data/query/ship/00090.png,ship,3,/home/emily/MMIP/week5/quiz1/data/gallery/ship/00004.png,ship,0.607758
/home/emily/MMIP/week5/quiz1/data/query/ship/00090.png,ship,4,/home/emily/MMIP/week5/quiz1/data/gallery/ship/00642.png,ship,0.602217
/home/emily/MMIP/week5/quiz1/data/query/ship/00090.png,ship,5,/home/emily/MMIP/week5/quiz1/data/gallery/ship/00258.png,ship,0.568902
/home/emily/MMIP/week5/quiz1/data/query/ship/00091.png,ship,1,/home/emily/MMIP/week5/quiz1/data/gallery/ship/00218.png,ship,0.735262
/home/emily/MMIP/week5/quiz1/data/query/ship/00091.png,ship,2,/home/emily/MMIP/week5/quiz1/data/gallery/ship/00145.png,ship,0.716239
/home/emily/MMIP/week5/quiz1/data/query/ship/00091.png,ship,3,/home/emily/MMIP/week5/quiz1/data/gallery/ship/00610.png,ship,0.715505
/home/emily/MMIP/week5/quiz1/data/query/ship/00091.png,ship,4,/home/emily/MMIP/week5/quiz1/data/gallery/ship/00672.png,ship,0.714139
/home/emily/MMIP/week5/quiz1/data/query/ship/00091.png,ship,5,/home/emily/MMIP/week5/quiz1/data/gallery/ship/00690.png,ship,0.712186
/home/emily/MMIP/week5/quiz1/data/query/ship/00092.png,ship,1,/home/emily/MMIP/week5/quiz1/data/gallery/ship/00873.png,ship,0.803729
/home/emily/MMIP/week5/quiz1/data/query/ship/00092.png,ship,2,/home/emily/MMIP/week5/quiz1/data/gallery/ship/00876.png,ship,0.768811
/home/emily/MMIP/week5/quiz1/data/query/ship/00092.png,ship,3,/home/emily/MMIP/week5/quiz1/data/gallery/ship/00520.png,ship,0.764959
/home/emily/MMIP/week5/quiz1/data/query/ship/00092.png,ship,4,/home/emily/MMIP/week5/quiz1/data/gallery/ship/00075.png,ship,0.762848
/home/emily/MMIP/week5/quiz1/data/query/ship/00092.png,ship,5,/home/emily/MMIP/week5/quiz1/data/gallery/ship/00806.png,ship,0.733103
/home/emily/MMIP/week5/quiz1/data/query/ship/00093.png,ship,1,/home/emily/MMIP/week5/quiz1/data/gallery/ship/00876.png,ship,0.847148
/home/emily/MMIP/week5/quiz1/data/query/ship/00093.png,ship,2,/home/emily/MMIP/week5/quiz1/data/gallery/ship/00873.png,ship,0.822640
/home/emily/MMIP/week5/quiz1/data/query/ship/00093.png,ship,3,/home/emily/MMIP/week5/quiz1/data/gallery/ship/00431.png,ship,0.819006
/home/emily/MMIP/week5/quiz1/data/query/ship/00093.png,ship,4,/home/emily/MMIP/week5/quiz1/data/gallery/ship/00602.png,ship,0.817377
/home/emily/MMIP/week5/quiz1/data/query/ship/00093.png,ship,5,/home/emily/MMIP/week5/quiz1/data/gallery/ship/00100.png,ship,0.815940
/home/emily/MMIP/week5/quiz1/data/query/ship/00094.png,ship,1,/home/emily/MMIP/week5/quiz1/data/gallery/ship/00045.png,ship,0.699795
/home/emily/MMIP/week5/quiz1/data/query/ship/00094.png,ship,2,/home/emily/MMIP/week5/quiz1/data/gallery/ship/00960.png,ship,0.696931
/home/emily/MMIP/week5/quiz1/data/query/ship/00094.png,ship,3,/home/emily/MMIP/week5/quiz1/data/gallery/ship/00958.png,ship,0.690894
/home/emily/MMIP/week5/quiz1/data/query/ship/00094.png,ship,4,/home/emily/MMIP/week5/quiz1/data/gallery/ship/00838.png,ship,0.687352
/home/emily/MMIP/week5/quiz1/data/query/ship/00094.png,ship,5,/home/emily/MMIP/week5/quiz1/data/gallery/ship/00924.png,ship,0.676031
/home/emily/MMIP/week5/quiz1/data/query/ship/00095.png,ship,1,/home/emily/MMIP/week5/quiz1/data/gallery/ship/00020.png,ship,0.736098
/home/emily/MMIP/week5/quiz1/data/query/ship/00095.png,ship,2,/home/emily/MMIP/week5/quiz1/data/gallery/ship/00431.png,ship,0.695035
/home/emily/MMIP/week5/quiz1/data/query/ship/00095.png,ship,3,/home/emily/MMIP/week5/quiz1/data/gallery/ship/00129.png,ship,0.690511
/home/emily/MMIP/week5/quiz1/data/query/ship/00095.png,ship,4,/home/emily/MMIP/week5/quiz1/data/gallery/ship/00379.png,ship,0.677278
/home/emily/MMIP/week5/quiz1/data/query/ship/00095.png,ship,5,/home/emily/MMIP/week5/quiz1/data/gallery/ship/00769.png,ship,0.668076
/home/emily/MMIP/week5/quiz1/data/query/ship/00096.png,ship,1,/home/emily/MMIP/week5/quiz1/data/gallery/ship/00958.png,ship,0.701521
/home/emily/MMIP/week5/quiz1/data/query/ship/00096.png,ship,2,/home/emily/MMIP/week5/quiz1/data/gallery/ship/00924.png,ship,0.687640
/home/emily/MMIP/week5/quiz1/data/query/ship/00096.png,ship,3,/home/emily/MMIP/week5/quiz1/data/gallery/ship/00987.png,ship,0.684162
/home/emily/MMIP/week5/quiz1/data/query/ship/00096.png,ship,4,/home/emily/MMIP/week5/quiz1/data/gallery/ship/00045.png,ship,0.681800
/home/emily/MMIP/week5/quiz1/data/query/ship/00096.png,ship,5,/home/emily/MMIP/week5/quiz1/data/gallery/ship/00977.png,ship,0.667275
/home/emily/MMIP/week5/quiz1/data/query/ship/00097.png,ship,1,/home/emily/MMIP/week5/quiz1/data/gallery/ship/00102.png,ship,0.489281
/home/emily/MMIP/week5/quiz1/data/query/ship/00097.png,ship,2,/home/emily/MMIP/week5/quiz1/data/gallery/ship/00925.png,ship,0.460695
/home/emily/MMIP/week5/quiz1/data/query/ship/00097.png,ship,3,/home/emily/MMIP/week5/quiz1/data/gallery/ship/00771.png,ship,0.409074
/home/emily/MMIP/week5/quiz1/data/query/ship/00097.png,ship,4,/home/emily/MMIP/week5/quiz1/data/gallery/ship/00364.png,ship,0.407612
/home/emily/MMIP/week5/quiz1/data/query/ship/00097.png,ship,5,/home/emily/MMIP/week5/quiz1/data/gallery/ship/00385.png,ship,0.406176
/home/emily/MMIP/week5/quiz1/data/query/ship/00098.png,ship,1,/home/emily/MMIP/week5/quiz1/data/gallery/ship/00086.png,ship,0.753084
/home/emily/MMIP/week5/quiz1/data/query/ship/00098.png,ship,2,/home/emily/MMIP/week5/quiz1/data/gallery/ship/00099.png,ship,0.729213
/home/emily/MMIP/week5/quiz1/data/query/ship/00098.png,ship,3,/home/emily/MMIP/week5/quiz1/data/gallery/ship/00164.png,ship,0.720527
/home/emily/MMIP/week5/quiz1/data/query/ship/00098.png,ship,4,/home/emily/MMIP/week5/quiz1/data/gallery/ship/00275.png,ship,0.715696
/home/emily/MMIP/week5/quiz1/data/query/ship/00098.png,ship,5,/home/emily/MMIP/week5/quiz1/data/gallery/ship/00823.png,ship,0.697503
/home/emily/MMIP/week5/quiz1/data/query/ship/00099.png,ship,1,/home/emily/MMIP/week5/quiz1/data/gallery/ship/00311.png,ship,0.741397
/home/emily/MMIP/week5/quiz1/data/query/ship/00099.png,ship,2,/home/emily/MMIP/week5/quiz1/data/gallery/ship/00833.png,ship,0.715222
/home/emily/MMIP/week5/quiz1/data/query/ship/00099.png,ship,3,/home/emily/MMIP/week5/quiz1/data/gallery/ship/00096.png,ship,0.714959
/home/emily/MMIP/week5/quiz1/data/query/ship/00099.png,ship,4,/home/emily/MMIP/week5/quiz1/data/gallery/ship/00198.png,ship,0.713714
/home/emily/MMIP/week5/quiz1/data/query/ship/00099.png,ship,5,/home/emily/MMIP/week5/quiz1/data/gallery/ship/00135.png,ship,0.713656
/home/emily/MMIP/week5/quiz1/data/query/truck/00000.png,truck,1,/home/emily/MMIP/week5/quiz1/data/gallery/truck/00640.png,truck,0.848071
/home/emily/MMIP/week5/quiz1/data/query/truck/00000.png,truck,2,/home/emily/MMIP/week5/quiz1/data/gallery/truck/00172.png,truck,0.846161
/home/emily/MMIP/week5/quiz1/data/query/truck/00000.png,truck,3,/home/emily/MMIP/week5/quiz1/data/gallery/truck/00366.png,truck,0.834153
/home/emily/MMIP/week5/quiz1/data/query/truck/00000.png,truck,4,/home/emily/MMIP/week5/quiz1/data/gallery/truck/00879.png,truck,0.820754
/home/emily/MMIP/week5/quiz1/data/query/truck/00000.png,truck,5,/home/emily/MMIP/week5/quiz1/data/gallery/truck/00413.png,truck,0.820329
/home/emily/MMIP/week5/quiz1/data/query/truck/00001.png,truck,1,/home/emily/MMIP/week5/quiz1/data/gallery/truck/00228.png,truck,0.823102
/home/emily/MMIP/week5/quiz1/data/query/truck/00001.png,truck,2,/home/emily/MMIP/week5/quiz1/data/gallery/truck/00603.png,truck,0.808561
/home/emily/MMIP/week5/quiz1/data/query/truck/00001.png,truck,3,/home/emily/MMIP/week5/quiz1/data/gallery/truck/00417.png,truck,0.803102
/home/emily/MMIP/week5/quiz1/data/query/truck/00001.png,truck,4,/home/emily/MMIP/week5/quiz1/data/gallery/truck/00950.png,truck,0.800788
/home/emily/MMIP/week5/quiz1/data/query/truck/00001.png,truck,5,/home/emily/MMIP/week5/quiz1/data/gallery/truck/00641.png,truck,0.795306
/home/emily/MMIP/week5/quiz1/data/query/truck/00002.png,truck,1,/home/emily/MMIP/week5/quiz1/data/gallery/truck/00386.png,truck,0.872059
/home/emily/MMIP/week5/quiz1/data/query/truck/00002.png,truck,2,/home/emily/MMIP/week5/quiz1/data/gallery/truck/00762.png,truck,0.848638
/home/emily/MMIP/week5/quiz1/data/query/truck/00002.png,truck,3,/home/emily/MMIP/week5/quiz1/data/gallery/truck/00347.png,truck,0.831236
/home/emily/MMIP/week5/quiz1/data/query/truck/00002.png,truck,4,/home/emily/MMIP/week5/quiz1/data/gallery/truck/00434.png,truck,0.821520
/home/emily/MMIP/week5/quiz1/data/query/truck/00002.png,truck,5,/home/emily/MMIP/week5/quiz1/data/gallery/truck/00646.png,truck,0.821099
/home/emily/MMIP/week5/quiz1/data/query/truck/00003.png,truck,1,/home/emily/MMIP/week5/quiz1/data/gallery/truck/00109.png,truck,0.846864
/home/emily/MMIP/week5/quiz1/data/query/truck/00003.png,truck,2,/home/emily/MMIP/week5/quiz1/data/gallery/truck/00572.png,truck,0.840417
/home/emily/MMIP/week5/quiz1/data/query/truck/00003.png,truck,3,/home/emily/MMIP/week5/quiz1/data/gallery/truck/00261.png,truck,0.834035
/home/emily/MMIP/week5/quiz1/data/query/truck/00003.png,truck,4,/home/emily/MMIP/week5/quiz1/data/gallery/truck/00750.png,truck,0.818817
/home/emily/MMIP/week5/quiz1/data/query/truck/00003.png,truck,5,/home/emily/MMIP/week5/quiz1/data/gallery/truck/00494.png,truck,0.812043
/home/emily/MMIP/week5/quiz1/data/query/truck/00004.png,truck,1,/home/emily/MMIP/week5/quiz1/data/gallery/truck/00602.png,truck,0.850114
/home/emily/MMIP/week5/quiz1/data/query/truck/00004.png,truck,2,/home/emily/MMIP/week5/quiz1/data/gallery/truck/00563.png,truck,0.844178
/home/emily/MMIP/week5/quiz1/data/query/truck/00004.png,truck,3,/home/emily/MMIP/week5/quiz1/data/gallery/truck/00686.png,truck,0.823859
/home/emily/MMIP/week5/quiz1/data/query/truck/00004.png,truck,4,/home/emily/MMIP/week5/quiz1/data/gallery/truck/00942.png,truck,0.823823
/home/emily/MMIP/week5/quiz1/data/query/truck/00004.png,truck,5,/home/emily/MMIP/week5/quiz1/data/gallery/truck/00162.png,truck,0.822505
/home/emily/MMIP/week5/quiz1/data/query/truck/00005.png,truck,1,/home/emily/MMIP/week5/quiz1/data/gallery/truck/00451.png,truck,0.839725
/home/emily/MMIP/week5/quiz1/data/query/truck/00005.png,truck,2,/home/emily/MMIP/week5/quiz1/data/gallery/truck/00365.png,truck,0.827153
/home/emily/MMIP/week5/quiz1/data/query/truck/00005.png,truck,3,/home/emily/MMIP/week5/quiz1/data/gallery/truck/00089.png,truck,0.816643
/home/emily/MMIP/week5/quiz1/data/query/truck/00005.png,truck,4,/home/emily/MMIP/week5/quiz1/data/gallery/truck/00198.png,truck,0.816319
/home/emily/MMIP/week5/quiz1/data/query/truck/00005.png,truck,5,/home/emily/MMIP/week5/quiz1/data/gallery/truck/00283.png,truck,0.809315
/home/emily/MMIP/week5/quiz1/data/query/truck/00006.png,truck,1,/home/emily/MMIP/week5/quiz1/data/gallery/truck/00396.png,truck,0.715789
/home/emily/MMIP/week5/quiz1/data/query/truck/00006.png,truck,2,/home/emily/MMIP/week5/quiz1/data/gallery/truck/00595.png,truck,0.711521
/home/emily/MMIP/week5/quiz1/data/query/truck/00006.png,truck,3,/home/emily/MMIP/week5/quiz1/data/gallery/truck/00109.png,truck,0.704901
/home/emily/MMIP/week5/quiz1/data/query/truck/00006.png,truck,4,/home/emily/MMIP/week5/quiz1/data/gallery/truck/00690.png,truck,0.697992
/home/emily/MMIP/week5/quiz1/data/query/truck/00006.png,truck,5,/home/emily/MMIP/week5/quiz1/data/gallery/truck/00999.png,truck,0.696265
/home/emily/MMIP/week5/quiz1/data/query/truck/00007.png,truck,1,/home/emily/MMIP/week5/quiz1/data/gallery/automobile/00506.png,automobile,0.557657
/home/emily/MMIP/week5/quiz1/data/query/truck/00007.png,truck,2,/home/emily/MMIP/week5/quiz1/data/gallery/automobile/00442.png,automobile,0.463960
/home/emily/MMIP/week5/quiz1/data/query/truck/00007.png,truck,3,/home/emily/MMIP/week5/quiz1/data/gallery/truck/00133.png,truck,0.463029
/home/emily/MMIP/week5/quiz1/data/query/truck/00007.png,truck,4,/home/emily/MMIP/week5/quiz1/data/gallery/ship/00515.png,ship,0.457324
/home/emily/MMIP/week5/quiz1/data/query/truck/00007.png,truck,5,/home/emily/MMIP/week5/quiz1/data/gallery/truck/00531.png,truck,0.443600
/home/emily/MMIP/week5/quiz1/data/query/truck/00008.png,truck,1,/home/emily/MMIP/week5/quiz1/data/gallery/truck/00964.png,truck,0.697091
/home/emily/MMIP/week5/quiz1/data/query/truck/00008.png,truck,2,/home/emily/MMIP/week5/quiz1/data/gallery/truck/00157.png,truck,0.587202
/home/emily/MMIP/week5/quiz1/data/query/truck/00008.png,truck,3,/home/emily/MMIP/week5/quiz1/data/gallery/airplane/00980.png,airplane,0.573321
/home/emily/MMIP/week5/quiz1/data/query/truck/00008.png,truck,4,/home/emily/MMIP/week5/quiz1/data/gallery/truck/00339.png,truck,0.558949
/home/emily/MMIP/week5/quiz1/data/query/truck/00008.png,truck,5,/home/emily/MMIP/week5/quiz1/data/gallery/airplane/00466.png,airplane,0.557681
/home/emily/MMIP/week5/quiz1/data/query/truck/00009.png,truck,1,/home/emily/MMIP/week5/quiz1/data/gallery/truck/00315.png,truck,0.626405
/home/emily/MMIP/week5/quiz1/data/query/truck/00009.png,truck,2,/home/emily/MMIP/week5/quiz1/data/gallery/airplane/00922.png,airplane,0.607235
/home/emily/MMIP/week5/quiz1/data/query/truck/00009.png,truck,3,/home/emily/MMIP/week5/quiz1/data/gallery/truck/00836.png,truck,0.591716
/home/emily/MMIP/week5/quiz1/data/query/truck/00009.png,truck,4,/home/emily/MMIP/week5/quiz1/data/gallery/airplane/00753.png,airplane,0.584686
/home/emily/MMIP/week5/quiz1/data/query/truck/00009.png,truck,5,/home/emily/MMIP/week5/quiz1/data/gallery/truck/00714.png,truck,0.575724
/home/emily/MMIP/week5/quiz1/data/query/truck/00010.png,truck,1,/home/emily/MMIP/week5/quiz1/data/gallery/truck/00469.png,truck,0.836498
/home/emily/MMIP/week5/quiz1/data/query/truck/00010.png,truck,2,/home/emily/MMIP/week5/quiz1/data/gallery/truck/00222.png,truck,0.797840
/home/emily/MMIP/week5/quiz1/data/query/truck/00010.png,truck,3,/home/emily/MMIP/week5/quiz1/data/gallery/truck/00154.png,truck,0.773767
/home/emily/MMIP/week5/quiz1/data/query/truck/00010.png,truck,4,/home/emily/MMIP/week5/quiz1/data/gallery/truck/00386.png,truck,0.773501
/home/emily/MMIP/week5/quiz1/data/query/truck/00010.png,truck,5,/home/emily/MMIP/week5/quiz1/data/gallery/truck/00451.png,truck,0.769749
/home/emily/MMIP/week5/quiz1/data/query/truck/00011.png,truck,1,/home/emily/MMIP/week5/quiz1/data/gallery/truck/00125.png,truck,0.835814
/home/emily/MMIP/week5/quiz1/data/query/truck/00011.png,truck,2,/home/emily/MMIP/week5/quiz1/data/gallery/truck/00389.png,truck,0.827833
/home/emily/MMIP/week5/quiz1/data/query/truck/00011.png,truck,3,/home/emily/MMIP/week5/quiz1/data/gallery/truck/00991.png,truck,0.813015
/home/emily/MMIP/week5/quiz1/data/query/truck/00011.png,truck,4,/home/emily/MMIP/week5/quiz1/data/gallery/truck/00238.png,truck,0.812715
/home/emily/MMIP/week5/quiz1/data/query/truck/00011.png,truck,5,/home/emily/MMIP/week5/quiz1/data/gallery/truck/00919.png,truck,0.809449
/home/emily/MMIP/week5/quiz1/data/query/truck/00012.png,truck,1,/home/emily/MMIP/week5/quiz1/data/gallery/truck/00427.png,truck,0.953985
/home/emily/MMIP/week5/quiz1/data/query/truck/00012.png,truck,2,/home/emily/MMIP/week5/quiz1/data/gallery/truck/00266.png,truck,0.745470
/home/emily/MMIP/week5/quiz1/data/query/truck/00012.png,truck,3,/home/emily/MMIP/week5/quiz1/data/gallery/truck/00842.png,truck,0.740469
/home/emily/MMIP/week5/quiz1/data/query/truck/00012.png,truck,4,/home/emily/MMIP/week5/quiz1/data/gallery/truck/00907.png,truck,0.737673
/home/emily/MMIP/week5/quiz1/data/query/truck/00012.png,truck,5,/home/emily/MMIP/week5/quiz1/data/gallery/truck/00600.png,truck,0.735876
/home/emily/MMIP/week5/quiz1/data/query/truck/00013.png,truck,1,/home/emily/MMIP/week5/quiz1/data/gallery/truck/00282.png,truck,0.688464
/home/emily/MMIP/week5/quiz1/data/query/truck/00013.png,truck,2,/home/emily/MMIP/week5/quiz1/data/gallery/truck/00284.png,truck,0.682138
/home/emily/MMIP/week5/quiz1/data/query/truck/00013.png,truck,3,/home/emily/MMIP/week5/quiz1/data/gallery/truck/00717.png,truck,0.670729
/home/emily/MMIP/week5/quiz1/data/query/truck/00013.png,truck,4,/home/emily/MMIP/week5/quiz1/data/gallery/truck/00063.png,truck,0.655899
/home/emily/MMIP/week5/quiz1/data/query/truck/00013.png,truck,5,/home/emily/MMIP/week5/quiz1/data/gallery/automobile/00514.png,automobile,0.653221
/home/emily/MMIP/week5/quiz1/data/query/truck/00014.png,truck,1,/home/emily/MMIP/week5/quiz1/data/gallery/truck/00943.png,truck,0.783785
/home/emily/MMIP/week5/quiz1/data/query/truck/00014.png,truck,2,/home/emily/MMIP/week5/quiz1/data/gallery/truck/00495.png,truck,0.778055
/home/emily/MMIP/week5/quiz1/data/query/truck/00014.png,truck,3,/home/emily/MMIP/week5/quiz1/data/gallery/automobile/00916.png,automobile,0.762647
/home/emily/MMIP/week5/quiz1/data/query/truck/00014.png,truck,4,/home/emily/MMIP/week5/quiz1/data/gallery/truck/00261.png,truck,0.749747
/home/emily/MMIP/week5/quiz1/data/query/truck/00014.png,truck,5,/home/emily/MMIP/week5/quiz1/data/gallery/truck/00737.png,truck,0.746318
/home/emily/MMIP/week5/quiz1/data/query/truck/00015.png,truck,1,/home/emily/MMIP/week5/quiz1/data/gallery/truck/00536.png,truck,0.817430
/home/emily/MMIP/week5/quiz1/data/query/truck/00015.png,truck,2,/home/emily/MMIP/week5/quiz1/data/gallery/truck/00393.png,truck,0.808098
/home/emily/MMIP/week5/quiz1/data/query/truck/00015.png,truck,3,/home/emily/MMIP/week5/quiz1/data/gallery/truck/00970.png,truck,0.806887
/home/emily/MMIP/week5/quiz1/data/query/truck/00015.png,truck,4,/home/emily/MMIP/week5/quiz1/data/gallery/truck/00172.png,truck,0.802745
/home/emily/MMIP/week5/quiz1/data/query/truck/00015.png,truck,5,/home/emily/MMIP/week5/quiz1/data/gallery/truck/00224.png,truck,0.800911
/home/emily/MMIP/week5/quiz1/data/query/truck/00016.png,truck,1,/home/emily/MMIP/week5/quiz1/data/gallery/truck/00394.png,truck,0.732703
/home/emily/MMIP/week5/quiz1/data/query/truck/00016.png,truck,2,/home/emily/MMIP/week5/quiz1/data/gallery/truck/00951.png,truck,0.722009
/home/emily/MMIP/week5/quiz1/data/query/truck/00016.png,truck,3,/home/emily/MMIP/week5/quiz1/data/gallery/truck/00848.png,truck,0.718841
/home/emily/MMIP/week5/quiz1/data/query/truck/00016.png,truck,4,/home/emily/MMIP/week5/quiz1/data/gallery/truck/00595.png,truck,0.715556
/home/emily/MMIP/week5/quiz1/data/query/truck/00016.png,truck,5,/home/emily/MMIP/week5/quiz1/data/gallery/truck/00375.png,truck,0.712306
/home/emily/MMIP/week5/quiz1/data/query/truck/00017.png,truck,1,/home/emily/MMIP/week5/quiz1/data/gallery/frog/00179.png,frog,0.505536
/home/emily/MMIP/week5/quiz1/data/query/truck/00017.png,truck,2,/home/emily/MMIP/week5/quiz1/data/gallery/airplane/00073.png,airplane,0.486448
/home/emily/MMIP/week5/quiz1/data/query/truck/00017.png,truck,3,/home/emily/MMIP/week5/quiz1/data/gallery/truck/00301.png,truck,0.484438
/home/emily/MMIP/week5/quiz1/data/query/truck/00017.png,truck,4,/home/emily/MMIP/week5/quiz1/data/gallery/airplane/00339.png,airplane,0.480125
/home/emily/MMIP/week5/quiz1/data/query/truck/00017.png,truck,5,/home/emily/MMIP/week5/quiz1/data/gallery/automobile/00697.png,automobile,0.476811
/home/emily/MMIP/week5/quiz1/data/query/truck/00018.png,truck,1,/home/emily/MMIP/week5/quiz1/data/gallery/truck/00943.png,truck,0.791589
/home/emily/MMIP/week5/quiz1/data/query/truck/00018.png,truck,2,/home/emily/MMIP/week5/quiz1/data/gallery/truck/00109.png,truck,0.790707
/home/emily/MMIP/week5/quiz1/data/query/truck/00018.png,truck,3,/home/emily/MMIP/week5/quiz1/data/gallery/truck/00709.png,truck,0.786511
/home/emily/MMIP/week5/quiz1/data/query/truck/00018.png,truck,4,/home/emily/MMIP/week5/quiz1/data/gallery/truck/00160.png,truck,0.781676
/home/emily/MMIP/week5/quiz1/data/query/truck/00018.png,truck,5,/home/emily/MMIP/week5/quiz1/data/gallery/truck/00917.png,truck,0.781465
/home/emily/MMIP/week5/quiz1/data/query/truck/00019.png,truck,1,/home/emily/MMIP/week5/quiz1/data/gallery/truck/00415.png,truck,0.810518
/home/emily/MMIP/week5/quiz1/data/query/truck/00019.png,truck,2,/home/emily/MMIP/week5/quiz1/data/gallery/truck/00434.png,truck,0.807718
/home/emily/MMIP/week5/quiz1/data/query/truck/00019.png,truck,3,/home/emily/MMIP/week5/quiz1/data/gallery/truck/00154.png,truck,0.803995
/home/emily/MMIP/week5/quiz1/data/query/truck/00019.png,truck,4,/home/emily/MMIP/week5/quiz1/data/gallery/truck/00957.png,truck,0.797998
/home/emily/MMIP/week5/quiz1/data/query/truck/00019.png,truck,5,/home/emily/MMIP/week5/quiz1/data/gallery/truck/00469.png,truck,0.794346
/home/emily/MMIP/week5/quiz1/data/query/truck/00020.png,truck,1,/home/emily/MMIP/week5/quiz1/data/gallery/truck/00394.png,truck,0.796125
/home/emily/MMIP/week5/quiz1/data/query/truck/00020.png,truck,2,/home/emily/MMIP/week5/quiz1/data/gallery/truck/00674.png,truck,0.794977
/home/emily/MMIP/week5/quiz1/data/query/truck/00020.png,truck,3,/home/emily/MMIP/week5/quiz1/data/gallery/truck/00553.png,truck,0.791929
/home/emily/MMIP/week5/quiz1/data/query/truck/00020.png,truck,4,/home/emily/MMIP/week5/quiz1/data/gallery/truck/00848.png,truck,0.791885
/home/emily/MMIP/week5/quiz1/data/query/truck/00020.png,truck,5,/home/emily/MMIP/week5/quiz1/data/gallery/truck/00389.png,truck,0.790987
/home/emily/MMIP/week5/quiz1/data/query/truck/00021.png,truck,1,/home/emily/MMIP/week5/quiz1/data/gallery/truck/00852.png,truck,0.624304
/home/emily/MMIP/week5/quiz1/data/query/truck/00021.png,truck,2,/home/emily/MMIP/week5/quiz1/data/gallery/truck/00647.png,truck,0.612389
/home/emily/MMIP/week5/quiz1/data/query/truck/00021.png,truck,3,/home/emily/MMIP/week5/quiz1/data/gallery/truck/00442.png,truck,0.605513
/home/emily/MMIP/week5/quiz1/data/query/truck/00021.png,truck,4,/home/emily/MMIP/week5/quiz1/data/gallery/truck/00795.png,truck,0.595966
/home/emily/MMIP/week5/quiz1/data/query/truck/00021.png,truck,5,/home/emily/MMIP/week5/quiz1/data/gallery/truck/00377.png,truck,0.590606
/home/emily/MMIP/week5/quiz1/data/query/truck/00022.png,truck,1,/home/emily/MMIP/week5/quiz1/data/gallery/automobile/00312.png,automobile,0.542402
/home/emily/MMIP/week5/quiz1/data/query/truck/00022.png,truck,2,/home/emily/MMIP/week5/quiz1/data/gallery/truck/00083.png,truck,0.538481
/home/emily/MMIP/week5/quiz1/data/query/truck/00022.png,truck,3,/home/emily/MMIP/week5/quiz1/data/gallery/truck/00018.png,truck,0.519325
/home/emily/MMIP/week5/quiz1/data/query/truck/00022.png,truck,4,/home/emily/MMIP/week5/quiz1/data/gallery/ship/00316.png,ship,0.518305
/home/emily/MMIP/week5/quiz1/data/query/truck/00022.png,truck,5,/home/emily/MMIP/week5/quiz1/data/gallery/automobile/00616.png,automobile,0.516605
/home/emily/MMIP/week5/quiz1/data/query/truck/00023.png,truck,1,/home/emily/MMIP/week5/quiz1/data/gallery/truck/00530.png,truck,0.792057
/home/emily/MMIP/week5/quiz1/data/query/truck/00023.png,truck,2,/home/emily/MMIP/week5/quiz1/data/gallery/truck/00464.png,truck,0.791740
/home/emily/MMIP/week5/quiz1/data/query/truck/00023.png,truck,3,/home/emily/MMIP/week5/quiz1/data/gallery/truck/00077.png,truck,0.779899
/home/emily/MMIP/week5/quiz1/data/query/truck/00023.png,truck,4,/home/emily/MMIP/week5/quiz1/data/gallery/truck/00955.png,truck,0.772416
/home/emily/MMIP/week5/quiz1/data/query/truck/00023.png,truck,5,/home/emily/MMIP/week5/quiz1/data/gallery/truck/00991.png,truck,0.767391
/home/emily/MMIP/week5/quiz1/data/query/truck/00024.png,truck,1,/home/emily/MMIP/week5/quiz1/data/gallery/truck/00774.png,truck,0.835802
/home/emily/MMIP/week5/quiz1/data/query/truck/00024.png,truck,2,/home/emily/MMIP/week5/quiz1/data/gallery/truck/00671.png,truck,0.829774
/home/emily/MMIP/week5/quiz1/data/query/truck/00024.png,truck,3,/home/emily/MMIP/week5/quiz1/data/gallery/truck/00467.png,truck,0.822332
/home/emily/MMIP/week5/quiz1/data/query/truck/00024.png,truck,4,/home/emily/MMIP/week5/quiz1/data/gallery/truck/00152.png,truck,0.818690
/home/emily/MMIP/week5/quiz1/data/query/truck/00024.png,truck,5,/home/emily/MMIP/week5/quiz1/data/gallery/truck/00950.png,truck,0.804734
/home/emily/MMIP/week5/quiz1/data/query/truck/00025.png,truck,1,/home/emily/MMIP/week5/quiz1/data/gallery/truck/00612.png,truck,0.756259
/home/emily/MMIP/week5/quiz1/data/query/truck/00025.png,truck,2,/home/emily/MMIP/week5/quiz1/data/gallery/truck/00191.png,truck,0.743208
/home/emily/MMIP/week5/quiz1/data/query/truck/00025.png,truck,3,/home/emily/MMIP/week5/quiz1/data/gallery/truck/00253.png,truck,0.741763
/home/emily/MMIP/week5/quiz1/data/query/truck/00025.png,truck,4,/home/emily/MMIP/week5/quiz1/data/gallery/truck/00530.png,truck,0.738045
/home/emily/MMIP/week5/quiz1/data/query/truck/00025.png,truck,5,/home/emily/MMIP/week5/quiz1/data/gallery/truck/00431.png,truck,0.734100
/home/emily/MMIP/week5/quiz1/data/query/truck/00026.png,truck,1,/home/emily/MMIP/week5/quiz1/data/gallery/truck/00077.png,truck,0.779854
/home/emily/MMIP/week5/quiz1/data/query/truck/00026.png,truck,2,/home/emily/MMIP/week5/quiz1/data/gallery/truck/00276.png,truck,0.772994
/home/emily/MMIP/week5/quiz1/data/query/truck/00026.png,truck,3,/home/emily/MMIP/week5/quiz1/data/gallery/truck/00152.png,truck,0.758608
/home/emily/MMIP/week5/quiz1/data/query/truck/00026.png,truck,4,/home/emily/MMIP/week5/quiz1/data/gallery/truck/00414.png,truck,0.753833
/home/emily/MMIP/week5/quiz1/data/query/truck/00026.png,truck,5,/home/emily/MMIP/week5/quiz1/data/gallery/truck/00729.png,truck,0.753764
/home/emily/MMIP/week5/quiz1/data/query/truck/00027.png,truck,1,/home/emily/MMIP/week5/quiz1/data/gallery/truck/00724.png,truck,0.639920
/home/emily/MMIP/week5/quiz1/data/query/truck/00027.png,truck,2,/home/emily/MMIP/week5/quiz1/data/gallery/truck/00442.png,truck,0.625411
/home/emily/MMIP/week5/quiz1/data/query/truck/00027.png,truck,3,/home/emily/MMIP/week5/quiz1/data/gallery/truck/00166.png,truck,0.615251
/home/emily/MMIP/week5/quiz1/data/query/truck/00027.png,truck,4,/home/emily/MMIP/week5/quiz1/data/gallery/truck/00435.png,truck,0.614450
/home/emily/MMIP/week5/quiz1/data/query/truck/00027.png,truck,5,/home/emily/MMIP/week5/quiz1/data/gallery/truck/00632.png,truck,0.613154
/home/emily/MMIP/week5/quiz1/data/query/truck/00028.png,truck,1,/home/emily/MMIP/week5/quiz1/data/gallery/truck/00571.png,truck,0.813440
/home/emily/MMIP/week5/quiz1/data/query/truck/00028.png,truck,2,/home/emily/MMIP/week5/quiz1/data/gallery/truck/00821.png,truck,0.813108
/home/emily/MMIP/week5/quiz1/data/query/truck/00028.png,truck,3,/home/emily/MMIP/week5/quiz1/data/gallery/truck/00577.png,truck,0.793364
/home/emily/MMIP/week5/quiz1/data/query/truck/00028.png,truck,4,/home/emily/MMIP/week5/quiz1/data/gallery/truck/00614.png,truck,0.785820
/home/emily/MMIP/week5/quiz1/data/query/truck/00028.png,truck,5,/home/emily/MMIP/week5/quiz1/data/gallery/truck/00197.png,truck,0.772903
/home/emily/MMIP/week5/quiz1/data/query/truck/00029.png,truck,1,/home/emily/MMIP/week5/quiz1/data/gallery/truck/00284.png,truck,0.674288
/home/emily/MMIP/week5/quiz1/data/query/truck/00029.png,truck,2,/home/emily/MMIP/week5/quiz1/data/gallery/truck/00256.png,truck,0.665587
/home/emily/MMIP/week5/quiz1/data/query/truck/00029.png,truck,3,/home/emily/MMIP/week5/quiz1/data/gallery/truck/00654.png,truck,0.652055
/home/emily/MMIP/week5/quiz1/data/query/truck/00029.png,truck,4,/home/emily/MMIP/week5/quiz1/data/gallery/truck/00689.png,truck,0.651738
/home/emily/MMIP/week5/quiz1/data/query/truck/00029.png,truck,5,/home/emily/MMIP/week5/quiz1/data/gallery/truck/00631.png,truck,0.650690
/home/emily/MMIP/week5/quiz1/data/query/truck/00030.png,truck,1,/home/emily/MMIP/week5/quiz1/data/gallery/truck/00025.png,truck,0.769049
/home/emily/MMIP/week5/quiz1/data/query/truck/00030.png,truck,2,/home/emily/MMIP/week5/quiz1/data/gallery/truck/00502.png,truck,0.695323
/home/emily/MMIP/week5/quiz1/data/query/truck/00030.png,truck,3,/home/emily/MMIP/week5/quiz1/data/gallery/automobile/00177.png,automobile,0.694669
/home/emily/MMIP/week5/quiz1/data/query/truck/00030.png,truck,4,/home/emily/MMIP/week5/quiz1/data/gallery/automobile/00535.png,automobile,0.675153
/home/emily/MMIP/week5/quiz1/data/query/truck/00030.png,truck,5,/home/emily/MMIP/week5/quiz1/data/gallery/truck/00451.png,truck,0.654936
/home/emily/MMIP/week5/quiz1/data/query/truck/00031.png,truck,1,/home/emily/MMIP/week5/quiz1/data/gallery/truck/00256.png,truck,0.678432
/home/emily/MMIP/week5/quiz1/data/query/truck/00031.png,truck,2,/home/emily/MMIP/week5/quiz1/data/gallery/truck/00456.png,truck,0.676799
/home/emily/MMIP/week5/quiz1/data/query/truck/00031.png,truck,3,/home/emily/MMIP/week5/quiz1/data/gallery/truck/00942.png,truck,0.660749
/home/emily/MMIP/week5/quiz1/data/query/truck/00031.png,truck,4,/home/emily/MMIP/week5/quiz1/data/gallery/truck/00037.png,truck,0.648398
/home/emily/MMIP/week5/quiz1/data/query/truck/00031.png,truck,5,/home/emily/MMIP/week5/quiz1/data/gallery/airplane/00753.png,airplane,0.645130
/home/emily/MMIP/week5/quiz1/data/query/truck/00032.png,truck,1,/home/emily/MMIP/week5/quiz1/data/gallery/truck/00370.png,truck,0.821483
/home/emily/MMIP/week5/quiz1/data/query/truck/00032.png,truck,2,/home/emily/MMIP/week5/quiz1/data/gallery/truck/00298.png,truck,0.800589
/home/emily/MMIP/week5/quiz1/data/query/truck/00032.png,truck,3,/home/emily/MMIP/week5/quiz1/data/gallery/truck/00446.png,truck,0.799250
/home/emily/MMIP/week5/quiz1/data/query/truck/00032.png,truck,4,/home/emily/MMIP/week5/quiz1/data/gallery/truck/00080.png,truck,0.789313
/home/emily/MMIP/week5/quiz1/data/query/truck/00032.png,truck,5,/home/emily/MMIP/week5/quiz1/data/gallery/truck/00986.png,truck,0.785222
/home/emily/MMIP/week5/quiz1/data/query/truck/00033.png,truck,1,/home/emily/MMIP/week5/quiz1/data/gallery/truck/00727.png,truck,0.707863
/home/emily/MMIP/week5/quiz1/data/query/truck/00033.png,truck,2,/home/emily/MMIP/week5/quiz1/data/gallery/truck/00800.png,truck,0.704515
/home/emily/MMIP/week5/quiz1/data/query/truck/00033.png,truck,3,/home/emily/MMIP/week5/quiz1/data/gallery/truck/00263.png,truck,0.698147
/home/emily/MMIP/week5/quiz1/data/query/truck/00033.png,truck,4,/home/emily/MMIP/week5/quiz1/data/gallery/truck/00991.png,truck,0.695430
/home/emily/MMIP/week5/quiz1/data/query/truck/00033.png,truck,5,/home/emily/MMIP/week5/quiz1/data/gallery/truck/00515.png,truck,0.694118
/home/emily/MMIP/week5/quiz1/data/query/truck/00034.png,truck,1,/home/emily/MMIP/week5/quiz1/data/gallery/truck/00448.png,truck,0.819354
/home/emily/MMIP/week5/quiz1/data/query/truck/00034.png,truck,2,/home/emily/MMIP/week5/quiz1/data/gallery/truck/00729.png,truck,0.796564
/home/emily/MMIP/week5/quiz1/data/query/truck/00034.png,truck,3,/home/emily/MMIP/week5/quiz1/data/gallery/truck/00120.png,truck,0.780332
/home/emily/MMIP/week5/quiz1/data/query/truck/00034.png,truck,4,/home/emily/MMIP/week5/quiz1/data/gallery/truck/00478.png,truck,0.768686
/home/emily/MMIP/week5/quiz1/data/query/truck/00034.png,truck,5,/home/emily/MMIP/week5/quiz1/data/gallery/truck/00165.png,truck,0.768524
/home/emily/MMIP/week5/quiz1/data/query/truck/00035.png,truck,1,/home/emily/MMIP/week5/quiz1/data/gallery/truck/00179.png,truck,0.736011
/home/emily/MMIP/week5/quiz1/data/query/truck/00035.png,truck,2,/home/emily/MMIP/week5/quiz1/data/gallery/truck/00712.png,truck,0.709936
/home/emily/MMIP/week5/quiz1/data/query/truck/00035.png,truck,3,/home/emily/MMIP/week5/quiz1/data/gallery/truck/00938.png,truck,0.704002
/home/emily/MMIP/week5/quiz1/data/query/truck/00035.png,truck,4,/home/emily/MMIP/week5/quiz1/data/gallery/truck/00216.png,truck,0.693684
/home/emily/MMIP/week5/quiz1/data/query/truck/00035.png,truck,5,/home/emily/MMIP/week5/quiz1/data/gallery/truck/00677.png,truck,0.688074
/home/emily/MMIP/week5/quiz1/data/query/truck/00036.png,truck,1,/home/emily/MMIP/week5/quiz1/data/gallery/truck/00940.png,truck,0.767265
/home/emily/MMIP/week5/quiz1/data/query/truck/00036.png,truck,2,/home/emily/MMIP/week5/quiz1/data/gallery/truck/00846.png,truck,0.766963
/home/emily/MMIP/week5/quiz1/data/query/truck/00036.png,truck,3,/home/emily/MMIP/week5/quiz1/data/gallery/truck/00116.png,truck,0.729419
/home/emily/MMIP/week5/quiz1/data/query/truck/00036.png,truck,4,/home/emily/MMIP/week5/quiz1/data/gallery/truck/00901.png,truck,0.696192
/home/emily/MMIP/week5/quiz1/data/query/truck/00036.png,truck,5,/home/emily/MMIP/week5/quiz1/data/gallery/truck/00481.png,truck,0.689560
/home/emily/MMIP/week5/quiz1/data/query/truck/00037.png,truck,1,/home/emily/MMIP/week5/quiz1/data/gallery/truck/00917.png,truck,0.800066
/home/emily/MMIP/week5/quiz1/data/query/truck/00037.png,truck,2,/home/emily/MMIP/week5/quiz1/data/gallery/truck/00830.png,truck,0.764012
/home/emily/MMIP/week5/quiz1/data/query/truck/00037.png,truck,3,/home/emily/MMIP/week5/quiz1/data/gallery/truck/00417.png,truck,0.761792
/home/emily/MMIP/week5/quiz1/data/query/truck/00037.png,truck,4,/home/emily/MMIP/week5/quiz1/data/gallery/truck/00943.png,truck,0.760004
/home/emily/MMIP/week5/quiz1/data/query/truck/00037.png,truck,5,/home/emily/MMIP/week5/quiz1/data/gallery/truck/00166.png,truck,0.759762
/home/emily/MMIP/week5/quiz1/data/query/truck/00038.png,truck,1,/home/emily/MMIP/week5/quiz1/data/gallery/truck/00451.png,truck,0.822541
/home/emily/MMIP/week5/quiz1/data/query/truck/00038.png,truck,2,/home/emily/MMIP/week5/quiz1/data/gallery/truck/00388.png,truck,0.800707
/home/emily/MMIP/week5/quiz1/data/query/truck/00038.png,truck,3,/home/emily/MMIP/week5/quiz1/data/gallery/truck/00365.png,truck,0.790816
/home/emily/MMIP/week5/quiz1/data/query/truck/00038.png,truck,4,/home/emily/MMIP/week5/quiz1/data/gallery/truck/00947.png,truck,0.790476
/home/emily/MMIP/week5/quiz1/data/query/truck/00038.png,truck,5,/home/emily/MMIP/week5/quiz1/data/gallery/truck/00980.png,truck,0.777344
/home/emily/MMIP/week5/quiz1/data/query/truck/00039.png,truck,1,/home/emily/MMIP/week5/quiz1/data/gallery/truck/00586.png,truck,0.831151
/home/emily/MMIP/week5/quiz1/data/query/truck/00039.png,truck,2,/home/emily/MMIP/week5/quiz1/data/gallery/truck/00566.png,truck,0.825147
/home/emily/MMIP/week5/quiz1/data/query/truck/00039.png,truck,3,/home/emily/MMIP/week5/quiz1/data/gallery/truck/00802.png,truck,0.824771
/home/emily/MMIP/week5/quiz1/data/query/truck/00039.png,truck,4,/home/emily/MMIP/week5/quiz1/data/gallery/truck/00794.png,truck,0.819097
/home/emily/MMIP/week5/quiz1/data/query/truck/00039.png,truck,5,/home/emily/MMIP/week5/quiz1/data/gallery/truck/00671.png,truck,0.794183
/home/emily/MMIP/week5/quiz1/data/query/truck/00040.png,truck,1,/home/emily/MMIP/week5/quiz1/data/gallery/truck/00717.png,truck,0.806617
/home/emily/MMIP/week5/quiz1/data/query/truck/00040.png,truck,2,/home/emily/MMIP/week5/quiz1/data/gallery/truck/00246.png,truck,0.796116
/home/emily/MMIP/week5/quiz1/data/query/truck/00040.png,truck,3,/home/emily/MMIP/week5/quiz1/data/gallery/truck/00451.png,truck,0.786988
/home/emily/MMIP/week5/quiz1/data/query/truck/00040.png,truck,4,/home/emily/MMIP/week5/quiz1/data/gallery/truck/00837.png,truck,0.785979
/home/emily/MMIP/week5/quiz1/data/query/truck/00040.png,truck,5,/home/emily/MMIP/week5/quiz1/data/gallery/truck/00975.png,truck,0.783272
/home/emily/MMIP/week5/quiz1/data/query/truck/00041.png,truck,1,/home/emily/MMIP/week5/quiz1/data/gallery/truck/00784.png,truck,0.735666
/home/emily/MMIP/week5/quiz1/data/query/truck/00041.png,truck,2,/home/emily/MMIP/week5/quiz1/data/gallery/truck/00366.png,truck,0.700150
/home/emily/MMIP/week5/quiz1/data/query/truck/00041.png,truck,3,/home/emily/MMIP/week5/quiz1/data/gallery/truck/00303.png,truck,0.696170
/home/emily/MMIP/week5/quiz1/data/query/truck/00041.png,truck,4,/home/emily/MMIP/week5/quiz1/data/gallery/truck/00495.png,truck,0.694918
/home/emily/MMIP/week5/quiz1/data/query/truck/00041.png,truck,5,/home/emily/MMIP/week5/quiz1/data/gallery/automobile/00428.png,automobile,0.694707
/home/emily/MMIP/week5/quiz1/data/query/truck/00042.png,truck,1,/home/emily/MMIP/week5/quiz1/data/gallery/truck/00153.png,truck,0.844504
/home/emily/MMIP/week5/quiz1/data/query/truck/00042.png,truck,2,/home/emily/MMIP/week5/quiz1/data/gallery/truck/00640.png,truck,0.799607
/home/emily/MMIP/week5/quiz1/data/query/truck/00042.png,truck,3,/home/emily/MMIP/week5/quiz1/data/gallery/truck/00412.png,truck,0.798102
/home/emily/MMIP/week5/quiz1/data/query/truck/00042.png,truck,4,/home/emily/MMIP/week5/quiz1/data/gallery/truck/00592.png,truck,0.788016
/home/emily/MMIP/week5/quiz1/data/query/truck/00042.png,truck,5,/home/emily/MMIP/week5/quiz1/data/gallery/truck/00930.png,truck,0.784809
/home/emily/MMIP/week5/quiz1/data/query/truck/00043.png,truck,1,/home/emily/MMIP/week5/quiz1/data/gallery/truck/00060.png,truck,0.797349
/home/emily/MMIP/week5/quiz1/data/query/truck/00043.png,truck,2,/home/emily/MMIP/week5/quiz1/data/gallery/truck/00686.png,truck,0.781723
/home/emily/MMIP/week5/quiz1/data/query/truck/00043.png,truck,3,/home/emily/MMIP/week5/quiz1/data/gallery/truck/00387.png,truck,0.777897
/home/emily/MMIP/week5/quiz1/data/query/truck/00043.png,truck,4,/home/emily/MMIP/week5/quiz1/data/gallery/truck/00376.png,truck,0.776164
/home/emily/MMIP/week5/quiz1/data/query/truck/00043.png,truck,5,/home/emily/MMIP/week5/quiz1/data/gallery/truck/00373.png,truck,0.775615
/home/emily/MMIP/week5/quiz1/data/query/truck/00044.png,truck,1,/home/emily/MMIP/week5/quiz1/data/gallery/truck/00324.png,truck,0.731536
/home/emily/MMIP/week5/quiz1/data/query/truck/00044.png,truck,2,/home/emily/MMIP/week5/quiz1/data/gallery/truck/00889.png,truck,0.710942
/home/emily/MMIP/week5/quiz1/data/query/truck/00044.png,truck,3,/home/emily/MMIP/week5/quiz1/data/gallery/truck/00368.png,truck,0.707030
/home/emily/MMIP/week5/quiz1/data/query/truck/00044.png,truck,4,/home/emily/MMIP/week5/quiz1/data/gallery/truck/00211.png,truck,0.694724
/home/emily/MMIP/week5/quiz1/data/query/truck/00044.png,truck,5,/home/emily/MMIP/week5/quiz1/data/gallery/automobile/00103.png,automobile,0.687329
/home/emily/MMIP/week5/quiz1/data/query/truck/00045.png,truck,1,/home/emily/MMIP/week5/quiz1/data/gallery/truck/00092.png,truck,0.788869
/home/emily/MMIP/week5/quiz1/data/query/truck/00045.png,truck,2,/home/emily/MMIP/week5/quiz1/data/gallery/truck/00180.png,truck,0.759540
/home/emily/MMIP/week5/quiz1/data/query/truck/00045.png,truck,3,/home/emily/MMIP/week5/quiz1/data/gallery/truck/00650.png,truck,0.759472
/home/emily/MMIP/week5/quiz1/data/query/truck/00045.png,truck,4,/home/emily/MMIP/week5/quiz1/data/gallery/truck/00197.png,truck,0.751160
/home/emily/MMIP/week5/quiz1/data/query/truck/00045.png,truck,5,/home/emily/MMIP/week5/quiz1/data/gallery/truck/00901.png,truck,0.749063
/home/emily/MMIP/week5/quiz1/data/query/truck/00046.png,truck,1,/home/emily/MMIP/week5/quiz1/data/gallery/truck/00776.png,truck,0.790032
/home/emily/MMIP/week5/quiz1/data/query/truck/00046.png,truck,2,/home/emily/MMIP/week5/quiz1/data/gallery/truck/00598.png,truck,0.752222
/home/emily/MMIP/week5/quiz1/data/query/truck/00046.png,truck,3,/home/emily/MMIP/week5/quiz1/data/gallery/truck/00890.png,truck,0.687494
/home/emily/MMIP/week5/quiz1/data/query/truck/00046.png,truck,4,/home/emily/MMIP/week5/quiz1/data/gallery/truck/00518.png,truck,0.632232
/home/emily/MMIP/week5/quiz1/data/query/truck/00046.png,truck,5,/home/emily/MMIP/week5/quiz1/data/gallery/truck/00181.png,truck,0.628316
/home/emily/MMIP/week5/quiz1/data/query/truck/00047.png,truck,1,/home/emily/MMIP/week5/quiz1/data/gallery/truck/00686.png,truck,0.892724
/home/emily/MMIP/week5/quiz1/data/query/truck/00047.png,truck,2,/home/emily/MMIP/week5/quiz1/data/gallery/truck/00393.png,truck,0.884888
/home/emily/MMIP/week5/quiz1/data/query/truck/00047.png,truck,3,/home/emily/MMIP/week5/quiz1/data/gallery/truck/00817.png,truck,0.879325
/home/emily/MMIP/week5/quiz1/data/query/truck/00047.png,truck,4,/home/emily/MMIP/week5/quiz1/data/gallery/truck/00060.png,truck,0.878511
/home/emily/MMIP/week5/quiz1/data/query/truck/00047.png,truck,5,/home/emily/MMIP/week5/quiz1/data/gallery/truck/00896.png,truck,0.875356
/home/emily/MMIP/week5/quiz1/data/query/truck/00048.png,truck,1,/home/emily/MMIP/week5/quiz1/data/gallery/automobile/00916.png,automobile,0.753199
/home/emily/MMIP/week5/quiz1/data/query/truck/00048.png,truck,2,/home/emily/MMIP/week5/quiz1/data/gallery/truck/00729.png,truck,0.749341
/home/emily/MMIP/week5/quiz1/data/query/truck/00048.png,truck,3,/home/emily/MMIP/week5/quiz1/data/gallery/truck/00870.png,truck,0.745021
/home/emily/MMIP/week5/quiz1/data/query/truck/00048.png,truck,4,/home/emily/MMIP/week5/quiz1/data/gallery/truck/00470.png,truck,0.742449
/home/emily/MMIP/week5/quiz1/data/query/truck/00048.png,truck,5,/home/emily/MMIP/week5/quiz1/data/gallery/truck/00653.png,truck,0.740622
/home/emily/MMIP/week5/quiz1/data/query/truck/00049.png,truck,1,/home/emily/MMIP/week5/quiz1/data/gallery/truck/00028.png,truck,0.737906
/home/emily/MMIP/week5/quiz1/data/query/truck/00049.png,truck,2,/home/emily/MMIP/week5/quiz1/data/gallery/truck/00793.png,truck,0.728981
/home/emily/MMIP/week5/quiz1/data/query/truck/00049.png,truck,3,/home/emily/MMIP/week5/quiz1/data/gallery/truck/00256.png,truck,0.726966
/home/emily/MMIP/week5/quiz1/data/query/truck/00049.png,truck,4,/home/emily/MMIP/week5/quiz1/data/gallery/truck/00706.png,truck,0.726423
/home/emily/MMIP/week5/quiz1/data/query/truck/00049.png,truck,5,/home/emily/MMIP/week5/quiz1/data/gallery/truck/00139.png,truck,0.720379
/home/emily/MMIP/week5/quiz1/data/query/truck/00050.png,truck,1,/home/emily/MMIP/week5/quiz1/data/gallery/truck/00220.png,truck,0.855371
/home/emily/MMIP/week5/quiz1/data/query/truck/00050.png,truck,2,/home/emily/MMIP/week5/quiz1/data/gallery/truck/00561.png,truck,0.846668
/home/emily/MMIP/week5/quiz1/data/query/truck/00050.png,truck,3,/home/emily/MMIP/week5/quiz1/data/gallery/truck/00003.png,truck,0.835691
/home/emily/MMIP/week5/quiz1/data/query/truck/00050.png,truck,4,/home/emily/MMIP/week5/quiz1/data/gallery/truck/00716.png,truck,0.832329
/home/emily/MMIP/week5/quiz1/data/query/truck/00050.png,truck,5,/home/emily/MMIP/week5/quiz1/data/gallery/truck/00060.png,truck,0.831844
/home/emily/MMIP/week5/quiz1/data/query/truck/00051.png,truck,1,/home/emily/MMIP/week5/quiz1/data/gallery/truck/00619.png,truck,0.824955
/home/emily/MMIP/week5/quiz1/data/query/truck/00051.png,truck,2,/home/emily/MMIP/week5/quiz1/data/gallery/truck/00224.png,truck,0.819334
/home/emily/MMIP/week5/quiz1/data/query/truck/00051.png,truck,3,/home/emily/MMIP/week5/quiz1/data/gallery/truck/00641.png,truck,0.785811
/home/emily/MMIP/week5/quiz1/data/query/truck/00051.png,truck,4,/home/emily/MMIP/week5/quiz1/data/gallery/truck/00022.png,truck,0.783217
/home/emily/MMIP/week5/quiz1/data/query/truck/00051.png,truck,5,/home/emily/MMIP/week5/quiz1/data/gallery/truck/00956.png,truck,0.775424
/home/emily/MMIP/week5/quiz1/data/query/truck/00052.png,truck,1,/home/emily/MMIP/week5/quiz1/data/gallery/truck/00080.png,truck,0.773788
/home/emily/MMIP/week5/quiz1/data/query/truck/00052.png,truck,2,/home/emily/MMIP/week5/quiz1/data/gallery/truck/00457.png,truck,0.769632
/home/emily/MMIP/week5/quiz1/data/query/truck/00052.png,truck,3,/home/emily/MMIP/week5/quiz1/data/gallery/truck/00568.png,truck,0.767938
/home/emily/MMIP/week5/quiz1/data/query/truck/00052.png,truck,4,/home/emily/MMIP/week5/quiz1/data/gallery/truck/00552.png,truck,0.764343
/home/emily/MMIP/week5/quiz1/data/query/truck/00052.png,truck,5,/home/emily/MMIP/week5/quiz1/data/gallery/truck/00431.png,truck,0.759776
/home/emily/MMIP/week5/quiz1/data/query/truck/00053.png,truck,1,/home/emily/MMIP/week5/quiz1/data/gallery/truck/00166.png,truck,0.746690
/home/emily/MMIP/week5/quiz1/data/query/truck/00053.png,truck,2,/home/emily/MMIP/week5/quiz1/data/gallery/truck/00150.png,truck,0.741816
/home/emily/MMIP/week5/quiz1/data/query/truck/00053.png,truck,3,/home/emily/MMIP/week5/quiz1/data/gallery/truck/00389.png,truck,0.736403
/home/emily/MMIP/week5/quiz1/data/query/truck/00053.png,truck,4,/home/emily/MMIP/week5/quiz1/data/gallery/truck/00905.png,truck,0.735169
/home/emily/MMIP/week5/quiz1/data/query/truck/00053.png,truck,5,/home/emily/MMIP/week5/quiz1/data/gallery/truck/00943.png,truck,0.733486
/home/emily/MMIP/week5/quiz1/data/query/truck/00054.png,truck,1,/home/emily/MMIP/week5/quiz1/data/gallery/truck/00717.png,truck,0.810863
/home/emily/MMIP/week5/quiz1/data/query/truck/00054.png,truck,2,/home/emily/MMIP/week5/quiz1/data/gallery/truck/00592.png,truck,0.805729
/home/emily/MMIP/week5/quiz1/data/query/truck/00054.png,truck,3,/home/emily/MMIP/week5/quiz1/data/gallery/truck/00975.png,truck,0.799831
/home/emily/MMIP/week5/quiz1/data/query/truck/00054.png,truck,4,/home/emily/MMIP/week5/quiz1/data/gallery/truck/00246.png,truck,0.795126
/home/emily/MMIP/week5/quiz1/data/query/truck/00054.png,truck,5,/home/emily/MMIP/week5/quiz1/data/gallery/truck/00845.png,truck,0.792638
/home/emily/MMIP/week5/quiz1/data/query/truck/00055.png,truck,1,/home/emily/MMIP/week5/quiz1/data/gallery/truck/00283.png,truck,0.837012
/home/emily/MMIP/week5/quiz1/data/query/truck/00055.png,truck,2,/home/emily/MMIP/week5/quiz1/data/gallery/truck/00604.png,truck,0.818680
/home/emily/MMIP/week5/quiz1/data/query/truck/00055.png,truck,3,/home/emily/MMIP/week5/quiz1/data/gallery/truck/00893.png,truck,0.801607
/home/emily/MMIP/week5/quiz1/data/query/truck/00055.png,truck,4,/home/emily/MMIP/week5/quiz1/data/gallery/truck/00298.png,truck,0.796568
/home/emily/MMIP/week5/quiz1/data/query/truck/00055.png,truck,5,/home/emily/MMIP/week5/quiz1/data/gallery/truck/00386.png,truck,0.795245
/home/emily/MMIP/week5/quiz1/data/query/truck/00056.png,truck,1,/home/emily/MMIP/week5/quiz1/data/gallery/truck/00812.png,truck,0.808723
/home/emily/MMIP/week5/quiz1/data/query/truck/00056.png,truck,2,/home/emily/MMIP/week5/quiz1/data/gallery/truck/00236.png,truck,0.806926
/home/emily/MMIP/week5/quiz1/data/query/truck/00056.png,truck,3,/home/emily/MMIP/week5/quiz1/data/gallery/truck/00115.png,truck,0.801543
/home/emily/MMIP/week5/quiz1/data/query/truck/00056.png,truck,4,/home/emily/MMIP/week5/quiz1/data/gallery/truck/00536.png,truck,0.797812
/home/emily/MMIP/week5/quiz1/data/query/truck/00056.png,truck,5,/home/emily/MMIP/week5/quiz1/data/gallery/truck/00948.png,truck,0.795785
/home/emily/MMIP/week5/quiz1/data/query/truck/00057.png,truck,1,/home/emily/MMIP/week5/quiz1/data/gallery/truck/00256.png,truck,0.727311
/home/emily/MMIP/week5/quiz1/data/query/truck/00057.png,truck,2,/home/emily/MMIP/week5/quiz1/data/gallery/truck/00971.png,truck,0.715974
/home/emily/MMIP/week5/quiz1/data/query/truck/00057.png,truck,3,/home/emily/MMIP/week5/quiz1/data/gallery/truck/00892.png,truck,0.699874
/home/emily/MMIP/week5/quiz1/data/query/truck/00057.png,truck,4,/home/emily/MMIP/week5/quiz1/data/gallery/truck/00405.png,truck,0.695949
/home/emily/MMIP/week5/quiz1/data/query/truck/00057.png,truck,5,/home/emily/MMIP/week5/quiz1/data/gallery/airplane/00753.png,airplane,0.695425
/home/emily/MMIP/week5/quiz1/data/query/truck/00058.png,truck,1,/home/emily/MMIP/week5/quiz1/data/gallery/airplane/00516.png,airplane,0.653800
/home/emily/MMIP/week5/quiz1/data/query/truck/00058.png,truck,2,/home/emily/MMIP/week5/quiz1/data/gallery/truck/00590.png,truck,0.640152
/home/emily/MMIP/week5/quiz1/data/query/truck/00058.png,truck,3,/home/emily/MMIP/week5/quiz1/data/gallery/automobile/00370.png,automobile,0.628441
/home/emily/MMIP/week5/quiz1/data/query/truck/00058.png,truck,4,/home/emily/MMIP/week5/quiz1/data/gallery/airplane/00532.png,airplane,0.625276
/home/emily/MMIP/week5/quiz1/data/query/truck/00058.png,truck,5,/home/emily/MMIP/week5/quiz1/data/gallery/truck/00428.png,truck,0.623573
/home/emily/MMIP/week5/quiz1/data/query/truck/00059.png,truck,1,/home/emily/MMIP/week5/quiz1/data/gallery/truck/00179.png,truck,0.790057
/home/emily/MMIP/week5/quiz1/data/query/truck/00059.png,truck,2,/home/emily/MMIP/week5/quiz1/data/gallery/truck/00288.png,truck,0.786929
/home/emily/MMIP/week5/quiz1/data/query/truck/00059.png,truck,3,/home/emily/MMIP/week5/quiz1/data/gallery/truck/00364.png,truck,0.745027
/home/emily/MMIP/week5/quiz1/data/query/truck/00059.png,truck,4,/home/emily/MMIP/week5/quiz1/data/gallery/truck/00438.png,truck,0.741532
/home/emily/MMIP/week5/quiz1/data/query/truck/00059.png,truck,5,/home/emily/MMIP/week5/quiz1/data/gallery/truck/00308.png,truck,0.731797
/home/emily/MMIP/week5/quiz1/data/query/truck/00060.png,truck,1,/home/emily/MMIP/week5/quiz1/data/gallery/truck/00220.png,truck,0.835729
/home/emily/MMIP/week5/quiz1/data/query/truck/00060.png,truck,2,/home/emily/MMIP/week5/quiz1/data/gallery/truck/00134.png,truck,0.833001
/home/emily/MMIP/week5/quiz1/data/query/truck/00060.png,truck,3,/home/emily/MMIP/week5/quiz1/data/gallery/truck/00470.png,truck,0.802673
/home/emily/MMIP/week5/quiz1/data/query/truck/00060.png,truck,4,/home/emily/MMIP/week5/quiz1/data/gallery/truck/00156.png,truck,0.799488
/home/emily/MMIP/week5/quiz1/data/query/truck/00060.png,truck,5,/home/emily/MMIP/week5/quiz1/data/gallery/truck/00686.png,truck,0.798970
/home/emily/MMIP/week5/quiz1/data/query/truck/00061.png,truck,1,/home/emily/MMIP/week5/quiz1/data/gallery/truck/00379.png,truck,0.756641
/home/emily/MMIP/week5/quiz1/data/query/truck/00061.png,truck,2,/home/emily/MMIP/week5/quiz1/data/gallery/truck/00333.png,truck,0.747392
/home/emily/MMIP/week5/quiz1/data/query/truck/00061.png,truck,3,/home/emily/MMIP/week5/quiz1/data/gallery/truck/00196.png,truck,0.746385
/home/emily/MMIP/week5/quiz1/data/query/truck/00061.png,truck,4,/home/emily/MMIP/week5/quiz1/data/gallery/truck/00981.png,truck,0.745965
/home/emily/MMIP/week5/quiz1/data/query/truck/00061.png,truck,5,/home/emily/MMIP/week5/quiz1/data/gallery/truck/00075.png,truck,0.741832
/home/emily/MMIP/week5/quiz1/data/query/truck/00062.png,truck,1,/home/emily/MMIP/week5/quiz1/data/gallery/truck/00256.png,truck,0.724281
/home/emily/MMIP/week5/quiz1/data/query/truck/00062.png,truck,2,/home/emily/MMIP/week5/quiz1/data/gallery/truck/00167.png,truck,0.694511
/home/emily/MMIP/week5/quiz1/data/query/truck/00062.png,truck,3,/home/emily/MMIP/week5/quiz1/data/gallery/truck/00853.png,truck,0.694366
/home/emily/MMIP/week5/quiz1/data/query/truck/00062.png,truck,4,/home/emily/MMIP/week5/quiz1/data/gallery/truck/00881.png,truck,0.684966
/home/emily/MMIP/week5/quiz1/data/query/truck/00062.png,truck,5,/home/emily/MMIP/week5/quiz1/data/gallery/truck/00653.png,truck,0.681009
/home/emily/MMIP/week5/quiz1/data/query/truck/00063.png,truck,1,/home/emily/MMIP/week5/quiz1/data/gallery/truck/00795.png,truck,0.750152
/home/emily/MMIP/week5/quiz1/data/query/truck/00063.png,truck,2,/home/emily/MMIP/week5/quiz1/data/gallery/truck/00304.png,truck,0.742713
/home/emily/MMIP/week5/quiz1/data/query/truck/00063.png,truck,3,/home/emily/MMIP/week5/quiz1/data/gallery/truck/00500.png,truck,0.734373
/home/emily/MMIP/week5/quiz1/data/query/truck/00063.png,truck,4,/home/emily/MMIP/week5/quiz1/data/gallery/truck/00394.png,truck,0.724055
/home/emily/MMIP/week5/quiz1/data/query/truck/00063.png,truck,5,/home/emily/MMIP/week5/quiz1/data/gallery/truck/00540.png,truck,0.723144
/home/emily/MMIP/week5/quiz1/data/query/truck/00064.png,truck,1,/home/emily/MMIP/week5/quiz1/data/gallery/truck/00802.png,truck,0.885543
/home/emily/MMIP/week5/quiz1/data/query/truck/00064.png,truck,2,/home/emily/MMIP/week5/quiz1/data/gallery/truck/00586.png,truck,0.852887
/home/emily/MMIP/week5/quiz1/data/query/truck/00064.png,truck,3,/home/emily/MMIP/week5/quiz1/data/gallery/truck/00671.png,truck,0.814497
/home/emily/MMIP/week5/quiz1/data/query/truck/00064.png,truck,4,/home/emily/MMIP/week5/quiz1/data/gallery/truck/00794.png,truck,0.814313
/home/emily/MMIP/week5/quiz1/data/query/truck/00064.png,truck,5,/home/emily/MMIP/week5/quiz1/data/gallery/truck/00566.png,truck,0.807377
/home/emily/MMIP/week5/quiz1/data/query/truck/00065.png,truck,1,/home/emily/MMIP/week5/quiz1/data/gallery/truck/00109.png,truck,0.831633
/home/emily/MMIP/week5/quiz1/data/query/truck/00065.png,truck,2,/home/emily/MMIP/week5/quiz1/data/gallery/truck/00084.png,truck,0.823743
/home/emily/MMIP/week5/quiz1/data/query/truck/00065.png,truck,3,/home/emily/MMIP/week5/quiz1/data/gallery/truck/00943.png,truck,0.802761
/home/emily/MMIP/week5/quiz1/data/query/truck/00065.png,truck,4,/home/emily/MMIP/week5/quiz1/data/gallery/truck/00924.png,truck,0.800833
/home/emily/MMIP/week5/quiz1/data/query/truck/00065.png,truck,5,/home/emily/MMIP/week5/quiz1/data/gallery/truck/00750.png,truck,0.795685
/home/emily/MMIP/week5/quiz1/data/query/truck/00066.png,truck,1,/home/emily/MMIP/week5/quiz1/data/gallery/truck/00860.png,truck,0.764564
/home/emily/MMIP/week5/quiz1/data/query/truck/00066.png,truck,2,/home/emily/MMIP/week5/quiz1/data/gallery/truck/00728.png,truck,0.750508
/home/emily/MMIP/week5/quiz1/data/query/truck/00066.png,truck,3,/home/emily/MMIP/week5/quiz1/data/gallery/truck/00063.png,truck,0.749150
/home/emily/MMIP/week5/quiz1/data/query/truck/00066.png,truck,4,/home/emily/MMIP/week5/quiz1/data/gallery/truck/00389.png,truck,0.747590
/home/emily/MMIP/week5/quiz1/data/query/truck/00066.png,truck,5,/home/emily/MMIP/week5/quiz1/data/gallery/truck/00534.png,truck,0.746104
/home/emily/MMIP/week5/quiz1/data/query/truck/00067.png,truck,1,/home/emily/MMIP/week5/quiz1/data/gallery/truck/00590.png,truck,0.608393
/home/emily/MMIP/week5/quiz1/data/query/truck/00067.png,truck,2,/home/emily/MMIP/week5/quiz1/data/gallery/truck/00402.png,truck,0.590983
/home/emily/MMIP/week5/quiz1/data/query/truck/00067.png,truck,3,/home/emily/MMIP/week5/quiz1/data/gallery/truck/00241.png,truck,0.578988
/home/emily/MMIP/week5/quiz1/data/query/truck/00067.png,truck,4,/home/emily/MMIP/week5/quiz1/data/gallery/bird/00084.png,bird,0.576872
/home/emily/MMIP/week5/quiz1/data/query/truck/00067.png,truck,5,/home/emily/MMIP/week5/quiz1/data/gallery/automobile/00874.png,automobile,0.572711
/home/emily/MMIP/week5/quiz1/data/query/truck/00068.png,truck,1,/home/emily/MMIP/week5/quiz1/data/gallery/truck/00232.png,truck,0.631370
/home/emily/MMIP/week5/quiz1/data/query/truck/00068.png,truck,2,/home/emily/MMIP/week5/quiz1/data/gallery/truck/00138.png,truck,0.607865
/home/emily/MMIP/week5/quiz1/data/query/truck/00068.png,truck,3,/home/emily/MMIP/week5/quiz1/data/gallery/truck/00265.png,truck,0.601786
/home/emily/MMIP/week5/quiz1/data/query/truck/00068.png,truck,4,/home/emily/MMIP/week5/quiz1/data/gallery/truck/00204.png,truck,0.569204
/home/emily/MMIP/week5/quiz1/data/query/truck/00068.png,truck,5,/home/emily/MMIP/week5/quiz1/data/gallery/truck/00294.png,truck,0.553304
/home/emily/MMIP/week5/quiz1/data/query/truck/00069.png,truck,1,/home/emily/MMIP/week5/quiz1/data/gallery/truck/00434.png,truck,0.714367
/home/emily/MMIP/week5/quiz1/data/query/truck/00069.png,truck,2,/home/emily/MMIP/week5/quiz1/data/gallery/truck/00775.png,truck,0.707453
/home/emily/MMIP/week5/quiz1/data/query/truck/00069.png,truck,3,/home/emily/MMIP/week5/quiz1/data/gallery/truck/00218.png,truck,0.705114
/home/emily/MMIP/week5/quiz1/data/query/truck/00069.png,truck,4,/home/emily/MMIP/week5/quiz1/data/gallery/truck/00850.png,truck,0.700716
/home/emily/MMIP/week5/quiz1/data/query/truck/00069.png,truck,5,/home/emily/MMIP/week5/quiz1/data/gallery/truck/00198.png,truck,0.695320
/home/emily/MMIP/week5/quiz1/data/query/truck/00070.png,truck,1,/home/emily/MMIP/week5/quiz1/data/gallery/truck/00172.png,truck,0.846632
/home/emily/MMIP/week5/quiz1/data/query/truck/00070.png,truck,2,/home/emily/MMIP/week5/quiz1/data/gallery/truck/00393.png,truck,0.834799
/home/emily/MMIP/week5/quiz1/data/query/truck/00070.png,truck,3,/home/emily/MMIP/week5/quiz1/data/gallery/truck/00536.png,truck,0.829669
/home/emily/MMIP/week5/quiz1/data/query/truck/00070.png,truck,4,/home/emily/MMIP/week5/quiz1/data/gallery/truck/00463.png,truck,0.827808
/home/emily/MMIP/week5/quiz1/data/query/truck/00070.png,truck,5,/home/emily/MMIP/week5/quiz1/data/gallery/truck/00470.png,truck,0.823004
/home/emily/MMIP/week5/quiz1/data/query/truck/00071.png,truck,1,/home/emily/MMIP/week5/quiz1/data/gallery/truck/00666.png,truck,0.861494
/home/emily/MMIP/week5/quiz1/data/query/truck/00071.png,truck,2,/home/emily/MMIP/week5/quiz1/data/gallery/truck/00540.png,truck,0.830961
/home/emily/MMIP/week5/quiz1/data/query/truck/00071.png,truck,3,/home/emily/MMIP/week5/quiz1/data/gallery/truck/00206.png,truck,0.820027
/home/emily/MMIP/week5/quiz1/data/query/truck/00071.png,truck,4,/home/emily/MMIP/week5/quiz1/data/gallery/truck/00370.png,truck,0.819217
/home/emily/MMIP/week5/quiz1/data/query/truck/00071.png,truck,5,/home/emily/MMIP/week5/quiz1/data/gallery/truck/00238.png,truck,0.819190
/home/emily/MMIP/week5/quiz1/data/query/truck/00072.png,truck,1,/home/emily/MMIP/week5/quiz1/data/gallery/truck/00338.png,truck,0.704911
/home/emily/MMIP/week5/quiz1/data/query/truck/00072.png,truck,2,/home/emily/MMIP/week5/quiz1/data/gallery/truck/00384.png,truck,0.687542
/home/emily/MMIP/week5/quiz1/data/query/truck/00072.png,truck,3,/home/emily/MMIP/week5/quiz1/data/gallery/truck/00364.png,truck,0.630883
/home/emily/MMIP/week5/quiz1/data/query/truck/00072.png,truck,4,/home/emily/MMIP/week5/quiz1/data/gallery/truck/00927.png,truck,0.625374
/home/emily/MMIP/week5/quiz1/data/query/truck/00072.png,truck,5,/home/emily/MMIP/week5/quiz1/data/gallery/truck/00041.png,truck,0.608668
/home/emily/MMIP/week5/quiz1/data/query/truck/00073.png,truck,1,/home/emily/MMIP/week5/quiz1/data/gallery/truck/00499.png,truck,0.816553
/home/emily/MMIP/week5/quiz1/data/query/truck/00073.png,truck,2,/home/emily/MMIP/week5/quiz1/data/gallery/truck/00717.png,truck,0.814159
/home/emily/MMIP/week5/quiz1/data/query/truck/00073.png,truck,3,/home/emily/MMIP/week5/quiz1/data/gallery/truck/00246.png,truck,0.805700
/home/emily/MMIP/week5/quiz1/data/query/truck/00073.png,truck,4,/home/emily/MMIP/week5/quiz1/data/gallery/truck/00124.png,truck,0.802544
/home/emily/MMIP/week5/quiz1/data/query/truck/00073.png,truck,5,/home/emily/MMIP/week5/quiz1/data/gallery/truck/00811.png,truck,0.802191
/home/emily/MMIP/week5/quiz1/data/query/truck/00074.png,truck,1,/home/emily/MMIP/week5/quiz1/data/gallery/truck/00499.png,truck,0.832835
/home/emily/MMIP/week5/quiz1/data/query/truck/00074.png,truck,2,/home/emily/MMIP/week5/quiz1/data/gallery/truck/00075.png,truck,0.832572
/home/emily/MMIP/week5/quiz1/data/query/truck/00074.png,truck,3,/home/emily/MMIP/week5/quiz1/data/gallery/truck/00811.png,truck,0.812898
/home/emily/MMIP/week5/quiz1/data/query/truck/00074.png,truck,4,/home/emily/MMIP/week5/quiz1/data/gallery/truck/00617.png,truck,0.805601
/home/emily/MMIP/week5/quiz1/data/query/truck/00074.png,truck,5,/home/emily/MMIP/week5/quiz1/data/gallery/truck/00717.png,truck,0.802402
/home/emily/MMIP/week5/quiz1/data/query/truck/00075.png,truck,1,/home/emily/MMIP/week5/quiz1/data/gallery/truck/00134.png,truck,0.810174
/home/emily/MMIP/week5/quiz1/data/query/truck/00075.png,truck,2,/home/emily/MMIP/week5/quiz1/data/gallery/truck/00387.png,truck,0.802826
/home/emily/MMIP/week5/quiz1/data/query/truck/00075.png,truck,3,/home/emily/MMIP/week5/quiz1/data/gallery/truck/00653.png,truck,0.796456
/home/emily/MMIP/week5/quiz1/data/query/truck/00075.png,truck,4,/home/emily/MMIP/week5/quiz1/data/gallery/truck/00709.png,truck,0.793205
/home/emily/MMIP/week5/quiz1/data/query/truck/00075.png,truck,5,/home/emily/MMIP/week5/quiz1/data/gallery/truck/00640.png,truck,0.790268
/home/emily/MMIP/week5/quiz1/data/query/truck/00076.png,truck,1,/home/emily/MMIP/week5/quiz1/data/gallery/truck/00781.png,truck,0.824797
/home/emily/MMIP/week5/quiz1/data/query/truck/00076.png,truck,2,/home/emily/MMIP/week5/quiz1/data/gallery/truck/00065.png,truck,0.805345
/home/emily/MMIP/week5/quiz1/data/query/truck/00076.png,truck,3,/home/emily/MMIP/week5/quiz1/data/gallery/truck/00515.png,truck,0.797996
/home/emily/MMIP/week5/quiz1/data/query/truck/00076.png,truck,4,/home/emily/MMIP/week5/quiz1/data/gallery/truck/00548.png,truck,0.783182
/home/emily/MMIP/week5/quiz1/data/query/truck/00076.png,truck,5,/home/emily/MMIP/week5/quiz1/data/gallery/truck/00991.png,truck,0.778738
/home/emily/MMIP/week5/quiz1/data/query/truck/00077.png,truck,1,/home/emily/MMIP/week5/quiz1/data/gallery/truck/00229.png,truck,0.949264
/home/emily/MMIP/week5/quiz1/data/query/truck/00077.png,truck,2,/home/emily/MMIP/week5/quiz1/data/gallery/truck/00259.png,truck,0.772299
/home/emily/MMIP/week5/quiz1/data/query/truck/00077.png,truck,3,/home/emily/MMIP/week5/quiz1/data/gallery/truck/00817.png,truck,0.771742
/home/emily/MMIP/week5/quiz1/data/query/truck/00077.png,truck,4,/home/emily/MMIP/week5/quiz1/data/gallery/truck/00686.png,truck,0.754782
/home/emily/MMIP/week5/quiz1/data/query/truck/00077.png,truck,5,/home/emily/MMIP/week5/quiz1/data/gallery/truck/00658.png,truck,0.753988
/home/emily/MMIP/week5/quiz1/data/query/truck/00078.png,truck,1,/home/emily/MMIP/week5/quiz1/data/gallery/truck/00068.png,truck,0.762115
/home/emily/MMIP/week5/quiz1/data/query/truck/00078.png,truck,2,/home/emily/MMIP/week5/quiz1/data/gallery/truck/00630.png,truck,0.755960
/home/emily/MMIP/week5/quiz1/data/query/truck/00078.png,truck,3,/home/emily/MMIP/week5/quiz1/data/gallery/truck/00571.png,truck,0.755295
/home/emily/MMIP/week5/quiz1/data/query/truck/00078.png,truck,4,/home/emily/MMIP/week5/quiz1/data/gallery/truck/00842.png,truck,0.743745
/home/emily/MMIP/week5/quiz1/data/query/truck/00078.png,truck,5,/home/emily/MMIP/week5/quiz1/data/gallery/truck/00224.png,truck,0.739086
/home/emily/MMIP/week5/quiz1/data/query/truck/00079.png,truck,1,/home/emily/MMIP/week5/quiz1/data/gallery/truck/00132.png,truck,0.821018
/home/emily/MMIP/week5/quiz1/data/query/truck/00079.png,truck,2,/home/emily/MMIP/week5/quiz1/data/gallery/truck/00301.png,truck,0.688482
/home/emily/MMIP/week5/quiz1/data/query/truck/00079.png,truck,3,/home/emily/MMIP/week5/quiz1/data/gallery/truck/00731.png,truck,0.686469
/home/emily/MMIP/week5/quiz1/data/query/truck/00079.png,truck,4,/home/emily/MMIP/week5/quiz1/data/gallery/truck/00075.png,truck,0.686356
/home/emily/MMIP/week5/quiz1/data/query/truck/00079.png,truck,5,/home/emily/MMIP/week5/quiz1/data/gallery/truck/00399.png,truck,0.673767
/home/emily/MMIP/week5/quiz1/data/query/truck/00080.png,truck,1,/home/emily/MMIP/week5/quiz1/data/gallery/truck/00304.png,truck,0.760866
/home/emily/MMIP/week5/quiz1/data/query/truck/00080.png,truck,2,/home/emily/MMIP/week5/quiz1/data/gallery/truck/00261.png,truck,0.760510
/home/emily/MMIP/week5/quiz1/data/query/truck/00080.png,truck,3,/home/emily/MMIP/week5/quiz1/data/gallery/truck/00951.png,truck,0.756083
/home/emily/MMIP/week5/quiz1/data/query/truck/00080.png,truck,4,/home/emily/MMIP/week5/quiz1/data/gallery/truck/00955.png,truck,0.754766
/home/emily/MMIP/week5/quiz1/data/query/truck/00080.png,truck,5,/home/emily/MMIP/week5/quiz1/data/gallery/truck/00991.png,truck,0.749954
/home/emily/MMIP/week5/quiz1/data/query/truck/00081.png,truck,1,/home/emily/MMIP/week5/quiz1/data/gallery/truck/00645.png,truck,0.633883
/home/emily/MMIP/week5/quiz1/data/query/truck/00081.png,truck,2,/home/emily/MMIP/week5/quiz1/data/gallery/truck/00057.png,truck,0.625811
/home/emily/MMIP/week5/quiz1/data/query/truck/00081.png,truck,3,/home/emily/MMIP/week5/quiz1/data/gallery/truck/00650.png,truck,0.610183
/home/emily/MMIP/week5/quiz1/data/query/truck/00081.png,truck,4,/home/emily/MMIP/week5/quiz1/data/gallery/truck/00711.png,truck,0.605976
/home/emily/MMIP/week5/quiz1/data/query/truck/00081.png,truck,5,/home/emily/MMIP/week5/quiz1/data/gallery/truck/00617.png,truck,0.601232
/home/emily/MMIP/week5/quiz1/data/query/truck/00082.png,truck,1,/home/emily/MMIP/week5/quiz1/data/gallery/truck/00628.png,truck,0.710210
/home/emily/MMIP/week5/quiz1/data/query/truck/00082.png,truck,2,/home/emily/MMIP/week5/quiz1/data/gallery/truck/00304.png,truck,0.709463
/home/emily/MMIP/week5/quiz1/data/query/truck/00082.png,truck,3,/home/emily/MMIP/week5/quiz1/data/gallery/truck/00801.png,truck,0.708417
/home/emily/MMIP/week5/quiz1/data/query/truck/00082.png,truck,4,/home/emily/MMIP/week5/quiz1/data/gallery/truck/00037.png,truck,0.702833
/home/emily/MMIP/week5/quiz1/data/query/truck/00082.png,truck,5,/home/emily/MMIP/week5/quiz1/data/gallery/truck/00559.png,truck,0.698159
/home/emily/MMIP/week5/quiz1/data/query/truck/00083.png,truck,1,/home/emily/MMIP/week5/quiz1/data/gallery/truck/00954.png,truck,0.661293
/home/emily/MMIP/week5/quiz1/data/query/truck/00083.png,truck,2,/home/emily/MMIP/week5/quiz1/data/gallery/truck/00203.png,truck,0.656504
/home/emily/MMIP/week5/quiz1/data/query/truck/00083.png,truck,3,/home/emily/MMIP/week5/quiz1/data/gallery/truck/00889.png,truck,0.651418
/home/emily/MMIP/week5/quiz1/data/query/truck/00083.png,truck,4,/home/emily/MMIP/week5/quiz1/data/gallery/truck/00784.png,truck,0.641299
/home/emily/MMIP/week5/quiz1/data/query/truck/00083.png,truck,5,/home/emily/MMIP/week5/quiz1/data/gallery/truck/00417.png,truck,0.639966
/home/emily/MMIP/week5/quiz1/data/query/truck/00084.png,truck,1,/home/emily/MMIP/week5/quiz1/data/gallery/truck/00655.png,truck,0.825050
/home/emily/MMIP/week5/quiz1/data/query/truck/00084.png,truck,2,/home/emily/MMIP/week5/quiz1/data/gallery/truck/00658.png,truck,0.812507
/home/emily/MMIP/week5/quiz1/data/query/truck/00084.png,truck,3,/home/emily/MMIP/week5/quiz1/data/gallery/truck/00656.png,truck,0.807418
/home/emily/MMIP/week5/quiz1/data/query/truck/00084.png,truck,4,/home/emily/MMIP/week5/quiz1/data/gallery/truck/00172.png,truck,0.800754
/home/emily/MMIP/week5/quiz1/data/query/truck/00084.png,truck,5,/home/emily/MMIP/week5/quiz1/data/gallery/truck/00990.png,truck,0.795069
/home/emily/MMIP/week5/quiz1/data/query/truck/00085.png,truck,1,/home/emily/MMIP/week5/quiz1/data/gallery/truck/00104.png,truck,0.724222
/home/emily/MMIP/week5/quiz1/data/query/truck/00085.png,truck,2,/home/emily/MMIP/week5/quiz1/data/gallery/automobile/00972.png,automobile,0.682437
/home/emily/MMIP/week5/quiz1/data/query/truck/00085.png,truck,3,/home/emily/MMIP/week5/quiz1/data/gallery/truck/00021.png,truck,0.671158
/home/emily/MMIP/week5/quiz1/data/query/truck/00085.png,truck,4,/home/emily/MMIP/week5/quiz1/data/gallery/truck/00454.png,truck,0.661513
/home/emily/MMIP/week5/quiz1/data/query/truck/00085.png,truck,5,/home/emily/MMIP/week5/quiz1/data/gallery/truck/00651.png,truck,0.654123
/home/emily/MMIP/week5/quiz1/data/query/truck/00086.png,truck,1,/home/emily/MMIP/week5/quiz1/data/gallery/truck/00924.png,truck,0.704817
/home/emily/MMIP/week5/quiz1/data/query/truck/00086.png,truck,2,/home/emily/MMIP/week5/quiz1/data/gallery/truck/00884.png,truck,0.695388
/home/emily/MMIP/week5/quiz1/data/query/truck/00086.png,truck,3,/home/emily/MMIP/week5/quiz1/data/gallery/truck/00144.png,truck,0.694839
/home/emily/MMIP/week5/quiz1/data/query/truck/00086.png,truck,4,/home/emily/MMIP/week5/quiz1/data/gallery/truck/00179.png,truck,0.688942
/home/emily/MMIP/week5/quiz1/data/query/truck/00086.png,truck,5,/home/emily/MMIP/week5/quiz1/data/gallery/truck/00956.png,truck,0.685360
/home/emily/MMIP/week5/quiz1/data/query/truck/00087.png,truck,1,/home/emily/MMIP/week5/quiz1/data/gallery/cat/00239.png,cat,0.504142
/home/emily/MMIP/week5/quiz1/data/query/truck/00087.png,truck,2,/home/emily/MMIP/week5/quiz1/data/gallery/automobile/00212.png,automobile,0.498223
/home/emily/MMIP/week5/quiz1/data/query/truck/00087.png,truck,3,/home/emily/MMIP/week5/quiz1/data/gallery/truck/00953.png,truck,0.493031
/home/emily/MMIP/week5/quiz1/data/query/truck/00087.png,truck,4,/home/emily/MMIP/week5/quiz1/data/gallery/frog/00318.png,frog,0.492189
/home/emily/MMIP/week5/quiz1/data/query/truck/00087.png,truck,5,/home/emily/MMIP/week5/quiz1/data/gallery/airplane/00767.png,airplane,0.487830
/home/emily/MMIP/week5/quiz1/data/query/truck/00088.png,truck,1,/home/emily/MMIP/week5/quiz1/data/gallery/truck/00717.png,truck,0.787744
/home/emily/MMIP/week5/quiz1/data/query/truck/00088.png,truck,2,/home/emily/MMIP/week5/quiz1/data/gallery/truck/00447.png,truck,0.783955
/home/emily/MMIP/week5/quiz1/data/query/truck/00088.png,truck,3,/home/emily/MMIP/week5/quiz1/data/gallery/truck/00708.png,truck,0.754280
/home/emily/MMIP/week5/quiz1/data/query/truck/00088.png,truck,4,/home/emily/MMIP/week5/quiz1/data/gallery/truck/00358.png,truck,0.741359
/home/emily/MMIP/week5/quiz1/data/query/truck/00088.png,truck,5,/home/emily/MMIP/week5/quiz1/data/gallery/truck/00618.png,truck,0.739224
/home/emily/MMIP/week5/quiz1/data/query/truck/00089.png,truck,1,/home/emily/MMIP/week5/quiz1/data/gallery/truck/00227.png,truck,0.730487
/home/emily/MMIP/week5/quiz1/data/query/truck/00089.png,truck,2,/home/emily/MMIP/week5/quiz1/data/gallery/truck/00756.png,truck,0.676585
/home/emily/MMIP/week5/quiz1/data/query/truck/00089.png,truck,3,/home/emily/MMIP/week5/quiz1/data/gallery/truck/00605.png,truck,0.664839
/home/emily/MMIP/week5/quiz1/data/query/truck/00089.png,truck,4,/home/emily/MMIP/week5/quiz1/data/gallery/truck/00556.png,truck,0.663564
/home/emily/MMIP/week5/quiz1/data/query/truck/00089.png,truck,5,/home/emily/MMIP/week5/quiz1/data/gallery/truck/00203.png,truck,0.653521
/home/emily/MMIP/week5/quiz1/data/query/truck/00090.png,truck,1,/home/emily/MMIP/week5/quiz1/data/gallery/truck/00511.png,truck,0.778507
/home/emily/MMIP/week5/quiz1/data/query/truck/00090.png,truck,2,/home/emily/MMIP/week5/quiz1/data/gallery/truck/00466.png,truck,0.765495
/home/emily/MMIP/week5/quiz1/data/query/truck/00090.png,truck,3,/home/emily/MMIP/week5/quiz1/data/gallery/truck/00787.png,truck,0.765303
/home/emily/MMIP/week5/quiz1/data/query/truck/00090.png,truck,4,/home/emily/MMIP/week5/quiz1/data/gallery/truck/00603.png,truck,0.757429
/home/emily/MMIP/week5/quiz1/data/query/truck/00090.png,truck,5,/home/emily/MMIP/week5/quiz1/data/gallery/truck/00131.png,truck,0.757371
/home/emily/MMIP/week5/quiz1/data/query/truck/00091.png,truck,1,/home/emily/MMIP/week5/quiz1/data/gallery/truck/00084.png,truck,0.801251
/home/emily/MMIP/week5/quiz1/data/query/truck/00091.png,truck,2,/home/emily/MMIP/week5/quiz1/data/gallery/truck/00164.png,truck,0.795742
/home/emily/MMIP/week5/quiz1/data/query/truck/00091.png,truck,3,/home/emily/MMIP/week5/quiz1/data/gallery/truck/00389.png,truck,0.783014
/home/emily/MMIP/week5/quiz1/data/query/truck/00091.png,truck,4,/home/emily/MMIP/week5/quiz1/data/gallery/truck/00047.png,truck,0.765414
/home/emily/MMIP/week5/quiz1/data/query/truck/00091.png,truck,5,/home/emily/MMIP/week5/quiz1/data/gallery/truck/00109.png,truck,0.761016
/home/emily/MMIP/week5/quiz1/data/query/truck/00092.png,truck,1,/home/emily/MMIP/week5/quiz1/data/gallery/truck/00592.png,truck,0.765930
/home/emily/MMIP/week5/quiz1/data/query/truck/00092.png,truck,2,/home/emily/MMIP/week5/quiz1/data/gallery/truck/00893.png,truck,0.756077
/home/emily/MMIP/week5/quiz1/data/query/truck/00092.png,truck,3,/home/emily/MMIP/week5/quiz1/data/gallery/truck/00850.png,truck,0.753033
/home/emily/MMIP/week5/quiz1/data/query/truck/00092.png,truck,4,/home/emily/MMIP/week5/quiz1/data/gallery/truck/00218.png,truck,0.742670
/home/emily/MMIP/week5/quiz1/data/query/truck/00092.png,truck,5,/home/emily/MMIP/week5/quiz1/data/gallery/truck/00365.png,truck,0.740471
/home/emily/MMIP/week5/quiz1/data/query/truck/00093.png,truck,1,/home/emily/MMIP/week5/quiz1/data/gallery/truck/00064.png,truck,0.650024
/home/emily/MMIP/week5/quiz1/data/query/truck/00093.png,truck,2,/home/emily/MMIP/week5/quiz1/data/gallery/truck/00922.png,truck,0.640721
/home/emily/MMIP/week5/quiz1/data/query/truck/00093.png,truck,3,/home/emily/MMIP/week5/quiz1/data/gallery/truck/00110.png,truck,0.621920
/home/emily/MMIP/week5/quiz1/data/query/truck/00093.png,truck,4,/home/emily/MMIP/week5/quiz1/data/gallery/automobile/00023.png,automobile,0.618219
/home/emily/MMIP/week5/quiz1/data/query/truck/00093.png,truck,5,/home/emily/MMIP/week5/quiz1/data/gallery/truck/00318.png,truck,0.617075
/home/emily/MMIP/week5/quiz1/data/query/truck/00094.png,truck,1,/home/emily/MMIP/week5/quiz1/data/gallery/truck/00802.png,truck,0.899922
/home/emily/MMIP/week5/quiz1/data/query/truck/00094.png,truck,2,/home/emily/MMIP/week5/quiz1/data/gallery/truck/00671.png,truck,0.884022
/home/emily/MMIP/week5/quiz1/data/query/truck/00094.png,truck,3,/home/emily/MMIP/week5/quiz1/data/gallery/truck/00431.png,truck,0.862911
/home/emily/MMIP/week5/quiz1/data/query/truck/00094.png,truck,4,/home/emily/MMIP/week5/quiz1/data/gallery/truck/00566.png,truck,0.860321
/home/emily/MMIP/week5/quiz1/data/query/truck/00094.png,truck,5,/home/emily/MMIP/week5/quiz1/data/gallery/truck/00228.png,truck,0.847537
/home/emily/MMIP/week5/quiz1/data/query/truck/00095.png,truck,1,/home/emily/MMIP/week5/quiz1/data/gallery/truck/00786.png,truck,0.720423
/home/emily/MMIP/week5/quiz1/data/query/truck/00095.png,truck,2,/home/emily/MMIP/week5/quiz1/data/gallery/truck/00755.png,truck,0.719648
/home/emily/MMIP/week5/quiz1/data/query/truck/00095.png,truck,3,/home/emily/MMIP/week5/quiz1/data/gallery/truck/00478.png,truck,0.716725
/home/emily/MMIP/week5/quiz1/data/query/truck/00095.png,truck,4,/home/emily/MMIP/week5/quiz1/data/gallery/truck/00270.png,truck,0.704065
/home/emily/MMIP/week5/quiz1/data/query/truck/00095.png,truck,5,/home/emily/MMIP/week5/quiz1/data/gallery/truck/00358.png,truck,0.699498
/home/emily/MMIP/week5/quiz1/data/query/truck/00096.png,truck,1,/home/emily/MMIP/week5/quiz1/data/gallery/automobile/00364.png,automobile,0.733270
/home/emily/MMIP/week5/quiz1/data/query/truck/00096.png,truck,2,/home/emily/MMIP/week5/quiz1/data/gallery/truck/00124.png,truck,0.729910
/home/emily/MMIP/week5/quiz1/data/query/truck/00096.png,truck,3,/home/emily/MMIP/week5/quiz1/data/gallery/automobile/00006.png,automobile,0.706043
/home/emily/MMIP/week5/quiz1/data/query/truck/00096.png,truck,4,/home/emily/MMIP/week5/quiz1/data/gallery/truck/00070.png,truck,0.703132
/home/emily/MMIP/week5/quiz1/data/query/truck/00096.png,truck,5,/home/emily/MMIP/week5/quiz1/data/gallery/truck/00368.png,truck,0.700821
/home/emily/MMIP/week5/quiz1/data/query/truck/00097.png,truck,1,/home/emily/MMIP/week5/quiz1/data/gallery/truck/00641.png,truck,0.835598
/home/emily/MMIP/week5/quiz1/data/query/truck/00097.png,truck,2,/home/emily/MMIP/week5/quiz1/data/gallery/truck/00859.png,truck,0.822286
/home/emily/MMIP/week5/quiz1/data/query/truck/00097.png,truck,3,/home/emily/MMIP/week5/quiz1/data/gallery/truck/00216.png,truck,0.813721
/home/emily/MMIP/week5/quiz1/data/query/truck/00097.png,truck,4,/home/emily/MMIP/week5/quiz1/data/gallery/truck/00580.png,truck,0.812901
/home/emily/MMIP/week5/quiz1/data/query/truck/00097.png,truck,5,/home/emily/MMIP/week5/quiz1/data/gallery/truck/00470.png,truck,0.807314
/home/emily/MMIP/week5/quiz1/data/query/truck/00098.png,truck,1,/home/emily/MMIP/week5/quiz1/data/gallery/truck/00854.png,truck,0.932415
/home/emily/MMIP/week5/quiz1/data/query/truck/00098.png,truck,2,/home/emily/MMIP/week5/quiz1/data/gallery/truck/00108.png,truck,0.663939
/home/emily/MMIP/week5/quiz1/data/query/truck/00098.png,truck,3,/home/emily/MMIP/week5/quiz1/data/gallery/truck/00961.png,truck,0.660046
/home/emily/MMIP/week5/quiz1/data/query/truck/00098.png,truck,4,/home/emily/MMIP/week5/quiz1/data/gallery/truck/00515.png,truck,0.648163
/home/emily/MMIP/week5/quiz1/data/query/truck/00098.png,truck,5,/home/emily/MMIP/week5/quiz1/data/gallery/truck/00763.png,truck,0.646965
/home/emily/MMIP/week5/quiz1/data/query/truck/00099.png,truck,1,/home/emily/MMIP/week5/quiz1/data/gallery/truck/00250.png,truck,0.641160
/home/emily/MMIP/week5/quiz1/data/query/truck/00099.png,truck,2,/home/emily/MMIP/week5/quiz1/data/gallery/truck/00680.png,truck,0.638982
/home/emily/MMIP/week5/quiz1/data/query/truck/00099.png,truck,3,/home/emily/MMIP/week5/quiz1/data/gallery/truck/00961.png,truck,0.624892
/home/emily/MMIP/week5/quiz1/data/query/truck/00099.png,truck,4,/home/emily/MMIP/week5/quiz1/data/gallery/truck/00542.png,truck,0.570083
/home/emily/MMIP/week5/quiz1/data/query/truck/00099.png,truck,5,/home/emily/MMIP/week5/quiz1/data/gallery/truck/00697.png,truck,0.562159
